#pragma once
#include <Arduino.h>



const uint16_t V54_PINK_PREVIEW_BITMAP[] PROGMEM = {
  0x0000, 0x0000, 0x0000, 0x0000, 0x0000, 0x0000, 0x0000, 0x0000, 0x0000, 0x0000, 0x0000, 0x0000,
  0x0000, 0x0000, 0x0000, 0x0000, 0x0000, 0x0000, 0x0000, 0x0000, 0x0000, 0x0000, 0x0000, 0x0000,
  0x0000, 0x0000, 0x0000, 0x0000, 0x0000, 0x0000, 0x0000, 0x0000, 0x0000, 0x0000, 0x0000, 0x0000,
  0x0000, 0x0000, 0x0000, 0x0000, 0x0000, 0x0000, 0x0000, 0x0000, 0x0000, 0x0000, 0x0000, 0x0000,
  0x0000, 0x0000, 0x0000, 0x0000, 0x0000, 0x0000, 0x0000, 0x0000, 0x0000, 0x0000, 0x0000, 0x0000,
  0x0000, 0x0000, 0x0000, 0x0000, 0x0000, 0x0000, 0x0000, 0x0000, 0x0000, 0x0000, 0x0000, 0x0000,
  0x0000, 0x0000, 0x0000, 0x0000, 0x0000, 0x0000, 0x0000, 0x0000, 0x0000, 0x0000, 0x0000, 0x0000,
  0x0000, 0x0000, 0x0000, 0x0000, 0x0000, 0x0000, 0x0000, 0x0000, 0x0000, 0x0000, 0x0000, 0x0000,
  0x0000, 0x0000, 0x0000, 0x0000, 0x0000, 0x0000, 0x0000, 0x0000, 0x0000, 0x0000, 0x0000, 0x0000,
  0x0000, 0x0000, 0x0000, 0x0000, 0x0000, 0x0000, 0x0000, 0x0000, 0x0000, 0x0000, 0x0000, 0x0000,
  0x0000, 0x0000, 0x0000, 0x0000, 0x0000, 0x0000, 0x0000, 0x0000, 0x0000, 0x0000, 0x0000, 0x0000,
  0x0000, 0x0000, 0x0000, 0x0000, 0x0000, 0x0000, 0x0000, 0x0000, 0x0000, 0x0000, 0x0000, 0x0000,
  0x0000, 0x0000, 0x0000, 0x0000, 0x0000, 0x0000, 0x0000, 0x0000, 0x0000, 0x0000, 0x0000, 0x0000,
  0x0000, 0x0000, 0x0000, 0x0000, 0x0000, 0x0000, 0x0000, 0x0000, 0x0000, 0x0000, 0x0000, 0x0000,
  0x0000, 0x0000, 0x0000, 0x0000, 0x0000, 0x0000, 0x0000, 0x0000, 0x0000, 0x0000, 0x0000, 0x0000,
  0x0000, 0x0000, 0x0000, 0x0000, 0x0000, 0x0000, 0x0000, 0x0000, 0x0000, 0x0000, 0x0000, 0x0000,
  0x0000, 0x0000, 0x0000, 0x0000, 0x0000, 0x0000, 0x0000, 0x0000, 0x0000, 0x0000, 0x0000, 0x0000,
  0x0000, 0x0000, 0x0000, 0x0000, 0x0000, 0x0000, 0x0000, 0x0000, 0x0000, 0x0000, 0x0000, 0x0000,
  0x0000, 0x0000, 0x0000, 0x0000, 0x0000, 0x0000, 0x0000, 0x0000, 0x0000, 0x0000, 0x0000, 0x0000,
  0x0000, 0x0000, 0x0000, 0x0000, 0x0000, 0x0000, 0x0000, 0x0000, 0x0000, 0x0000, 0x0000, 0x0000,
  0x0000, 0x0000, 0x0000, 0x0000, 0x0000, 0x0000, 0x0000, 0x0000, 0x0000, 0x0000, 0x0000, 0x0000,
  0x0000, 0x0000, 0x0000, 0x0000, 0x0000, 0x0000, 0x0000, 0x0000, 0x0000, 0x0000, 0x0000, 0x0000,
  0x0000, 0x0000, 0x0000, 0x0000, 0x0000, 0x0000, 0x0000, 0x0000, 0x0000, 0x0000, 0x0000, 0x0000,
  0x0000, 0x0000, 0x0000, 0x0000, 0x0000, 0x0000, 0x0000, 0x0000, 0x0000, 0x0000, 0x0000, 0x0000,
  0x0000, 0x0000, 0x0000, 0x0000, 0x0000, 0x0000, 0x0000, 0x0000, 0x0000, 0x0000, 0x0000, 0x0000,
  0x0000, 0x0000, 0x0000, 0x0000, 0x0000, 0x0000, 0x0000, 0x0000, 0x0000, 0x0000, 0x0000, 0x0000,
  0x0000, 0x0000, 0x0000, 0x0000, 0x0000, 0x0000, 0x0000, 0x0000, 0x0000, 0x0000, 0x0000, 0x0000,
  0x0000, 0x0000, 0x0000, 0x0000, 0x0000, 0x0000, 0x0000, 0x0000, 0x0000, 0x0000, 0x0000, 0x0000,
  0x0000, 0x0000, 0x0000, 0x0000, 0x0000, 0x0000, 0x0000, 0x0000, 0x0000, 0x0000, 0x0000, 0x0000,
  0x0000, 0x0000, 0x0000, 0x0000, 0x0000, 0x0000, 0x0000, 0x0000, 0x0000, 0x0000, 0x0000, 0x0000,
  0x0000, 0x0000, 0x0000, 0x0000, 0x0000, 0x0000, 0x0000, 0x0000, 0x0000, 0x0000, 0x0000, 0x0000,
  0x0000, 0x0000, 0x0000, 0x0000, 0x0000, 0x0000, 0x0000, 0x0000, 0x0000, 0x0000, 0x0000, 0x0000,
  0x0000, 0x0000, 0x0000, 0x0000, 0x0000, 0x0000, 0x0000, 0x0000, 0x0000, 0x0000, 0x0000, 0x0000,
  0x0000, 0x0000, 0x0000, 0x0000, 0x0000, 0x0000, 0x0000, 0x0000, 0x0000, 0x0000, 0x0000, 0x0000,
  0x0000, 0x0000, 0x0000, 0x0000, 0x0000, 0x0000, 0x0000, 0x0000, 0x0000, 0x0000, 0x0000, 0x0000,
  0x0000, 0x0000, 0x0000, 0x0000, 0x0000, 0x0000, 0x0000, 0x0000, 0x0000, 0x0000, 0x0000, 0x0000,
  0x0000, 0x0000, 0x0000, 0x0000, 0x0000, 0x0000, 0x0000, 0x0000, 0x0000, 0x0000, 0x0000, 0x0000,
  0x0000, 0x0000, 0x0000, 0x0000, 0x0000, 0x0000, 0x0000, 0x0000, 0x0000, 0x0000, 0x0000, 0x0000,
  0x0000, 0x0000, 0x0000, 0x0000, 0x0000, 0x0000, 0x0000, 0x0000, 0x0000, 0x0000, 0x0000, 0x0000,
  0x0000, 0x0000, 0x0000, 0x0000, 0x0000, 0x0000, 0x0000, 0x0000, 0x0000, 0x0000, 0x0000, 0x0000,
  0x0000, 0x0000, 0x0000, 0x0000, 0x0000, 0x0000, 0x0000, 0x0000, 0x0000, 0x0000, 0x0000, 0x0000,
  0x0000, 0x0000, 0x0000, 0x0000, 0x0000, 0x0000, 0x0000, 0x0000, 0x0000, 0x0000, 0x0000, 0x0000,
  0x0000, 0x0000, 0x0000, 0x0000, 0x0000, 0x0000, 0x0000, 0x0000, 0x0000, 0x0000, 0x0000, 0x0000,
  0x0000, 0x0000, 0x0000, 0x0000, 0x0000, 0x0000, 0x0000, 0x0000, 0x0000, 0x0000, 0x0000, 0x0000,
  0x0000, 0x0000, 0x0000, 0x0000, 0x0000, 0x0000, 0x0000, 0x0000, 0x0000, 0x0000, 0x0000, 0x0000,
  0x0000, 0x0000, 0x0000, 0x0000, 0x0000, 0x0000, 0x0000, 0x0000, 0x0000, 0x0000, 0x0000, 0x0000,
  0x0000, 0x0000, 0x0000, 0x0000, 0x0000, 0x0000, 0x0000, 0x0000, 0x0000, 0x0000, 0x0000, 0x0000,
  0x0000, 0x0000, 0x0000, 0x0000, 0x0000, 0x0000, 0x0000, 0x0000, 0x0000, 0x0000, 0x0000, 0x0000,
  0x0000, 0x0000, 0x0000, 0x0000, 0x0000, 0x0000, 0x0000, 0x0000, 0x0000, 0x0000, 0x0000, 0x0000,
  0x0000, 0x0000, 0x0000, 0x0000, 0x0000, 0x0000, 0x0000, 0x0000, 0x0000, 0x0000, 0x0000, 0x0000,
  0x0000, 0x5000, 0x0000, 0x0000, 0x0000, 0x0000, 0xAAAA, 0x38C3, 0x2861, 0x2881, 0x2061, 0x2861,
  0x2861, 0x2861, 0x2861, 0x3061, 0x3081, 0x2861, 0x2861, 0x2861, 0x2041, 0x2861, 0x3061, 0x40E4,
  0x0000, 0x0000, 0x0000, 0x0000, 0x5000, 0x5000, 0x0000, 0x0000, 0x0000, 0x0000, 0x0000, 0x0000,
  0x0000, 0x0000, 0x0000, 0x0000, 0x0000, 0x0000, 0x0000, 0x0000, 0x0000, 0x0000, 0x0000, 0x0000,
  0x0000, 0x0000, 0x0000, 0x0000, 0x0000, 0x0000, 0x0000, 0x0000, 0x0000, 0x0000, 0x0000, 0x0000,
  0x0000, 0x0000, 0x0000, 0x0000, 0x0000, 0x0000, 0x0000, 0x0000, 0x0000, 0x0000, 0x0000, 0x0000,
  0x0000, 0x0000, 0x0000, 0x0000, 0x0000, 0x0000, 0x0000, 0x0000, 0x0000, 0x0000, 0x0000, 0x0000,
  0x0000, 0x0000, 0x0000, 0x0000, 0x0000, 0x0000, 0x0000, 0x0000, 0x0000, 0x5000, 0x0000, 0x0000,
  0x0000, 0x58E5, 0x38A2, 0x30A2, 0x2881, 0x2061, 0x2881, 0x2881, 0x28A1, 0x30A2, 0x30C2, 0x38E2,
  0x38E2, 0x38E2, 0x38E2, 0x38C2, 0x30C2, 0x30A2, 0x28A1, 0x2881, 0x2881, 0x2881, 0x3081, 0x30A1,
  0x38A2, 0x58E3, 0x0000, 0x0000, 0x0000, 0x0000, 0x0000, 0x0000, 0x0000, 0x0000, 0x0000, 0x0000,
  0x0000, 0x0000, 0x0000, 0x0000, 0x0000, 0x0000, 0x0000, 0x0000, 0x0000, 0x0000, 0x0000, 0x0000,
  0x0000, 0x0000, 0x0000, 0x0000, 0x0000, 0x0000, 0x0000, 0x0000, 0x0000, 0x0000, 0x0000, 0x0000,
  0x0000, 0x0000, 0x0000, 0x0000, 0x0000, 0x0000, 0x0000, 0x0000, 0x0000, 0x0000, 0x0000, 0x0000,
  0x0000, 0x0000, 0x0000, 0x0000, 0x0000, 0x0000, 0x0000, 0x0000, 0x0000, 0x0000, 0x0000, 0x0000,
  0x0000, 0x0000, 0x0000, 0x0000, 0x0000, 0x0000, 0x0000, 0x0000, 0x0000, 0x40C3, 0x30A2, 0x2881,
  0x2881, 0x28A1, 0x30C2, 0x38E3, 0x4123, 0x4944, 0x5144, 0x5144, 0x5164, 0x4964, 0x4964, 0x4944,
  0x4944, 0x4944, 0x4944, 0x4944, 0x4944, 0x4944, 0x4123, 0x4103, 0x38E2, 0x30C2, 0x28A1, 0x2881,
  0x3082, 0x38C3, 0x0000, 0x0000, 0x0000, 0x0000, 0x0000, 0x0000, 0x0000, 0x0000, 0x0000, 0x0000,
  0x0000, 0x0000, 0x0000, 0x0000, 0x0000, 0x0000, 0x0000, 0x0000, 0x0000, 0x0000, 0x0000, 0x0000,
  0x0000, 0x0000, 0x0000, 0x0000, 0x0000, 0x0000, 0x0000, 0x0000, 0x0000, 0x0000, 0x0000, 0x0000,
  0x0000, 0x0000, 0x0000, 0x0000, 0x0000, 0x0000, 0x0000, 0x0000, 0x0000, 0x0000, 0x0000, 0x0000,
  0x0000, 0x0000, 0x0000, 0x0000, 0x0000, 0x0000, 0x0000, 0x0000, 0x0000, 0x0000, 0x0000, 0x0000,
  0x0000, 0x0000, 0x5000, 0x0000, 0x0000, 0x3882, 0x3081, 0x2881, 0x28A1, 0x30C2, 0x3903, 0x4123,
  0x4944, 0x4964, 0x4964, 0x5164, 0x4944, 0x4944, 0x4944, 0x4944, 0x4944, 0x4944, 0x4944, 0x4944,
  0x4944, 0x4944, 0x4944, 0x4944, 0x4944, 0x4944, 0x4964, 0x4944, 0x4123, 0x38E2, 0x30A2, 0x2881,
  0x2881, 0x3082, 0x0000, 0x0000, 0x0000, 0x0000, 0x0000, 0x0000, 0x0000, 0x0000, 0x0000, 0x0000,
  0x0000, 0x0000, 0x0000, 0x0000, 0x0000, 0x0000, 0x0000, 0x0000, 0x0000, 0x0000, 0x0000, 0x0000,
  0x0000, 0x0000, 0x0000, 0x0000, 0x0000, 0x0000, 0x0000, 0x0000, 0x0000, 0x0000, 0x0000, 0x0000,
  0x0000, 0x0000, 0x0000, 0x0000, 0x0000, 0x0000, 0x0000, 0x0000, 0x0000, 0x0000, 0x0000, 0x0000,
  0x0000, 0x0000, 0x0000, 0x0000, 0x0000, 0x0000, 0x0000, 0x0000, 0x0000, 0x0000, 0x5000, 0x0000,
  0x0000, 0x38C3, 0x3081, 0x2861, 0x28A1, 0x38E2, 0x4123, 0x4944, 0x4944, 0x4944, 0x4944, 0x4944,
  0x4944, 0x4944, 0x4944, 0x4944, 0x4944, 0x4944, 0x4944, 0x4944, 0x4944, 0x4944, 0x4944, 0x4944,
  0x4944, 0x4944, 0x4944, 0x4944, 0x4944, 0x4944, 0x4944, 0x4944, 0x4944, 0x3903, 0x30C2, 0x2881,
  0x2861, 0x3882, 0x0000, 0x0000, 0x5000, 0x0000, 0x0000, 0x0000, 0x0000, 0x0000, 0x0000, 0x0000,
  0x0000, 0x0000, 0x0000, 0x0000, 0x0000, 0x0000, 0x0000, 0x0000, 0x0000, 0x0000, 0x0000, 0x0000,
  0x0000, 0x0000, 0x0000, 0x0000, 0x0000, 0x0000, 0x0000, 0x0000, 0x0000, 0x0000, 0x0000, 0x0000,
  0x0000, 0x0000, 0x0000, 0x0000, 0x0000, 0x0000, 0x0000, 0x0000, 0x0000, 0x0000, 0x0000, 0x0000,
  0x0000, 0x0000, 0x0000, 0x0000, 0x0000, 0x0000, 0x0000, 0x5000, 0x0000, 0x4924, 0x3081, 0x2881,
  0x2881, 0x38E2, 0x4944, 0x4964, 0x4944, 0x4944, 0x4944, 0x4944, 0x4944, 0x4944, 0x4944, 0x4944,
  0x4944, 0x4944, 0x4944, 0x4944, 0x4944, 0x4944, 0x4944, 0x4944, 0x4944, 0x4944, 0x4944, 0x4944,
  0x4944, 0x4944, 0x4944, 0x4944, 0x4944, 0x4944, 0x4944, 0x4944, 0x4944, 0x4103, 0x30C2, 0x2861,
  0x3082, 0x6946, 0x0000, 0x3800, 0x0000, 0x0000, 0x0000, 0x0000, 0x0000, 0x0000, 0x0000, 0x0000,
  0x0000, 0x0000, 0x0000, 0x0000, 0x0000, 0x0000, 0x0000, 0x0000, 0x0000, 0x0000, 0x0000, 0x0000,
  0x0000, 0x0000, 0x0000, 0x0000, 0x0000, 0x0000, 0x0000, 0x0000, 0x0000, 0x0000, 0x0000, 0x0000,
  0x0000, 0x0000, 0x0000, 0x0000, 0x0000, 0x0000, 0x0000, 0x0000, 0x0000, 0x0000, 0x0000, 0x0000,
  0x0000, 0x0000, 0x0000, 0x0000, 0x0000, 0x0000, 0x38A2, 0x2881, 0x2881, 0x30C2, 0x4923, 0x5164,
  0x4944, 0x4944, 0x4944, 0x4944, 0x4144, 0x4144, 0x4964, 0x4944, 0x4944, 0x4964, 0x5164, 0x5164,
  0x4964, 0x4944, 0x4944, 0x4944, 0x4944, 0x4944, 0x4944, 0x4944, 0x4944, 0x4944, 0x4944, 0x4944,
  0x4944, 0x4944, 0x4944, 0x4944, 0x4944, 0x4944, 0x4944, 0x5164, 0x5164, 0x4103, 0x2881, 0x2861,
  0x40A3, 0x0000, 0x0000, 0x0000, 0x0000, 0x0000, 0x0000, 0x0000, 0x0000, 0x0000, 0x0000, 0x0000,
  0xF800, 0xA80A, 0x7807, 0x7807, 0x500A, 0x0000, 0x0000, 0x0000, 0x0000, 0x0000, 0x0000, 0x0000,
  0x0000, 0x0000, 0x0000, 0x0000, 0x0000, 0x0000, 0x0000, 0x0000, 0x0000, 0x0000, 0x0000, 0x0000,
  0x0000, 0x0000, 0x0000, 0x0000, 0x0000, 0x0000, 0x0000, 0x0000, 0x0000, 0x0000, 0x0000, 0x0000,
  0x7800, 0x0000, 0x0000, 0x30A1, 0x2881, 0x2881, 0x3903, 0x4944, 0x4944, 0x4944, 0x4944, 0x4944,
  0x4944, 0x4944, 0x5184, 0x59C6, 0x6A06, 0x6A07, 0x61E6, 0x61E6, 0x59C5, 0x5164, 0x4964, 0x4944,
  0x4944, 0x4944, 0x4944, 0x4944, 0x4944, 0x4944, 0x4944, 0x4944, 0x4944, 0x4944, 0x4944, 0x4944,
  0x4944, 0x4944, 0x4944, 0x4944, 0x4944, 0x5164, 0x5164, 0x5164, 0x4123, 0x28A2, 0x2061, 0x3882,
  0x0000, 0x0000, 0x0000, 0x0000, 0x0000, 0x0000, 0x0000, 0x0000, 0x0000, 0x5000, 0x0000, 0x0000,
  0x0000, 0x0000, 0x0000, 0x0000, 0xF800, 0x0000, 0x0000, 0x0000, 0x0000, 0x0000, 0x0000, 0x0000,
  0x0000, 0x0000, 0x0000, 0x0000, 0x0000, 0x0000, 0x0000, 0x0000, 0x0000, 0x0000, 0x0000, 0x0000,
  0x0000, 0x0000, 0x0000, 0x0000, 0x0000, 0x0000, 0x0000, 0x0000, 0x0000, 0x7800, 0x0000, 0x4924,
  0x30A1, 0x2881, 0x30C2, 0x4924, 0x4944, 0x4944, 0x4944, 0x4944, 0x4944, 0x5164, 0x59A5, 0x61E6,
  0x7227, 0x7247, 0x7248, 0x7A68, 0x7247, 0x61C6, 0x5185, 0x4944, 0x4944, 0x4944, 0x4944, 0x4944,
  0x4944, 0x4944, 0x4944, 0x4944, 0x4944, 0x4944, 0x4944, 0x4944, 0x4944, 0x4944, 0x4944, 0x4944,
  0x4944, 0x4944, 0x4143, 0x4923, 0x5123, 0x4123, 0x4144, 0x4124, 0x30C2, 0x2881, 0x38A2, 0xD9EF,
  0x0000, 0xF800, 0x0000, 0x0000, 0x0000, 0x7800, 0x0000, 0x0000, 0x90E9, 0x8067, 0x8026, 0x8026,
  0x8887, 0x0000, 0x0000, 0x7800, 0x0000, 0x0000, 0x0000, 0x0000, 0x0000, 0x0000, 0x0000, 0x0000,
  0x0000, 0x0000, 0x0000, 0x0000, 0x0000, 0x0000, 0x0000, 0x0000, 0x0000, 0x0000, 0x0000, 0x0000,
  0x0000, 0x0000, 0x0000, 0x0000, 0x0000, 0x0000, 0x0000, 0x0000, 0x38C3, 0x2881, 0x2881, 0x38E2,
  0x4944, 0x4944, 0x4944, 0x4944, 0x4944, 0x4944, 0x4964, 0x61C6, 0x7247, 0x7247, 0x7247, 0x7247,
  0x7A47, 0x61E6, 0x4964, 0x4944, 0x4964, 0x4964, 0x4944, 0x4944, 0x4944, 0x4944, 0x4944, 0x4944,
  0x4944, 0x4944, 0x4944, 0x4944, 0x4944, 0x4944, 0x4944, 0x4944, 0x4944, 0x4944, 0x4944, 0x4923,
  0x80C6, 0xC14C, 0xC96D, 0xA909, 0x68A4, 0x40E3, 0x4124, 0x38E3, 0x28A1, 0x3882, 0x0000, 0x0000,
  0x0000, 0x0000, 0x7807, 0x0000, 0x8887, 0x7025, 0x7805, 0x9006, 0xA007, 0x9806, 0x8005, 0x7825,
  0x7867, 0x0000, 0x7800, 0x0000, 0x0000, 0x0000, 0x0000, 0x0000, 0x0000, 0x0000, 0x0000, 0x0000,
  0x0000, 0x0000, 0x0000, 0x0000, 0x0000, 0x0000, 0x0000, 0x0000, 0x0000, 0x0000, 0x0000, 0x0000,
  0x0000, 0x0000, 0x0000, 0x7800, 0x0000, 0x40C3, 0x2881, 0x2881, 0x3903, 0x4944, 0x4944, 0x4944,
  0x4944, 0x4944, 0x4944, 0x4964, 0x59A5, 0x7A47, 0x7A47, 0x7247, 0x7247, 0x7227, 0x51A5, 0x4143,
  0x4964, 0x5185, 0x5184, 0x5164, 0x4964, 0x4944, 0x4944, 0x4944, 0x4944, 0x4944, 0x4944, 0x4944,
  0x4944, 0x4944, 0x4944, 0x4944, 0x4944, 0x4944, 0x4944, 0x4944, 0x4924, 0xA0E8, 0xFA32, 0xFAD5,
  0xFAD5, 0xFA94, 0xE9F1, 0xA0C8, 0x50C3, 0x4944, 0x4103, 0x3081, 0x4883, 0x0000, 0x3800, 0x7807,
  0x0000, 0x7866, 0x8005, 0x9006, 0xB86A, 0xD94E, 0xE9F0, 0xE9D0, 0xC8AB, 0x9806, 0x7825, 0x78C6,
  0x7800, 0x0000, 0x0000, 0x0000, 0x0000, 0x0000, 0x0000, 0x0000, 0x0000, 0x0000, 0x0000, 0x0000,
  0x0000, 0x0000, 0x0000, 0x0000, 0x0000, 0x0000, 0x0000, 0x0000, 0x0000, 0x0000, 0x0000, 0x0000,
  0x0000, 0x0000, 0x4884, 0x2881, 0x2881, 0x4103, 0x4944, 0x4944, 0x4944, 0x4944, 0x4944, 0x4944,
  0x4944, 0x5184, 0x61C5, 0x6A06, 0x6206, 0x61E6, 0x7A47, 0x7227, 0x6A06, 0x61C5, 0x61E6, 0x61C5,
  0x59A5, 0x5184, 0x4964, 0x4944, 0x4944, 0x4944, 0x4944, 0x4944, 0x4944, 0x4944, 0x4964, 0x4944,
  0x4944, 0x4944, 0x4944, 0x4944, 0x4944, 0x4143, 0x80C6, 0xFA52, 0xFAF4, 0xF293, 0xFA93, 0xFAB3,
  0xFAF4, 0xFAB3, 0xB90A, 0x58C3, 0x5144, 0x4103, 0x3082, 0x58C5, 0x0000, 0x0000, 0x7846, 0x8005,
  0xA828, 0xE18F, 0xFA93, 0xFAD4, 0xFAB3, 0xFAD3, 0xFAB3, 0xD92D, 0x9806, 0x7025, 0x0000, 0x0000,
  0x0000, 0x0000, 0x0000, 0x0000, 0x0000, 0x0000, 0x0000, 0x0000, 0x0000, 0x0000, 0x0000, 0x0000,
  0x0000, 0x0000, 0x0000, 0x0000, 0x0000, 0x0000, 0x0000, 0x0000, 0x0000, 0x0000, 0x0000, 0x30C3,
  0x2881, 0x2881, 0x4103, 0x4944, 0x4944, 0x4944, 0x4944, 0x4944, 0x4944, 0x4944, 0x4964, 0x5164,
  0x5184, 0x4144, 0x4164, 0x6A06, 0x8288, 0x8288, 0x8288, 0x7A68, 0x61C5, 0x59C5, 0x59A5, 0x5185,
  0x4964, 0x4964, 0x4964, 0x4944, 0x4944, 0x4944, 0x4944, 0x4944, 0x4944, 0x4944, 0x4944, 0x4944,
  0x4944, 0x4944, 0x4944, 0x58E3, 0xD18E, 0xFAF4, 0xFA93, 0xFAB3, 0xFAB3, 0xFAB3, 0xFAB3, 0xFAF4,
  0xFAD4, 0xB109, 0x50E3, 0x4944, 0x38E3, 0x3062, 0x8128, 0x7846, 0x8806, 0xC0AA, 0xF252, 0xFAD4,
  0xFA93, 0xFA93, 0xFA93, 0xFA72, 0xFA93, 0xFAB3, 0xC8AB, 0x7805, 0x7046, 0x0000, 0x0000, 0x0000,
  0x0000, 0x0000, 0x0000, 0x0000, 0x0000, 0x0000, 0x0000, 0x0000, 0x0000, 0x0000, 0x0000, 0x0000,
  0x0000, 0x0000, 0x0000, 0x0000, 0x0000, 0x0000, 0x0000, 0x0000, 0x0000, 0x2881, 0x2881, 0x38E3,
  0x4944, 0x4944, 0x4944, 0x4944, 0x4944, 0x4944, 0x4944, 0x4944, 0x4944, 0x4964, 0x4964, 0x4944,
  0x6A06, 0x7A68, 0x7A47, 0x7A67, 0x7A68, 0x6A27, 0x61E6, 0x6A27, 0x59A5, 0x5184, 0x5164, 0x5164,
  0x4964, 0x4964, 0x4944, 0x4944, 0x4944, 0x4944, 0x4944, 0x4944, 0x4944, 0x4944, 0x4944, 0x4944,
  0x4143, 0x88E7, 0xFA73, 0xFAD3, 0xFAB3, 0xFAB3, 0xFAB3, 0xFAB3, 0xFAB3, 0xFAB3, 0xFAD4, 0xFA93,
  0x98E8, 0x4103, 0x4124, 0x2081, 0x4043, 0x9006, 0xC8EC, 0xFA73, 0xFA93, 0xFA73, 0xFA93, 0xFA93,
  0xFA93, 0xFA93, 0xFA72, 0xFAB3, 0xE9D0, 0x9006, 0x6824, 0x0000, 0x0000, 0x0000, 0x0000, 0x0000,
  0x0000, 0x0000, 0x0000, 0x0000, 0x0000, 0x0000, 0x0000, 0x0000, 0x0000, 0x0000, 0x0000, 0x0000,
  0x0000, 0x0000, 0x0000, 0x0000, 0x0000, 0x0000, 0x28A1, 0x2881, 0x30C2, 0x4944, 0x4944, 0x4944,
  0x4944, 0x4944, 0x4944, 0x4944, 0x4944, 0x4944, 0x4944, 0x4964, 0x4944, 0x61E6, 0x7A68, 0x7247,
  0x7A48, 0x7A68, 0x7247, 0x7227, 0x7247, 0x7A68, 0x59C6, 0x51A5, 0x59C5, 0x4964, 0x4964, 0x4964,
  0x4964, 0x4944, 0x4944, 0x4944, 0x4944, 0x4944, 0x4944, 0x4944, 0x4944, 0x4944, 0x5103, 0xC14C,
  0xFAD4, 0xFA93, 0xFAB3, 0xFAB3, 0xFAB3, 0xFAB3, 0xFAD3, 0xFAD3, 0xFAB3, 0xFAD4, 0xEA10, 0x8065,
  0x8086, 0x9888, 0x9006, 0xD12D, 0xFA93, 0xFA73, 0xFA73, 0xFA93, 0xFA93, 0xFA93, 0xFA93, 0xFA73,
  0xFA72, 0xFA92, 0xFA72, 0xA848, 0x6804, 0x0000, 0x0000, 0x0000, 0x0000, 0x0000, 0x0000, 0x0000,
  0x0000, 0x0000, 0x0000, 0x0000, 0x0000, 0x0000, 0x0000, 0x0000, 0x0000, 0x0000, 0x0000, 0x0000,
  0x0000, 0x0000, 0x0000, 0x38C2, 0x2881, 0x30A2, 0x4944, 0x4944, 0x4944, 0x4944, 0x4944, 0x4944,
  0x4944, 0x4944, 0x4944, 0x4944, 0x4944, 0x4944, 0x4964, 0x61E5, 0x7A68, 0x7A68, 0x7227, 0x59C6,
  0x6A06, 0x7247, 0x7227, 0x7247, 0x6206, 0x7247, 0x7227, 0x5164, 0x5184, 0x5164, 0x4964, 0x4944,
  0x4944, 0x4944, 0x4944, 0x4944, 0x4944, 0x4944, 0x4944, 0x4964, 0x60E4, 0xE1CF, 0xFAD4, 0xFA93,
  0xFAB3, 0xFAB3, 0xFAB3, 0xFAB3, 0xFAD3, 0xFAD3, 0xFAB3, 0xFAB3, 0xF211, 0xD8CC, 0xF1D1, 0xFA32,
  0xE98F, 0xE16E, 0xFA72, 0xFA73, 0xFA93, 0xFA93, 0xFA93, 0xFA93, 0xFA93, 0xFA72, 0xFA72, 0xFA72,
  0xFA93, 0xB889, 0x6804, 0x0000, 0x0000, 0x0000, 0x0000, 0x0000, 0x0000, 0x0000, 0x0000, 0x0000,
  0x0000, 0x0000, 0x0000, 0x0000, 0x0000, 0x0000, 0x0000, 0x0000, 0x0000, 0x0000, 0x0000, 0x0000,
  0x38E3, 0x2881, 0x2881, 0x4123, 0x4944, 0x4944, 0x4944, 0x4944, 0x4944, 0x4944, 0x4944, 0x4944,
  0x4944, 0x4944, 0x4944, 0x4964, 0x5164, 0x5184, 0x61C5, 0x61C6, 0x4964, 0x5185, 0x7227, 0x7227,
  0x7247, 0x7227, 0x7247, 0x7A47, 0x6A06, 0x5185, 0x51A5, 0x5164, 0x4964, 0x4944, 0x4944, 0x4944,
  0x4944, 0x4944, 0x4944, 0x4944, 0x4944, 0x4164, 0x78C5, 0xF211, 0xFAB3, 0xFA93, 0xFAB3, 0xFAB3,
  0xFAB3, 0xFAB3, 0xFAB3, 0xFAD3, 0xFAB3, 0xFAB3, 0xD8EB, 0xF1F1, 0xFA73, 0xFA52, 0xFAB3, 0xE9AF,
  0xE98F, 0xFA93, 0xFA93, 0xFA93, 0xFA93, 0xFA73, 0xFA92, 0xFA93, 0xFA93, 0xFA92, 0xFA93, 0xC08A,
  0x7004, 0x0000, 0x0000, 0x0000, 0x0000, 0x0000, 0x0000, 0x0000, 0x0000, 0x0000, 0x0000, 0x0000,
  0x0000, 0x0000, 0x0000, 0x0000, 0x0000, 0x0000, 0x0000, 0x0000, 0x5000, 0x0000, 0x3082, 0x2861,
  0x38E2, 0x4944, 0x4944, 0x4944, 0x4944, 0x4944, 0x4944, 0x4944, 0x4944, 0x4944, 0x4944, 0x4944,
  0x4944, 0x4964, 0x4964, 0x5184, 0x5184, 0x4964, 0x5184, 0x6A07, 0x7227, 0x7227, 0x7227, 0x7227,
  0x7247, 0x7247, 0x61E6, 0x59A5, 0x5985, 0x5184, 0x5164, 0x4964, 0x4944, 0x4944, 0x4944, 0x4944,
  0x4944, 0x4944, 0x4944, 0x4143, 0x88C7, 0xFA73, 0xFAB3, 0xFAB3, 0xFAB3, 0xFAB3, 0xFAB3, 0xFAB3,
  0xFAB3, 0xFAB3, 0xFAD4, 0xEA10, 0xD90C, 0xFA73, 0xFA52, 0xFA73, 0xFA93, 0xFA92, 0xE92D, 0xFA73,
  0xFA73, 0xFA73, 0xFA73, 0xFA73, 0xFA92, 0xFA92, 0xFA93, 0xFA92, 0xFA93, 0xB889, 0x7004, 0x0000,
  0x0000, 0x0000, 0x0000, 0x0000, 0x0000, 0x0000, 0x0000, 0x0000, 0x0000, 0x0000, 0x0000, 0x0000,
  0x0000, 0x0000, 0x0000, 0x0000, 0x0000, 0x0000, 0x0000, 0x38E2, 0x2881, 0x30A1, 0x4944, 0x4944,
  0x4944, 0x4944, 0x4964, 0x4944, 0x4964, 0x4944, 0x4944, 0x4944, 0x4944, 0x4944, 0x4944, 0x4964,
  0x4964, 0x4964, 0x4964, 0x4944, 0x5164, 0x6A06, 0x6A07, 0x6A06, 0x61C6, 0x7227, 0x7247, 0x6A06,
  0x59A5, 0x59A5, 0x5185, 0x5164, 0x4964, 0x4944, 0x4944, 0x4944, 0x4944, 0x4944, 0x4944, 0x4944,
  0x4944, 0x4123, 0xA0E8, 0xFAB3, 0xFAB3, 0xFAB3, 0xFAB3, 0xFAB3, 0xFAB3, 0xFAB3, 0xFAB3, 0xFAB3,
  0xFAF4, 0xE9AF, 0xE98F, 0xFA93, 0xFA72, 0xFA93, 0xFA93, 0xFAB3, 0xE92D, 0xFA52, 0xFA93, 0xFA73,
  0xFA73, 0xFA92, 0xFA92, 0xFA92, 0xFA93, 0xFA93, 0xFA72, 0xB048, 0x7004, 0x0000, 0x0000, 0x0000,
  0x0000, 0x0000, 0x0000, 0x0000, 0x0000, 0x0000, 0x0000, 0x0000, 0x0000, 0x0000, 0x0000, 0x0000,
  0x0000, 0x0000, 0x0000, 0x0000, 0x0000, 0x2881, 0x2881, 0x4123, 0x4944, 0x4944, 0x4944, 0x4944,
  0x4944, 0x4944, 0x4944, 0x4944, 0x4944, 0x4944, 0x4944, 0x4944, 0x4944, 0x4944, 0x4944, 0x4944,
  0x4944, 0x4964, 0x5164, 0x51A5, 0x59C5, 0x59A5, 0x59C5, 0x61E6, 0x61E6, 0x59A5, 0x59A5, 0x59A5,
  0x5184, 0x4964, 0x4944, 0x4944, 0x4944, 0x4944, 0x4944, 0x4944, 0x4944, 0x4944, 0x4964, 0x4923,
  0xA909, 0xFAB3, 0xFAB3, 0xFAB3, 0xFAB3, 0xFAB3, 0xFAB3, 0xFAB3, 0xFAB3, 0xFA93, 0xFAF4, 0xE96E,
  0xF211, 0xFAB3, 0xFA72, 0xFA73, 0xFA93, 0xFAB3, 0xE92D, 0xFA32, 0xFA93, 0xFA72, 0xFA72, 0xFA92,
  0xFA92, 0xFA92, 0xFA93, 0xFAB3, 0xF231, 0xA007, 0x6824, 0x0000, 0x0000, 0x0000, 0x0000, 0x0000,
  0x0000, 0x0000, 0x0000, 0x0000, 0x0000, 0x0000, 0x0000, 0x0000, 0x0000, 0x0000, 0x0000, 0x0000,
  0x0000, 0x0000, 0x38E2, 0x2881, 0x30C2, 0x4964, 0x4944, 0x4944, 0x4944, 0x4944, 0x4944, 0x4944,
  0x4964, 0x4944, 0x4944, 0x4944, 0x4944, 0x4944, 0x4944, 0x4944, 0x4944, 0x4944, 0x4944, 0x4964,
  0x5164, 0x5184, 0x51A5, 0x51A5, 0x51A5, 0x5185, 0x5185, 0x5185, 0x5185, 0x5184, 0x5164, 0x4944,
  0x4944, 0x4944, 0x4944, 0x4944, 0x4944, 0x4944, 0x4944, 0x4964, 0x4964, 0x4923, 0xB12A, 0xFAB4,
  0xFAB3, 0xFAB3, 0xFAB3, 0xFAB3, 0xFAB3, 0xFAB3, 0xFAB3, 0xFAB3, 0xFAF4, 0xE16E, 0xF231, 0xFAD3,
  0xFA92, 0xFA72, 0xFA72, 0xFA72, 0xE8EC, 0xFA73, 0xFA73, 0xFA72, 0xFA92, 0xFA92, 0xFA92, 0xFA92,
  0xFA92, 0xFAB3, 0xE9AF, 0x9006, 0x6844, 0x0000, 0x0000, 0x0000, 0x0000, 0x0000, 0x0000, 0x0000,
  0x0000, 0x0000, 0x0000, 0x0000, 0x0000, 0x0000, 0x0000, 0x0000, 0x0000, 0x0000, 0x3800, 0x0000,
  0x30A2, 0x2881, 0x4123, 0x4944, 0x4944, 0x4944, 0x4944, 0x4944, 0x4944, 0x4944, 0x4944, 0x4944,
  0x4944, 0x4944, 0x4944, 0x4944, 0x4944, 0x4944, 0x4944, 0x4944, 0x4944, 0x4964, 0x4964, 0x4964,
  0x4964, 0x4964, 0x5164, 0x5164, 0x4964, 0x5164, 0x4964, 0x5164, 0x4964, 0x4964, 0x4944, 0x4944,
  0x4944, 0x4944, 0x4944, 0x4944, 0x4944, 0x4944, 0x4964, 0x4923, 0xB10A, 0xFAB3, 0xFAB3, 0xFAB3,
  0xFAB3, 0xFAB3, 0xFA93, 0xFA93, 0xFAB3, 0xFAB3, 0xFAF4, 0xE9AF, 0xE9EF, 0xFAF3, 0xFA92, 0xFA72,
  0xFA93, 0xF18F, 0xE92D, 0xFAB4, 0xFA72, 0xFA93, 0xFA92, 0xFA92, 0xFA92, 0xFA93, 0xFA93, 0xFAD3,
  0xD0EC, 0x7804, 0x6065, 0x0000, 0x0000, 0x0000, 0x0000, 0x0000, 0x0000, 0x0000, 0x0000, 0x0000,
  0x0000, 0x0000, 0x0000, 0x0000, 0x0000, 0x0000, 0x0000, 0x0000, 0x0000, 0x5145, 0x2881, 0x30A2,
  0x4944, 0x4944, 0x4944, 0x4944, 0x4944, 0x4944, 0x4944, 0x4944, 0x4944, 0x4944, 0x4944, 0x4944,
  0x4944, 0x4944, 0x4944, 0x4944, 0x4944, 0x4964, 0x4944, 0x4964, 0x4944, 0x4944, 0x4944, 0x4944,
  0x4964, 0x4964, 0x4964, 0x4943, 0x5164, 0x5164, 0x4964, 0x4944, 0x4944, 0x4944, 0x4944, 0x4944,
  0x4944, 0x4944, 0x4944, 0x4944, 0x4944, 0x4943, 0xA0C8, 0xFA93, 0xFAB3, 0xFA93, 0xFAB3, 0xFA93,
  0xFA93, 0xFAB3, 0xFAB3, 0xFAB3, 0xFAB3, 0xF293, 0xD8ED, 0xFA93, 0xFAD3, 0xFAB3, 0xF211, 0xD88B,
  0xFA32, 0xFA93, 0xFA73, 0xFA93, 0xFA72, 0xFA72, 0xFA72, 0xFA93, 0xFAB3, 0xFA72, 0xB029, 0x6804,
  0x794A, 0x0000, 0x0000, 0x0000, 0x0000, 0x0000, 0x0000, 0x0000, 0x0000, 0x0000, 0x0000, 0x0000,
  0x0000, 0x0000, 0x0000, 0x0000, 0x0000, 0x5000, 0x0000, 0x30A2, 0x2881, 0x38E2, 0x4944, 0x4944,
  0x4944, 0x4944, 0x4944, 0x4944, 0x4944, 0x4944, 0x4944, 0x4944, 0x4944, 0x4944, 0x4944, 0x4944,
  0x4944, 0x4944, 0x4944, 0x4944, 0x4944, 0x4944, 0x4944, 0x4944, 0x4944, 0x4944, 0x4944, 0x5184,
  0x38E2, 0xAC0C, 0x6A47, 0x4123, 0x4964, 0x4944, 0x4944, 0x4944, 0x4944, 0x4944, 0x4944, 0x4944,
  0x4944, 0x4944, 0x4944, 0x4164, 0x88A6, 0xFA52, 0xFAB3, 0xFA93, 0xFAB3, 0xFAB3, 0xFAB3, 0xFAB3,
  0xFAB2, 0xFAD3, 0xFAB3, 0xD90D, 0x7805, 0xB0AA, 0xE18F, 0xE14E, 0xD8AC, 0xF211, 0xFA93, 0xFA73,
  0xFA93, 0xFA93, 0xFA92, 0xFA72, 0xFA73, 0xFA92, 0xFAD3, 0xE18F, 0x9806, 0x6024, 0x0000, 0x0000,
  0x0000, 0x0000, 0x0000, 0x0000, 0x0000, 0x0000, 0x0000, 0x0000, 0x0000, 0x0000, 0x0000, 0x0000,
  0x0000, 0x0000, 0x0000, 0x3800, 0x0000, 0x2881, 0x3081, 0x4123, 0x4944, 0x4944, 0x4944, 0x4944,
  0x4944, 0x4944, 0x4944, 0x4944, 0x4944, 0x4944, 0x4944, 0x4944, 0x4944, 0x4944, 0x4944, 0x4944,
  0x4944, 0x4944, 0x4944, 0x4944, 0x4944, 0x4944, 0x4944, 0x4944, 0x4964, 0x38E2, 0x6A67, 0xFE94,
  0xB42C, 0x30C2, 0x5164, 0x4944, 0x4944, 0x4944, 0x4944, 0x4944, 0x4944, 0x4944, 0x4944, 0x4944,
  0x4944, 0x4964, 0x60C4, 0xE1CF, 0xFB14, 0xFAB3, 0xFAB3, 0xFAB3, 0xFAB3, 0xFAD3, 0xFAF3, 0xFA72,
  0xD0AB, 0x6804, 0x2081, 0x2861, 0x4843, 0x5843, 0xA888, 0xFA72, 0xFA92, 0xFA72, 0xFA93, 0xFA93,
  0xFA72, 0xFA73, 0xFA93, 0xFAB3, 0xFAB3, 0xC06A, 0x7004, 0x6045, 0x0000, 0x0000, 0x0000, 0x0000,
  0x0000, 0x0000, 0x0000, 0x0000, 0x0000, 0x0000, 0x0000, 0x0000, 0x0000, 0x0000, 0x0000, 0x0000,
  0x0000, 0x0000, 0x5145, 0x2881, 0x30C2, 0x4944, 0x4944, 0x4944, 0x4944, 0x4944, 0x4944, 0x4944,
  0x4944, 0x4944, 0x4944, 0x4944, 0x4944, 0x4944, 0x4944, 0x4944, 0x4944, 0x4944, 0x4944, 0x4944,
  0x4944, 0x4944, 0x4944, 0x4944, 0x4944, 0x4964, 0x4123, 0x4984, 0xEDD1, 0xFE11, 0xFE32, 0x6A47,
  0x38E3, 0x5164, 0x4944, 0x4944, 0x4944, 0x4944, 0x4944, 0x4944, 0x4944, 0x4944, 0x4944, 0x4944,
  0x4123, 0xA067, 0xFAB3, 0xFB55, 0xFB34, 0xFB14, 0xFAF3, 0xFA92, 0xE16E, 0xA828, 0x4843, 0x28C2,
  0x4123, 0x3903, 0x30E2, 0x20C2, 0x4842, 0xC08A, 0xFAD3, 0xFAB2, 0xFA72, 0xFA72, 0xFA92, 0xFA93,
  0xFA92, 0xFAF4, 0xE98F, 0x9806, 0x6023, 0x0000, 0x5000, 0x0000, 0x0000, 0x0000, 0x0000, 0x0000,
  0x0000, 0x0000, 0x0000, 0x0000, 0x0000, 0x0000, 0x0000, 0x0000, 0x0000, 0x0000, 0x0000, 0x0000,
  0x38E2, 0x2881, 0x38E2, 0x4944, 0x4944, 0x4944, 0x4944, 0x4944, 0x4944, 0x4944, 0x4944, 0x4944,
  0x4944, 0x4944, 0x4944, 0x4944, 0x4944, 0x4944, 0x4944, 0x4944, 0x4944, 0x4944, 0x4944, 0x4944,
  0x4944, 0x4944, 0x4944, 0x4944, 0x3903, 0xD52F, 0xFE52, 0xF5D1, 0xFE12, 0xE590, 0x4144, 0x4124,
  0x5164, 0x4944, 0x4964, 0x4944, 0x4944, 0x4944, 0x4944, 0x4944, 0x4944, 0x5164, 0x3903, 0x9AA9,
  0xD1AB, 0xE1CF, 0xFA72, 0xE9F0, 0xD12D, 0xA848, 0x6804, 0x30A2, 0x3102, 0x4144, 0x4944, 0x4944,
  0x4944, 0x4923, 0x28A2, 0x6803, 0xD90D, 0xFAD3, 0xFA92, 0xFA72, 0xFA72, 0xFA72, 0xFAD3, 0xFA52,
  0xB828, 0x7004, 0x6084, 0x0000, 0x7800, 0x0000, 0x0000, 0x0000, 0x0000, 0x0000, 0x0000, 0x0000,
  0x0000, 0x0000, 0x0000, 0x0000, 0x0000, 0x0000, 0x0000, 0x0000, 0x5000, 0x0000, 0x28A1, 0x2881,
  0x4123, 0x4944, 0x4944, 0x4944, 0x4944, 0x4944, 0x4944, 0x4944, 0x4944, 0x4944, 0x4944, 0x4944,
  0x4944, 0x4944, 0x4944, 0x4944, 0x4944, 0x4944, 0x4944, 0x4944, 0x4944, 0x4944, 0x4944, 0x4944,
  0x4964, 0x30C2, 0xB44D, 0xFE94, 0xF5F2, 0xFE12, 0xF5F2, 0xFE53, 0xCD0F, 0x3923, 0x4944, 0x5184,
  0x4964, 0x4964, 0x4944, 0x4944, 0x4944, 0x4944, 0x4944, 0x5164, 0x38E2, 0xB48D, 0xF6B5, 0xAA89,
  0x7824, 0x7885, 0x5083, 0x38C2, 0x3102, 0x4123, 0x4944, 0x4944, 0x4944, 0x4944, 0x4944, 0x4944,
  0x4123, 0x2881, 0x7004, 0xD10D, 0xFA92, 0xFAB3, 0xFA92, 0xFAB3, 0xFA72, 0xC06A, 0x8005, 0x6845,
  0x0000, 0x5000, 0x0000, 0x0000, 0x0000, 0x0000, 0x0000, 0x0000, 0x0000, 0x0000, 0x0000, 0x0000,
  0x0000, 0x0000, 0x0000, 0x0000, 0x0000, 0x0000, 0x3800, 0x0000, 0x2881, 0x28A1, 0x4944, 0x4944,
  0x4944, 0x4944, 0x4944, 0x4944, 0x4944, 0x4944, 0x4944, 0x4944, 0x4944, 0x4944, 0x4944, 0x4964,
  0x4944, 0x4944, 0x4944, 0x4944, 0x4944, 0x4944, 0x4944, 0x4944, 0x4944, 0x4964, 0x30C2, 0x936A,
  0xFE94, 0xFE12, 0xFE32, 0xFE32, 0xFE32, 0xFE12, 0xFE74, 0xCD0F, 0x4123, 0x4123, 0x5184, 0x4964,
  0x4944, 0x4944, 0x4964, 0x4964, 0x4944, 0x4964, 0x30E2, 0xA3EC, 0xFEB4, 0xEE32, 0x49C4, 0x3102,
  0x4143, 0x4123, 0x4924, 0x4924, 0x4924, 0x4944, 0x4944, 0x4944, 0x4944, 0x4944, 0x4944, 0x4123,
  0x2882, 0x5823, 0xB88A, 0xE9B0, 0xF211, 0xE98F, 0xB049, 0x8005, 0x6845, 0x0000, 0x5000, 0x0000,
  0x0000, 0x0000, 0x0000, 0x0000, 0x0000, 0x0000, 0x0000, 0x0000, 0x0000, 0x0000, 0x0000, 0x0000,
  0x0000, 0x0000, 0x0000, 0x0000, 0x5000, 0x0000, 0x2861, 0x30C2, 0x4944, 0x4944, 0x4944, 0x4944,
  0x4944, 0x4944, 0x4944, 0x4944, 0x4944, 0x4944, 0x4944, 0x4944, 0x4964, 0x4964, 0x4944, 0x4944,
  0x4944, 0x4944, 0x4944, 0x4944, 0x4944, 0x4944, 0x5164, 0x30C2, 0x82E8, 0xFE73, 0xFE12, 0xFE32,
  0xFE12, 0xFE33, 0xFE33, 0xFE33, 0xFE13, 0xFE74, 0xDD91, 0x59E5, 0x30C2, 0x4944, 0x5164, 0x4964,
  0x4964, 0x4964, 0x4944, 0x4964, 0x30C2, 0x9BCB, 0xFE32, 0xFE12, 0xDD50, 0x38E3, 0x38E2, 0x4123,
  0x4123, 0x4923, 0x4944, 0x4944, 0x4944, 0x4944, 0x4944, 0x4944, 0x4944, 0x4944, 0x4123, 0x28C2,
  0x4042, 0x8005, 0xA027, 0x9006, 0x7004, 0x6865, 0x0000, 0xF800, 0x0000, 0x0000, 0x0000, 0x0000,
  0x0000, 0x0000, 0x0000, 0x0000, 0x0000, 0x0000, 0x0000, 0x0000, 0x0000, 0x0000, 0x0000, 0x0000,
  0x0000, 0x0000, 0x0000, 0x0000, 0x2061, 0x30C2, 0x4944, 0x4944, 0x4944, 0x4944, 0x4944, 0x4944,
  0x4944, 0x4944, 0x4944, 0x4944, 0x4944, 0x4944, 0x4944, 0x4944, 0x4944, 0x4944, 0x4944, 0x4944,
  0x4944, 0x4944, 0x4944, 0x5164, 0x30C2, 0x7287, 0xFE53, 0xFE12, 0xFE12, 0xFE12, 0xFE74, 0xFEB5,
  0xFE95, 0xFE94, 0xFE53, 0xFE33, 0xFE73, 0xF632, 0x936A, 0x4123, 0x38E2, 0x4944, 0x5184, 0x5184,
  0x5164, 0x5164, 0x30C2, 0x9BAB, 0xFE53, 0xF5B0, 0xFE52, 0xDD50, 0x4144, 0x4123, 0x4964, 0x4944,
  0x4944, 0x4944, 0x4944, 0x4944, 0x4944, 0x4944, 0x4944, 0x4944, 0x4944, 0x4944, 0x3923, 0x30E2,
  0x30A2, 0x2861, 0x3882, 0x0000, 0x0000, 0x0000, 0x0000, 0x0000, 0x0000, 0x0000, 0x0000, 0x0000,
  0x0000, 0x0000, 0x0000, 0x0000, 0x0000, 0x0000, 0x0000, 0x0000, 0x0000, 0x0000, 0x0000, 0x0000,
  0x0000, 0x79E7, 0x2061, 0x38C2, 0x4964, 0x4944, 0x4944, 0x4944, 0x4944, 0x4944, 0x4944, 0x4944,
  0x4944, 0x4944, 0x4944, 0x4944, 0x4944, 0x4944, 0x4944, 0x4944, 0x4944, 0x4944, 0x4944, 0x4944,
  0x5164, 0x38C2, 0x6A67, 0xFE53, 0xFE32, 0xFE12, 0xFE12, 0xFE53, 0xD4EE, 0xAB68, 0xA347, 0xD4CD,
  0xFE54, 0xFE33, 0xFE12, 0xFE12, 0xFE73, 0xDD71, 0x8B4A, 0x51A4, 0x4103, 0x4103, 0x4103, 0x4123,
  0x28A1, 0x936A, 0xFE73, 0xFE32, 0xEDB0, 0xD4ED, 0xABCA, 0x5143, 0x4123, 0x4964, 0x4944, 0x4944,
  0x4144, 0x4144, 0x4944, 0x4944, 0x4944, 0x4944, 0x4944, 0x4944, 0x4944, 0x5164, 0x3903, 0x2861,
  0x4883, 0x5000, 0x0000, 0x0000, 0x0000, 0x0000, 0x0000, 0x0000, 0x0000, 0x0000, 0x0000, 0x0000,
  0x0000, 0x0000, 0x0000, 0x0000, 0x0000, 0x0000, 0x0000, 0x0000, 0x0000, 0x0000, 0x0000, 0x50E3,
  0x2061, 0x38E2, 0x4964, 0x4944, 0x4944, 0x4944, 0x4944, 0x4944, 0x4944, 0x4944, 0x4944, 0x4944,
  0x4944, 0x4944, 0x4944, 0x4944, 0x4944, 0x4944, 0x4944, 0x4944, 0x4944, 0x5164, 0x30C2, 0x6A47,
  0xFE53, 0xFE53, 0xFE32, 0xFE32, 0xFE73, 0xC46B, 0x8223, 0x92A5, 0x92A5, 0x8A23, 0xE570, 0xFE73,
  0xFE12, 0xFE12, 0xF5F2, 0xFE33, 0xFE94, 0xEE13, 0xC4EF, 0x9BEB, 0x7AE8, 0x6A67, 0x59E5, 0xAC0C,
  0xFEB5, 0xCC8C, 0x7A03, 0x6981, 0x79E2, 0x7A02, 0x61A4, 0x4103, 0x4964, 0x4944, 0x4123, 0x4144,
  0x4944, 0x4944, 0x4944, 0x4944, 0x4944, 0x4944, 0x4944, 0x4944, 0x38E3, 0x2861, 0x6965, 0x0000,
  0x0000, 0x0000, 0x0000, 0x0000, 0x0000, 0x0000, 0x0000, 0x0000, 0x0000, 0x0000, 0x0000, 0x0000,
  0x0000, 0x0000, 0x0000, 0x0000, 0x0000, 0x0000, 0x0000, 0x0000, 0x0000, 0x48C3, 0x2081, 0x38E3,
  0x4964, 0x4944, 0x4944, 0x4944, 0x4944, 0x4944, 0x4944, 0x4944, 0x4944, 0x4944, 0x4944, 0x4944,
  0x4944, 0x4944, 0x4944, 0x4944, 0x4944, 0x4944, 0x4964, 0x30C2, 0x6A47, 0xFE53, 0xFE53, 0xFE32,
  0xFE33, 0xFE33, 0xFE53, 0xEDD1, 0xF633, 0xFE74, 0xFE54, 0xF5F2, 0xF612, 0xFE32, 0xFE32, 0xFE32,
  0xFE32, 0xFE12, 0xF612, 0xFE33, 0xFE73, 0xFE94, 0xFE94, 0xFE74, 0xF674, 0xFE74, 0xFE74, 0xDD4F,
  0xD4EE, 0xE54F, 0xDD4F, 0xCCAC, 0xD50E, 0x938A, 0x38C2, 0x3903, 0x4944, 0x4944, 0x4944, 0x4944,
  0x4944, 0x4944, 0x4944, 0x4944, 0x4944, 0x4944, 0x38E2, 0x2861, 0xFFFF, 0x0000, 0x0000, 0x0000,
  0x0000, 0x0000, 0x0000, 0x0000, 0x0000, 0x0000, 0x0000, 0x0000, 0x0000, 0x0000, 0x0000, 0x0000,
  0x0000, 0x0000, 0x0000, 0x0000, 0x0000, 0x0000, 0x0000, 0x4922, 0x2081, 0x38E3, 0x4964, 0x4944,
  0x4944, 0x4944, 0x4944, 0x4944, 0x4944, 0x4944, 0x4944, 0x4944, 0x4944, 0x4944, 0x4944, 0x4944,
  0x4944, 0x4944, 0x4944, 0x4964, 0x30C2, 0x7287, 0xFE53, 0xFE32, 0xFE12, 0xFE32, 0xFE33, 0xFE33,
  0xFE33, 0xFE74, 0xFE54, 0xFE33, 0xFE13, 0xFE33, 0xFE32, 0xFE32, 0xFE33, 0xFE33, 0xFE33, 0xFE33,
  0xFE33, 0xFE32, 0xFE12, 0xFE12, 0xF612, 0xFE33, 0xFE53, 0xFE54, 0xFE54, 0xFE94, 0xFE74, 0xFE33,
  0xFE53, 0xFE94, 0xFE74, 0xFE73, 0xC4AE, 0x59C5, 0x30A2, 0x3903, 0x4944, 0x4964, 0x4964, 0x4944,
  0x4944, 0x4944, 0x4944, 0x4944, 0x30C2, 0x3081, 0x0000, 0x0000, 0x0000, 0x0000, 0x0000, 0x0000,
  0x0000, 0x0000, 0x0000, 0x0000, 0x0000, 0x0000, 0x0000, 0x0000, 0x0000, 0x0000, 0x0000, 0x0000,
  0x0000, 0x0000, 0x5000, 0x0000, 0x0000, 0x0000, 0x2881, 0x38E3, 0x4944, 0x4944, 0x4944, 0x4944,
  0x4944, 0x4944, 0x4944, 0x4944, 0x4944, 0x4944, 0x4944, 0x4944, 0x4944, 0x4944, 0x4964, 0x4944,
  0x4964, 0x30C2, 0x7AE9, 0xFE53, 0xFE32, 0xFE12, 0xFE32, 0xFE32, 0xFE32, 0xFE32, 0xFE32, 0xFE32,
  0xFE32, 0xFE12, 0xFE12, 0xFE12, 0xFE32, 0xFE33, 0xFE33, 0xFE33, 0xFE33, 0xFE33, 0xFE33, 0xFE32,
  0xFE32, 0xFE32, 0xFE32, 0xFE32, 0xFE33, 0xFE53, 0xFE53, 0xFE33, 0xFE12, 0xFDF2, 0xFE12, 0xFE33,
  0xFE12, 0xFE12, 0xFE52, 0xFE12, 0xAC2C, 0x6206, 0x4943, 0x4964, 0x4964, 0x4944, 0x4944, 0x4944,
  0x4944, 0x4123, 0x3081, 0x3081, 0x0000, 0x3800, 0x0000, 0x0000, 0x0000, 0x0000, 0x0000, 0x0000,
  0x0000, 0x0000, 0x0000, 0x0000, 0x0000, 0x0000, 0x0000, 0x0000, 0x0000, 0x0000, 0x5000, 0x0000,
  0x0000, 0x0000, 0x30C2, 0x30A1, 0x2881, 0x38E2, 0x4964, 0x4944, 0x4944, 0x4944, 0x4944, 0x4944,
  0x4944, 0x4944, 0x4944, 0x4944, 0x4944, 0x4944, 0x4944, 0x4944, 0x4964, 0x4964, 0x38E3, 0x8B6A,
  0xFE94, 0xFE32, 0xFE12, 0xFE12, 0xFE32, 0xFE32, 0xFE32, 0xFE32, 0xFE32, 0xFE12, 0xFE12, 0xFE53,
  0xFE53, 0xFE12, 0xFE32, 0xFE33, 0xFE33, 0xFE33, 0xFE33, 0xFE33, 0xFE33, 0xFE33, 0xFE32, 0xFE32,
  0xFE32, 0xFE32, 0xFE33, 0xFE33, 0xFE33, 0xFE12, 0xFE33, 0xFE53, 0xFE33, 0xFE33, 0xFE53, 0xFE12,
  0xFDF1, 0xFE12, 0xFE73, 0xFE74, 0xB46D, 0x4103, 0x5184, 0x4944, 0x4944, 0x4944, 0x4944, 0x4103,
  0x2861, 0x3882, 0x0000, 0x0000, 0x0000, 0x0000, 0x0000, 0x0000, 0x0000, 0x0000, 0x0000, 0x0000,
  0x0000, 0x0000, 0x0000, 0x0000, 0x0000, 0x0000, 0x0000, 0x0000, 0x0000, 0x5145, 0x30A1, 0x2881,
  0x2881, 0x28A1, 0x30A2, 0x3903, 0x4944, 0x4944, 0x4944, 0x4944, 0x4944, 0x4944, 0x4944, 0x4944,
  0x4944, 0x4964, 0x4944, 0x4944, 0x4944, 0x4944, 0x4964, 0x3903, 0x9BCC, 0xFEB5, 0xFE32, 0xFE32,
  0xFE32, 0xFE32, 0xFE32, 0xFE32, 0xFE32, 0xFE32, 0xFE12, 0xFE52, 0xEDD2, 0xBC8E, 0xC4CF, 0xFE74,
  0xFE53, 0xFE33, 0xFE33, 0xFE33, 0xFE33, 0xFE33, 0xFE32, 0xFE33, 0xFE33, 0xFE32, 0xFE32, 0xFE32,
  0xFE32, 0xFE33, 0xFE12, 0xFE53, 0xF612, 0xCD30, 0xEDF3, 0xFE94, 0xDD70, 0xFE32, 0xFE12, 0xFE12,
  0xFE12, 0xFE53, 0xEE13, 0x5185, 0x5164, 0x4964, 0x4944, 0x4944, 0x4944, 0x38C2, 0x2881, 0x0000,
  0x0000, 0x0000, 0x0000, 0x0000, 0x0000, 0x0000, 0x0000, 0x0000, 0x0000, 0x0000, 0x0000, 0x0000,
  0x0000, 0x0000, 0x0000, 0x0000, 0x0000, 0x0000, 0x30A1, 0x2861, 0x2881, 0x30C2, 0x3903, 0x4123,
  0x4944, 0x4944, 0x4944, 0x4944, 0x4944, 0x4944, 0x4944, 0x4944, 0x4964, 0x4964, 0x4944, 0x4944,
  0x4944, 0x4944, 0x4964, 0x4944, 0x4123, 0x51A5, 0xF633, 0xFE33, 0xFE32, 0xFE32, 0xFE32, 0xFE32,
  0xFE33, 0xFE33, 0xFE32, 0xFE12, 0xFE53, 0xCD0F, 0x2903, 0x0000, 0x0000, 0x5A27, 0xF633, 0xFE33,
  0xFE32, 0xFE33, 0xFE32, 0xFE32, 0xFE32, 0xFE33, 0xFE32, 0xFE32, 0xFE32, 0xFE32, 0xFE32, 0xFE12,
  0xFE53, 0xBC8D, 0x2903, 0x1061, 0x20E2, 0x6AC8, 0xC4EF, 0xFE52, 0xFE12, 0xFE32, 0xFE33, 0xFE33,
  0xFE74, 0x7247, 0x4103, 0x4964, 0x4944, 0x4944, 0x4123, 0x2881, 0x30A2, 0x0000, 0x5000, 0x0000,
  0x0000, 0x0000, 0x0000, 0x0000, 0x0000, 0x0000, 0x0000, 0x0000, 0x0000, 0x0000, 0x0000, 0x0000,
  0x5000, 0x0000, 0x40C3, 0x2881, 0x2881, 0x30A2, 0x4103, 0x4944, 0x4944, 0x4944, 0x4944, 0x4944,
  0x4944, 0x4944, 0x4944, 0x4944, 0x4944, 0x4964, 0x4944, 0x3903, 0x4144, 0x51A5, 0x51A5, 0x4123,
  0x38E2, 0x4964, 0x30E2, 0xA3EC, 0xFE94, 0xFE12, 0xFE32, 0xFE32, 0xFE33, 0xFE33, 0xFE33, 0xFE33,
  0xFE32, 0xFE32, 0xEDF2, 0x2903, 0x0000, 0x0020, 0x0020, 0x0000, 0x93AB, 0xFE94, 0xF612, 0xFE33,
  0xFE32, 0xFE32, 0xFE32, 0xFE32, 0xFE32, 0xFE32, 0xFE32, 0xFE32, 0xFE12, 0xFE32, 0xDD70, 0x1061,
  0x0000, 0x0000, 0x0000, 0x0840, 0xDD91, 0xFE32, 0xFE12, 0xFE32, 0xFE33, 0xFE33, 0xFE74, 0x9B28,
  0x6162, 0x4902, 0x4923, 0x4944, 0x38E2, 0x2881, 0x6A44, 0x0000, 0x0000, 0x0000, 0x0000, 0x0000,
  0x0000, 0x0000, 0x0000, 0x0000, 0x0000, 0x0000, 0x0000, 0x0000, 0x0000, 0x3800, 0x0000, 0x38C2,
  0x2881, 0x3081, 0x3903, 0x4944, 0x4944, 0x4944, 0x4944, 0x4944, 0x4944, 0x4944, 0x4944, 0x4944,
  0x4944, 0x4944, 0x4964, 0x4123, 0x5184, 0xA3EC, 0xDD70, 0xEDF2, 0xEDF2, 0xD550, 0x936A, 0x4943,
  0x4143, 0xE5B1, 0xFE53, 0xFE32, 0xFE32, 0xFE32, 0xFE32, 0xFE33, 0xFE32, 0xFE32, 0xF612, 0xFE94,
  0x93AB, 0x0000, 0x0820, 0x0000, 0x0000, 0x0000, 0x49C5, 0xFE94, 0xF632, 0xFE32, 0xFE32, 0xFE32,
  0xFE32, 0xFE32, 0xFE32, 0xFE32, 0xFE32, 0xFE32, 0xF612, 0xFE74, 0x8329, 0x0000, 0x0020, 0x0000,
  0x0820, 0x0000, 0x8B49, 0xFE93, 0xF612, 0xFE33, 0xFE33, 0xFE33, 0xFE12, 0xDCCC, 0xED6E, 0xA347,
  0x5942, 0x4923, 0x30C2, 0x4103, 0x0000, 0x3800, 0x0000, 0x0000, 0x0000, 0x0000, 0x0000, 0x0000,
  0x0000, 0x0000, 0x0000, 0x0000, 0x0000, 0x0000, 0x3800, 0x0000, 0x30A1, 0x2881, 0x30A2, 0x4923,
  0x4964, 0x4944, 0x4944, 0x4944, 0x4944, 0x4944, 0x4944, 0x4944, 0x4944, 0x4144, 0x4944, 0x4964,
  0x4123, 0x59C5, 0xDD91, 0xFE94, 0xFE33, 0xFE32, 0xFE53, 0xFE74, 0xFED5, 0xCD0F, 0x7AC8, 0xF633,
  0xFE32, 0xFE32, 0xFE32, 0xFE33, 0xFE33, 0xFE33, 0xFE32, 0xFE32, 0xF632, 0xFE74, 0x5A26, 0x0000,
  0x0020, 0x0000, 0x0000, 0x0000, 0x4184, 0xFE74, 0xFE33, 0xFE32, 0xFE32, 0xFE32, 0xFE32, 0xFE32,
  0xFE32, 0xFE32, 0xFE32, 0xFE32, 0xF612, 0xFE53, 0x49C5, 0x0000, 0x0020, 0x0000, 0x0000, 0x0000,
  0x72A8, 0xFE94, 0xF613, 0xFE33, 0xFE33, 0xFE33, 0xFDF1, 0xE4CC, 0xFDF2, 0xFE52, 0xBC0A, 0x5942,
  0x4123, 0xFFFF, 0x0000, 0x7800, 0x0000, 0x0000, 0x0000, 0x0000, 0x0000, 0x0000, 0x0000, 0x0000,
  0x0000, 0x0000, 0x0000, 0x0000, 0x0000, 0x30A2, 0x2861, 0x30A2, 0x4944, 0x4944, 0x4944, 0x4944,
  0x4944, 0x4944, 0x4944, 0x4944, 0x4944, 0x4944, 0x4944, 0x4944, 0x4944, 0x4944, 0x4144, 0xCD30,
  0xFE93, 0xF5F1, 0xFE12, 0xFE12, 0xFE32, 0xFE33, 0xFE33, 0xFE74, 0xEDF2, 0xFE32, 0xFE32, 0xFE32,
  0xFE32, 0xFE32, 0xFE32, 0xFE32, 0xFE32, 0xFE32, 0xFE32, 0xFE74, 0x5206, 0x0000, 0x0000, 0x0000,
  0x0020, 0x0000, 0x6267, 0xFE94, 0xF612, 0xFE32, 0xFE32, 0xFE32, 0xFE32, 0xFE32, 0xFE32, 0xFE32,
  0xFE32, 0xFE32, 0xFE12, 0xFE74, 0x49E5, 0x0000, 0x0020, 0x0000, 0x0020, 0x0000, 0x938B, 0xFE94,
  0xF613, 0xFE33, 0xFE33, 0xFE53, 0xF5B1, 0xE48C, 0xFDF1, 0xFDD1, 0xFE52, 0x92E6, 0x40E2, 0x4123,
  0x0000, 0x0000, 0x5000, 0x0000, 0x0000, 0x0000, 0x0000, 0x0000, 0x0000, 0x0000, 0x0000, 0x0000,
  0x7800, 0x0000, 0x38E2, 0x2881, 0x30A2, 0x4944, 0x4944, 0x4944, 0x4944, 0x4944, 0x4944, 0x4944,
  0x4944, 0x4944, 0x4944, 0x4944, 0x4944, 0x4944, 0x4944, 0x3903, 0x7AC8, 0xFE73, 0xFE12, 0xFE12,
  0xFE12, 0xFE32, 0xFE32, 0xFE33, 0xFE32, 0xFE32, 0xFE32, 0xFE32, 0xFE32, 0xFE32, 0xFE32, 0xFE32,
  0xFE32, 0xFE32, 0xFE32, 0xFE32, 0xFE32, 0xFE94, 0x9BCB, 0x0000, 0x0020, 0x0020, 0x0000, 0x0000,
  0xC4CE, 0xFE53, 0xFE12, 0xFE32, 0xFE32, 0xFE32, 0xFE32, 0xFE32, 0xFE12, 0xFE32, 0xFE33, 0xFE32,
  0xFE12, 0xFE73, 0x9BEB, 0x0000, 0x0000, 0x0000, 0x0000, 0x18A2, 0xE5B1, 0xFE33, 0xFE12, 0xFE32,
  0xFE32, 0xFE74, 0xED90, 0xE4CD, 0xFE32, 0xF5D1, 0xFE32, 0xBC2A, 0x40E1, 0x30A2, 0x38C2, 0x5143,
  0x0000, 0x5000, 0x0000, 0x0000, 0x0000, 0x0000, 0x0000, 0x0000, 0x0000, 0x0000, 0x0000, 0x50E3,
  0x2881, 0x30A2, 0x4944, 0x4944, 0x4944, 0x4944, 0x4944, 0x4944, 0x4944, 0x4944, 0x4944, 0x4944,
  0x4944, 0x4944, 0x4944, 0x4944, 0x4964, 0x3903, 0xAC0C, 0xFE73, 0xFE12, 0xFE12, 0xFE32, 0xFE32,
  0xFE32, 0xFE32, 0xFE32, 0xFE32, 0xFE32, 0xFE32, 0xFE32, 0xFE32, 0xFE32, 0xFE32, 0xFE32, 0xFE32,
  0xFE32, 0xFE32, 0xFE32, 0xFE33, 0xF633, 0x5206, 0x0000, 0x0000, 0x0020, 0x93AB, 0xFE73, 0xFDF1,
  0xFE12, 0xFE32, 0xFE33, 0xFE32, 0xFE32, 0xFDF1, 0xFCED, 0xFD4F, 0xFE53, 0xFE33, 0xFE32, 0xFE32,
  0xF653, 0x6AC8, 0x0820, 0x0000, 0x3143, 0xC4EF, 0xFE53, 0xFDF2, 0xFE12, 0xFE12, 0xFE12, 0xFE74,
  0xE52E, 0xED6F, 0xFE33, 0xFDF1, 0xFE32, 0xC44B, 0x5142, 0x4124, 0x38C2, 0x30A1, 0x30A2, 0x0000,
  0x0000, 0x0000, 0x0000, 0x0000, 0x0000, 0x0000, 0x0000, 0x5000, 0x0000, 0x2881, 0x2881, 0x4123,
  0x4944, 0x4944, 0x4944, 0x4944, 0x4944, 0x4944, 0x4944, 0x4944, 0x4944, 0x4944, 0x4944, 0x4944,
  0x4944, 0x4944, 0x4964, 0x4123, 0xC4AE, 0xFE73, 0xF612, 0xFE12, 0xFE32, 0xFE32, 0xFE12, 0xFE32,
  0xFE32, 0xFE33, 0xFE32, 0xFE32, 0xFE32, 0xFE32, 0xFE32, 0xFE32, 0xFE32, 0xFE32, 0xFE32, 0xFE32,
  0xFE32, 0xFE32, 0xFE33, 0xFE33, 0xA42C, 0x8B8B, 0xCD0F, 0xFE73, 0xFE12, 0xFE12, 0xFE12, 0xFE12,
  0xFE32, 0xFE32, 0xFE12, 0xFE12, 0xFD6F, 0xFDB1, 0xFE53, 0xFE33, 0xFE32, 0xFE32, 0xFE53, 0xFE73,
  0xD54F, 0xCCEE, 0xF612, 0xFE53, 0xFE12, 0xFE12, 0xFE12, 0xFE12, 0xFE12, 0xFE12, 0xDC8B, 0xFE12,
  0xFE13, 0xFDF2, 0xFE53, 0xB3C9, 0x4922, 0x4944, 0x4944, 0x38E2, 0x2881, 0x3081, 0x0000, 0x0000,
  0x0000, 0x0000, 0x0000, 0x0000, 0x0000, 0x0000, 0x30C2, 0x2881, 0x38E2, 0x4964, 0x4944, 0x4944,
  0x4944, 0x4944, 0x4944, 0x4944, 0x4944, 0x4944, 0x4944, 0x4944, 0x4944, 0x4944, 0x4944, 0x4944,
  0x4964, 0x4103, 0xB44D, 0xFE74, 0xFE12, 0xFE12, 0xFE12, 0xFE12, 0xFE32, 0xFE32, 0xFE32, 0xFE32,
  0xFE33, 0xFE33, 0xFE33, 0xFE32, 0xFE32, 0xFE32, 0xFE32, 0xFE32, 0xFE32, 0xFE32, 0xFE32, 0xFE32,
  0xFE32, 0xFE32, 0xFE74, 0xFE94, 0xFE53, 0xFE12, 0xFE12, 0xFE32, 0xFE73, 0xFE93, 0xFE94, 0xFE94,
  0xFE73, 0xFE53, 0xFE73, 0xFE73, 0xFE53, 0xFE32, 0xFE32, 0xFE32, 0xFE32, 0xFE12, 0xFE53, 0xFE53,
  0xFE12, 0xFE12, 0xFE33, 0xFE32, 0xFE12, 0xFDF2, 0xFE32, 0xE52E, 0xDC6B, 0xFE53, 0xFE12, 0xFE33,
  0xFE32, 0x8244, 0x4943, 0x4944, 0x4944, 0x4944, 0x3903, 0x28A1, 0x30A1, 0x0000, 0x3800, 0x0000,
  0x0000, 0x0000, 0x0000, 0x0000, 0x2881, 0x28A1, 0x4944, 0x4944, 0x4944, 0x4944, 0x4944, 0x4944,
  0x4944, 0x4944, 0x4944, 0x4944, 0x4944, 0x4944, 0x4944, 0x4944, 0x4944, 0x4944, 0x4964, 0x4103,
  0x8B09, 0xFE74, 0xF5F1, 0xFE12, 0xFE12, 0xFE12, 0xFE32, 0xFE32, 0xFE32, 0xFE32, 0xFE33, 0xFE33,
  0xFE33, 0xFE32, 0xFE32, 0xFE32, 0xFE32, 0xFE32, 0xFE32, 0xFE32, 0xFE33, 0xFE33, 0xFE32, 0xFE32,
  0xFE12, 0xFE12, 0xFE12, 0xFE12, 0xFE32, 0xFE12, 0xFBAC, 0xFBCD, 0xFCAF, 0xFCEF, 0xFD30, 0xFD51,
  0xFD71, 0xFDD1, 0xFE12, 0xFE12, 0xFE32, 0xFE32, 0xFE32, 0xFE12, 0xFE12, 0xFDF2, 0xFE12, 0xFE33,
  0xFE33, 0xFE33, 0xFE12, 0xFDF2, 0xFE32, 0xBBA8, 0xED4F, 0xFE32, 0xFE53, 0xFE73, 0xAB88, 0x5142,
  0x4944, 0x4944, 0x4944, 0x4944, 0x4944, 0x4103, 0x28A1, 0x30A2, 0x0000, 0x0000, 0x0000, 0x0000,
  0x0000, 0x30A2, 0x2061, 0x38E2, 0x4944, 0x4944, 0x4944, 0x4944, 0x4944, 0x4944, 0x4944, 0x4944,
  0x4944, 0x4944, 0x4944, 0x4944, 0x4944, 0x4944, 0x4944, 0x4944, 0x4944, 0x4944, 0x4964, 0xDD50,
  0xFE53, 0xF5F2, 0xFE12, 0xFE32, 0xFE32, 0xFE33, 0xFE12, 0xFE32, 0xFE73, 0xFE33, 0xFE33, 0xFE32,
  0xFE32, 0xFE32, 0xFE32, 0xFE32, 0xFE32, 0xFE33, 0xFE33, 0xFE33, 0xFE33, 0xFE32, 0xFE32, 0xFE32,
  0xFE32, 0xFE12, 0xFE53, 0xFCEF, 0xF8A5, 0xF8E5, 0xF8E5, 0xF905, 0xF946, 0xF946, 0xF966, 0xF987,
  0xF987, 0xFB8B, 0xFE53, 0xFE12, 0xFE12, 0xFE12, 0xFE12, 0xFE12, 0xFE32, 0xFE33, 0xFE33, 0xFE33,
  0xFE12, 0xFE74, 0xD4CD, 0xCC4B, 0xFE93, 0xFE11, 0xDD4F, 0x92E6, 0x5942, 0x4964, 0x4944, 0x4944,
  0x4944, 0x4944, 0x4944, 0x4964, 0x4103, 0x2861, 0x30A2, 0x0000, 0x0000, 0x0000, 0x0000, 0x2881,
  0x2881, 0x4123, 0x4944, 0x4144, 0x4944, 0x4944, 0x4944, 0x4944, 0x4944, 0x4944, 0x4944, 0x4944,
  0x4944, 0x4944, 0x4944, 0x4944, 0x4944, 0x4944, 0x4944, 0x4964, 0x4123, 0x6226, 0xEDF2, 0xFE94,
  0xFE33, 0xFE12, 0xFE12, 0xFE33, 0xFE94, 0xFE53, 0xE590, 0xFE73, 0xFE33, 0xFE33, 0xFE33, 0xFE32,
  0xFE32, 0xFE32, 0xFE33, 0xFE33, 0xFE33, 0xFE33, 0xFE33, 0xFE33, 0xFE32, 0xFE32, 0xFE32, 0xFE12,
  0xFE93, 0xFBED, 0xF8C5, 0xF926, 0xF906, 0xF946, 0xF986, 0xF966, 0xF926, 0xF926, 0xF8A4, 0xFBED,
  0xFE73, 0xFE12, 0xFE12, 0xFE12, 0xFE12, 0xFE12, 0xFE32, 0xFE32, 0xFE12, 0xFE32, 0xFE53, 0xF612,
  0x8224, 0x8A86, 0x9B07, 0x8285, 0x5982, 0x4922, 0x4944, 0x4944, 0x4944, 0x4944, 0x4944, 0x4944,
  0x4944, 0x4944, 0x4964, 0x38C2, 0x2861, 0x38E0, 0x0000, 0x0000, 0x0000, 0x2881, 0x30C2, 0x4944,
  0x4144, 0x4944, 0x4944, 0x4944, 0x4944, 0x4944, 0x4944, 0x4944, 0x4944, 0x4944, 0x4944, 0x4944,
  0x4944, 0x4944, 0x4944, 0x4944, 0x4944, 0x4944, 0x4964, 0x4123, 0x59E6, 0xC4CE, 0xF633, 0xFE53,
  0xFE53, 0xF633, 0xD551, 0x72A8, 0x7A24, 0xF611, 0xFE53, 0xFE32, 0xFE33, 0xFE33, 0xFE33, 0xFE33,
  0xFE33, 0xFE33, 0xFE33, 0xFE33, 0xFE33, 0xFE33, 0xFE32, 0xFE33, 0xFE33, 0xFE32, 0xFE94, 0xFBCD,
  0xF885, 0xF987, 0xFA29, 0xFA69, 0xFA8A, 0xFA69, 0xF9A7, 0xF946, 0xF946, 0xFD50, 0xFE32, 0xFE12,
  0xFE12, 0xFE12, 0xFE12, 0xFE12, 0xFE32, 0xFE32, 0xFE32, 0xFE12, 0xFE94, 0xAB68, 0x5922, 0x4923,
  0x4902, 0x4923, 0x4944, 0x4944, 0x4944, 0x4944, 0x4944, 0x4944, 0x4944, 0x4944, 0x4944, 0x4944,
  0x4944, 0x4944, 0x30A1, 0x2881, 0x0000, 0x0000, 0x0000, 0x2881, 0x38E2, 0x4944, 0x4944, 0x4944,
  0x4944, 0x4944, 0x4944, 0x4944, 0x4944, 0x4944, 0x4944, 0x4944, 0x4944, 0x4944, 0x4944, 0x4944,
  0x4944, 0x4944, 0x4944, 0x4944, 0x4964, 0x3903, 0x38C2, 0x4103, 0x61E6, 0x7AA8, 0x72A8, 0x5A06,
  0x4123, 0x3903, 0x4922, 0x92C6, 0xFE33, 0xFE33, 0xFE32, 0xFE33, 0xFE33, 0xFE33, 0xFE33, 0xFE33,
  0xFE33, 0xFE33, 0xFE33, 0xFE32, 0xFE33, 0xFE33, 0xFE33, 0xFE32, 0xFE73, 0xFCAE, 0xF967, 0xFA8A,
  0xFA6A, 0xFA6A, 0xFA8A, 0xFAAA, 0xFACB, 0xF987, 0xFA89, 0xFE53, 0xFE12, 0xFE32, 0xFE12, 0xFE12,
  0xFE12, 0xFE12, 0xFE12, 0xFE32, 0xFE13, 0xFE94, 0xBC0A, 0x6162, 0x4964, 0x4964, 0x4944, 0x4944,
  0x4944, 0x4944, 0x4944, 0x4944, 0x4944, 0x4944, 0x4944, 0x4944, 0x4944, 0x4944, 0x4944, 0x5144,
  0x4103, 0x2861, 0x38E2, 0x0000, 0x0000, 0x2861, 0x4103, 0x4944, 0x4944, 0x4944, 0x4944, 0x4944,
  0x4944, 0x4944, 0x4944, 0x4944, 0x4944, 0x4944, 0x4944, 0x4944, 0x4944, 0x4944, 0x4944, 0x4944,
  0x4944, 0x4964, 0x4964, 0x30C2, 0x38E3, 0x4943, 0x38E2, 0x38E2, 0x38E3, 0x3903, 0x4144, 0x4124,
  0x4123, 0x4902, 0x9AE7, 0xFE32, 0xFE53, 0xFE32, 0xFE33, 0xFE33, 0xFE33, 0xFE33, 0xFE33, 0xFE33,
  0xFE32, 0xFE32, 0xFE33, 0xFE32, 0xFE32, 0xFE32, 0xFE32, 0xFDD1, 0xFAAA, 0xFA8A, 0xFAAA, 0xFA8A,
  0xFA6A, 0xFA6A, 0xFA8A, 0xF9E8, 0xFCAF, 0xFE73, 0xFE12, 0xFE12, 0xFE32, 0xFE12, 0xFE12, 0xFE12,
  0xFDF2, 0xFE33, 0xFE73, 0xBC0A, 0x6162, 0x4944, 0x4944, 0x4944, 0x4944, 0x4944, 0x4944, 0x4944,
  0x4944, 0x4944, 0x4944, 0x4944, 0x4944, 0x4944, 0x4944, 0x4944, 0x4944, 0x4944, 0x4944, 0x28A1,
  0x2881, 0x0000, 0x0000, 0x2881, 0x4103, 0x4944, 0x4944, 0x4944, 0x4944, 0x4944, 0x4944, 0x4944,
  0x4944, 0x4944, 0x4944, 0x4944, 0x4944, 0x4944, 0x4944, 0x4944, 0x4944, 0x4964, 0x4964, 0x5164,
  0x4103, 0x30A2, 0x52AA, 0x0000, 0x5185, 0x4103, 0x30E2, 0x30C2, 0x30E3, 0x4103, 0x4944, 0x4944,
  0x5122, 0x9AE6, 0xF5D1, 0xFE94, 0xFE33, 0xFE33, 0xFE33, 0xFE33, 0xFE33, 0xFE32, 0xFE32, 0xFE32,
  0xFE32, 0xFE32, 0xFE32, 0xFE32, 0xFE12, 0xFE53, 0xFCAF, 0xFA6A, 0xFACB, 0xFAAA, 0xFA8A, 0xFA29,
  0xF9E8, 0xFBCD, 0xFE53, 0xFE12, 0xFE12, 0xFE12, 0xFE12, 0xFE12, 0xFE12, 0xFE12, 0xFE53, 0xEDB0,
  0xA327, 0x6182, 0x4964, 0x4944, 0x4944, 0x4944, 0x4944, 0x4944, 0x4944, 0x4944, 0x4944, 0x4944,
  0x4944, 0x4944, 0x4944, 0x4944, 0x4944, 0x4944, 0x4944, 0x4944, 0x5164, 0x38E2, 0x2861, 0x0000,
  0x0000, 0x2061, 0x30C2, 0x4944, 0x4944, 0x4944, 0x4944, 0x4944, 0x4944, 0x4944, 0x4944, 0x4944,
  0x4944, 0x4944, 0x4944, 0x4944, 0x4944, 0x4944, 0x4944, 0x4944, 0x5164, 0x4944, 0x30C2, 0x3902,
  0x0000, 0x2800, 0x0000, 0x0000, 0x7267, 0x30C2, 0x28A1, 0x30C2, 0x38E3, 0x4103, 0x4123, 0x4102,
  0x8224, 0xCC8C, 0xFE53, 0xFE94, 0xFE33, 0xFE33, 0xFE33, 0xFE33, 0xFE32, 0xFE32, 0xFE12, 0xFE12,
  0xFE12, 0xFE12, 0xFE12, 0xFE12, 0xFE53, 0xFCD0, 0xFB2C, 0xFAAB, 0xFA6A, 0xFAAA, 0xFC8E, 0xFE33,
  0xFE32, 0xFE12, 0xFE12, 0xFDF2, 0xFDF1, 0xFE12, 0xFE74, 0xFE73, 0xCC8C, 0x79E3, 0x4901, 0x4964,
  0x4964, 0x4944, 0x4944, 0x4944, 0x4944, 0x4944, 0x4944, 0x4944, 0x4944, 0x4944, 0x4944, 0x4944,
  0x4944, 0x4944, 0x4944, 0x4944, 0x4944, 0x4944, 0x5144, 0x3903, 0x2061, 0x0000, 0x0000, 0x2881,
  0x2881, 0x4123, 0x4944, 0x4944, 0x4944, 0x4944, 0x4944, 0x4944, 0x4944, 0x4944, 0x4944, 0x4944,
  0x4944, 0x4944, 0x4944, 0x4944, 0x4964, 0x4964, 0x4964, 0x30C2, 0x30A2, 0x0000, 0x0000, 0x0000,
  0x7800, 0x5000, 0x0000, 0x0000, 0x0000, 0xFFFF, 0x5184, 0x4964, 0x38E2, 0x30E3, 0x5183, 0x69C3,
  0x8AA6, 0xD4AD, 0xFE53, 0xFEB5, 0xFE74, 0xFE33, 0xFE12, 0xFE12, 0xFE12, 0xFE12, 0xFE12, 0xFE12,
  0xFE12, 0xFE32, 0xFE12, 0xFE73, 0xFE12, 0xFD70, 0xFD50, 0xFDF2, 0xFE73, 0xFE33, 0xFE33, 0xFE12,
  0xFDF2, 0xFE12, 0xFE53, 0xFE53, 0xDD4F, 0xA347, 0x6181, 0x5983, 0x2881, 0x38E3, 0x4964, 0x4944,
  0x4944, 0x4944, 0x4944, 0x4944, 0x4944, 0x4944, 0x4944, 0x4944, 0x4944, 0x4944, 0x4944, 0x4944,
  0x4944, 0x4944, 0x4944, 0x4944, 0x4944, 0x4103, 0x2081, 0x0000, 0x0000, 0x30C3, 0x2061, 0x28A1,
  0x4103, 0x4943, 0x4103, 0x4123, 0x4944, 0x4944, 0x4944, 0x4944, 0x4944, 0x4944, 0x4944, 0x4944,
  0x4944, 0x4944, 0x4944, 0x4964, 0x38C2, 0x2881, 0x40E3, 0x0000, 0x0000, 0x0000, 0x0000, 0x0000,
  0x0000, 0x5000, 0x0000, 0x0000, 0x0000, 0x0000, 0x0000, 0x0000, 0xDEDB, 0x6AAA, 0x6A47, 0x7A66,
  0x92C6, 0xBC0A, 0xE591, 0xFE94, 0xFE94, 0xFE53, 0xFE12, 0xFE12, 0xFE53, 0xFE74, 0xFE33, 0xFE12,
  0xFE12, 0xFDF1, 0xFE11, 0xFE52, 0xFE73, 0xFE33, 0xF633, 0xFE53, 0xFE94, 0xFE73, 0xFE12, 0xE54E,
  0xBC09, 0x92C5, 0x7203, 0x69C2, 0x7AC7, 0x0000, 0x3923, 0x2881, 0x3903, 0x4944, 0x4944, 0x4944,
  0x4944, 0x4944, 0x4944, 0x4944, 0x4944, 0x4944, 0x4944, 0x4944, 0x4944, 0x4944, 0x4944, 0x4944,
  0x4944, 0x4944, 0x5164, 0x38C2, 0x2861, 0x0000, 0x0000, 0x0000, 0x6186, 0x2861, 0x2881, 0x28A1,
  0x2881, 0x4123, 0x4944, 0x4944, 0x4944, 0x4944, 0x4944, 0x4944, 0x4944, 0x4944, 0x4944, 0x4964,
  0x4964, 0x38E2, 0x2881, 0x38C2, 0x0000, 0x0000, 0x0000, 0x0000, 0x0000, 0x0000, 0x0000, 0x0000,
  0x0000, 0x0000, 0x7800, 0x5145, 0x0000, 0x6289, 0x6289, 0x83AE, 0xC5F7, 0xF77D, 0xDE99, 0xB46E,
  0x9B68, 0x9B07, 0xB3CA, 0xABA9, 0x9B47, 0x9B47, 0xAB88, 0xCCAC, 0xF633, 0xFE94, 0xFE52, 0xFE52,
  0xFE32, 0xD4EE, 0xAB89, 0xA347, 0xA348, 0x9B27, 0xAB89, 0xABC9, 0x9B27, 0x8AC6, 0x9BCC, 0x93AD,
  0x8B2A, 0x0000, 0x0000, 0x4924, 0x0000, 0x28A2, 0x2081, 0x38E3, 0x4944, 0x4944, 0x4944, 0x4944,
  0x4944, 0x4944, 0x4944, 0x4944, 0x4944, 0x4944, 0x4944, 0x4944, 0x4944, 0x4944, 0x4943, 0x4944,
  0x38E3, 0x2881, 0x2881, 0x0000, 0x0000, 0x0000, 0x0000, 0x0000, 0x3102, 0x30A1, 0x2881, 0x3903,
  0x4944, 0x4143, 0x4944, 0x4944, 0x4944, 0x4944, 0x4944, 0x4944, 0x4964, 0x4943, 0x30C2, 0x2881,
  0x30A2, 0x0000, 0x5000, 0x0000, 0x0000, 0x0000, 0x0000, 0x0000, 0x0000, 0x0000, 0x0000, 0x0000,
  0x7BEF, 0x0000, 0x62AA, 0x62AA, 0x9C91, 0xEF5D, 0xFFFF, 0xFFDF, 0xFFFF, 0xFFFF, 0xC593, 0x8243,
  0xABC9, 0xD4ED, 0xE58F, 0xE590, 0xD50E, 0xABC9, 0x9AE6, 0xBC2B, 0xCC8C, 0xCC8C, 0x9B47, 0x92E6,
  0xCCAD, 0xEDB1, 0xEDD1, 0xE590, 0xCCAD, 0x92E6, 0x7A44, 0xE6B9, 0xFFFF, 0xF7BE, 0xAD14, 0x6AA9,
  0x4980, 0xFFFF, 0x3180, 0x0000, 0x2881, 0x2881, 0x38E3, 0x4944, 0x4944, 0x4944, 0x4944, 0x4944,
  0x4944, 0x4944, 0x4944, 0x4944, 0x4944, 0x4944, 0x4944, 0x4944, 0x30A2, 0x2881, 0x2881, 0x2881,
  0x0000, 0x0000, 0x0000, 0x0000, 0x0000, 0x0000, 0x0000, 0x0000, 0x2881, 0x30A2, 0x4123, 0x4944,
  0x4944, 0x4944, 0x4944, 0x4944, 0x4964, 0x4944, 0x3903, 0x30A1, 0x2881, 0x40E3, 0x0000, 0x5000,
  0x0000, 0x0000, 0x0000, 0x0000, 0x0000, 0x0000, 0x0000, 0x0000, 0x0000, 0x7BEF, 0x0000, 0x6269,
  0x6289, 0xA4D2, 0xFFDF, 0xFFFF, 0xF7BE, 0xF7BE, 0xFFFF, 0xB48F, 0x9AE6, 0xF633, 0xFED5, 0xFE94,
  0xFE53, 0xFE53, 0xFE73, 0xFE94, 0xE590, 0x8244, 0x99A2, 0x8981, 0xB3EA, 0xFE94, 0xFE94, 0xFE53,
  0xFE32, 0xFE32, 0xFE52, 0xFE93, 0xCC8C, 0x8AA5, 0xEF1B, 0xFFFF, 0xFFFF, 0xACF3, 0x5A28, 0x3180,
  0x52AA, 0x52A0, 0x0000, 0x30C2, 0x28A1, 0x38E3, 0x4944, 0x4964, 0x4944, 0x4944, 0x4944, 0x4944,
  0x4944, 0x4944, 0x4944, 0x4944, 0x4944, 0x4923, 0x2881, 0x28A1, 0x40A2, 0x0000, 0x0000, 0x0000,
  0x0000, 0x0000, 0x0000, 0x0000, 0x0000, 0x0000, 0x3882, 0x2881, 0x30A2, 0x3903, 0x4923, 0x4943,
  0x4923, 0x4103, 0x38E2, 0x30A2, 0x2881, 0x30A2, 0x4983, 0x0000, 0x5000, 0x0000, 0x0000, 0x0000,
  0x0000, 0x0000, 0x0000, 0x0000, 0x0000, 0x0000, 0x0000, 0x7BEF, 0x0000, 0x5208, 0x8C0F, 0xF7BE,
  0xFFFF, 0xFFDF, 0xFFBF, 0xFFFF, 0xC573, 0x8A43, 0xFE53, 0xFE74, 0xFE33, 0xFE33, 0xFE32, 0xFE32,
  0xFE32, 0xFDF1, 0xFE53, 0xEDD1, 0x81E3, 0xB3A9, 0xFED5, 0xFE53, 0xFE32, 0xFE32, 0xFE32, 0xFE12,
  0xFE12, 0xFE12, 0xFED5, 0xC44B, 0x9369, 0xFFDF, 0xFFDF, 0xF7BE, 0x8C0F, 0x49C6, 0x0000, 0x52AA,
  0x0000, 0x0000, 0x3903, 0x30A1, 0x30C2, 0x4123, 0x4944, 0x4944, 0x4944, 0x4944, 0x4944, 0x4944,
  0x4944, 0x4944, 0x4944, 0x30C2, 0x2881, 0x0000, 0x0000, 0x0000, 0x0000, 0x0000, 0x0000, 0x0000,
  0x0000, 0x0000, 0x0000, 0x0000, 0x0000, 0x4102, 0x30A1, 0x2881, 0x28A1, 0x30A2, 0x28A1, 0x2881,
  0x2881, 0x30A2, 0x38C2, 0x0000, 0x0000, 0x0000, 0x0000, 0x0000, 0x0000, 0x0000, 0x0000, 0x0000,
  0x0000, 0x0000, 0x0000, 0x0000, 0x52AA, 0x0000, 0x49E7, 0x628A, 0xDEBA, 0xFFFF, 0xFFDF, 0xFFFF,
  0xFFDF, 0xF79D, 0x8265, 0xDD0D, 0xFE73, 0xFE12, 0xFE33, 0xFE33, 0xFE33, 0xFE32, 0xFE32, 0xFE12,
  0xFDF1, 0xFE73, 0xBC2A, 0xAB88, 0xFEB4, 0xFE33, 0xFE32, 0xFE32, 0xFE32, 0xFE32, 0xFE32, 0xFE32,
  0xFE33, 0xFE95, 0x92C6, 0xD637, 0xFFFF, 0xFFFF, 0xD679, 0x6269, 0x4145, 0x0000, 0x52AA, 0x0000,
  0x0000, 0x4144, 0x30C2, 0x2881, 0x30C2, 0x38E3, 0x4123, 0x4123, 0x4924, 0x4944, 0x4123, 0x38E2,
  0x30A2, 0x28A1, 0x38E3, 0x0000, 0x0000, 0x0000, 0x0000, 0x0000, 0x0000, 0x0000, 0x0000, 0x0000,
  0x0000, 0x0000, 0x0000, 0x0000, 0x0000, 0x38E2, 0x30A2, 0x30A2, 0x30A2, 0x30A2, 0x4924, 0x0000,
  0x0000, 0x0000, 0x0000, 0x0000, 0x0000, 0x0000, 0x0000, 0x0000, 0x0000, 0x0000, 0x0000, 0x0000,
  0x0000, 0x0000, 0x0000, 0x554A, 0x49E7, 0x9C71, 0xFFFF, 0xFFDF, 0xFFFF, 0xFFDF, 0xFFFF, 0xDE78,
  0x92A5, 0xFE32, 0xFE12, 0xFE32, 0xFE33, 0xFE53, 0xFE33, 0xFE33, 0xFE12, 0xFE12, 0xFE12, 0xFE32,
  0xEDD1, 0x92C5, 0xF612, 0xFE53, 0xFE32, 0xFE32, 0xFE32, 0xFE32, 0xFE32, 0xFE33, 0xFE32, 0xFEB4,
  0xB40A, 0xAC8F, 0xFFFF, 0xF79E, 0xFFDF, 0x9430, 0x51C6, 0x0000, 0x52AA, 0x0000, 0x5000, 0x0000,
  0x0000, 0x4103, 0x30A2, 0x2881, 0x28A1, 0x28A1, 0x30A2, 0x30A1, 0x2881, 0x2881, 0x28A1, 0x51C3,
  0x0000, 0x0000, 0x0000, 0x0000, 0x0000, 0x0000, 0x0000, 0x0000, 0x0000, 0x0000, 0x0000, 0x0000,
  0x0000, 0x0000, 0x0000, 0x0000, 0x0000, 0x0000, 0x0000, 0x0000, 0x0000, 0x0000, 0x0000, 0x0000,
  0x0000, 0x0000, 0x0000, 0x0000, 0x0000, 0x0000, 0x0000, 0x0000, 0x0000, 0x0000, 0x0000, 0x7BEF,
  0x0000, 0x6269, 0x62AA, 0xD679, 0xFFFF, 0xFFDF, 0xFFFF, 0xFFDF, 0xFFFF, 0xCDD5, 0xB388, 0xFE73,
  0xFE12, 0xFE32, 0xFE32, 0xFE33, 0xFE33, 0xFE33, 0xFE32, 0xFE32, 0xFE32, 0xFE33, 0xFE73, 0x9B27,
  0xDD4F, 0xFE73, 0xFE12, 0xFE32, 0xFE32, 0xFE33, 0xFE33, 0xFE33, 0xFE12, 0xFE73, 0xC46B, 0x9C0D,
  0xFFFF, 0xF79E, 0xFFFF, 0xCE18, 0x6269, 0x5A25, 0x0000, 0xF800, 0x0000, 0x0000, 0x0000, 0x0000,
  0x0000, 0xFBEF, 0x38E2, 0x2881, 0x2881, 0x2881, 0x30C2, 0x0000, 0x0000, 0x0000, 0x0000, 0x0000,
  0x0000, 0x0000, 0x0000, 0x0000, 0x0000, 0x0000, 0x0000, 0x0000, 0x0000, 0x0000, 0x0000, 0x0000,
  0x0000, 0x0000, 0x5000, 0x3800, 0x5000, 0x5000, 0x0000, 0x0000, 0x0000, 0x0000, 0x0000, 0x0000,
  0x0000, 0x0000, 0x0000, 0x0000, 0x0000, 0x0000, 0x0000, 0x0000, 0x0000, 0x39E7, 0x0000, 0x5A29,
  0x8C0F, 0xFFDF, 0xFFDF, 0xFFDF, 0xFFDF, 0xFFBE, 0xFFFF, 0xE6B9, 0xBC0A, 0xFE74, 0xFE12, 0xFE32,
  0xFE32, 0xFE33, 0xFE33, 0xFE33, 0xFE33, 0xFE33, 0xFE33, 0xFE33, 0xFE74, 0x9B06, 0xD50E, 0xFE53,
  0xFE12, 0xFE32, 0xFE32, 0xFE53, 0xFE33, 0xFE32, 0xFE12, 0xFE73, 0xBBEA, 0xB4D1, 0xFFFF, 0xF7BE,
  0xFFFF, 0xEF5D, 0x7B6D, 0x49C6, 0x0000, 0x52AA, 0x0000, 0x0000, 0x0000, 0x0000, 0x3800, 0x0000,
  0x0000, 0x0000, 0x0000, 0x0000, 0x0000, 0x0000, 0x3800, 0x0000, 0x0000, 0x0000, 0x0000, 0x0000,
  0x0000, 0x0000, 0x0000, 0x0000, 0x0000, 0x0000, 0x0000, 0x0000, 0x0000, 0x0000, 0x0000, 0x0000,
  0x0000, 0x0000, 0x0000, 0x0000, 0x0000, 0x0000, 0x0000, 0x0000, 0x0000, 0x0000, 0x0000, 0x0000,
  0x0000, 0x0000, 0x0000, 0x0000, 0x0000, 0x0000, 0x0000, 0x52AA, 0x0000, 0x626A, 0xB555, 0xFFFF,
  0xFFBE, 0xFFDF, 0xFFFF, 0xFFFF, 0xFFFF, 0xCD93, 0xC44B, 0xFE74, 0xFE33, 0xFE32, 0xFE32, 0xFE32,
  0xFE33, 0xFE33, 0xFE33, 0xFE33, 0xFE33, 0xFE53, 0xF612, 0x8A64, 0xE56F, 0xFE32, 0xFE32, 0xFE32,
  0xFE33, 0xFE33, 0xFE32, 0xFE32, 0xFE12, 0xFE73, 0xBBC9, 0xA3EC, 0xF7DF, 0xFFFF, 0xFFFF, 0xFFDF,
  0x9430, 0x49C6, 0x0000, 0x39E7, 0x0000, 0x0000, 0x0000, 0x0000, 0x0000, 0x0000, 0x0000, 0x0000,
  0x5000, 0x5000, 0x0000, 0x0000, 0x0000, 0x0000, 0x0000, 0x0000, 0x0000, 0x0000, 0x0000, 0x0000,
  0x0000, 0x0000, 0x0000, 0x0000, 0x0000, 0x0000, 0x0000, 0x0000, 0x0000, 0x0000, 0x0000, 0x0000,
  0x0000, 0x0000, 0x0000, 0x0000, 0x0000, 0x0000, 0x0000, 0x0000, 0x0000, 0x0000, 0x0000, 0x0000,
  0x0000, 0x0000, 0x0000, 0x0000, 0x0000, 0x0000, 0x0000, 0x72EB, 0xC5F7, 0xFFFF, 0xFFFF, 0xEF5D,
  0xB5B6, 0x9CD3, 0xA46F, 0xC46C, 0xF633, 0xFE33, 0xFE33, 0xFE32, 0xFE32, 0xFE32, 0xFE33, 0xFE33,
  0xFE33, 0xFE33, 0xFE33, 0xFE94, 0xCC8C, 0x8A84, 0xFE32, 0xFE11, 0xFE32, 0xFE32, 0xFE32, 0xFE32,
  0xFE32, 0xFE32, 0xFE32, 0xFE12, 0xF611, 0xBC4B, 0x93AC, 0xA4F3, 0xC618, 0xFFFF, 0xA4D2, 0x51E7,
  0x0000, 0x52AA, 0x0000, 0x0000, 0x0000, 0x0000, 0x0000, 0x0000, 0x0000, 0x0000, 0x0000, 0x0000,
  0x0000, 0x0000, 0x0000, 0x0000, 0x0000, 0x0000, 0x0000, 0x0000, 0x0000, 0x0000, 0x0000, 0x0000,
  0x0000, 0x0000, 0x0000, 0x0000, 0x0000, 0x0000, 0x0000, 0x0000, 0x0000, 0x0000, 0x0000, 0x0000,
  0x0000, 0x0000, 0x0000, 0x0000, 0x0000, 0x0000, 0x0000, 0x0000, 0x0000, 0x0000, 0x0000, 0x0000,
  0x0000, 0x0000, 0x0000, 0x0000, 0xBBEF, 0x72EB, 0xCE59, 0xFFFF, 0xBDB6, 0x8C0F, 0xAC6E, 0xBC4C,
  0xBBE9, 0xFE73, 0xFE53, 0xFE33, 0xFE33, 0xFE32, 0xFE32, 0xFE32, 0xFE33, 0xFE33, 0xFE33, 0xFE12,
  0xFE54, 0xF633, 0x8AA6, 0x92A6, 0xF611, 0xFE33, 0xFE32, 0xFE32, 0xFE32, 0xFE32, 0xFE32, 0xFE32,
  0xFE32, 0xFE32, 0xFE53, 0xFE73, 0xCC6B, 0xCD30, 0xA42E, 0xBD74, 0xACF3, 0x5A07, 0x0000, 0x7BEF,
  0x0000, 0x0000, 0x0000, 0x0000, 0x0000, 0x0000, 0x0000, 0x0000, 0x0000, 0x0000, 0x0000, 0x0000,
  0x0000, 0x0000, 0x0000, 0x0000, 0x0000, 0x0000, 0x0000, 0x0000, 0x0000, 0x0000, 0x0000, 0x0000,
  0x0000, 0x0000, 0x0000, 0x0000, 0x0000, 0x0000, 0x0000, 0x0000, 0x0000, 0x0000, 0x0000, 0x0000,
  0x0000, 0x0000, 0x0000, 0x0000, 0x0000, 0x0000, 0x0000, 0x0000, 0x0000, 0x0000, 0x0000, 0x0000,
  0x0000, 0x0000, 0xB9E7, 0x72CB, 0xC5D7, 0xB555, 0xB490, 0xF654, 0xFE93, 0xE4AB, 0xFDF1, 0xFE33,
  0xFE12, 0xFE32, 0xFE32, 0xFE32, 0xFE12, 0xFE32, 0xFE32, 0xFE33, 0xFE53, 0xFE74, 0xF612, 0x9327,
  0xCB2E, 0xDB10, 0xA389, 0xFEB4, 0xFE74, 0xFE32, 0xFE32, 0xFE32, 0xFE32, 0xFE32, 0xFE32, 0xFE32,
  0xFE32, 0xFE74, 0xF5F2, 0xF5D1, 0xFE53, 0x9B6B, 0x8BF0, 0x6248, 0x0000, 0x7BEF, 0x0000, 0x0000,
  0x0000, 0x0000, 0x0000, 0x0000, 0x0000, 0x0000, 0x0000, 0x0000, 0x0000, 0x0000, 0x0000, 0x0000,
  0x0000, 0x0000, 0x0000, 0x0000, 0x0000, 0x0000, 0x0000, 0x0000, 0x0000, 0x0000, 0x0000, 0x0000,
  0x0000, 0x0000, 0x0000, 0x0000, 0x0000, 0x0000, 0x0000, 0x0000, 0x0000, 0x0000, 0x0000, 0x0000,
  0x0000, 0x0000, 0x0000, 0x0000, 0x0000, 0x0000, 0x0000, 0x0000, 0x0000, 0x0000, 0x0000, 0x0000,
  0xA800, 0x7B2C, 0x83EF, 0xA40C, 0xFED5, 0xFEB5, 0xF5D0, 0xF5B0, 0xFE33, 0xFE12, 0xFE12, 0xFE12,
  0xFE32, 0xFE32, 0xFE32, 0xFE32, 0xFE32, 0xFE32, 0xF612, 0xD50E, 0x9349, 0xC554, 0xFC99, 0xFAF6,
  0xCAAE, 0xAB69, 0xE5B0, 0xFE32, 0xFE32, 0xFE32, 0xFE32, 0xFE32, 0xFE32, 0xFE32, 0xFE33, 0xFE33,
  0xFE53, 0xF612, 0xFE32, 0x92C7, 0x836D, 0x6249, 0x0000, 0x52AA, 0x0000, 0x0000, 0x0000, 0x0000,
  0x0000, 0x0000, 0x0000, 0x0000, 0x0000, 0x0000, 0x0000, 0x0000, 0x0000, 0x0000, 0x0000, 0x0000,
  0x0000, 0x0000, 0x0000, 0x0000, 0x0000, 0x0000, 0x0000, 0x0000, 0x0000, 0x0000, 0x0000, 0x0000,
  0x0000, 0x0000, 0x0000, 0x0000, 0x0000, 0x0000, 0x0000, 0x0000, 0x0000, 0x0000, 0x0000, 0x0000,
  0x0000, 0x0000, 0x0000, 0x0000, 0x0000, 0x0000, 0x0000, 0x0000, 0xA80A, 0x001F, 0x0000, 0x82AC,
  0x7A49, 0xA369, 0xFE94, 0xFE33, 0xFE12, 0xFE33, 0xFE12, 0xFE12, 0xFE12, 0xFE32, 0xFE32, 0xFE33,
  0xFE32, 0xFE32, 0xFE32, 0xF5F1, 0xD4ED, 0x81A4, 0xE659, 0xFFFF, 0xFF9E, 0xFD3A, 0xFBB7, 0xB9EA,
  0xBC4A, 0xFE73, 0xFE12, 0xFE32, 0xFE32, 0xFE32, 0xFE32, 0xFE33, 0xFE33, 0xFE33, 0xFE33, 0xFE33,
  0xFE73, 0x8285, 0x5184, 0x7ACB, 0x0000, 0x0000, 0x0000, 0x0000, 0x0000, 0x0000, 0x0000, 0x0000,
  0x0000, 0x0000, 0x0000, 0x0000, 0x0000, 0x0000, 0x0000, 0x0000, 0x0000, 0x0000, 0x0000, 0x0000,
  0x0000, 0x0000, 0x0000, 0x0000, 0x0000, 0x0000, 0x0000, 0x0000, 0x0000, 0x0000, 0x0000, 0x0000,
  0x0000, 0x0000, 0x0000, 0x0000, 0x0000, 0x0000, 0x0000, 0x0000, 0x0000, 0x0000, 0x0000, 0x0000,
  0x0000, 0x0000, 0x0000, 0x0000, 0x7800, 0x5000, 0x0000, 0x9A6C, 0x8064, 0x8805, 0x9846, 0x9AC7,
  0xFE52, 0xFE12, 0xFE32, 0xFE32, 0xFE12, 0xFE12, 0xFE32, 0xFE32, 0xFE33, 0xFE33, 0xFE32, 0xFE32,
  0xFE12, 0xFE53, 0xC4CD, 0x9905, 0xFC35, 0xFFFF, 0xFFDF, 0xFFFF, 0xFF3E, 0xDCD5, 0x9AA6, 0xFE73,
  0xFE12, 0xFE32, 0xFE32, 0xFE32, 0xFE32, 0xFE32, 0xFE32, 0xFE32, 0xFE32, 0xFE12, 0xFE32, 0x7224,
  0x3040, 0x0000, 0x3800, 0x0000, 0x0000, 0x0000, 0x0000, 0x0000, 0x0000, 0x0000, 0x0000, 0x0000,
  0x0000, 0x0000, 0x0000, 0x0000, 0x0000, 0x0000, 0x0000, 0x0000, 0x0000, 0x0000, 0x0000, 0x0000,
  0x0000, 0x0000, 0x0000, 0x0000, 0x0000, 0x0000, 0x0000, 0x0000, 0x0000, 0x0000, 0x0000, 0x0000,
  0x0000, 0x0000, 0x0000, 0x0000, 0x0000, 0x0000, 0x0000, 0x0000, 0x0000, 0x0000, 0x0000, 0x0000,
  0x0000, 0x5000, 0x0000, 0x0000, 0x8065, 0x8805, 0xA867, 0xD92D, 0xE18F, 0x9245, 0xF5F1, 0xFE12,
  0xFE12, 0xFE33, 0xFE33, 0xFE32, 0xFE33, 0xFE33, 0xFE33, 0xFE33, 0xFE33, 0xFE33, 0xFE12, 0xFE32,
  0x82A6, 0xC90A, 0xF950, 0xF75E, 0xFFFF, 0xFFDF, 0xFFFF, 0xFFFF, 0x92E8, 0xCCCC, 0xFE94, 0xFE12,
  0xFE53, 0xFE33, 0xFE33, 0xFE32, 0xFE32, 0xFE32, 0xFE12, 0xFE33, 0xE58F, 0x5962, 0x4923, 0x0000,
  0x7800, 0x0000, 0x0000, 0x0000, 0x0000, 0x0000, 0x0000, 0x0000, 0x0000, 0x0000, 0x0000, 0x0000,
  0x0000, 0x0000, 0x0000, 0x0000, 0x0000, 0x0000, 0x0000, 0x0000, 0x0000, 0x0000, 0x0000, 0x0000,
  0x0000, 0x0000, 0x0000, 0x0000, 0x0000, 0x0000, 0x0000, 0x0000, 0x0000, 0x0000, 0x0000, 0x0000,
  0x0000, 0x0000, 0x0000, 0x0000, 0x0000, 0x0000, 0x0000, 0x0000, 0x0000, 0xF800, 0x0000, 0x0000,
  0x88C7, 0x7804, 0x9006, 0xD0CB, 0xF9F1, 0xF9F2, 0xF9B1, 0x91C5, 0xDD2E, 0xFE33, 0xFE12, 0xFE33,
  0xFE33, 0xFE33, 0xFE33, 0xFE32, 0xFE33, 0xFE33, 0xFE33, 0xFE12, 0xFE74, 0xBC8C, 0x9966, 0xF94F,
  0xF06D, 0xF518, 0xFFFF, 0xFFDF, 0xF599, 0xFB74, 0xDA8E, 0x9284, 0xF633, 0xFE54, 0xFE32, 0xFE32,
  0xFE32, 0xFE32, 0xFE32, 0xFE32, 0xFDF1, 0xFE94, 0xABEA, 0x40C0, 0x6A4D, 0xF800, 0x0000, 0x0000,
  0x0000, 0x0000, 0x0000, 0x0000, 0x0000, 0x0000, 0x0000, 0x0000, 0x0000, 0x0000, 0x0000, 0x0000,
  0x0000, 0x0000, 0x0000, 0x0000, 0x0000, 0x0000, 0x0000, 0x0000, 0x0000, 0x0000, 0x0000, 0x0000,
  0x0000, 0x0000, 0x0000, 0x0000, 0x0000, 0x0000, 0x0000, 0x0000, 0x0000, 0x0000, 0x0000, 0x0000,
  0x0000, 0x0000, 0x0000, 0x0000, 0x0000, 0x0000, 0x7800, 0x0000, 0x0000, 0x8066, 0x7805, 0xA048,
  0xE94E, 0xF9F1, 0xF9F1, 0xF9D0, 0xF9D1, 0xB989, 0xABC8, 0xFE54, 0xFE12, 0xFE33, 0xFE33, 0xFE33,
  0xFE32, 0xFE12, 0xFE32, 0xFE32, 0xFE12, 0xFE74, 0xE5B0, 0x89C4, 0xF16D, 0xF94F, 0xF8AE, 0xEA50,
  0xFFFF, 0xF65B, 0xF10D, 0xF990, 0xF9F2, 0xC1CA, 0x9B26, 0xF633, 0xFE74, 0xFE32, 0xFE12, 0xFE12,
  0xFE12, 0xFE12, 0xFE73, 0xDD6F, 0x69A2, 0x48E1, 0x0000, 0x5000, 0x0000, 0x0000, 0x0000, 0x0000,
  0x0000, 0x0000, 0x0000, 0x0000, 0x0000, 0x0000, 0x0000, 0x0000, 0x0000, 0x0000, 0x0000, 0x0000,
  0x0000, 0x0000, 0x0000, 0x0000, 0x0000, 0x0000, 0x0000, 0x0000, 0x0000, 0x0000, 0x0000, 0x0000,
  0x0000, 0x0000, 0x0000, 0x0000, 0x0000, 0x0000, 0x0000, 0x0000, 0x0000, 0x0000, 0x0000, 0x0000,
  0x0000, 0x0000, 0x0000, 0x7800, 0x0000, 0xB12C, 0x8025, 0x8806, 0xC0CB, 0xF990, 0xF990, 0xF9B0,
  0xF9B0, 0xF9D0, 0xF9D1, 0xF1F0, 0x9A05, 0xDDB0, 0xFE54, 0xFE12, 0xFE33, 0xFE33, 0xFE33, 0xFE12,
  0xFE12, 0xFE12, 0xFE53, 0xEDF1, 0x9307, 0xCC12, 0xE92D, 0xF96F, 0xF90F, 0xF0ED, 0xF61A, 0xEBF4,
  0xF92E, 0xFA52, 0xFA12, 0xFA12, 0xB187, 0x82C5, 0xD52D, 0xFE32, 0xFE73, 0xFE53, 0xFE53, 0xFE32,
  0xCCED, 0x7A04, 0x48E1, 0x0000, 0x7800, 0x0000, 0x0000, 0x0000, 0x0000, 0x0000, 0x0000, 0x0000,
  0x0000, 0x0000, 0x0000, 0x0000, 0x0000, 0x0000, 0x0000, 0x0000, 0x0000, 0x0000, 0x0000, 0x0000,
  0x0000, 0x0000, 0x0000, 0x0000, 0x0000, 0x0000, 0x0000, 0x0000, 0x0000, 0x0000, 0x0000, 0x0000,
  0x0000, 0x0000, 0x0000, 0x0000, 0x0000, 0x0000, 0x0000, 0x0000, 0x0000, 0x0000, 0x0000, 0x0000,
  0xF800, 0x0000, 0x7866, 0x7804, 0xA026, 0xE12D, 0xF9B1, 0xF98F, 0xF98F, 0xF98F, 0xF9B0, 0xF9B0,
  0xF9D0, 0xFA11, 0xE1AD, 0x92A5, 0xE5F1, 0xFE74, 0xFE33, 0xFE13, 0xFE13, 0xFE33, 0xFE33, 0xFE54,
  0xDD6F, 0x7A24, 0xAB0D, 0xEEBC, 0xD1EE, 0xF92E, 0xF970, 0xF0CE, 0xE1AE, 0xED17, 0xF1D0, 0xFA31,
  0xFA11, 0xF9F1, 0xF92F, 0xC8E9, 0x8985, 0x92A5, 0xA347, 0xB3C9, 0xAB88, 0x92A6, 0x9905, 0x78C4,
  0x6186, 0x0000, 0x7800, 0x0000, 0x0000, 0x0000, 0x0000, 0x0000, 0x0000, 0x0000, 0x0000, 0x0000,
  0x0000, 0x0000, 0x0000, 0x0000, 0x0000, 0x0000, 0x0000, 0x0000, 0x0000, 0x0000, 0x0000, 0x0000,
  0x0000, 0x0000, 0x0000, 0x0000, 0x0000, 0x0000, 0x0000, 0x0000, 0x0000, 0x0000, 0x0000, 0x0000,
  0x0000, 0x0000, 0x0000, 0x0000, 0x0000, 0x0000, 0x0000, 0x0000, 0x0000, 0xF800, 0xF800, 0x7845,
  0x7804, 0xA848, 0xF18F, 0xF9D0, 0xF9B0, 0xF98F, 0xF990, 0xF98F, 0xF98F, 0xF9B0, 0xF9D0, 0xF9AF,
  0xF90F, 0xD16C, 0x8A65, 0xBCAB, 0xEDF1, 0xFE53, 0xFE53, 0xF633, 0xDD90, 0xA3C9, 0x81C5, 0xC98B,
  0xE14D, 0xD94C, 0xC8EA, 0xE0EC, 0xF970, 0xF950, 0xF18F, 0xFFFF, 0xF3D4, 0xF94F, 0xFA53, 0xF950,
  0xF251, 0xFD19, 0xFEDC, 0xDE99, 0xBD53, 0xB4B2, 0xBD54, 0xDE59, 0xFA72, 0xB828, 0x5884, 0x8A2B,
  0x7800, 0xF800, 0x0000, 0x0000, 0x0000, 0x0000, 0x0000, 0x0000, 0x0000, 0x0000, 0x0000, 0x0000,
  0x0000, 0x0000, 0x0000, 0x0000, 0x0000, 0x0000, 0x0000, 0x0000, 0x0000, 0x0000, 0x0000, 0x0000,
  0x0000, 0x0000, 0x0000, 0x0000, 0x0000, 0x0000, 0x0000, 0x0000, 0x0000, 0x0000, 0x0000, 0x0000,
  0x0000, 0x0000, 0x0000, 0x0000, 0x0000, 0x0000, 0x0000, 0x7800, 0x0000, 0x7004, 0xB068, 0xF990,
  0xF98F, 0xF98F, 0xF9B0, 0xF9B0, 0xF9B0, 0xF9B0, 0xF9B0, 0xF9B0, 0xF9B0, 0xF8ED, 0xF92E, 0xF9B1,
  0xE9CE, 0xA9A8, 0x9246, 0x9B07, 0x9B48, 0x8AA6, 0x91A5, 0xB989, 0xF1CF, 0xF9B1, 0xF990, 0xF970,
  0xF0ED, 0xD0AA, 0xF96F, 0xF12F, 0xEAD2, 0xFFFF, 0xFF5D, 0xF2B1, 0xF94E, 0xF170, 0xF65B, 0xFFFF,
  0xFF5D, 0xFD9A, 0xFAB2, 0xFC16, 0xFFFF, 0xFFFF, 0xFE3B, 0xF0CE, 0x8846, 0x5884, 0x0000, 0x5000,
  0x0000, 0x0000, 0x0000, 0x0000, 0x0000, 0x0000, 0x0000, 0x0000, 0x0000, 0x0000, 0x0000, 0x0000,
  0x0000, 0x0000, 0x0000, 0x0000, 0x0000, 0x0000, 0x0000, 0x0000, 0x0000, 0x0000, 0x0000, 0x0000,
  0x0000, 0x0000, 0x0000, 0x0000, 0x0000, 0x0000, 0x0000, 0x0000, 0x0000, 0x0000, 0x0000, 0x0000,
  0x0000, 0x0000, 0x0000, 0x0000, 0x0000, 0xA80A, 0x0000, 0x7804, 0x9847, 0xE94E, 0xF96F, 0xF98F,
  0xF9B0, 0xF9B0, 0xF9B0, 0xF9B0, 0xF9AF, 0xF9D0, 0xF90D, 0xF90E, 0xF9D0, 0xF9AF, 0xF9D0, 0xF9F1,
  0xF1AF, 0xE14D, 0xD94C, 0xE18E, 0xF90E, 0xF9F1, 0xF9D1, 0xF990, 0xF990, 0xF96F, 0xF92E, 0xD88B,
  0xE8ED, 0xF0AD, 0xF4D8, 0xFFFF, 0xFFDF, 0xFFDF, 0xF65A, 0xFF3D, 0xFFFF, 0xFB94, 0xF8AD, 0xF00A,
  0xF00A, 0xF12E, 0xFF5E, 0xFFBF, 0xFFFF, 0xFB54, 0xD04A, 0x7044, 0x8107, 0x0000, 0x7800, 0x0000,
  0x0000, 0x0000, 0x0000, 0x0000, 0x0000, 0x0000, 0x0000, 0x0000, 0x0000, 0x0000, 0x0000, 0x0000,
  0x0000, 0x0000, 0x0000, 0x0000, 0x0000, 0x0000, 0x0000, 0x0000, 0x0000, 0x0000, 0x0000, 0x0000,
  0x0000, 0x0000, 0x0000, 0x0000, 0x0000, 0x0000, 0x0000, 0x0000, 0x0000, 0x0000, 0x0000, 0x0000,
  0x0000, 0x0000, 0x0000, 0x0000, 0xF800, 0xB129, 0x7804, 0xB069, 0xF990, 0xF98F, 0xF9B0, 0xF9B0,
  0xF9B0, 0xF9B0, 0xF9B0, 0xF92E, 0xF8CD, 0xF9B0, 0xF9B0, 0xF9AF, 0xF9D0, 0xF9CF, 0xF9D0, 0xF9B0,
  0xF9B1, 0xF950, 0xF8ED, 0xF9D0, 0xF9B0, 0xF98F, 0xF98F, 0xF990, 0xF96F, 0xE0CC, 0xE0ED, 0xF92F,
  0xFAF3, 0xFFFF, 0xFFDF, 0xFFDF, 0xFFFF, 0xFFFF, 0xFFDF, 0xFAD2, 0xF96F, 0xFC56, 0xFEBC, 0xF353,
  0xFD18, 0xFFFF, 0xFFFF, 0xF63A, 0xF8ED, 0xA827, 0x7865, 0x0000, 0x5000, 0x0000, 0x0000, 0x0000,
  0x0000, 0x0000, 0x0000, 0x0000, 0x0000, 0x0000, 0x0000, 0x0000, 0x0000, 0x0000, 0x0000, 0x0000,
  0x0000, 0x0000, 0x0000, 0x0000, 0x0000, 0x0000, 0x0000, 0x0000, 0x0000, 0x0000, 0x0000, 0x0000,
  0x0000, 0x0000, 0x0000, 0x0000, 0x0000, 0x0000, 0x0000, 0x0000, 0x0000, 0x0000, 0x0000, 0x0000,
  0x0000, 0x0000, 0xA800, 0x0000, 0x7824, 0x8004, 0xD0EB, 0xF9D1, 0xF9B0, 0xF9B0, 0xF9B0, 0xF9B0,
  0xF96F, 0xF8CD, 0xF98F, 0xF9D0, 0xF9AF, 0xF9B0, 0xF9D0, 0xF9D0, 0xF9D0, 0xF9B0, 0xF9B0, 0xF0ED,
  0xF90E, 0xF9B0, 0xF990, 0xF98F, 0xF98F, 0xF990, 0xF9B0, 0xF16E, 0xD8AB, 0xF96F, 0xF9B0, 0xFF1D,
  0xFFFF, 0xFFDF, 0xFFDF, 0xFFDF, 0xFFFF, 0xFD58, 0xF414, 0xFFFF, 0xFFFF, 0xFBD5, 0xFAD3, 0xFFFF,
  0xFFDF, 0xFFDF, 0xFA51, 0xC829, 0x7024, 0x8969, 0x0000, 0xF800, 0x0000, 0x0000, 0x0000, 0x0000,
  0x0000, 0x0000, 0x0000, 0x0000, 0x0000, 0x0000, 0x0000, 0x0000, 0x0000, 0x0000, 0x0000, 0x0000,
  0x0000, 0x0000, 0x0000, 0x0000, 0x0000, 0x0000, 0x0000, 0x0000, 0x0000, 0x0000, 0x0000, 0x0000,
  0x0000, 0x0000, 0x0000, 0x0000, 0x0000, 0x0000, 0x0000, 0x0000, 0x0000, 0x0000, 0x0000, 0x0000,
  0x0000, 0xA800, 0x0000, 0x8025, 0x9005, 0xE14D, 0xF9F1, 0xF9B0, 0xF9B0, 0xF9B0, 0xF8CD, 0xF92E,
  0xF9D0, 0xF9B0, 0xF9B0, 0xF9B0, 0xF9B0, 0xF9D0, 0xF9D0, 0xF9B0, 0xF9B0, 0xF8AD, 0xF94F, 0xF9B0,
  0xF98F, 0xF98F, 0xF990, 0xF990, 0xF9B0, 0xF9F0, 0xD8CA, 0xF16E, 0xF90F, 0xFD39, 0xFFFF, 0xFFBF,
  0xFFDF, 0xFFDF, 0xFFFF, 0xFF7E, 0xF230, 0xFF9E, 0xFCB7, 0xF00B, 0xF12F, 0xFF7E, 0xFFDF, 0xFFFF,
  0xFBB4, 0xE04B, 0x8025, 0x70A5, 0x0000, 0x7800, 0x0000, 0x0000, 0x0000, 0x0000, 0x0000, 0x0000,
  0x0000, 0x0000, 0x0000, 0x0000, 0x0000, 0x0000, 0x0000, 0x0000, 0x0000, 0x0000, 0x0000, 0x0000,
  0x0000, 0x0000, 0x0000, 0x0000, 0x0000, 0x0000, 0x0000, 0x0000, 0x0000, 0x0000, 0x0000, 0x0000,
  0x0000, 0x0000, 0x0000, 0x0000, 0x0000, 0x0000, 0x0000, 0x0000, 0x0000, 0x0000, 0x0000, 0x0000,
  0x5000, 0xFBFF, 0x8005, 0x9806, 0xE14E, 0xF9F1, 0xF9D0, 0xF94E, 0xF8ED, 0xF9D0, 0xF9B0, 0xF9B0,
  0xF9B0, 0xF9B0, 0xF9B0, 0xF9B0, 0xF9B0, 0xF9D0, 0xF96F, 0xF8CD, 0xF9AF, 0xF98F, 0xF98F, 0xF98F,
  0xF98F, 0xF9B0, 0xF9B0, 0xF9D1, 0xE10C, 0xE0EC, 0xF90F, 0xFAF4, 0xFFFF, 0xFFDF, 0xFFDF, 0xFFFF,
  0xFEBC, 0xFA91, 0xF88D, 0xFDFA, 0xF497, 0xF009, 0xF292, 0xFFBF, 0xFFBE, 0xFFFF, 0xFBD5, 0xE84C,
  0x8826, 0x70E6, 0x0000, 0x5000, 0x0000, 0x0000, 0x0000, 0x0000, 0x0000, 0x0000, 0x0000, 0x0000,
  0x0000, 0x0000, 0x0000, 0x0000, 0x0000, 0x0000, 0x0000, 0x0000, 0x0000, 0x0000, 0x0000, 0x0000,
  0x0000, 0x0000, 0x0000, 0x0000, 0x0000, 0x0000, 0x0000, 0x0000, 0x0000, 0x0000, 0x0000, 0x0000,
  0x0000, 0x0000, 0x0000, 0x0000, 0x0000, 0x0000, 0x0000, 0x0000, 0x0000, 0x0000, 0xF800, 0x0000,
  0x0000, 0x7804, 0x9005, 0xD92C, 0xF9F1, 0xF8ED, 0xF98F, 0xF9D0, 0xF9B0, 0xF9D0, 0xF9B0, 0xF9B0,
  0xF9B0, 0xF9AF, 0xF9B0, 0xF9F0, 0xF92E, 0xF8ED, 0xF9B0, 0xF98F, 0xF98F, 0xF9AF, 0xF9AF, 0xF9B0,
  0xF9B0, 0xF9D0, 0xF14E, 0xD06A, 0xF92F, 0xF990, 0xFEFD, 0xFFFF, 0xFFDF, 0xFFFF, 0xFAB2, 0xF80B,
  0xF80C, 0xFD39, 0xFFDF, 0xFD78, 0xFF7E, 0xFFDF, 0xFFFF, 0xFF3D, 0xF970, 0xE04B, 0x7825, 0x5883,
  0x0000, 0x7800, 0x0000, 0x0000, 0x0000, 0x0000, 0x0000, 0x0000, 0x0000, 0x0000, 0x0000, 0x0000,
  0x0000, 0x0000, 0x0000, 0x0000, 0x0000, 0x0000, 0x0000, 0x0000, 0x0000, 0x0000, 0x0000, 0x0000,
  0x0000, 0x0000, 0x0000, 0x0000, 0x0000, 0x0000, 0x0000, 0x0000, 0x0000, 0x0000, 0x0000, 0x0000,
  0x0000, 0x0000, 0x0000, 0x0000, 0x0000, 0x0000, 0x0000, 0x0000, 0x0000, 0x0000, 0x0000, 0x0000,
  0x7805, 0x8005, 0xC08A, 0xF10E, 0xF9F0, 0xF9B0, 0xF9B0, 0xF9D0, 0xF9D0, 0xF9B0, 0xF9B0, 0xF9AF,
  0xF9B0, 0xF9D0, 0xF8ED, 0xF94E, 0xF9B0, 0xF98F, 0xF98F, 0xF9AF, 0xF9AF, 0xF9AF, 0xF98F, 0xF9B0,
  0xF96F, 0xD049, 0xE10D, 0xF92F, 0xFCD7, 0xFFFF, 0xFFBF, 0xFFFF, 0xFD99, 0xFA31, 0xFBF6, 0xFFBF,
  0xFFDF, 0xFFFF, 0xFFFF, 0xFFFF, 0xFF3D, 0xFA72, 0xF84D, 0xB048, 0x6824, 0x0000, 0x7800, 0x0000,
  0x0000, 0x0000, 0x0000, 0x0000, 0x0000, 0x0000, 0x0000, 0x0000, 0x0000, 0x0000, 0x0000, 0x0000,
  0x0000, 0x0000, 0x0000, 0x0000, 0x0000, 0x0000, 0x0000, 0x0000, 0x0000, 0x0000, 0x0000, 0x0000,
  0x0000, 0x0000, 0x0000, 0x0000, 0x0000, 0x0000, 0x0000, 0x0000, 0x0000, 0x0000, 0x0000, 0x0000,
  0x0000, 0x0000, 0x0000, 0x0000, 0x0000, 0x0000, 0x0000, 0x0000, 0x0000, 0x5000, 0x0000, 0x8025,
  0x7804, 0xA027, 0xD90C, 0xF9D0, 0xF9F0, 0xF9D0, 0xF9B0, 0xF9B0, 0xF9B0, 0xF9B0, 0xF9B0, 0xF98F,
  0xF8AC, 0xF98F, 0xF9AF, 0xF9AF, 0xF9AF, 0xF9AF, 0xF9AF, 0xF98F, 0xF98F, 0xF98F, 0xF98F, 0xE8AC,
  0xD08A, 0xF990, 0xFA31, 0xFF7E, 0xFFFF, 0xFFBF, 0xFFFF, 0xFFDF, 0xFFFF, 0xFFDF, 0xFFFF, 0xFFFF,
  0xFF3D, 0xFCF8, 0xF9B0, 0xF88D, 0xC049, 0x7825, 0x6884, 0x0000, 0x7800, 0x0000, 0x0000, 0x0000,
  0x0000, 0x0000, 0x0000, 0x0000, 0x0000, 0x0000, 0x0000, 0x0000, 0x0000, 0x0000, 0x0000, 0x0000,
  0x0000, 0x0000, 0x0000, 0x0000, 0x0000, 0x0000, 0x0000, 0x0000, 0x0000, 0x0000, 0x0000, 0x0000,
  0x0000, 0x0000, 0x0000, 0x0000, 0x0000, 0x0000, 0x0000, 0x0000, 0x0000, 0x0000, 0x0000, 0x0000,
  0x0000, 0x0000, 0x0000, 0x0000, 0x0000, 0x0000, 0x0000, 0x0000, 0x7800, 0x0000, 0x9067, 0x7804,
  0x8805, 0xB069, 0xD92D, 0xF9D0, 0xFA11, 0xF9F0, 0xF9B0, 0xF98F, 0xF9B0, 0xF94E, 0xF8AC, 0xF9AF,
  0xF9AF, 0xF9AF, 0xF9AF, 0xF9AF, 0xF9AF, 0xF9AF, 0xF98F, 0xF98F, 0xF98F, 0xF8ED, 0xD86B, 0xE96E,
  0xF96F, 0xFB14, 0xFF1D, 0xFFFF, 0xFFFF, 0xFFFF, 0xFFDF, 0xFF5D, 0xF5FA, 0xFB74, 0xF950, 0xF86E,
  0xF08D, 0xB849, 0x7825, 0x6885, 0x0000, 0x7800, 0x0000, 0x0000, 0x0000, 0x0000, 0x0000, 0x0000,
  0x0000, 0x0000, 0x0000, 0x0000, 0x0000, 0x0000, 0x0000, 0x0000, 0x0000, 0x0000, 0x0000, 0x0000,
  0x0000, 0x0000, 0x0000, 0x0000, 0x0000, 0x0000, 0x0000, 0x0000, 0x0000, 0x0000, 0x0000, 0x0000,
  0x0000, 0x0000, 0x0000, 0x0000, 0x0000, 0x0000, 0x0000, 0x0000, 0x0000, 0x0000, 0x0000, 0x0000,
  0x0000, 0x0000, 0x0000, 0x0000, 0x0000, 0x0000, 0x0000, 0x5000, 0x0000, 0x0000, 0x8867, 0x8005,
  0x8805, 0xA868, 0xD10C, 0xE9AE, 0xF9F0, 0xF9D1, 0xF9D0, 0xF8ED, 0xF8CD, 0xF9B0, 0xF9AF, 0xF9AF,
  0xF9AF, 0xF9AF, 0xF98F, 0xF98F, 0xF98F, 0xF96F, 0xF98F, 0xF90E, 0xF10E, 0xD8CB, 0xF98F, 0xF94F,
  0xF9B0, 0xFB54, 0xFC16, 0xFBD5, 0xFAF3, 0xF9D1, 0xF88E, 0xF80C, 0xE84C, 0xC84A, 0x9827, 0x7826,
  0x70A6, 0x0000, 0x500A, 0x0000, 0x0000, 0x0000, 0x0000, 0x0000, 0x0000, 0x0000, 0x0000, 0x0000,
  0x0000, 0x0000, 0x0000, 0x0000, 0x0000, 0x0000, 0x0000, 0x0000, 0x0000, 0x0000, 0x0000, 0x0000,
  0x0000, 0x0000, 0x0000, 0x0000, 0x0000, 0x0000, 0x0000, 0x0000, 0x0000, 0x0000, 0x0000, 0x0000,
  0x0000, 0x0000, 0x0000, 0x0000, 0x0000, 0x0000, 0x0000, 0x0000, 0x0000, 0x0000, 0x0000, 0x0000,
  0x0000, 0x0000, 0x0000, 0x0000, 0x0000, 0x0000, 0xF800, 0x5000, 0x0000, 0x0000, 0x9087, 0x9046,
  0x9006, 0xB828, 0xB848, 0xC86A, 0xD0EC, 0xE84C, 0xF8EE, 0xF9D0, 0xF9F0, 0xFA11, 0xF9F1, 0xF9D0,
  0xF9B0, 0xF990, 0xF990, 0xF990, 0xF9B0, 0xF94F, 0xF950, 0xF18F, 0xD8AA, 0xF0ED, 0xF8EF, 0xF88E,
  0xF86E, 0xF86E, 0xF08E, 0xE86C, 0xD06B, 0xA848, 0x8826, 0x7845, 0x80C7, 0x0000, 0x0000, 0x500A,
  0x0000, 0x0000, 0x0000, 0x0000, 0x0000, 0x0000, 0x0000, 0x0000, 0x0000, 0x0000, 0x0000, 0x0000,
  0x0000, 0x0000, 0x0000, 0x0000, 0x0000, 0x0000, 0x0000, 0x0000, 0x0000, 0x0000, 0x0000, 0x0000,
  0x0000, 0x0000, 0x0000, 0x0000, 0x0000, 0x0000, 0x0000, 0x0000, 0x0000, 0x0000, 0x0000, 0x0000,
  0x0000, 0x0000, 0x0000, 0x0000, 0x0000, 0x0000, 0x0000, 0x0000, 0x0000, 0x0000, 0x0000, 0x0000,
  0x0000, 0x0000, 0x0000, 0x0000, 0x0000, 0x0000, 0xA80A, 0x7807, 0x0000, 0x8045, 0xC869, 0xE80A,
  0xC1CC, 0xD470, 0xBA48, 0xB188, 0xB108, 0xB8C9, 0xC0CA, 0xC8EB, 0xD0EC, 0xD0CB, 0xD0AB, 0xD0AB,
  0xC8AB, 0xC0CB, 0xC0EB, 0xB889, 0xB868, 0xC0E9, 0xB949, 0xB9C9, 0xB169, 0xB90A, 0xB90A, 0xB12A,
  0xB169, 0xBA29, 0x91E6, 0x60E3, 0x70E7, 0x0000, 0x0000, 0x0000, 0x7800, 0x0000, 0x0000, 0x0000,
  0x0000, 0x0000, 0x0000, 0x0000, 0x0000, 0x0000, 0x0000, 0x0000, 0x0000, 0x0000, 0x0000, 0x0000,
  0x0000, 0x0000, 0x0000, 0x0000, 0x0000, 0x0000, 0x0000, 0x0000, 0x0000, 0x0000, 0x0000, 0x0000,
  0x0000, 0x0000, 0x0000, 0x0000, 0x0000, 0x0000, 0x0000, 0x0000, 0x0000, 0x0000, 0x0000, 0x0000,
  0x0000, 0x0000, 0x0000, 0x0000, 0x0000, 0x0000, 0x0000, 0x0000, 0x0000, 0x0000, 0x0000, 0x0000,
  0x0000, 0x0000, 0x0000, 0x0000, 0x780F, 0x0000, 0x7065, 0xA847, 0xF84C, 0xE00A, 0xF61B, 0xFF78,
  0xFDAE, 0xF5AF, 0xED4F, 0xE50F, 0xD48D, 0xCBEB, 0xCB6A, 0xC32A, 0xBAEA, 0xBAEA, 0xC32A, 0x9A88,
  0x81C4, 0xD3AA, 0xD3EB, 0xE4AD, 0xF590, 0xFDF0, 0xED6E, 0xED0D, 0xED0D, 0xED2F, 0xF570, 0xFE11,
  0xA348, 0x4902, 0x0000, 0x7800, 0xA80A, 0x0000, 0x0000, 0x0000, 0x0000, 0x0000, 0x0000, 0x0000,
  0x0000, 0x0000, 0x0000, 0x0000, 0x0000, 0x0000, 0x0000, 0x0000, 0x0000, 0x0000, 0x0000, 0x0000,
  0x0000, 0x0000, 0x0000, 0x0000, 0x0000, 0x0000, 0x0000, 0x0000, 0x0000, 0x0000, 0x0000, 0x0000,
  0x0000, 0x0000, 0x0000, 0x0000, 0x0000, 0x0000, 0x0000, 0x0000, 0x0000, 0x0000, 0x0000, 0x0000,
  0x0000, 0x0000, 0x0000, 0x0000, 0x0000, 0x0000, 0x0000, 0x0000, 0x0000, 0x0000, 0x0000, 0x0000,
  0x0000, 0x5000, 0x0000, 0x7887, 0x7825, 0xD84A, 0xF00B, 0xF14F, 0xFE3D, 0xFF7C, 0xFDB0, 0xFE11,
  0xFE32, 0xFE52, 0xFE73, 0xFE72, 0xFE52, 0xFE32, 0xFE31, 0xFDF1, 0xFE51, 0x9B47, 0xAB68, 0xFDCF,
  0xFDAF, 0xFDF1, 0xFE12, 0xFDF1, 0xFE11, 0xFDF1, 0xFE11, 0xFE11, 0xFE12, 0xFE73, 0xA349, 0x48E1,
  0xFFFF, 0x0000, 0x0000, 0x0000, 0x0000, 0x0000, 0x0000, 0x0000, 0x0000, 0x0000, 0x0000, 0x0000,
  0x0000, 0x0000, 0x0000, 0x0000, 0x0000, 0x0000, 0x0000, 0x0000, 0x0000, 0x0000, 0x0000, 0x0000,
  0x0000, 0x0000, 0x0000, 0x0000, 0x0000, 0x0000, 0x0000, 0x0000, 0x0000, 0x0000, 0x0000, 0x0000,
  0x0000, 0x0000, 0x0000, 0x0000, 0x0000, 0x0000, 0x0000, 0x0000, 0x0000, 0x0000, 0x0000, 0x0000,
  0x0000, 0x0000, 0x0000, 0x0000, 0x0000, 0x0000, 0x0000, 0x0000, 0x0000, 0x0000, 0x0000, 0x7800,
  0x0000, 0x7004, 0xB089, 0xF14F, 0xF00B, 0xFB96, 0xFC79, 0xFF7F, 0xFF39, 0xFE12, 0xFE12, 0xFE12,
  0xFE11, 0xFE12, 0xFE12, 0xFE12, 0xFE32, 0xFE33, 0xEDD0, 0x61C2, 0xCC8C, 0xFE31, 0xFDF1, 0xFDF1,
  0xFE12, 0xFE11, 0xFE11, 0xFE12, 0xFE32, 0xFE32, 0xFE32, 0xFE93, 0xA349, 0x48C1, 0xFFFF, 0x0000,
  0x0000, 0x0000, 0x0000, 0x0000, 0x0000, 0x0000, 0x0000, 0x0000, 0x0000, 0x0000, 0x0000, 0x0000,
  0x0000, 0x0000, 0x0000, 0x0000, 0x0000, 0x0000, 0x0000, 0x0000, 0x0000, 0x0000, 0x0000, 0x0000,
  0x0000, 0x0000, 0x0000, 0x0000, 0x0000, 0x0000, 0x0000, 0x0000, 0x0000, 0x0000, 0x0000, 0x0000,
  0x0000, 0x0000, 0x0000, 0x0000, 0x0000, 0x0000, 0x0000, 0x0000, 0x0000, 0x0000, 0x0000, 0x0000,
  0x0000, 0x0000, 0x0000, 0x0000, 0x0000, 0x0000, 0x0000, 0x0000, 0x780F, 0x0000, 0x78E8, 0x8004,
  0xE3D4, 0xFBB6, 0xF00B, 0xFD59, 0xFC98, 0xFD39, 0xFFFF, 0xFF19, 0xFDF1, 0xFDD0, 0xFDF1, 0xFE12,
  0xFE12, 0xFE32, 0xFE12, 0xFEB4, 0xABE9, 0x6162, 0xDD30, 0xFE11, 0xFDD0, 0xFDF1, 0xFE12, 0xFE32,
  0xFE32, 0xFE32, 0xFE32, 0xFE11, 0xFDD0, 0xFEB5, 0xBC2F, 0x5883, 0xD555, 0x0000, 0x0000, 0x0000,
  0x0000, 0x0000, 0x0000, 0x0000, 0x0000, 0x0000, 0x0000, 0x0000, 0x0000, 0x0000, 0x0000, 0x0000,
  0x0000, 0x0000, 0x0000, 0x0000, 0x0000, 0x0000, 0x0000, 0x0000, 0x0000, 0x0000, 0x0000, 0x0000,
  0x0000, 0x0000, 0x0000, 0x0000, 0x0000, 0x0000, 0x0000, 0x0000, 0x0000, 0x0000, 0x0000, 0x0000,
  0x0000, 0x0000, 0x0000, 0x0000, 0x0000, 0x0000, 0x0000, 0x0000, 0x0000, 0x0000, 0x0000, 0x0000,
  0x0000, 0x0000, 0x0000, 0x0000, 0x0000, 0x0000, 0x780F, 0x0000, 0x7025, 0xB069, 0xFE7D, 0xF970,
  0xF80B, 0xFCF8, 0xFE5C, 0xFBB6, 0xFD9A, 0xFFDF, 0xFFBD, 0xFEB6, 0xFE33, 0xFDF2, 0xFDF2, 0xFDF2,
  0xFE95, 0xCCCE, 0x6982, 0xA188, 0xF67A, 0xFF59, 0xFE12, 0xFDF1, 0xFE12, 0xFE12, 0xFE12, 0xFE12,
  0xFE12, 0xFE54, 0xFEF8, 0xFFFF, 0xD455, 0x7805, 0x8C4C, 0x0000, 0x0000, 0x0000, 0x0000, 0x0000,
  0x0000, 0x0000, 0x0000, 0x0000, 0x0000, 0x0000, 0x0000, 0x0000, 0x0000, 0x0000, 0x0000, 0x0000,
  0x0000, 0x0000, 0x0000, 0x0000, 0x0000, 0x0000, 0x0000, 0x0000, 0x0000, 0x0000, 0x0000, 0x0000,
  0x0000, 0x0000, 0x0000, 0x0000, 0x0000, 0x0000, 0x0000, 0x0000, 0x0000, 0x0000, 0x0000, 0x0000,
  0x0000, 0x0000, 0x0000, 0x0000, 0x0000, 0x0000, 0x0000, 0x0000, 0x0000, 0x0000, 0x0000, 0x0000,
  0x0000, 0x0000, 0x0000, 0x780F, 0x0000, 0x814A, 0x7804, 0xE333, 0xFE7C, 0xF86D, 0xF82C, 0xFAF3,
  0xFFFF, 0xFD5A, 0xFB96, 0xFC98, 0xFE9D, 0xFFBF, 0xFFDE, 0xFFBD, 0xFF7B, 0xFFDD, 0xDD33, 0x6102,
  0x7966, 0xB92B, 0xF579, 0xFFFF, 0xFFFF, 0xFF9C, 0xFF5A, 0xFF3A, 0xFF3A, 0xFF5B, 0xFFBD, 0xFFFF,
  0xFFDF, 0xFEBD, 0xEB55, 0x9827, 0x79E9, 0x0000, 0x7800, 0x0000, 0x0000, 0x0000, 0x0000, 0x0000,
  0x0000, 0x0000, 0x0000, 0x0000, 0x0000, 0x0000, 0x0000, 0x0000, 0x0000, 0x0000, 0x0000, 0x0000,
  0x0000, 0x0000, 0x0000, 0x0000, 0x0000, 0x0000, 0x0000, 0x0000, 0x0000, 0x0000, 0x0000, 0x0000,
  0x0000, 0x0000, 0x0000, 0x0000, 0x0000, 0x0000, 0x0000, 0x0000, 0x0000, 0x0000, 0x0000, 0x0000,
  0x0000, 0x0000, 0x0000, 0x0000, 0x0000, 0x0000, 0x0000, 0x0000, 0x0000, 0x0000, 0x0000, 0x0000,
  0x0000, 0x3800, 0x0000, 0x6085, 0x9805, 0xFE1B, 0xFCB8, 0xF84C, 0xF8CD, 0xF88D, 0xFE3B, 0xFFFF,
  0xFE1C, 0xFC78, 0xFBF7, 0xFC98, 0xFD1A, 0xFD7B, 0xFE3D, 0xDC35, 0x7084, 0x50A2, 0xB9AD, 0xA92B,
  0xF3B6, 0xFCF9, 0xFE5C, 0xFF5E, 0xFFBF, 0xFFDF, 0xFFBF, 0xFF7E, 0xFEDD, 0xFDDB, 0xFCB8, 0xFC98,
  0xEBB5, 0x9827, 0x70E7, 0x0000, 0x780F, 0x0000, 0x0000, 0x0000, 0x0000, 0x0000, 0x0000, 0x0000,
  0x0000, 0x0000, 0x0000, 0x0000, 0x0000, 0x0000, 0x0000, 0x0000, 0x0000, 0x0000, 0x0000, 0x0000,
  0x0000, 0x0000, 0x0000, 0x0000, 0x0000, 0x0000, 0x0000, 0x0000, 0x0000, 0x0000, 0x0000, 0x0000,
  0x0000, 0x0000, 0x0000, 0x0000, 0x0000, 0x0000, 0x0000, 0x0000, 0x0000, 0x0000, 0x0000, 0x0000,
  0x0000, 0x0000, 0x0000, 0x0000, 0x0000, 0x0000, 0x0000, 0x0000, 0x0000, 0x0000, 0x0000, 0x0000,
  0xFCDF, 0x6824, 0xB8CA, 0xFFBF, 0xFAF3, 0xF86C, 0xF8CD, 0xF82C, 0xF14F, 0xFEBC, 0xFFFF, 0xFFBF,
  0xFE9C, 0xFDBB, 0xFD9A, 0xFD9B, 0xD271, 0x7804, 0x6063, 0x0000, 0x8948, 0xA0CA, 0xF519, 0xFD39,
  0xFBF6, 0xFC37, 0xFC57, 0xFC78, 0xFC57, 0xFBD6, 0xFB75, 0xFBB6, 0xFC98, 0xFEDD, 0xEDB9, 0x9807,
  0x70A6, 0x0000, 0x500A, 0x0000, 0x0000, 0x0000, 0x0000, 0x0000, 0x0000, 0x0000, 0x0000, 0x0000,
  0x0000, 0x0000, 0x0000, 0x0000, 0x0000, 0x0000, 0x0000, 0x0000, 0x0000, 0x0000, 0x0000, 0x0000,
  0x0000, 0x0000, 0x0000, 0x0000, 0x0000, 0x0000, 0x0000, 0x0000, 0x0000, 0x0000, 0x0000, 0x0000,
  0x0000, 0x0000, 0x0000, 0x0000, 0x0000, 0x0000, 0x0000, 0x0000, 0x0000, 0x0000, 0x0000, 0x0000,
  0x0000, 0x0000, 0x0000, 0x0000, 0x0000, 0x0000, 0x0000, 0x0000, 0x780F, 0x0000, 0x78C8, 0x8004,
  0xE270, 0xFFFF, 0xF9AF, 0xF88C, 0xF8AD, 0xF8AD, 0xF80B, 0xF8AE, 0xFCB7, 0xFF1D, 0xFFFF, 0xFFFF,
  0xFE9C, 0xC2D0, 0x8805, 0x8085, 0x0000, 0x0000, 0x918A, 0x8826, 0xEE5A, 0xFFFF, 0xFE9C, 0xFDBA,
  0xFCF9, 0xFC98, 0xFC77, 0xFCD8, 0xFD9A, 0xFE9D, 0xFF9E, 0xFFFF, 0xF63A, 0x9006, 0x70A6, 0x0000,
  0x500A, 0x0000, 0x0000, 0x0000, 0x0000, 0x0000, 0x0000, 0x0000, 0x0000, 0x0000, 0x0000, 0x0000,
  0x0000, 0x0000, 0x0000, 0x0000, 0x0000, 0x0000, 0x0000, 0x0000, 0x0000, 0x0000, 0x0000, 0x0000,
  0x0000, 0x0000, 0x0000, 0x0000, 0x0000, 0x0000, 0x0000, 0x0000, 0x0000, 0x0000, 0x0000, 0x0000,
  0x0000, 0x0000, 0x0000, 0x0000, 0x0000, 0x0000, 0x0000, 0x0000, 0x0000, 0x0000, 0x0000, 0x0000,
  0x0000, 0x0000, 0x0000, 0x0000, 0x0000, 0x0000, 0x7807, 0x0000, 0x70A7, 0x9805, 0xFC56, 0xFF9F,
  0xF8CD, 0xF88C, 0xF8CD, 0xF8AD, 0xF9EF, 0xF96E, 0xF80A, 0xF84B, 0xF96E, 0xF18E, 0xF04C, 0x9005,
  0x7045, 0x0000, 0x6006, 0x0000, 0x91EC, 0x8805, 0xE3B4, 0xFFFF, 0xFFFF, 0xFFFF, 0xFFBE, 0xFFBE,
  0xFFBF, 0xFFDF, 0xFFFF, 0xFFFF, 0xFFFF, 0xFEFD, 0xFA11, 0x9806, 0x6886, 0x0000, 0x500A, 0x0000,
  0x0000, 0x0000, 0x0000, 0x0000, 0x0000, 0x0000, 0x0000, 0x0000, 0x0000, 0x0000, 0x0000, 0x0000,
  0x0000, 0x0000, 0x0000, 0x0000, 0x0000, 0x0000, 0x0000, 0x0000, 0x0000, 0x0000, 0x0000, 0x0000,
  0x0000, 0x0000, 0x0000, 0x0000, 0x0000, 0x0000, 0x0000, 0x0000, 0x0000, 0x0000, 0x0000, 0x0000,
  0x0000, 0x0000, 0x0000, 0x0000, 0x0000, 0x0000, 0x0000, 0x0000, 0x0000, 0x0000, 0x0000, 0x0000,
  0x0000, 0x0000, 0x0000, 0x0000, 0x7800, 0x0000, 0x7066, 0xB006, 0xFDBA, 0xFEBC, 0xF82C, 0xF86C,
  0xF8CD, 0xF86C, 0xFB53, 0xFE1B, 0xFD38, 0xFAF2, 0xF0CD, 0xF00B, 0xE82B, 0x8025, 0x7045, 0x7800,
  0x7805, 0x0000, 0x996B, 0x8026, 0xE00B, 0xFA73, 0xFE1B, 0xFF9E, 0xFFFF, 0xFFFF, 0xFFFF, 0xFFFF,
  0xFF9E, 0xFEDC, 0xFCB7, 0xF90E, 0xF80D, 0xB048, 0x7045, 0x0000, 0x0000, 0x0000, 0x0000, 0x0000,
  0x0000, 0x0000, 0x0000, 0x0000, 0x0000, 0x0000, 0x0000, 0x0000, 0x0000, 0x0000, 0x0000, 0x0000,
  0x0000, 0x0000, 0x0000, 0x0000, 0x0000, 0x0000, 0x0000, 0x0000, 0x0000, 0x0000, 0x0000, 0x0000,
  0x0000, 0x0000, 0x0000, 0x0000, 0x0000, 0x0000, 0x0000, 0x0000, 0x0000, 0x0000, 0x0000, 0x0000,
  0x0000, 0x0000, 0x0000, 0x0000, 0x0000, 0x0000, 0x0000, 0x0000, 0x0000, 0x0000, 0x0000, 0x0000,
  0x0000, 0x0000, 0x0000, 0xDB76, 0x7825, 0xC829, 0xFE9C, 0xFDDA, 0xF80B, 0xF84C, 0xF88C, 0xF92E,
  0xF90E, 0xF8CD, 0xF9F0, 0xFBB5, 0xF435, 0xF88D, 0xD82B, 0x7024, 0x7885, 0x0000, 0x6006, 0x0000,
  0x88E8, 0x7825, 0xD86B, 0xF82C, 0xF86D, 0xF9D0, 0xFAB2, 0xFB33, 0xFC36, 0xFC96, 0xFBD4, 0xF9EF,
  0xF82B, 0xF86C, 0xF86D, 0xC86A, 0x7025, 0x80A7, 0x0000, 0x7800, 0x0000, 0x0000, 0x0000, 0x0000,
  0x0000, 0x0000, 0x0000, 0x0000, 0x0000, 0x0000, 0x0000, 0x0000, 0x0000, 0x0000, 0x0000, 0x0000,
  0x0000, 0x0000, 0x0000, 0x0000, 0x0000, 0x0000, 0x0000, 0x0000, 0x0000, 0x0000, 0x0000, 0x0000,
  0x0000, 0x0000, 0x0000, 0x0000, 0x0000, 0x0000, 0x0000, 0x0000, 0x0000, 0x0000, 0x0000, 0x0000,
  0x0000, 0x0000, 0x0000, 0x0000, 0x0000, 0x0000, 0x0000, 0x0000, 0x0000, 0x0000, 0x0000, 0xF800,
  0x0000, 0x70E8, 0x8005, 0xE0CB, 0xFF5E, 0xFD79, 0xF80B, 0xF86C, 0xF84C, 0xFB53, 0xFE1A, 0xFD9A,
  0xFC97, 0xF990, 0xF80B, 0xF8AE, 0xD04A, 0x7024, 0x994A, 0x0000, 0x7807, 0x0000, 0x6825, 0x7825,
  0xE06B, 0xF8CD, 0xF8CD, 0xF86C, 0xF8AC, 0xFBB4, 0xFC96, 0xFC96, 0xFC76, 0xFCD7, 0xFAB1, 0xF80A,
  0xF84C, 0xF04C, 0x8846, 0x7065, 0x0000, 0x5000, 0x0000, 0x0000, 0x0000, 0x0000, 0x0000, 0x0000,
  0x0000, 0x0000, 0x0000, 0x0000, 0x0000, 0x0000, 0x0000, 0x0000, 0x0000, 0x0000, 0x0000, 0x0000,
  0x0000, 0x0000, 0x0000, 0x0000, 0x0000, 0x0000, 0x0000, 0x0000, 0x0000, 0x0000, 0x0000, 0x0000,
  0x0000, 0x0000, 0x0000, 0x0000, 0x0000, 0x0000, 0x0000, 0x0000, 0x0000, 0x0000, 0x0000, 0x0000,
  0x0000, 0x0000, 0x0000, 0x0000, 0x0000, 0x0000, 0x0000, 0x0000, 0x0000, 0xF800, 0x0000, 0x60C6,
  0x8004, 0xE90C, 0xFFBF, 0xFD99, 0xF80B, 0xF80B, 0xF80B, 0xF80B, 0xF02B, 0xF90E, 0xFB75, 0xFEBC,
  0xFB53, 0xF88D, 0xC069, 0x7845, 0xFFFF, 0x0000, 0x500A, 0x0000, 0x6044, 0x7805, 0xE88C, 0xF8AD,
  0xF8AD, 0xF88D, 0xF96F, 0xFAF2, 0xFB54, 0xFBF6, 0xFC16, 0xFC15, 0xFBF4, 0xF94E, 0xF82B, 0xF88D,
  0xB848, 0x7045, 0x0000, 0xF800, 0x0000, 0x0000, 0x0000, 0x0000, 0x0000, 0x0000, 0x0000, 0x0000,
  0x0000, 0x0000, 0x0000, 0x0000, 0x0000, 0x0000, 0x0000, 0x0000, 0x0000, 0x0000, 0x0000, 0x0000,
  0x0000, 0x0000, 0x0000, 0x0000, 0x0000, 0x0000, 0x0000, 0x0000, 0x0000, 0x0000, 0x0000, 0x0000,
  0x0000, 0x0000, 0x0000, 0x0000, 0x0000, 0x0000, 0x0000, 0x0000, 0x0000, 0x0000, 0x0000, 0x0000,
  0x0000, 0x0000, 0x0000, 0x0000, 0x0000, 0x0000, 0x0000, 0x7800, 0x0000, 0x7908, 0x8805, 0xE92D,
  0xFFBF, 0xFDFA, 0xF96F, 0xFBB4, 0xFC97, 0xFC57, 0xFB54, 0xF98F, 0xF80B, 0xF8EE, 0xF9F0, 0xF8AD,
  0xB048, 0x8066, 0x0000, 0x7807, 0xA80A, 0x0000, 0x7046, 0x9026, 0xF08C, 0xF88C, 0xF88C, 0xF88C,
  0xF82C, 0xFBD5, 0xFCD7, 0xFB94, 0xFB33, 0xFB13, 0xFB54, 0xF94E, 0xF82B, 0xF8ED, 0xD88B, 0x8025,
  0x88C8, 0x0000, 0x780F, 0x0000, 0x0000, 0x0000, 0x0000, 0x0000, 0x0000, 0x0000, 0x0000, 0x0000,
  0x0000, 0x0000, 0x0000, 0x0000, 0x0000, 0x0000, 0x0000, 0x0000, 0x0000, 0x0000, 0x0000, 0x0000,
  0x0000, 0x0000, 0x0000, 0x0000, 0x0000, 0x0000, 0x0000, 0x0000, 0x0000, 0x0000, 0x0000, 0x0000,
  0x0000, 0x0000, 0x0000, 0x0000, 0x0000, 0x0000, 0x0000, 0x0000, 0x0000, 0x0000, 0x0000, 0x0000,
  0x0000, 0x0000, 0x0000, 0x0000, 0x0000, 0xF800, 0x0000, 0x7107, 0x8005, 0xE10D, 0xFF9E, 0xFE5C,
  0xFDBA, 0xFFFF, 0xFFFF, 0xFFFF, 0xFFFF, 0xFFDF, 0xFD38, 0xF88C, 0xF86D, 0xF0AC, 0x9846, 0x8887,
  0x0000, 0xA80A, 0x7807, 0x0000, 0x6825, 0xA027, 0xF86C, 0xF88C, 0xF88C, 0xF8AD, 0xF86C, 0xF92E,
  0xFB33, 0xFCF8, 0xFDBA, 0xFDBA, 0xFD39, 0xFB74, 0xF8CD, 0xF8CC, 0xF8CD, 0xA006, 0x8066, 0x0000,
  0xA800, 0x0000, 0x0000, 0x0000, 0x0000, 0x0000, 0x0000, 0x0000, 0x0000, 0x0000, 0x0000, 0x0000,
  0x0000, 0x0000, 0x0000, 0x0000, 0x0000, 0x0000, 0x0000, 0x0000, 0x0000, 0x0000, 0x0000, 0x0000,
  0x0000, 0x0000, 0x0000, 0x0000, 0x0000, 0x0000, 0x0000, 0x0000, 0x0000, 0x0000, 0x0000, 0x0000,
  0x0000, 0x0000, 0x0000, 0x0000, 0x0000, 0x0000, 0x0000, 0x0000, 0x0000, 0x0000, 0x0000, 0x0000,
  0x0000, 0x0000, 0x0000, 0xF800, 0x0000, 0x7969, 0x7825, 0xD06A, 0xFEBC, 0xFF9E, 0xFCD8, 0xFFFF,
  0xFFDF, 0xFFBF, 0xFFBE, 0xFFBE, 0xFFFF, 0xF517, 0xF84C, 0xC86A, 0x8046, 0xB96B, 0x0000, 0x0000,
  0x7800, 0x0000, 0x7866, 0xC028, 0xF82C, 0xF86C, 0xF8AC, 0xF88C, 0xF9F0, 0xFE9C, 0xFFFF, 0xFFFF,
  0xFFFF, 0xFFFF, 0xFFFF, 0xFFFF, 0xFE5B, 0xF14E, 0xF8CD, 0xB828, 0x7825, 0xFD55, 0x0000, 0x0000,
  0x0000, 0x0000, 0x0000, 0x0000, 0x0000, 0x0000, 0x0000, 0x0000, 0x0000, 0x0000, 0x0000, 0x0000,
  0x0000, 0x0000, 0x0000, 0x0000, 0x0000, 0x0000, 0x0000, 0x0000, 0x0000, 0x0000, 0x0000, 0x0000,
  0x0000, 0x0000, 0x0000, 0x0000, 0x0000, 0x0000, 0x0000, 0x0000, 0x0000, 0x0000, 0x0000, 0x0000,
  0x0000, 0x0000, 0x0000, 0x0000, 0x0000, 0x0000, 0x0000, 0x0000, 0x0000, 0x0000, 0x0000, 0x0000,
  0x0000, 0x0000, 0x0000, 0xFFFF, 0x7065, 0xB807, 0xFC98, 0xFFFF, 0xFC97, 0xFF3E, 0xFFFF, 0xFFBF,
  0xFFDF, 0xFFBF, 0xFFFF, 0xFE7B, 0xF84C, 0xA027, 0x7065, 0x0000, 0x500A, 0x0000, 0x0000, 0x0000,
  0x8046, 0xD029, 0xF88D, 0xF00B, 0xF88C, 0xF92D, 0xFE9C, 0xFFFF, 0xFFBE, 0xFFBF, 0xFFBF, 0xFFBF,
  0xFFBF, 0xFF9E, 0xFFFF, 0xFD79, 0xF80B, 0xD04A, 0x7825, 0x8908, 0x0000, 0x7800, 0x0000, 0x0000,
  0x0000, 0x0000, 0x0000, 0x0000, 0x0000, 0x0000, 0x0000, 0x0000, 0x0000, 0x0000, 0x0000, 0x0000,
  0x0000, 0x0000, 0x0000, 0x0000, 0x0000, 0x0000, 0x0000, 0x0000, 0x0000, 0x0000, 0x0000, 0x0000,
  0x0000, 0x0000, 0x0000, 0x0000, 0x0000, 0x0000, 0x0000, 0x0000, 0x0000, 0x0000, 0x0000, 0x0000,
  0x0000, 0x0000, 0x0000, 0x0000, 0x0000, 0x0000, 0x0000, 0x0000, 0x0000, 0x0000, 0x0000, 0x0000,
  0x7807, 0x0000, 0x7086, 0x9005, 0xF12E, 0xFF7E, 0xFEDC, 0xFC15, 0xFFBF, 0xFFFF, 0xFFFF, 0xFFFF,
  0xFFFF, 0xFB34, 0xC809, 0x7845, 0x88A7, 0x0000, 0x500A, 0x0000, 0x0000, 0x0000, 0x8066, 0xC808,
  0xFCB8, 0xFC76, 0xF86B, 0xF9AF, 0xFFFF, 0xFFFF, 0xFFFF, 0xFFFF, 0xFFFF, 0xFFFF, 0xFFFF, 0xFFFF,
  0xFFBF, 0xFC35, 0xFAF2, 0xE0ED, 0x7804, 0x70A6, 0x0000, 0x500A, 0x0000, 0x0000, 0x0000, 0x0000,
  0x0000, 0x0000, 0x0000, 0x0000, 0x0000, 0x0000, 0x0000, 0x0000, 0x0000, 0x0000, 0x0000, 0x0000,
  0x0000, 0x0000, 0x0000, 0x0000, 0x0000, 0x0000, 0x0000, 0x0000, 0x0000, 0x0000, 0x0000, 0x0000,
  0x0000, 0x0000, 0x0000, 0x0000, 0x0000, 0x0000, 0x0000, 0x0000, 0x0000, 0x0000, 0x0000, 0x0000,
  0x0000, 0x0000, 0x0000, 0x0000, 0x0000, 0x0000, 0x0000, 0x0000, 0x0000, 0x0000, 0x780F, 0x0000,
  0x8929, 0x7045, 0xB807, 0xFA52, 0xFF9F, 0xFE5B, 0xFC35, 0xFE5B, 0xFF7E, 0xFEDC, 0xFB54, 0xE84B,
  0x9826, 0x8046, 0x0000, 0x7800, 0x0000, 0x0000, 0x500A, 0x0000, 0x8086, 0xB807, 0xFBD6, 0xFFFF,
  0xFE7B, 0xFBB4, 0xFBD5, 0xFD38, 0xFE1B, 0xFE9C, 0xFEDC, 0xFEDC, 0xFE5B, 0xFD38, 0xFB94, 0xFCB7,
  0xFF7E, 0xE8CE, 0x8005, 0x6844, 0x0000, 0x500A, 0x0000, 0x0000, 0x0000, 0x0000, 0x0000, 0x0000,
  0x0000, 0x0000, 0x0000, 0x0000, 0x0000, 0x0000, 0x0000, 0x0000, 0x0000, 0x0000, 0x0000, 0x0000,
  0x0000, 0x0000, 0x0000, 0x0000, 0x0000, 0x0000, 0x0000, 0x0000, 0x0000, 0x0000, 0x0000, 0x0000,
  0x0000, 0x0000, 0x0000, 0x0000, 0x0000, 0x0000, 0x0000, 0x0000, 0x0000, 0x0000, 0x0000, 0x0000,
  0x0000, 0x0000, 0x0000, 0x0000, 0x0000, 0x0000, 0x0000, 0x0000, 0x0000, 0x7800, 0x0000, 0x80C7,
  0x7845, 0xC007, 0xF970, 0xFD19, 0xFD79, 0xFB74, 0xF9D0, 0xF8AD, 0xE00A, 0x9826, 0x8025, 0xF80F,
  0x5000, 0x0000, 0x0000, 0x0000, 0xA80A, 0x0000, 0x8066, 0x9006, 0xE86C, 0xFDBA, 0xFFFF, 0xFFFF,
  0xFE9C, 0xFD18, 0xFC36, 0xFC15, 0xFC76, 0xFCB7, 0xFCD7, 0xFDDA, 0xFF3D, 0xFFFF, 0xFD7A, 0xE00B,
  0x8025, 0x7065, 0x0000, 0x500A, 0x0000, 0x0000, 0x0000, 0x0000, 0x0000, 0x0000, 0x0000, 0x0000,
  0x0000, 0x0000, 0x0000, 0x0000, 0x0000, 0x0000, 0x0000, 0x0000, 0x0000, 0x0000, 0x0000, 0x0000,
  0x0000, 0x0000, 0x0000, 0x0000, 0x0000, 0x0000, 0x0000, 0x0000, 0x0000, 0x0000, 0x0000, 0x0000,
  0x0000, 0x0000, 0x0000, 0x0000, 0x0000, 0x0000, 0x0000, 0x0000, 0x0000, 0x0000, 0x0000, 0x0000,
  0x0000, 0x0000, 0x0000, 0x0000, 0x0000, 0x0000, 0x0000, 0x0000, 0x7800, 0x0000, 0x80C7, 0x7065,
  0xA807, 0xD009, 0xE06B, 0xE08C, 0xD80A, 0xB008, 0x8025, 0x7025, 0xA16B, 0x0000, 0x0000, 0x0000,
  0x0000, 0x0000, 0x0000, 0x7800, 0x0000, 0x7025, 0xA006, 0xF86D, 0xFC56, 0xFF3D, 0xFFFF, 0xFFFF,
  0xFFFF, 0xFFFF, 0xFFFF, 0xFFFF, 0xFFFF, 0xFFFF, 0xFFFF, 0xF5BA, 0xF8CE, 0xB808, 0x6824, 0x88E7,
  0x0000, 0xF800, 0x0000, 0x0000, 0x0000, 0x0000, 0x0000, 0x0000, 0x0000, 0x0000, 0x0000, 0x0000,
  0x0000, 0x0000, 0x0000, 0x0000, 0x0000, 0x0000, 0x0000, 0x0000, 0x0000, 0x0000, 0x0000, 0x0000,
  0x0000, 0x0000, 0x0000, 0x0000, 0x0000, 0x0000, 0x0000, 0x0000, 0x0000, 0x0000, 0x0000, 0x0000,
  0x0000, 0x0000, 0x0000, 0x0000, 0x0000, 0x0000, 0x0000, 0x0000, 0x0000, 0x0000, 0x0000, 0x0000,
  0x0000, 0x0000, 0x0000, 0x0000, 0x0000, 0x0000, 0x0000, 0x5000, 0x0000, 0x996A, 0x7886, 0x7845,
  0x8826, 0x8826, 0x7825, 0x7024, 0x7045, 0x0000, 0x0000, 0xF800, 0x0000, 0x0000, 0x0000, 0x0000,
  0x0000, 0xF800, 0x0000, 0x7845, 0x7045, 0xA007, 0xF00B, 0xF90F, 0xFB74, 0xFD99, 0xFEBC, 0xFF3D,
  0xFF7E, 0xFF5D, 0xFE7B, 0xFCF8, 0xFA92, 0xF82C, 0xD80A, 0x8805, 0x6844, 0x0000, 0x7800, 0x0000,
  0x0000, 0x0000, 0x0000, 0x0000, 0x0000, 0x0000, 0x0000, 0x0000, 0x0000, 0x0000, 0x0000, 0x0000,
  0x0000, 0x0000, 0x0000, 0x0000, 0x0000, 0x0000, 0x0000, 0x0000, 0x0000, 0x0000, 0x0000, 0x0000,
  0x0000, 0x0000, 0x0000, 0x0000, 0x0000, 0x0000, 0x0000, 0x0000, 0x0000, 0x0000, 0x0000, 0x0000,
  0x0000, 0x0000, 0x0000, 0x0000, 0x0000, 0x0000, 0x0000, 0x0000, 0x0000, 0x0000, 0x0000, 0x0000,
  0x0000, 0x0000, 0x0000, 0x0000, 0x0000, 0x0000, 0x5000, 0x0000, 0x0000, 0xCB33, 0x78E7, 0x6885,
  0x78A7, 0x0000, 0x0000, 0x0000, 0x0000, 0x0000, 0x0000, 0x0000, 0x0000, 0x0000, 0x0000, 0x0000,
  0x7800, 0x0000, 0x90C8, 0x7846, 0x9047, 0xC009, 0xE00A, 0xF00B, 0xF88D, 0xF90E, 0xF94F, 0xF92F,
  0xF88D, 0xF80C, 0xE80A, 0xC008, 0x9006, 0x7845, 0x78E7, 0x0000, 0xF800, 0x0000, 0x0000, 0x0000,
  0x0000, 0x0000, 0x0000, 0x0000, 0x0000, 0x0000, 0x0000, 0x0000, 0x0000, 0x0000, 0x0000, 0x0000,
  0x0000, 0x0000, 0x0000, 0x0000, 0x0000, 0x0000, 0x0000, 0x0000, 0x0000, 0x0000, 0x0000, 0x0000,
  0x0000, 0x0000, 0x0000, 0x0000, 0x0000, 0x0000, 0x0000, 0x0000, 0x0000, 0x0000, 0x0000, 0x0000,
  0x0000, 0x0000, 0x0000, 0x0000, 0x0000, 0x0000, 0x0000, 0x0000, 0x0000, 0x0000, 0x0000, 0x0000,
  0x0000, 0x0000, 0x0000, 0x0000, 0x0000, 0x7800, 0x5000, 0x0000, 0x0000, 0x0000, 0x0000, 0x0000,
  0x5000, 0x0000, 0x0000, 0x0000, 0x0000, 0x0000, 0x0000, 0x0000, 0x0000, 0x0000, 0x0000, 0x7800,
  0x0000, 0xFB39, 0x88A8, 0x7846, 0x7826, 0x9827, 0xB007, 0xC008, 0xC808, 0xC809, 0xC009, 0xA828,
  0x8826, 0x7825, 0x7846, 0x99CC, 0x0000, 0xF800, 0x0000, 0x0000, 0x0000, 0x0000, 0x0000, 0x0000,
  0x0000, 0x0000, 0x0000, 0x0000, 0x0000, 0x0000, 0x0000, 0x0000, 0x0000, 0x0000, 0x0000, 0x0000,
  0x0000, 0x0000, 0x0000, 0x0000, 0x0000, 0x0000, 0x0000, 0x0000, 0x0000, 0x0000, 0x0000, 0x0000,
  0x0000, 0x0000, 0x0000, 0x0000, 0x0000, 0x0000, 0x0000, 0x0000, 0x0000, 0x0000, 0x0000, 0x0000,
  0x0000, 0x0000, 0x0000, 0x0000, 0x0000, 0x0000, 0x0000, 0x0000, 0x0000, 0x0000, 0x0000, 0x0000,
  0x0000, 0x0000, 0x0000, 0x0000, 0x0000, 0x0000, 0x7800, 0x7800, 0x7800, 0x0000, 0x0000, 0x0000,
  0x0000, 0x0000, 0x0000, 0x0000, 0x0000, 0x0000, 0x0000, 0x0000, 0x0000, 0x0000, 0x7800, 0x0000,
  0x0000, 0xFB76, 0x80A7, 0x7866, 0x7025, 0x8045, 0x8045, 0x8045, 0x7825, 0x7845, 0x7866, 0x88E8,
  0x0000, 0x0000, 0x7800, 0x0000, 0x0000, 0x0000, 0x0000, 0x0000, 0x0000, 0x0000, 0x0000, 0x0000,
  0x0000, 0x0000, 0x0000, 0x0000, 0x0000, 0x0000, 0x0000, 0x0000, 0x0000, 0x0000, 0x0000, 0x0000,
  0x0000, 0x0000, 0x0000, 0x0000, 0x0000, 0x0000, 0x0000, 0x0000, 0x0000, 0x0000, 0x0000, 0x0000,
  0x0000, 0x0000, 0x0000, 0x0000, 0x0000, 0x0000, 0x0000, 0x0000, 0x0000, 0x0000, 0x0000, 0x0000,
  0x0000, 0x0000, 0x0000, 0x0000, 0x0000, 0x0000, 0x0000, 0x0000, 0x0000, 0x0000, 0x0000, 0x0000,
  0x0000, 0x0000, 0x0000, 0x0000, 0x0000, 0x0000, 0x0000, 0x0000, 0x0000, 0x0000, 0x0000, 0x0000,
  0x0000, 0x0000, 0x0000, 0x0000, 0x0000, 0x0000, 0x0000, 0x0000, 0x0000, 0x0000, 0x0000, 0x0000,
  0x0000, 0x0000, 0x0000, 0x0000, 0x0000, 0x0000, 0x0000, 0x0000, 0x0000, 0x0000, 0x0000, 0x0000,
  0x0000, 0x0000, 0x0000, 0x0000, 0x0000, 0x0000, 0x0000, 0x0000, 0x0000, 0x0000, 0x0000, 0x0000,
  0x0000, 0x0000, 0x0000, 0x0000, 0x0000, 0x0000, 0x0000, 0x0000, 0x0000, 0x0000, 0x0000, 0x0000,
  0x0000, 0x0000, 0x0000, 0x0000, 0x0000, 0x0000, 0x0000, 0x0000, 0x0000, 0x0000, 0x0000, 0x0000,
  0x0000, 0x0000, 0x0000, 0x0000, 0x0000, 0x0000, 0x0000, 0x0000, 0x0000, 0x0000, 0x0000, 0x0000,
  0x0000, 0x0000, 0x0000, 0x0000, 0x0000, 0x0000, 0x0000, 0x0000, 0x0000, 0x0000, 0x0000, 0x0000,
  0x0000, 0x0000, 0x0000, 0x0000, 0x0000, 0x0000, 0x0000, 0x0000, 0x0000, 0x0000, 0x0000, 0x0000,
  0x0000, 0x0000, 0x0000, 0x0000, 0x0000, 0x0000, 0x0000, 0x0000, 0x0000, 0x0000, 0x0000, 0x0000,
  0x0000, 0x0000, 0x0000, 0x0000, 0x0000, 0x0000, 0x0000, 0x0000, 0x0000, 0x0000, 0x0000, 0x0000,
  0x0000, 0x0000, 0x0000, 0x0000, 0x0000, 0x0000, 0x0000, 0x0000, 0x0000, 0x0000, 0x0000, 0x0000,
  0x0000, 0x0000, 0x0000, 0x0000, 0x0000, 0x0000, 0x0000, 0x0000, 0x0000, 0x0000, 0x0000, 0x0000,
  0x0000, 0x0000, 0x0000, 0x0000, 0x0000, 0x0000, 0x0000, 0x0000, 0x0000, 0x0000, 0x0000, 0x0000,
  0x0000, 0x0000, 0x0000, 0x0000, 0x0000, 0x0000, 0x0000, 0x0000, 0x0000, 0x0000, 0x0000, 0x0000,
  0x0000, 0x0000, 0x0000, 0x0000, 0x0000, 0x0000, 0x0000, 0x0000, 0x0000, 0x0000, 0x0000, 0x0000,
  0x0000, 0x0000, 0x0000, 0x0000, 0x0000, 0x0000, 0x0000, 0x0000, 0x0000, 0x0000, 0x0000, 0x0000,
  0x0000, 0x0000, 0x0000, 0x0000, 0x0000, 0x0000, 0x0000, 0x0000, 0x0000, 0x0000, 0x0000, 0x0000,
  0x0000, 0x0000, 0x0000, 0x0000, 0x0000, 0x0000, 0x0000, 0x0000, 0x0000, 0x0000, 0x0000, 0x0000,
  0x0000, 0x0000, 0x0000, 0x0000, 0x0000, 0x0000, 0x0000, 0x0000, 0x0000, 0x0000, 0x0000, 0x0000,
  0x0000, 0x0000, 0x0000, 0x0000, 0x0000, 0x0000, 0x0000, 0x0000, 0x0000, 0x0000, 0x0000, 0x0000,
  0x0000, 0x0000, 0x0000, 0x0000, 0x0000, 0x0000, 0x0000, 0x0000, 0x0000, 0x0000, 0x0000, 0x0000,
  0x0000, 0x0000, 0x0000, 0x0000, 0x0000, 0x0000, 0x0000, 0x0000, 0x0000, 0x0000, 0x0000, 0x0000,
  0x0000, 0x0000, 0x0000, 0x0000, 0x0000, 0x0000, 0x0000, 0x0000, 0x0000, 0x0000, 0x0000, 0x0000,
  0x0000, 0x0000, 0x0000, 0x0000, 0x0000, 0x0000, 0x0000, 0x0000, 0x0000, 0x0000, 0x0000, 0x0000,
  0x0000, 0x0000, 0x0000, 0x0000, 0x0000, 0x0000, 0x0000, 0x0000, 0x0000, 0x0000, 0x0000, 0x0000,
  0x0000, 0x0000, 0x0000, 0x0000, 0x0000, 0x0000, 0x0000, 0x0000, 0x0000, 0x0000, 0x0000, 0x0000,
  0x0000, 0x0000, 0x0000, 0x0000, 0x0000, 0x0000, 0x0000, 0x0000, 0x0000, 0x0000, 0x0000, 0x0000,
  0x0000, 0x0000, 0x0000, 0x0000, 0x0000, 0x0000, 0x0000, 0x0000, 0x0000, 0x0000, 0x0000, 0x0000,
  0x0000, 0x0000, 0x0000, 0x0000, 0x0000, 0x0000, 0x0000, 0x0000, 0x0000, 0x0000, 0x0000, 0x0000,
  0x0000, 0x0000, 0x0000, 0x0000, 0x0000, 0x0000, 0x0000, 0x0000, 0x0000, 0x0000, 0x0000, 0x0000,
  0x0000, 0x0000, 0x0000, 0x0000, 0x0000, 0x0000, 0x0000, 0x0000, 0x0000, 0x0000, 0x0000, 0x0000,
  0x0000, 0x0000, 0x0000, 0x0000, 0x0000, 0x0000, 0x0000, 0x0000, 0x0000, 0x0000, 0x0000, 0x0000,
  0x0000, 0x0000, 0x0000, 0x0000, 0x0000, 0x0000, 0x0000, 0x0000, 0x0000, 0x0000, 0x0000, 0x0000,
  0x0000, 0x0000, 0x0000, 0x0000, 0x0000, 0x0000, 0x0000, 0x0000, 0x0000, 0x0000, 0x0000, 0x0000,
  0x0000, 0x0000, 0x0000, 0x0000, 0x0000, 0x0000, 0x0000, 0x0000, 0x0000, 0x0000, 0x0000, 0x0000,
  0x0000, 0x0000, 0x0000, 0x0000, 0x0000, 0x0000, 0x0000, 0x0000, 0x0000, 0x0000, 0x0000, 0x0000,
  0x0000, 0x0000, 0x0000, 0x0000, 0x0000, 0x0000, 0x0000, 0x0000, 0x0000, 0x0000, 0x0000, 0x0000,
  0x0000, 0x0000, 0x0000, 0x0000, 0x0000, 0x0000, 0x0000, 0x0000, 0x0000, 0x0000, 0x0000, 0x0000,
  0x0000, 0x0000, 0x0000, 0x0000, 0x0000, 0x0000, 0x0000, 0x0000, 0x0000, 0x0000, 0x0000, 0x0000,
  0x0000, 0x0000, 0x0000, 0x0000, 0x0000, 0x0000, 0x0000, 0x0000, 0x0000, 0x0000, 0x0000, 0x0000,
  0x0000, 0x0000, 0x0000, 0x0000, 0x0000, 0x0000, 0x0000, 0x0000, 0x0000, 0x0000, 0x0000, 0x0000,
  0x0000, 0x0000, 0x0000, 0x0000, 0x0000, 0x0000, 0x0000, 0x0000, 0x0000, 0x0000, 0x0000, 0x0000,
  0x0000, 0x0000, 0x0000, 0x0000, 0x0000, 0x0000, 0x0000, 0x0000, 0x0000, 0x0000, 0x0000, 0x0000,
  0x0000, 0x0000, 0x0000, 0x0000, 0x0000, 0x0000, 0x0000, 0x0000, 0x0000, 0x0000, 0x0000, 0x0000,
  0x0000, 0x0000, 0x0000, 0x0000, 0x0000, 0x0000, 0x0000, 0x0000, 0x0000, 0x0000, 0x0000, 0x0000,
  0x0000, 0x0000, 0x0000, 0x0000, 0x0000, 0x0000, 0x0000, 0x0000, 0x0000, 0x0000, 0x0000, 0x0000,
  0x0000, 0x0000, 0x0000, 0x0000, 0x0000, 0x0000, 0x0000, 0x0000, 0x0000, 0x0000, 0x0000, 0x0000,
  0x0000, 0x0000, 0x0000, 0x0000, 0x0000, 0x0000, 0x0000, 0x0000, 0x0000, 0x0000, 0x0000, 0x0000,
  0x0000, 0x0000, 0x0000, 0x0000, 0x0000, 0x0000, 0x0000, 0x0000, 0x0000, 0x0000, 0x0000, 0x0000,
  0x0000, 0x0000, 0x0000, 0x0000, 0x0000, 0x0000, 0x0000, 0x0000, 0x0000, 0x0000, 0x0000, 0x0000,
  0x0000, 0x0000, 0x0000, 0x0000, 0x0000, 0x0000, 0x0000, 0x0000, 0x0000, 0x0000, 0x0000, 0x0000,
  0x0000, 0x0000, 0x0000, 0x0000,
};
const uint8_t V54_PINK_PREVIEW_MASK[] PROGMEM = {
  0x00, 0x00, 0x00, 0x00, 0x00, 0x00, 0x00, 0x00, 0x00, 0x00, 0x00, 0x00, 0x00, 0x00, 0x00, 0x00, 0x00, 0x00, 0x00, 0x00,
  0x00, 0x00, 0x00, 0x00, 0x00, 0x00, 0x00, 0x00, 0x00, 0x00, 0x00, 0x00, 0x00, 0x00, 0x00, 0x00, 0x00, 0x00, 0x00, 0x00,
  0x00, 0x00, 0x00, 0x00, 0x00, 0x00, 0x00, 0x00, 0x00, 0x00, 0x00, 0x00, 0x00, 0x00, 0x00, 0x00, 0x00, 0x00, 0x00, 0x00,
  0x00, 0x00, 0x00, 0x00, 0x00, 0x00, 0x00, 0x00, 0x00, 0x00, 0x00, 0x00, 0x00, 0x00, 0x00, 0x00, 0x00, 0x0F, 0xFF, 0xE0,
  0x00, 0x00, 0x00, 0x00, 0x00, 0x00, 0x00, 0x00, 0x00, 0xFF, 0xFF, 0xFE, 0x00, 0x00, 0x00, 0x00, 0x00, 0x00, 0x00, 0x00,
  0x07, 0xFF, 0xFF, 0xFF, 0xC0, 0x00, 0x00, 0x00, 0x00, 0x00, 0x00, 0x00, 0x1F, 0xFF, 0xFF, 0xFF, 0xF0, 0x00, 0x00, 0x00,
  0x00, 0x00, 0x00, 0x00, 0x3F, 0xFF, 0xFF, 0xFF, 0xF8, 0x00, 0x00, 0x00, 0x00, 0x00, 0x00, 0x00, 0xFF, 0xFF, 0xFF, 0xFF,
  0xFE, 0x00, 0x00, 0x00, 0x00, 0x00, 0x00, 0x03, 0xFF, 0xFF, 0xFF, 0xFF, 0xFF, 0x80, 0x00, 0x00, 0x00, 0x00, 0x00, 0x07,
  0xFF, 0xFF, 0xFF, 0xFF, 0xFF, 0xC0, 0x00, 0x00, 0x00, 0x00, 0x00, 0x0F, 0xFF, 0xFF, 0xFF, 0xFF, 0xFF, 0xE0, 0x07, 0x80,
  0x00, 0x00, 0x00, 0x1F, 0xFF, 0xFF, 0xFF, 0xFF, 0xFF, 0xF0, 0x1F, 0xC0, 0x00, 0x00, 0x00, 0x3F, 0xFF, 0xFF, 0xFF, 0xFF,
  0xFF, 0xF8, 0x7F, 0xE0, 0x00, 0x00, 0x00, 0x7F, 0xFF, 0xFF, 0xFF, 0xFF, 0xFF, 0xFC, 0xFF, 0xF0, 0x00, 0x00, 0x00, 0xFF,
  0xFF, 0xFF, 0xFF, 0xFF, 0xFF, 0xFF, 0xFF, 0xF0, 0x00, 0x00, 0x01, 0xFF, 0xFF, 0xFF, 0xFF, 0xFF, 0xFF, 0xFF, 0xFF, 0xF8,
  0x00, 0x00, 0x03, 0xFF, 0xFF, 0xFF, 0xFF, 0xFF, 0xFF, 0xFF, 0xFF, 0xF8, 0x00, 0x00, 0x07, 0xFF, 0xFF, 0xFF, 0xFF, 0xFF,
  0xFF, 0xFF, 0xFF, 0xF8, 0x00, 0x00, 0x07, 0xFF, 0xFF, 0xFF, 0xFF, 0xFF, 0xFF, 0xFF, 0xFF, 0xF8, 0x00, 0x00, 0x0F, 0xFF,
  0xFF, 0xFF, 0xFF, 0xFF, 0xFF, 0xFF, 0xFF, 0xF8, 0x00, 0x00, 0x0F, 0xFF, 0xFF, 0xFF, 0xFF, 0xFF, 0xFF, 0xFF, 0xFF, 0xF8,
  0x00, 0x00, 0x1F, 0xFF, 0xFF, 0xFF, 0xFF, 0xFF, 0xFF, 0xFF, 0xFF, 0xF8, 0x00, 0x00, 0x1F, 0xFF, 0xFF, 0xFF, 0xFF, 0xFF,
  0xFF, 0xFF, 0xFF, 0xF8, 0x00, 0x00, 0x3F, 0xFF, 0xFF, 0xFF, 0xFF, 0xFF, 0xFF, 0xFF, 0xFF, 0xF8, 0x00, 0x00, 0x3F, 0xFF,
  0xFF, 0xFF, 0xFF, 0xFF, 0xFF, 0xFF, 0xFF, 0xF0, 0x00, 0x00, 0x7F, 0xFF, 0xFF, 0xFF, 0xFF, 0xFF, 0xFF, 0xFF, 0xFF, 0xF0,
  0x00, 0x00, 0x7F, 0xFF, 0xFF, 0xFF, 0xFF, 0xFF, 0xFF, 0xFF, 0xFF, 0xE0, 0x00, 0x00, 0x7F, 0xFF, 0xFF, 0xFF, 0xFF, 0xFF,
  0xFF, 0xFF, 0xFF, 0xE0, 0x00, 0x00, 0x7F, 0xFF, 0xFF, 0xFF, 0xFF, 0xFF, 0xFF, 0xFF, 0xFF, 0xC0, 0x00, 0x00, 0xFF, 0xFF,
  0xFF, 0xFF, 0xFF, 0xFF, 0xFF, 0xFF, 0xFF, 0xC0, 0x00, 0x00, 0xFF, 0xFF, 0xFF, 0xFF, 0xFF, 0xFF, 0xFF, 0xFF, 0xFF, 0x80,
  0x00, 0x00, 0xFF, 0xFF, 0xFF, 0xFF, 0xFF, 0xFF, 0xFF, 0xFF, 0xFF, 0x00, 0x00, 0x00, 0xFF, 0xFF, 0xFF, 0xFF, 0xFF, 0xFF,
  0xFF, 0xFF, 0xFC, 0x00, 0x00, 0x00, 0xFF, 0xFF, 0xFF, 0xFF, 0xFF, 0xFF, 0xFF, 0xFF, 0xFC, 0x00, 0x00, 0x00, 0xFF, 0xFF,
  0xFF, 0xFF, 0xFF, 0xFF, 0xFF, 0xFF, 0xFC, 0x00, 0x00, 0x00, 0xFF, 0xFF, 0xFF, 0xFF, 0xFF, 0xFF, 0xFF, 0xFF, 0xFC, 0x00,
  0x00, 0x00, 0xFF, 0xFF, 0xFF, 0xFF, 0xFF, 0xFF, 0xFF, 0xFF, 0xFC, 0x00, 0x00, 0x00, 0xFF, 0xFF, 0xFF, 0xFF, 0xFF, 0xFF,
  0xFF, 0xFF, 0xFC, 0x00, 0x00, 0x01, 0xFF, 0xFF, 0xFF, 0xFF, 0xFF, 0xFF, 0xFF, 0xFF, 0xF8, 0x00, 0x00, 0x0F, 0xFF, 0xFF,
  0xFF, 0xFF, 0xFF, 0xFF, 0xFF, 0xFF, 0xF8, 0x00, 0x00, 0x3F, 0xFF, 0xFF, 0xFF, 0xFF, 0xFF, 0xFF, 0xFF, 0xFF, 0xF8, 0x00,
  0x00, 0x7F, 0xFF, 0xFF, 0xFF, 0xFF, 0xFF, 0xFF, 0xFF, 0xFF, 0xF0, 0x00, 0x01, 0xFF, 0xFF, 0xFF, 0xFF, 0xFF, 0xFF, 0xFF,
  0xFF, 0xFF, 0xF0, 0x00, 0x03, 0xFF, 0xFF, 0xFF, 0xFF, 0xFF, 0xFF, 0xFF, 0xFF, 0xFF, 0xE0, 0x00, 0x07, 0xFF, 0xFF, 0xFF,
  0xFF, 0xFF, 0xFF, 0xFF, 0xFF, 0xFF, 0xF0, 0x00, 0x07, 0xFF, 0xFF, 0xFF, 0xFF, 0xFF, 0xFF, 0xFF, 0xFF, 0xFF, 0xF8, 0x00,
  0x0F, 0xFF, 0xFF, 0xFF, 0xFF, 0xFF, 0xFF, 0xFF, 0xFF, 0xFF, 0xFE, 0x00, 0x1F, 0xFF, 0xFF, 0xFF, 0xFF, 0xFF, 0xFF, 0xFF,
  0xFF, 0xFF, 0xFF, 0x00, 0x1F, 0xFF, 0xFF, 0xFF, 0xFF, 0xFF, 0xFF, 0xFF, 0xFF, 0xFF, 0xFF, 0x80, 0x3F, 0xFF, 0xFF, 0xFF,
  0xFF, 0xFF, 0xFF, 0xFF, 0xFF, 0xFF, 0xFF, 0xC0, 0x3F, 0xFF, 0xFF, 0xFF, 0xFF, 0xFF, 0xFF, 0xFF, 0xFF, 0xFF, 0xFF, 0xC0,
  0x7F, 0xFF, 0xFF, 0xFF, 0xFF, 0xFF, 0xFF, 0xFF, 0xFF, 0xFF, 0xFF, 0xE0, 0x7F, 0xFF, 0xFF, 0xFF, 0xFF, 0xFF, 0xFF, 0xFF,
  0xFF, 0xFF, 0xFF, 0xF0, 0x7F, 0xFF, 0xFF, 0xFF, 0xFF, 0xFF, 0xFF, 0xFF, 0xFF, 0xFF, 0xFF, 0xF0, 0x7F, 0xFF, 0xFF, 0xFF,
  0xFF, 0xFF, 0xFF, 0xFF, 0xFF, 0xFF, 0xFF, 0xF8, 0x7F, 0xFF, 0xFF, 0x1F, 0xFF, 0xFF, 0xFF, 0xFF, 0xFF, 0xFF, 0xFF, 0xF8,
  0x7F, 0xFF, 0xFF, 0x07, 0xFF, 0xFF, 0xFF, 0xFF, 0xFF, 0xFF, 0xFF, 0xF8, 0x7F, 0xFF, 0xFE, 0x00, 0x7F, 0xFF, 0xFF, 0xFF,
  0xFF, 0xFF, 0xFF, 0xF8, 0x3F, 0xFF, 0xFC, 0x00, 0x07, 0xFF, 0xFF, 0xFF, 0xF3, 0xFF, 0xFF, 0xF8, 0x1F, 0xFF, 0xF8, 0x00,
  0x1F, 0xFF, 0xFF, 0xFF, 0xE1, 0xFF, 0xFF, 0xF8, 0x07, 0xFF, 0xF8, 0x00, 0x3F, 0xFF, 0xFF, 0xFF, 0xF0, 0xFF, 0xFF, 0xF0,
  0x03, 0xFF, 0xE0, 0x00, 0x3F, 0xFF, 0xFF, 0xFF, 0xF8, 0x7F, 0xFF, 0xC0, 0x01, 0xFF, 0xC0, 0x00, 0x7F, 0xFF, 0xFF, 0xFF,
  0xFC, 0x3F, 0xFF, 0x80, 0x00, 0xFF, 0x80, 0x00, 0xFF, 0xFF, 0xFF, 0xFF, 0xFC, 0x0F, 0xFF, 0x00, 0x00, 0x3C, 0x00, 0x00,
  0xFF, 0xFF, 0xFF, 0xFF, 0xFE, 0x03, 0xFE, 0x00, 0x00, 0x00, 0x00, 0x01, 0xFF, 0xFF, 0xFF, 0xFF, 0xFE, 0x00, 0x70, 0x00,
  0x00, 0x00, 0x00, 0x01, 0xFF, 0xFF, 0xFF, 0xFF, 0xFF, 0x00, 0x00, 0x00, 0x00, 0x00, 0x00, 0x01, 0xFF, 0xFF, 0xFF, 0xFF,
  0xFF, 0x00, 0x00, 0x00, 0x00, 0x00, 0x00, 0x01, 0xFF, 0xFF, 0xFF, 0xFF, 0xFF, 0x00, 0x00, 0x00, 0x00, 0x00, 0x00, 0x01,
  0xFF, 0xFF, 0xFF, 0xFF, 0xFF, 0x00, 0x00, 0x00, 0x00, 0x00, 0x00, 0x01, 0xFF, 0xFF, 0xFF, 0xFF, 0xFF, 0x00, 0x00, 0x00,
  0x00, 0x00, 0x00, 0x01, 0xFF, 0xFF, 0xFF, 0xFF, 0xFF, 0x00, 0x00, 0x00, 0x00, 0x00, 0x00, 0x01, 0xFF, 0xFF, 0xFF, 0xFF,
  0xFE, 0x00, 0x00, 0x00, 0x00, 0x00, 0x00, 0x03, 0xFF, 0xFF, 0xFF, 0xFF, 0xFE, 0x00, 0x00, 0x00, 0x00, 0x00, 0x00, 0x0F,
  0xFF, 0xFF, 0xFF, 0xFF, 0xFE, 0x00, 0x00, 0x00, 0x00, 0x00, 0x00, 0x1F, 0xFF, 0xFF, 0xFF, 0xFF, 0xFC, 0x00, 0x00, 0x00,
  0x00, 0x00, 0x00, 0x7F, 0xFF, 0xFF, 0xFF, 0xFF, 0xFC, 0x00, 0x00, 0x00, 0x00, 0x00, 0x00, 0xFF, 0xFF, 0xFF, 0xFF, 0xFF,
  0xF8, 0x00, 0x00, 0x00, 0x00, 0x00, 0x01, 0xFF, 0xFF, 0xFF, 0xFF, 0xFF, 0xF0, 0x00, 0x00, 0x00, 0x00, 0x00, 0x03, 0xFF,
  0xFF, 0xFF, 0xFF, 0xFF, 0xF8, 0x00, 0x00, 0x00, 0x00, 0x00, 0x07, 0xFF, 0xFF, 0xFF, 0xFF, 0xFF, 0xFC, 0x00, 0x00, 0x00,
  0x00, 0x00, 0x07, 0xFF, 0xFF, 0xFF, 0xFF, 0xFF, 0xFE, 0x00, 0x00, 0x00, 0x00, 0x00, 0x03, 0xFF, 0xFF, 0xFF, 0xFF, 0xFF,
  0xFE, 0x00, 0x00, 0x00, 0x00, 0x00, 0x03, 0xFF, 0xFF, 0xFF, 0xFF, 0xFF, 0xFE, 0x00, 0x00, 0x00, 0x00, 0x00, 0x01, 0xFF,
  0xFF, 0xFF, 0xFF, 0xFF, 0xFE, 0x00, 0x00, 0x00, 0x00, 0x00, 0x00, 0xFF, 0xFF, 0xFF, 0xFF, 0xFF, 0xFF, 0x00, 0x00, 0x00,
  0x00, 0x00, 0x00, 0x7F, 0xFF, 0xFF, 0xFF, 0xFF, 0xFE, 0x00, 0x00, 0x00, 0x00, 0x00, 0x00, 0x3F, 0xFF, 0xFF, 0xFF, 0xFF,
  0xFE, 0x00, 0x00, 0x00, 0x00, 0x00, 0x00, 0x1F, 0xFF, 0xFF, 0xFF, 0xFF, 0xFC, 0x00, 0x00, 0x00, 0x00, 0x00, 0x00, 0x07,
  0xFF, 0xFF, 0xFF, 0xFF, 0xFC, 0x00, 0x00, 0x00, 0x00, 0x00, 0x00, 0x03, 0xFF, 0xFF, 0xFF, 0xFF, 0xF0, 0x00, 0x00, 0x00,
  0x00, 0x00, 0x00, 0x00, 0xFF, 0xFF, 0xFF, 0xFF, 0xE0, 0x00, 0x00, 0x00, 0x00, 0x00, 0x00, 0x00, 0x7F, 0xFF, 0xFF, 0xFF,
  0x00, 0x00, 0x00, 0x00, 0x00, 0x00, 0x00, 0x00, 0xFF, 0xFF, 0xFF, 0xFF, 0x00, 0x00, 0x00, 0x00, 0x00, 0x00, 0x00, 0x00,
  0xFF, 0xFF, 0xFF, 0xFF, 0x00, 0x00, 0x00, 0x00, 0x00, 0x00, 0x00, 0x01, 0xFF, 0xFF, 0xFF, 0xFF, 0x00, 0x00, 0x00, 0x00,
  0x00, 0x00, 0x00, 0x03, 0xFF, 0xFF, 0xFF, 0xFF, 0x00, 0x00, 0x00, 0x00, 0x00, 0x00, 0x00, 0x03, 0xFF, 0xFF, 0xFF, 0xFF,
  0x00, 0x00, 0x00, 0x00, 0x00, 0x00, 0x00, 0x03, 0xFF, 0xFF, 0xFF, 0xFF, 0x00, 0x00, 0x00, 0x00, 0x00, 0x00, 0x00, 0x07,
  0xFF, 0xFF, 0x7F, 0xFF, 0x80, 0x00, 0x00, 0x00, 0x00, 0x00, 0x00, 0x07, 0xFF, 0xFE, 0xFF, 0xFF, 0x80, 0x00, 0x00, 0x00,
  0x00, 0x00, 0x00, 0x07, 0xFF, 0xFC, 0x7F, 0xFF, 0x80, 0x00, 0x00, 0x00, 0x00, 0x00, 0x00, 0x0F, 0xFF, 0xF8, 0x7F, 0xFF,
  0x80, 0x00, 0x00, 0x00, 0x00, 0x00, 0x00, 0x0F, 0xFF, 0xF8, 0x7F, 0xFF, 0x80, 0x00, 0x00, 0x00, 0x00, 0x00, 0x00, 0x0F,
  0xFF, 0xF8, 0x7F, 0xFF, 0x80, 0x00, 0x00, 0x00, 0x00, 0x00, 0x00, 0x0F, 0xFF, 0xF0, 0x7F, 0xFF, 0xC0, 0x00, 0x00, 0x00,
  0x00, 0x00, 0x00, 0x0F, 0xFF, 0xF0, 0xFF, 0xFF, 0xC0, 0x00, 0x00, 0x00, 0x00, 0x00, 0x00, 0x0F, 0xFF, 0xF0, 0xFF, 0xFF,
  0xC0, 0x00, 0x00, 0x00, 0x00, 0x00, 0x00, 0x0F, 0xFF, 0xF0, 0xFF, 0xFF, 0xE0, 0x00, 0x00, 0x00, 0x00, 0x00, 0x00, 0x0F,
  0xFF, 0xE0, 0xFF, 0xFF, 0xE0, 0x00, 0x00, 0x00, 0x00, 0x00, 0x00, 0x0F, 0xFF, 0xE0, 0xFF, 0xFF, 0xE0, 0x00, 0x00, 0x00,
  0x00, 0x00, 0x00, 0x0F, 0xFF, 0xE0, 0xFF, 0xFF, 0xF0, 0x00, 0x00, 0x00, 0x00, 0x00, 0x00, 0x07, 0xFF, 0xC0, 0xFF, 0xFF,
  0xF0, 0x00, 0x00, 0x00, 0x00, 0x00, 0x00, 0x07, 0xFF, 0x80, 0xFF, 0xFF, 0xF0, 0x00, 0x00, 0x00, 0x00, 0x00, 0x00, 0x03,
  0xFF, 0x00, 0x7F, 0xFF, 0xE0, 0x00, 0x00, 0x00, 0x00, 0x00, 0x00, 0x00, 0xFE, 0x00, 0x3F, 0xFF, 0xE0, 0x00, 0x00, 0x00,
  0x00, 0x00, 0x00, 0x00, 0x00, 0x00, 0x1F, 0xFF, 0xC0, 0x00, 0x00, 0x00, 0x00, 0x00, 0x00, 0x00, 0x00, 0x00, 0x0F, 0xFF,
  0x80, 0x00, 0x00, 0x00, 0x00, 0x00, 0x00, 0x00, 0x00, 0x00, 0x03, 0xFE, 0x00, 0x00, 0x00, 0x00, 0x00, 0x00, 0x00, 0x00,
  0x00, 0x00, 0x00, 0x00, 0x00, 0x00, 0x00, 0x00, 0x00, 0x00, 0x00, 0x00, 0x00, 0x00, 0x00, 0x00, 0x00, 0x00, 0x00, 0x00,
  0x00, 0x00, 0x00, 0x00, 0x00, 0x00, 0x00, 0x00, 0x00, 0x00, 0x00, 0x00, 0x00, 0x00, 0x00, 0x00, 0x00, 0x00, 0x00, 0x00,
  0x00, 0x00, 0x00, 0x00, 0x00, 0x00, 0x00, 0x00, 0x00, 0x00, 0x00, 0x00, 0x00, 0x00, 0x00, 0x00, 0x00, 0x00, 0x00, 0x00,
  0x00, 0x00, 0x00, 0x00, 0x00, 0x00, 0x00, 0x00, 0x00, 0x00, 0x00, 0x00, 0x00, 0x00, 0x00, 0x00, 0x00, 0x00, 0x00, 0x00,
};
const Sprite565 V54_PINK_PREVIEW = { V54_PINK_PREVIEW_BITMAP, V54_PINK_PREVIEW_MASK, 94, 130 };

const uint16_t V54_PINK_RUN_0_BITMAP[] PROGMEM = {
  0x0000, 0x0000, 0x0000, 0x0000, 0x0000, 0x0000, 0x0000, 0x0000, 0x0000, 0x0000, 0x0000, 0x0000,
  0x0000, 0x0000, 0x0000, 0x0000, 0x0000, 0x0000, 0x0000, 0x0000, 0x0000, 0x0000, 0x0000, 0x0000,
  0x0000, 0x0000, 0x0000, 0x0000, 0x0000, 0x0000, 0x0000, 0x0000, 0x0000, 0x0000, 0x0000, 0x0000,
  0x0000, 0x0000, 0x0000, 0x0000, 0x0000, 0x0000, 0x0000, 0x0000, 0x0000, 0x0000, 0x0000, 0x0000,
  0x0000, 0x0000, 0x0000, 0x0000, 0x0000, 0x0000, 0x0000, 0x0000, 0x0000, 0x0000, 0x0000, 0x0000,
  0x0000, 0x0000, 0x0000, 0x0000, 0x0000, 0x0000, 0x0000, 0x0000, 0x0000, 0x0000, 0x0000, 0x0000,
  0x0000, 0x0000, 0x0000, 0x0000, 0x0000, 0x0000, 0x0000, 0x0000, 0x0000, 0x0000, 0x0000, 0x0000,
  0x0000, 0x0000, 0x0000, 0x0000, 0x0000, 0x0000, 0x0000, 0x0000, 0x0000, 0x0000, 0x0000, 0x0000,
  0x0000, 0x0000, 0x0000, 0x0000, 0x0000, 0x0000, 0x0000, 0x0000, 0x0000, 0x0000, 0x0000, 0x0000,
  0x0000, 0x0000, 0x0000, 0x0000, 0x0000, 0x0000, 0x0000, 0x0000, 0x0000, 0x0000, 0x0000, 0x0000,
  0x0000, 0x0000, 0x0000, 0x0000, 0x0000, 0x0000, 0x0000, 0x0000, 0x0000, 0x0000, 0x0000, 0x0000,
  0x0000, 0x0000, 0x0000, 0x0000, 0x0000, 0x0000, 0x0000, 0x0000, 0x0000, 0x0000, 0x0000, 0x0000,
  0x0000, 0x0000, 0x0000, 0x0000, 0x0000, 0x0000, 0x0000, 0x0000, 0x0000, 0x0000, 0x0000, 0x0000,
  0x0000, 0x0000, 0x0000, 0x0000, 0x0000, 0x0000, 0x0000, 0x0000, 0x0000, 0x0000, 0x0000, 0x0000,
  0x0000, 0x0000, 0x0000, 0x0000, 0x0000, 0x0000, 0x0000, 0x0000, 0x5000, 0x0000, 0x0000, 0x1000,
  0x2061, 0x2081, 0x2881, 0x30A1, 0x30A1, 0x30A2, 0x30A1, 0x28A2, 0x28A1, 0x2881, 0x2061, 0x0000,
  0x0000, 0x0000, 0x5000, 0x0000, 0x0000, 0x0000, 0x0000, 0x0000, 0x0000, 0x0000, 0x0000, 0x0000,
  0x0000, 0x0000, 0x0000, 0x0000, 0x0000, 0x0000, 0x0000, 0x0000, 0x0000, 0x0000, 0x0000, 0x0000,
  0x0000, 0x0000, 0x0000, 0x0000, 0x0000, 0x0000, 0x0000, 0x0000, 0x0000, 0x0000, 0x5000, 0x0000,
  0x0000, 0x2020, 0x2881, 0x30C2, 0x38E2, 0x4123, 0x4924, 0x4944, 0x4944, 0x4944, 0x4944, 0x4944,
  0x4944, 0x4123, 0x38E2, 0x30A2, 0x2881, 0x2061, 0x0000, 0x0000, 0x0000, 0x0000, 0x0000, 0x0000,
  0x0000, 0x0000, 0x0000, 0x0000, 0x0000, 0x0000, 0x0000, 0x0000, 0x0000, 0x0000, 0x0000, 0x0000,
  0x0000, 0x0000, 0x0000, 0x0000, 0x0000, 0x0000, 0x0000, 0x0000, 0x0000, 0x0000, 0x0000, 0x0000,
  0x0000, 0x5000, 0x0000, 0x1841, 0x2061, 0x30A2, 0x4923, 0x4944, 0x4964, 0x4944, 0x4944, 0x4944,
  0x4944, 0x4944, 0x4944, 0x4944, 0x4944, 0x4964, 0x4964, 0x4944, 0x4103, 0x30A2, 0x2061, 0x0000,
  0x0000, 0x0000, 0x0000, 0x0000, 0x0000, 0x0000, 0x0000, 0x0000, 0x0000, 0x0000, 0x0000, 0x0000,
  0x0000, 0x0000, 0x0000, 0x0000, 0x0000, 0x0000, 0x0000, 0x0000, 0x0000, 0x0000, 0x0000, 0x0000,
  0x0000, 0x0000, 0x0000, 0x0000, 0x0000, 0x0000, 0x2061, 0x28A1, 0x4103, 0x4964, 0x4964, 0x4944,
  0x5184, 0x59A5, 0x5184, 0x4944, 0x4944, 0x4944, 0x4944, 0x4944, 0x4944, 0x4944, 0x4944, 0x4944,
  0x4944, 0x4944, 0x4103, 0x3082, 0x3041, 0x0000, 0x5000, 0x0000, 0x0000, 0x7800, 0x7807, 0xF81F,
  0xF80F, 0x5000, 0x0000, 0x0000, 0x0000, 0x0000, 0x0000, 0x0000, 0x0000, 0x0000, 0x0000, 0x0000,
  0x0000, 0x0000, 0x0000, 0x0000, 0x0000, 0x0000, 0x0000, 0x0000, 0x0000, 0x2881, 0x38E2, 0x4944,
  0x4964, 0x4944, 0x5164, 0x6A27, 0x7A67, 0x6A27, 0x4964, 0x4944, 0x4944, 0x4944, 0x4944, 0x4944,
  0x4944, 0x4944, 0x4944, 0x4944, 0x4144, 0x4123, 0x4943, 0x4143, 0x30A2, 0x2000, 0x0000, 0x5000,
  0x5000, 0x0000, 0x0000, 0x0000, 0x0000, 0x0000, 0x7800, 0x0000, 0x0000, 0x0000, 0x0000, 0x0000,
  0x0000, 0x0000, 0x0000, 0x0000, 0x0000, 0x0000, 0x0000, 0x0000, 0x0000, 0x0000, 0x5000, 0x0000,
  0x2081, 0x38E2, 0x4964, 0x4944, 0x4123, 0x5164, 0x7247, 0x7247, 0x61E6, 0x4964, 0x4964, 0x4964,
  0x4944, 0x4944, 0x4944, 0x4944, 0x4944, 0x4944, 0x4944, 0x4944, 0x4923, 0x9949, 0xB9AD, 0x8127,
  0x4123, 0x3082, 0x2800, 0x0000, 0x0000, 0x4000, 0x8005, 0xA868, 0x9026, 0x6003, 0x0000, 0x0000,
  0x0000, 0x0000, 0x0000, 0x0000, 0x0000, 0x0000, 0x0000, 0x0000, 0x0000, 0x0000, 0x0000, 0x0000,
  0x0000, 0x3800, 0x0000, 0x2881, 0x3903, 0x4944, 0x4944, 0x4944, 0x4944, 0x5184, 0x5185, 0x61E6,
  0x7227, 0x6A27, 0x59C5, 0x4964, 0x4944, 0x4944, 0x4944, 0x4944, 0x4944, 0x4944, 0x4944, 0x4123,
  0xA94A, 0xFAB4, 0xFAD4, 0xFA73, 0xB14B, 0x4103, 0x3082, 0xFFFF, 0x6803, 0x9868, 0xE1D0, 0xFA73,
  0xFA31, 0xA068, 0x5803, 0x0000, 0x0000, 0x0000, 0x0000, 0x0000, 0x0000, 0x0000, 0x0000, 0x0000,
  0x0000, 0x0000, 0x0000, 0x0000, 0x5000, 0x0000, 0x2060, 0x38E2, 0x4964, 0x4944, 0x4944, 0x4944,
  0x4944, 0x4944, 0x59C5, 0x7A68, 0x7247, 0x7247, 0x6A06, 0x4964, 0x4964, 0x4944, 0x4944, 0x4944,
  0x4944, 0x4944, 0x4143, 0x6905, 0xF252, 0xFAD3, 0xFA92, 0xFAB2, 0xFA73, 0x9128, 0x30C2, 0x6023,
  0xB8CA, 0xFA53, 0xFAF4, 0xFA93, 0xFAD4, 0xE9D0, 0x8005, 0x0000, 0x0000, 0x0000, 0x0000, 0x0000,
  0x0000, 0x0000, 0x0000, 0x0000, 0x0000, 0x0000, 0x0000, 0x7800, 0x0000, 0x2040, 0x30A2, 0x4944,
  0x4944, 0x4944, 0x4944, 0x4944, 0x4944, 0x4944, 0x61E6, 0x6A06, 0x6A26, 0x7A47, 0x6A06, 0x6A06,
  0x59A5, 0x4964, 0x4944, 0x4944, 0x4944, 0x4944, 0x3923, 0x9949, 0xFAB3, 0xFAB2, 0xFAB2, 0xFA92,
  0xFAD3, 0xE9D0, 0xC98D, 0xD14C, 0xF211, 0xFAB3, 0xFA93, 0xFA93, 0xFAB3, 0xFA72, 0x9827, 0x0000,
  0x0000, 0x0000, 0x0000, 0x0000, 0x0000, 0x0000, 0x0000, 0x0000, 0x0000, 0x0000, 0x0000, 0x7800,
  0x0000, 0x2881, 0x4123, 0x4944, 0x4944, 0x4944, 0x4944, 0x4944, 0x4944, 0x4944, 0x5164, 0x5185,
  0x7227, 0x6206, 0x6206, 0x6A27, 0x59C5, 0x5164, 0x4944, 0x4944, 0x4944, 0x4944, 0x4123, 0xC1AD,
  0xFAD4, 0xFA93, 0xFA92, 0xFAB3, 0xFAD3, 0xF1F0, 0xFAD4, 0xFA72, 0xE16E, 0xFA93, 0xFA93, 0xFA92,
  0xFAB3, 0xFA72, 0x9027, 0x0000, 0x0000, 0x0000, 0x0000, 0x0000, 0x0000, 0x0000, 0x0000, 0x0000,
  0x0000, 0x0000, 0x5000, 0x0000, 0x2081, 0x38E2, 0x4964, 0x4944, 0x4944, 0x4944, 0x4944, 0x4944,
  0x4944, 0x4944, 0x4964, 0x5184, 0x59A5, 0x51A5, 0x59C5, 0x59C5, 0x51A5, 0x5164, 0x4944, 0x4944,
  0x4944, 0x4964, 0x4903, 0xD1CE, 0xFAD3, 0xFA92, 0xFA93, 0xFAD3, 0xF271, 0xE9D0, 0xFA92, 0xFA72,
  0xE9AF, 0xFA93, 0xFA93, 0xFA93, 0xFAD3, 0xF231, 0x8806, 0x0000, 0x0000, 0x0000, 0x0000, 0x0000,
  0x0000, 0x0000, 0x0000, 0x0000, 0x0000, 0x0000, 0x7800, 0x0000, 0x2881, 0x4944, 0x4944, 0x4944,
  0x4944, 0x4944, 0x4944, 0x4944, 0x4944, 0x4944, 0x4944, 0x4964, 0x5164, 0x4964, 0x5184, 0x4944,
  0x4964, 0x4964, 0x4964, 0x4944, 0x4944, 0x4964, 0x4923, 0xD9CF, 0xFAB3, 0xFA92, 0xFA92, 0xFAB3,
  0xF251, 0xFA11, 0xFAD3, 0xFA52, 0xE9AF, 0xFAB3, 0xFA93, 0xFA72, 0xFAD3, 0xE9AF, 0x7804, 0x0000,
  0x0000, 0x0000, 0x0000, 0x0000, 0x0000, 0x0000, 0x0000, 0x0000, 0x0000, 0x0000, 0x0000, 0x2040,
  0x30C2, 0x4944, 0x4944, 0x4944, 0x4944, 0x4944, 0x4944, 0x4944, 0x4944, 0x4944, 0x4944, 0x4944,
  0x4944, 0x4964, 0x4943, 0x6206, 0x4964, 0x4964, 0x4944, 0x4944, 0x4944, 0x4964, 0x4123, 0xC9CD,
  0xFAD4, 0xF292, 0xFAB2, 0xFAD3, 0xF211, 0xC0EB, 0xF231, 0xE9AF, 0xF231, 0xFA93, 0xFA93, 0xFA72,
  0xFAD4, 0xC8EB, 0x5802, 0x0000, 0x0000, 0x0000, 0x0000, 0x0000, 0x0000, 0x0000, 0x0000, 0x0000,
  0x0000, 0x3800, 0x0000, 0x2060, 0x4103, 0x4964, 0x4944, 0x4944, 0x4944, 0x4944, 0x4944, 0x4944,
  0x4944, 0x4944, 0x4944, 0x4944, 0x4944, 0x4123, 0x4984, 0xEDF2, 0x7AA8, 0x4103, 0x5164, 0x4944,
  0x4964, 0x4944, 0x4143, 0x9128, 0xFA53, 0xFAB4, 0xFAD3, 0xE98F, 0x7045, 0x3062, 0x5043, 0xA8E9,
  0xFAD4, 0xFA92, 0xFA72, 0xFA93, 0xFA52, 0x9827, 0x2000, 0x0000, 0x0000, 0x0000, 0x0000, 0x0000,
  0x0000, 0x0000, 0x0000, 0x0000, 0x0000, 0x3800, 0x0000, 0x2881, 0x4943, 0x4964, 0x4944, 0x4944,
  0x4944, 0x4944, 0x4944, 0x4944, 0x4944, 0x4944, 0x4944, 0x4944, 0x4944, 0x3903, 0xC4EE, 0xFE94,
  0xE5D2, 0x51A5, 0x4123, 0x5164, 0x4964, 0x4964, 0x4123, 0x6A06, 0xCA6D, 0xB12B, 0x98E9, 0x5063,
  0x3902, 0x4123, 0x4163, 0x40A2, 0xC14C, 0xFAD4, 0xFAB3, 0xFAB4, 0xC8EB, 0x6003, 0x0000, 0x0000,
  0x0000, 0x0000, 0x0000, 0x0000, 0x0000, 0x0000, 0x0000, 0x3800, 0x5000, 0x7800, 0x0000, 0x28A1,
  0x4944, 0x4944, 0x4944, 0x4944, 0x4944, 0x4944, 0x4944, 0x4944, 0x4944, 0x4944, 0x4944, 0x4964,
  0x38E3, 0xB44D, 0xFE93, 0xFE53, 0xFED5, 0xDD70, 0x5185, 0x4103, 0x4964, 0x5184, 0x3903, 0x8329,
  0xE633, 0x4143, 0x28C2, 0x4143, 0x4944, 0x4944, 0x4944, 0x4143, 0x3862, 0xA8CA, 0xE9D0, 0xD10C,
  0x7004, 0x01E0, 0x5000, 0x0000, 0x0000, 0x0000, 0x0000, 0x0000, 0x0000, 0x0000, 0x0000, 0x0000,
  0x0000, 0x0000, 0x0000, 0x30A2, 0x4944, 0x4944, 0x4944, 0x4944, 0x4944, 0x4944, 0x4944, 0x4944,
  0x4944, 0x4944, 0x4964, 0x38E3, 0xA3EB, 0xFE94, 0xF612, 0xC46C, 0xBC2A, 0xFE32, 0xEDF2, 0x82E9,
  0x4123, 0x3903, 0x38C2, 0x7A88, 0xFEF6, 0xD530, 0x4943, 0x4103, 0x4964, 0x4944, 0x4944, 0x4924,
  0x4143, 0x30C2, 0x5063, 0x6003, 0x02A0, 0x7800, 0x0000, 0x0000, 0x0000, 0x0000, 0x0000, 0x5000,
  0x0000, 0x0000, 0x2040, 0x2881, 0x28A1, 0x30A2, 0x28A1, 0x30A2, 0x4944, 0x4944, 0x4944, 0x4944,
  0x4944, 0x4944, 0x4944, 0x4944, 0x4944, 0x4944, 0x38E2, 0xA3EB, 0xFE73, 0xFE33, 0xEDB1, 0xBC2B,
  0xB3C9, 0xE570, 0xFE74, 0xFE74, 0xD52F, 0x9BAB, 0x7AA8, 0x936A, 0xEDB0, 0xBBE9, 0x9B27, 0x59C5,
  0x4103, 0x4944, 0x4944, 0x4944, 0x4944, 0x4944, 0x3902, 0x2080, 0x0000, 0x3800, 0x0000, 0x0000,
  0x0000, 0x0000, 0x5000, 0x0000, 0x2060, 0x2881, 0x38E2, 0x4923, 0x4944, 0x4944, 0x4944, 0x4143,
  0x4944, 0x4944, 0x4944, 0x4944, 0x4964, 0x4964, 0x4944, 0x4944, 0x4944, 0x4123, 0xB44D, 0xFE93,
  0xFE12, 0xFE32, 0xFE33, 0xFE94, 0xFE94, 0xFE32, 0xFE12, 0xFE12, 0xFE53, 0xFE94, 0xFE94, 0xFE53,
  0xF5F1, 0xF5F2, 0xFE53, 0xEDF2, 0x8309, 0x3903, 0x3903, 0x4944, 0x4944, 0x4964, 0x40E3, 0x2841,
  0x0000, 0x0000, 0x0000, 0x0000, 0x0000, 0x5000, 0x0000, 0x2861, 0x30C2, 0x4943, 0x4964, 0x4964,
  0x4964, 0x4944, 0x4944, 0x4944, 0x4944, 0x4944, 0x4964, 0x4964, 0x4123, 0x4103, 0x4944, 0x4964,
  0x4964, 0xCCEE, 0xFE93, 0xFE12, 0xFE32, 0xFE32, 0xFE53, 0xFE53, 0xFE53, 0xFE52, 0xFE32, 0xFE32,
  0xFE32, 0xFE12, 0xFE32, 0xFE33, 0xFE32, 0xFE73, 0xFE73, 0xFE73, 0xFE53, 0xCD0F, 0x7287, 0x4123,
  0x4944, 0x5164, 0x38E2, 0x1800, 0x0000, 0x0000, 0x0000, 0x0000, 0x0000, 0x0000, 0x2061, 0x38E2,
  0x4944, 0x4964, 0x4944, 0x4944, 0x4944, 0x4944, 0x4944, 0x4944, 0x4944, 0x4944, 0x4944, 0x4124,
  0x6A47, 0x7267, 0x5184, 0x30C2, 0x9BAB, 0xFEB4, 0xF612, 0xFE32, 0xFE32, 0xFE53, 0xE5B1, 0x4185,
  0x3964, 0xDD90, 0xFE53, 0xFE32, 0xFE32, 0xFE32, 0xFE32, 0xFE33, 0xFE73, 0x6AA8, 0x3984, 0xBCAE,
  0xFE73, 0xFEB4, 0xD550, 0x4103, 0x4964, 0x4923, 0x3081, 0x0000, 0x5000, 0x0000, 0x0000, 0x0000,
  0x0000, 0x2020, 0x30C2, 0x4944, 0x4944, 0x4944, 0x4944, 0x4944, 0x4944, 0x4944, 0x4944, 0x4944,
  0x4944, 0x4944, 0x4964, 0xBCAE, 0xFE73, 0xFE73, 0xE591, 0x6A67, 0xDD90, 0xFE53, 0xFE32, 0xFE32,
  0xFE12, 0xFE94, 0x62A8, 0x0000, 0x0000, 0x834A, 0xFEB4, 0xF612, 0xFE32, 0xFE32, 0xFE12, 0xFE94,
  0xAC4D, 0x0000, 0x0000, 0x7309, 0xFEB4, 0xFE33, 0xEDD2, 0x8286, 0x5143, 0x30C2, 0x2061, 0x0000,
  0x0000, 0x0000, 0x0000, 0x0000, 0x0000, 0x2881, 0x4923, 0x4964, 0x4944, 0x4944, 0x4944, 0x4944,
  0x4944, 0x4944, 0x4944, 0x4944, 0x4964, 0x4103, 0x9B8B, 0xFEB4, 0xFE12, 0xFE12, 0xFE53, 0xF612,
  0xF612, 0xFE32, 0xFE32, 0xFE32, 0xFE32, 0xFE94, 0x49E5, 0x0000, 0x0000, 0x93AB, 0xFEB4, 0xF612,
  0xFE33, 0xFE53, 0xF632, 0xFEB4, 0x836A, 0x0000, 0x0000, 0x7B29, 0xFE93, 0xFE12, 0xF5D1, 0xFE32,
  0xB40B, 0x3080, 0x0000, 0x6180, 0x0000, 0x0000, 0x0000, 0x0000, 0x0000, 0x30A1, 0x4944, 0x4944,
  0x4944, 0x4944, 0x4944, 0x4944, 0x4944, 0x4944, 0x4944, 0x4944, 0x4964, 0x4123, 0xC4CE, 0xFE74,
  0xFE32, 0xFE32, 0xFE12, 0xFE33, 0xFE32, 0xFE32, 0xFE33, 0xFE33, 0xFE32, 0xFE74, 0xBCAE, 0x1881,
  0x4184, 0xEDF2, 0xFE53, 0xFE33, 0xFE12, 0xFD90, 0xFE12, 0xFE53, 0xE5B1, 0x3964, 0x41A5, 0xE5D2,
  0xFE53, 0xFE33, 0xED2E, 0xF5B0, 0xF612, 0x5963, 0x2060, 0x0000, 0x5000, 0x0000, 0x0000, 0x0000,
  0x0000, 0x2881, 0x4923, 0x4944, 0x4944, 0x4944, 0x4944, 0x4944, 0x4944, 0x4944, 0x4944, 0x4964,
  0x5164, 0x40E3, 0xB44D, 0xFE94, 0xF612, 0xFE32, 0xFE32, 0xFE12, 0xFE32, 0xFE32, 0xFE33, 0xFE12,
  0xFDF2, 0xFDF2, 0xFE73, 0xEDD1, 0xFE12, 0xFE33, 0xFE73, 0xFE94, 0xFE94, 0xFE11, 0xFE73, 0xFE53,
  0xFE73, 0xFE53, 0xFE33, 0xFE33, 0xFE33, 0xFE33, 0xDCCD, 0xFE12, 0xEDB0, 0x5984, 0x38E3, 0x30A1,
  0x0000, 0x7800, 0x0000, 0x0000, 0x0000, 0x2081, 0x28A1, 0x4123, 0x4964, 0x4944, 0x4944, 0x4944,
  0x4944, 0x4944, 0x4964, 0x4964, 0x38E2, 0x2881, 0x6A47, 0xFE53, 0xFE93, 0xFE73, 0xFE94, 0xFE53,
  0xFE32, 0xFE32, 0xFE32, 0xFDF2, 0xFDB1, 0xFDF2, 0xFE12, 0xFE53, 0xFE32, 0xFDF2, 0xFAEA, 0xFB0A,
  0xFBED, 0xFC8F, 0xFCEF, 0xFE32, 0xFE33, 0xFE12, 0xFDD2, 0xFDB2, 0xFE53, 0xEDD1, 0xED70, 0xFED5,
  0xA389, 0x4103, 0x4964, 0x4103, 0x2881, 0x0000, 0x5000, 0x0000, 0x0000, 0x0000, 0x2020, 0x4103,
  0x5164, 0x4944, 0x4944, 0x4944, 0x4964, 0x4964, 0x4944, 0x30C2, 0x2061, 0x6266, 0x2881, 0x6A26,
  0xC4AE, 0xDD71, 0xAC2D, 0x9328, 0xFE53, 0xFE53, 0xFE12, 0xFE32, 0xFE12, 0xFE12, 0xFE32, 0xFE12,
  0xFE53, 0xFD91, 0xF966, 0xF966, 0xF946, 0xF8E5, 0xF9E8, 0xFE32, 0xFE32, 0xFE13, 0xFE12, 0xFE12,
  0xFE53, 0xA368, 0xABAA, 0x8AC7, 0x4943, 0x4944, 0x4944, 0x5164, 0x4123, 0x2881, 0x0000, 0x0000,
  0x0000, 0x3800, 0x3000, 0x30A1, 0x4123, 0x4964, 0x4964, 0x4964, 0x4944, 0x3903, 0x28A1, 0x2060,
  0x0000, 0x0000, 0x3186, 0x1840, 0x30C2, 0x4123, 0x38E3, 0x40E2, 0xA368, 0xFE73, 0xFE53, 0xFE12,
  0xFE12, 0xFE32, 0xFE33, 0xFE32, 0xFE53, 0xFDD2, 0xFAAA, 0xFA8A, 0xFAAA, 0xF9A7, 0xFC0D, 0xFE93,
  0xFE12, 0xFE32, 0xFE53, 0xFE73, 0xA368, 0x4102, 0x4103, 0x4103, 0x4944, 0x4944, 0x4944, 0x4944,
  0x5164, 0x38E2, 0x2041, 0x0000, 0x0000, 0x0000, 0x0000, 0x2120, 0x28A1, 0x30C2, 0x30C2, 0x30C2,
  0x28A1, 0x2061, 0x0000, 0x0000, 0x0000, 0x5000, 0x79E0, 0x0000, 0x30A0, 0x2860, 0x4124, 0x6269,
  0x6A89, 0xA369, 0xED90, 0xFE74, 0xFE33, 0xFE12, 0xFE12, 0xFE32, 0xFE12, 0xFE52, 0xFBED, 0xFA08,
  0xFA49, 0xFB8C, 0xFE12, 0xFE32, 0xFE32, 0xFE73, 0xFE53, 0xA368, 0x4102, 0x4944, 0x4964, 0x4964,
  0x4944, 0x4944, 0x4944, 0x4944, 0x4964, 0x4923, 0x2881, 0x0000, 0x0000, 0x0000, 0x0000, 0x0000,
  0x0000, 0x0000, 0x0000, 0x0000, 0x0000, 0x0000, 0x0000, 0x5000, 0xAAAA, 0x0000, 0x0000, 0x0000,
  0x6AEB, 0xA4F3, 0xC5F7, 0xE71C, 0xEF7D, 0xDEDA, 0xBCD0, 0xC44B, 0xEDB0, 0xFE93, 0xFE74, 0xFE33,
  0xFE33, 0xFE32, 0xFE12, 0xFD30, 0xFD71, 0xFE53, 0xFE73, 0xFE94, 0xFE32, 0xCCAD, 0x7A45, 0x4902,
  0x4964, 0x4944, 0x4964, 0x4964, 0x4944, 0x4944, 0x4944, 0x4944, 0x4944, 0x4944, 0x30A2, 0x0000,
  0x0000, 0x0000, 0x0000, 0x0000, 0x3800, 0x0000, 0x0000, 0x0000, 0x3800, 0x5000, 0x52A0, 0x0000,
  0x0000, 0x0800, 0x6182, 0x8AE6, 0xAC2C, 0xC5D6, 0xFFFF, 0xFFFF, 0xFFFF, 0xFFFF, 0xFFFF, 0xDEB9,
  0xBB8D, 0xBB09, 0xCCCD, 0xDD8F, 0xEDB0, 0xF5B0, 0xF611, 0xF6B3, 0xF631, 0xED8F, 0xE54F, 0xBC4C,
  0x8AA6, 0x40E0, 0x1000, 0x4123, 0x5164, 0x4964, 0x4944, 0x4944, 0x4944, 0x4944, 0x4944, 0x4944,
  0x4964, 0x5164, 0x30A2, 0x0000, 0x0000, 0x0000, 0x0000, 0x0000, 0x0000, 0x0000, 0x0000, 0x0000,
  0x0000, 0xAAAA, 0x0000, 0x0000, 0x61A2, 0xA389, 0xE54F, 0xFE32, 0xFE93, 0xC510, 0xDEFB, 0xFFFF,
  0xFFDF, 0xFFDF, 0xFFBE, 0xFFFF, 0xFDBA, 0xE88C, 0xD0CA, 0xB929, 0xAB69, 0xB46A, 0xBB8A, 0xCAAA,
  0xC4B0, 0x93AB, 0x5962, 0x3880, 0x0000, 0x0000, 0x0000, 0x1000, 0x3081, 0x4944, 0x4944, 0x4944,
  0x4944, 0x4944, 0x4944, 0x4944, 0x4944, 0x4103, 0x2881, 0x0000, 0x0000, 0x0000, 0x0000, 0x0000,
  0x0000, 0x0000, 0x0000, 0x0000, 0xFFFF, 0x0000, 0x38A0, 0x9327, 0xEDB0, 0xFE74, 0xFE73, 0xFE12,
  0xFE32, 0xEDF2, 0xCE17, 0xFFFF, 0xFFDF, 0xFFDF, 0xFFDF, 0xFFFF, 0xF71C, 0xF18F, 0xF92F, 0xF8CE,
  0xF9EF, 0xFBB0, 0xFA30, 0xF971, 0xFF7F, 0xEF7E, 0x732D, 0x0000, 0x0000, 0x61A2, 0xA389, 0xB40B,
  0x8AE7, 0x4922, 0x4123, 0x4964, 0x4964, 0x4944, 0x5164, 0x4944, 0x30A2, 0x2881, 0x0000, 0x0000,
  0x0000, 0x0000, 0x0000, 0x0000, 0x0000, 0x0000, 0x0000, 0x7BE0, 0x0000, 0x5962, 0xC46C, 0xFE73,
  0xFE73, 0xFE12, 0xFE12, 0xFE12, 0xFE32, 0xF612, 0xC594, 0xFFFF, 0xFFDF, 0xFFDF, 0xFFFF, 0xFFFF,
  0xFFFF, 0xEA91, 0xF0AE, 0xF2D2, 0xFD19, 0xFCB8, 0xFAF3, 0xFDBA, 0xF7FF, 0xFFFF, 0xD658, 0x5A69,
  0x7224, 0xE56F, 0xFEB4, 0xFE73, 0xFE73, 0xDD2E, 0x5962, 0x38E2, 0x4944, 0x4944, 0x4923, 0x30C2,
  0x2860, 0x0000, 0x7800, 0x0000, 0x0000, 0x0000, 0x0000, 0x0000, 0x0000, 0x0000, 0x7BE0, 0x0000,
  0x5982, 0xDD0E, 0xFE94, 0xFE32, 0xFE12, 0xFE32, 0xFE32, 0xFE12, 0xFE33, 0xFE52, 0xC552, 0xF7DF,
  0xFFFF, 0xFFFF, 0xF77D, 0xF77D, 0xFFFF, 0xE475, 0xF8AE, 0xF3D4, 0xFFFF, 0xFFFF, 0xFFFF, 0xFF7E,
  0xFFBF, 0xF7BE, 0xFFDF, 0x8BAD, 0xB40A, 0xFEB4, 0xF612, 0xFE12, 0xF5F2, 0xFE94, 0xBC0A, 0x3860,
  0x38C2, 0x30C2, 0x28A1, 0x2081, 0x0000, 0x3800, 0x0000, 0x0000, 0x0000, 0x0000, 0x0000, 0x0000,
  0x0000, 0x52A0, 0x0000, 0x3880, 0xC46C, 0xFEB4, 0xF612, 0xFE32, 0xFE32, 0xFE32, 0xFE33, 0xFE94,
  0xFE73, 0xE52E, 0xB512, 0xEF7E, 0xD699, 0xC5F7, 0xCE38, 0xF79E, 0xFFFF, 0xEDF9, 0xF18F, 0xF251,
  0xF77E, 0xFCF9, 0xFB96, 0xFB14, 0xFD5A, 0xEFBE, 0xEF5D, 0xBD74, 0xDCEE, 0xFE53, 0xFE33, 0xFE32,
  0xFE12, 0xFE53, 0xDD0E, 0x5121, 0x0000, 0x0000, 0x0000, 0x0000, 0x0000, 0x0000, 0x0000, 0x0000,
  0x0000, 0x0000, 0x0000, 0x0000, 0x0000, 0xFFFF, 0x0000, 0x7224, 0xFE52, 0xFE33, 0xFE32, 0xFE32,
  0xFE32, 0xFE33, 0xFE32, 0xC48D, 0x82A6, 0x61E6, 0x83CF, 0x934E, 0xC412, 0xEF5D, 0xFFFF, 0xFFDF,
  0xFFFF, 0xF77D, 0xEA71, 0xF990, 0xF65A, 0xFD19, 0xF9D1, 0xFAB3, 0xFE1B, 0xEF7D, 0xC5D8, 0xCD32,
  0xED8F, 0xFE33, 0xFE32, 0xFE33, 0xFE12, 0xFE74, 0xD4ED, 0x38A0, 0x3807, 0x4920, 0x3800, 0x0000,
  0x0000, 0x0000, 0x0000, 0x0000, 0x0000, 0x0000, 0x0000, 0x0000, 0x0000, 0x0000, 0x0000, 0x9307,
  0xFE53, 0xFE32, 0xFE32, 0xFE32, 0xFE32, 0xFE73, 0x9307, 0x3880, 0x0000, 0x0000, 0x0000, 0xC1CC,
  0xFF3E, 0xFFFF, 0xFFDF, 0xFFDF, 0xFFDF, 0xFFFF, 0xE353, 0xF8AE, 0xEC35, 0xFFFF, 0xFCD8, 0xFC97,
  0xFFFF, 0xDF1B, 0xAC8E, 0xF611, 0xFE33, 0xFE12, 0xFE32, 0xFE33, 0xFE53, 0xFEB5, 0x9B27, 0x1800,
  0x0000, 0x7800, 0x0000, 0x0000, 0x0000, 0x0000, 0x0000, 0x0000, 0x0000, 0x0000, 0x0000, 0x0000,
  0x0000, 0xFBEF, 0x0000, 0x7A44, 0xFE32, 0xFE32, 0xFE12, 0xF612, 0xFE94, 0xEDB1, 0x5942, 0x0000,
  0x0000, 0x7024, 0xB0A9, 0xD8EC, 0xE598, 0xFFFF, 0xFFDF, 0xFFDF, 0xFFDF, 0xFFFF, 0xE496, 0xF06D,
  0xEA91, 0xFFFF, 0xFFFF, 0xFFFF, 0xFFFF, 0xD577, 0xE26D, 0xF4B0, 0xFE53, 0xFE12, 0xF612, 0xFE53,
  0xFE53, 0xB3EA, 0x5100, 0x0000, 0x7BE0, 0x0000, 0x0000, 0x0000, 0x0000, 0x0000, 0x0000, 0x0000,
  0x0000, 0x0000, 0x0000, 0x0000, 0x0000, 0x52A0, 0x0000, 0x3860, 0xABA9, 0xFE73, 0xFE94, 0xFEB4,
  0xFE53, 0x82A7, 0x0800, 0x4841, 0x9047, 0xD0EC, 0xF96F, 0xF96F, 0xD8EC, 0xDC34, 0xFFBE, 0xFFFF,
  0xFFFF, 0xFFFF, 0xE5F9, 0xE92E, 0xF210, 0xF73D, 0xF538, 0xF456, 0xF374, 0xF16F, 0xF9B1, 0xE18D,
  0xF5D1, 0xFE33, 0xFE52, 0xCC8C, 0x7A44, 0x3880, 0x0000, 0x7800, 0x0000, 0x0000, 0x0000, 0x0000,
  0x0000, 0x0000, 0x0000, 0x0000, 0x0000, 0x0000, 0x0000, 0x0000, 0x0000, 0x0000, 0x7800, 0x0000,
  0x48E0, 0x8AA6, 0xABEA, 0xABEA, 0x8265, 0x30A0, 0x7003, 0xA889, 0xF16F, 0xF9B0, 0xF96F, 0xF98F,
  0xF96F, 0xE8CD, 0xD1EE, 0xDCF6, 0xF73D, 0xFFFF, 0xF7DF, 0xEA70, 0xF9F0, 0xEC15, 0xF1B0, 0xF9B0,
  0xF8CE, 0xF0CD, 0xF98F, 0xF0AD, 0xD2CB, 0xFEF4, 0xDCEE, 0x5982, 0x0000, 0x0000, 0x7BE0, 0x0000,
  0x0000, 0x0000, 0x0000, 0x0000, 0x0000, 0x0000, 0x0000, 0x0000, 0x0000, 0x0000, 0x0000, 0x0000,
  0x0000, 0x0000, 0x0000, 0x7800, 0x0000, 0x0000, 0x2800, 0x2000, 0x0000, 0x8805, 0xC0CA, 0xF990,
  0xF9B0, 0xF98F, 0xF9B0, 0xF92F, 0xF94F, 0xF9F1, 0xF96F, 0xE0CD, 0xD14D, 0xD311, 0xDC54, 0xD20E,
  0xF94F, 0xF415, 0xFAB2, 0xF90F, 0xF1AF, 0xF456, 0xF4B7, 0xFD18, 0xE9D0, 0xB2CA, 0x59E3, 0x0000,
  0xFFFF, 0x39E0, 0x0000, 0x0000, 0x0000, 0x0000, 0x0000, 0x0000, 0x0000, 0x0000, 0x0000, 0x0000,
  0x0000, 0x0000, 0x0000, 0x0000, 0x0000, 0x0000, 0x0000, 0x0000, 0x5000, 0x0000, 0x0000, 0x0000,
  0x8825, 0xD8EC, 0xF9B0, 0xF98F, 0xF98F, 0xF9B0, 0xF94F, 0xF94F, 0xF9D0, 0xF990, 0xF9B0, 0xF990,
  0xF96F, 0xF96F, 0xF12E, 0xD8AB, 0xF0EE, 0xFEBC, 0xFE3A, 0xF2F2, 0xF63B, 0xFDBA, 0xFAD2, 0xFEDC,
  0xFE7D, 0xC008, 0x5081, 0xFFFF, 0x7800, 0x0000, 0x0000, 0x0000, 0x0000, 0x0000, 0x0000, 0x0000,
  0x0000, 0x0000, 0x0000, 0x0000, 0x0000, 0x0000, 0x0000, 0x0000, 0x0000, 0x0000, 0x0000, 0x0000,
  0x0000, 0x9806, 0x52A0, 0x9026, 0xF10E, 0xF9B0, 0xF18F, 0xF98F, 0xF9B0, 0xF94F, 0xF96F, 0xF9D0,
  0xF9AF, 0xF9B0, 0xF9B0, 0xF94E, 0xF9B0, 0xF9D0, 0xF9F1, 0xF16E, 0xE8AD, 0xFD59, 0xFFFF, 0xFFFF,
  0xFE9C, 0xF8EE, 0xFBD4, 0xFD18, 0xFFFF, 0xFA93, 0x9805, 0x0000, 0xA80A, 0x0000, 0x0000, 0x0000,
  0x0000, 0x0000, 0x0000, 0x0000, 0x0000, 0x0000, 0x0000, 0x0000, 0x0000, 0x0000, 0x0000, 0x0000,
  0x0000, 0x0000, 0x0000, 0x0000, 0x0000, 0x500A, 0x7800, 0x8005, 0xB88A, 0xF9B0, 0xF9B0, 0xF9AF,
  0xF96F, 0xF92E, 0xF9D0, 0xF9AF, 0xF9AF, 0xF9B0, 0xF98F, 0xF94E, 0xF9D0, 0xF9B0, 0xF9B0, 0xF18F,
  0xE88C, 0xFC16, 0xFFFF, 0xFFDF, 0xFFBF, 0xFDD9, 0xFF1D, 0xF9B0, 0xFF7E, 0xFDDA, 0xC028, 0x40C3,
  0x0000, 0x7800, 0x0000, 0x0000, 0x0000, 0x0000, 0x0000, 0x0000, 0x0000, 0x0000, 0x0000, 0x0000,
  0x0000, 0x0000, 0x0000, 0x0000, 0x0000, 0x0000, 0x0000, 0x0000, 0x0000, 0x7800, 0x0000, 0x0000,
  0x5800, 0xB869, 0xF16F, 0xF9B0, 0xF90E, 0xF9AF, 0xF9B0, 0xF9B0, 0xF9AF, 0xF9B0, 0xF94E, 0xF96F,
  0xF9D0, 0xF9B0, 0xF9B0, 0xF9B0, 0xE08C, 0xFAF3, 0xFFFF, 0xFFFF, 0xFB94, 0xFA31, 0xFD58, 0xF9B0,
  0xFFBF, 0xFF1D, 0xD88B, 0x6823, 0x0000, 0xA80A, 0x0000, 0x0000, 0x0000, 0x0000, 0x0000, 0x0000,
  0x0000, 0x0000, 0x0000, 0x0000, 0x0000, 0x0000, 0x0000, 0x0000, 0x0000, 0x0000, 0x0000, 0x0000,
  0x5000, 0x0000, 0x3800, 0x9805, 0xA868, 0x6803, 0x9046, 0xD8EC, 0xF98F, 0xF9F0, 0xF9D0, 0xF9AF,
  0xF9AF, 0xF9B0, 0xF90E, 0xF990, 0xF9D0, 0xF9B0, 0xF9B0, 0xF9D0, 0xE90D, 0xF10E, 0xFEDD, 0xFFFF,
  0xFBD5, 0xFBD5, 0xFFFF, 0xFFFF, 0xFFFF, 0xFB96, 0xC009, 0x5063, 0x0000, 0x5000, 0x0000, 0x0000,
  0x0000, 0x0000, 0x0000, 0x0000, 0x0000, 0x0000, 0x0000, 0x0000, 0x0000, 0x0000, 0x0000, 0x0000,
  0x0000, 0x0000, 0x0000, 0x5000, 0x0000, 0x5802, 0xB0C9, 0xFCF8, 0xFA92, 0xC849, 0xA028, 0xA005,
  0xA807, 0xD90C, 0xF98F, 0xF9D0, 0xF9D0, 0xF9AF, 0xF0ED, 0xF9B0, 0xF9B0, 0xF9B0, 0xF9B0, 0xF9D0,
  0xF14E, 0xE02B, 0xFB14, 0xFFDF, 0xFFFF, 0xFFFF, 0xFEFD, 0xFCF9, 0xFA32, 0xD84B, 0x8846, 0x0000,
  0x780F, 0x0000, 0x0000, 0x0000, 0x0000, 0x0000, 0x0000, 0x0000, 0x0000, 0x0000, 0x0000, 0x0000,
  0x0000, 0x0000, 0x0000, 0x0000, 0x0000, 0x0000, 0x780F, 0xFFE0, 0x50A3, 0xA8A8, 0xFE5C, 0xFB74,
  0xF86C, 0xF8AD, 0xF84C, 0xEBF4, 0xDC35, 0xDAD2, 0xD26F, 0xD8EC, 0xF190, 0xF990, 0xF92E, 0xF9D0,
  0xF9D0, 0xF9D0, 0xF9D0, 0xF9B0, 0xF8EF, 0xE84C, 0xE80C, 0xF9D1, 0xFB34, 0xFA32, 0xF8AE, 0xD82A,
  0xB028, 0x7866, 0x0000, 0xF800, 0x0000, 0x0000, 0x0000, 0x0000, 0x0000, 0x0000, 0x0000, 0x0000,
  0x0000, 0x0000, 0x0000, 0x0000, 0x0000, 0x0000, 0x0000, 0x0000, 0x0000, 0x0000, 0xA80A, 0x0000,
  0x9006, 0xFD7A, 0xFC57, 0xF80A, 0xF8AD, 0xF86C, 0xFCD7, 0xFFFF, 0xFCFA, 0xFEFE, 0xF6B5, 0xDC2D,
  0xD2AC, 0xD18B, 0xD92C, 0xE12D, 0xE12D, 0xD90D, 0xD12C, 0xD16B, 0xC9AA, 0xD26B, 0xD34C, 0xDACC,
  0xD18A, 0x9866, 0x9027, 0x70A6, 0x0260, 0x0000, 0xF800, 0x0000, 0x0000, 0x0000, 0x0000, 0x0000,
  0x0000, 0x0000, 0x0000, 0x0000, 0x0000, 0x0000, 0x0000, 0x0000, 0x0000, 0x0000, 0x0000, 0x0000,
  0x0000, 0xA80A, 0x0000, 0x7002, 0xDAF1, 0xFE7C, 0xF84C, 0xF8AD, 0xF82B, 0xFA10, 0xFFFF, 0xFE1B,
  0xFCD9, 0xFF9C, 0xFE11, 0xFE73, 0xFE11, 0xF56E, 0xECEF, 0xDC4D, 0xAAE8, 0xDC4D, 0xE48C, 0xED4E,
  0xF5F0, 0xFE52, 0xFE93, 0xFE72, 0xFE51, 0xB42A, 0x3920, 0x0000, 0xFFE0, 0xA80A, 0x0000, 0x0000,
  0x0000, 0x0000, 0x0000, 0x0000, 0x0000, 0x0000, 0x0000, 0x0000, 0x0000, 0x0000, 0x0000, 0x0000,
  0x0000, 0x0000, 0x0000, 0x0000, 0x0000, 0xF800, 0x01E0, 0xA048, 0xFE7C, 0xFA51, 0xF86C, 0xF8CD,
  0xF80A, 0xFC15, 0xFFFF, 0xFD19, 0xFD7B, 0xFF9A, 0xFE12, 0xFE33, 0xFE12, 0xFE12, 0xFE32, 0xFE32,
  0xE52D, 0xD4AB, 0xFE52, 0xFE12, 0xFE33, 0xFE33, 0xFE12, 0xFE12, 0xFE12, 0xFE52, 0xA349, 0x4060,
  0x0000, 0x5000, 0x0000, 0x0000, 0x0000, 0xA80A, 0x7807, 0xF80F, 0xA80A, 0xA80A, 0x0000, 0x0000,
  0x0000, 0x0000, 0x0000, 0x0000, 0x0000, 0x0000, 0x0000, 0x0000, 0xA80A, 0x0000, 0x6801, 0xDAD0,
  0xFE3B, 0xF82B, 0xF86C, 0xF90E, 0xF90E, 0xFAF2, 0xFFFF, 0xFD5A, 0xFD1A, 0xFF9B, 0xFE12, 0xFE33,
  0xFE12, 0xFE12, 0xFDF2, 0xFE53, 0xF5D0, 0x7A24, 0xD4EE, 0xFE94, 0xFE12, 0xFE33, 0xFE32, 0xFE32,
  0xFE32, 0xFE53, 0xFF9C, 0x920A, 0x2800, 0xFFFF, 0x9806, 0x7807, 0x0000, 0x0000, 0x0000, 0x0000,
  0x0000, 0x0000, 0xF800, 0x0000, 0x0000, 0x0000, 0x0000, 0x0000, 0x0000, 0x0000, 0x0000, 0x0000,
  0xA80A, 0x0000, 0x8804, 0xFD38, 0xFBB5, 0xF809, 0xF8AD, 0xFA92, 0xFB13, 0xF92E, 0xFDB9, 0xFE3B,
  0xFC79, 0xFFFF, 0xFED5, 0xFE73, 0xFE73, 0xFE94, 0xFE73, 0xED6F, 0x8285, 0x1800, 0x7A44, 0xF5F1,
  0xFE73, 0xFE12, 0xFE33, 0xFE32, 0xFE33, 0xFF9C, 0xFF7F, 0xF3B6, 0x9888, 0x0000, 0x0000, 0x0000,
  0x0540, 0x6045, 0x8805, 0x9807, 0x8805, 0x6825, 0x0000, 0x7800, 0x0000, 0x0000, 0x0000, 0x0000,
  0x0000, 0x0000, 0x0000, 0x0000, 0xF81F, 0x0000, 0xA007, 0xFDFA, 0xFCB7, 0xFCD7, 0xFB54, 0xFAB2,
  0xFB34, 0xF98F, 0xB808, 0x9909, 0xA92B, 0xB2AF, 0xBBCD, 0xC46C, 0xD4CE, 0xC48D, 0x9328, 0x61A2,
  0x1800, 0x0000, 0x0800, 0x82A6, 0xFE12, 0xFE32, 0xFE11, 0xFE74, 0xFFBD, 0xFFBF, 0xFC37, 0xFDDB,
  0xED58, 0xA0C8, 0x8005, 0x9806, 0xA027, 0xC829, 0xF3F5, 0xFE1B, 0xF3F5, 0xC069, 0x6824, 0x0000,
  0x500A, 0x0000, 0x0000, 0x0000, 0x0000, 0x0000, 0x0000, 0x0000, 0x0000, 0x0000, 0xA807, 0xFDBA,
  0xFE9C, 0xFFFF, 0xFFFF, 0xF415, 0xF970, 0xC829, 0x7044, 0x0000, 0x0000, 0x2800, 0x3800, 0x3080,
  0x40A0, 0x3880, 0x0000, 0x0000, 0x0000, 0x6180, 0x0000, 0x2020, 0x9B07, 0xFEB4, 0xFF18, 0xFFFF,
  0xFEFD, 0xFC17, 0xFCF9, 0xFFBF, 0xFFFF, 0xE9CF, 0xE12D, 0xF251, 0xF94F, 0xFBD5, 0xFFFF, 0xFFFF,
  0xFE3B, 0xFDDB, 0xB048, 0x4821, 0x0000, 0x7800, 0x0000, 0x0000, 0x0000, 0x0000, 0x0000, 0x0000,
  0xA80A, 0x0000, 0x9005, 0xFC56, 0xFE7C, 0xFF7E, 0xFFFF, 0xFE7C, 0xD809, 0x7045, 0x0000, 0xB9EF,
  0xFFFF, 0x0000, 0x0000, 0x0000, 0x0000, 0x0000, 0x0000, 0xAAA0, 0x0000, 0x0000, 0x7800, 0x0000,
  0x5020, 0xD3F2, 0xFF9F, 0xFD7A, 0xFBB6, 0xFD5A, 0xFFBF, 0xFFFF, 0xFD79, 0xF84C, 0xFB94, 0xFB94,
  0xF9D0, 0xFF1D, 0xFFFF, 0xFD79, 0xFEFD, 0xFC57, 0xD809, 0x6044, 0x0000, 0xA80A, 0x0000, 0x0000,
  0x0000, 0x0000, 0x0000, 0x0000, 0x500A, 0x0000, 0x6844, 0xB8CA, 0xFC97, 0xFD39, 0xFD18, 0xE94E,
  0x8825, 0x4225, 0xA80A, 0xF800, 0x0000, 0xF800, 0x5000, 0x39E0, 0x39E0, 0x52A0, 0x7800, 0x0000,
  0x0000, 0x0000, 0x0000, 0x79E7, 0x0000, 0x9047, 0xF334, 0xFD7A, 0xFEDD, 0xFFDF, 0xFFFF, 0xFF9E,
  0xF96F, 0xF86C, 0xF96E, 0xF96F, 0xF98F, 0xFF3D, 0xFD99, 0xFEDC, 0xFDB9, 0xF80C, 0xA827, 0x4842,
  0x0000, 0x7800, 0x0000, 0x0000, 0x0000, 0x0000, 0x0000, 0x0000, 0x0000, 0x7800, 0x0000, 0x6804,
  0xA807, 0xC049, 0xA806, 0x8004, 0x3924, 0x0000, 0xF800, 0x0000, 0x0000, 0x0000, 0x0000, 0x0000,
  0x0000, 0x0000, 0x0000, 0x0000, 0x0000, 0x0000, 0x0000, 0x0000, 0x79E7, 0x02A0, 0x90C8, 0xFEBC,
  0xFFFF, 0xFFFF, 0xFEFD, 0xFA10, 0xF84B, 0xF88C, 0xF86C, 0xF8AD, 0xF82B, 0xFB13, 0xFF3D, 0xFDFA,
  0xF84C, 0xE02A, 0x7024, 0x0000, 0xA80A, 0x0000, 0x0000, 0x0000, 0x0000, 0x0000, 0x0000, 0x0000,
  0x0000, 0x0000, 0x7800, 0x0000, 0x03E0, 0x3802, 0x1943, 0x0000, 0x0000, 0x0000, 0x0000, 0x0000,
  0x0000, 0x0000, 0x0000, 0x0000, 0x0000, 0x0000, 0x0000, 0x0000, 0x0000, 0x0000, 0x0000, 0x0000,
  0x780F, 0x0000, 0x4000, 0xB18C, 0xFE3B, 0xFC97, 0xF8CD, 0xF80B, 0xF8AC, 0xF8AC, 0xF8AC, 0xF80A,
  0xFA51, 0xFF9E, 0xFD79, 0xF84C, 0xF02B, 0x8826, 0x3863, 0xF800, 0x7800, 0x0000, 0x0000, 0x0000,
  0x0000, 0x0000, 0x0000, 0x0000, 0x0000, 0x0000, 0x0000, 0x500A, 0x0000, 0x0000, 0x0000, 0xA80A,
  0x0000, 0x0000, 0x0000, 0x0000, 0x0000, 0x0000, 0x0000, 0x0000, 0x0000, 0x0000, 0x0000, 0x0000,
  0x0000, 0x0000, 0x0000, 0x0000, 0x0000, 0xA80A, 0x0000, 0x6003, 0xB808, 0xF80B, 0xF86C, 0xF88C,
  0xF8AC, 0xF88C, 0xF82B, 0xFB94, 0xFFFF, 0xFC97, 0xF80B, 0xF02B, 0x9027, 0x5023, 0x0000, 0x7800,
  0x0000, 0x0000, 0x0000, 0x0000, 0x0000, 0x0000, 0x0000, 0x0000, 0x0000, 0x0000, 0x0000, 0x0000,
  0x0000, 0x7800, 0xF800, 0x0000, 0x0000, 0x0000, 0x0000, 0x0000, 0x0000, 0x0000, 0x0000, 0x0000,
  0x0000, 0x0000, 0x0000, 0x0000, 0x0000, 0x0000, 0x0000, 0x0000, 0x0000, 0x0000, 0x7807, 0x0000,
  0x6824, 0xD04A, 0xF8AD, 0xF88C, 0xF80A, 0xF8EE, 0xFDDA, 0xFFFF, 0xFB13, 0xF80B, 0xE84B, 0x9026,
  0x3801, 0x0000, 0x5000, 0x0000, 0x0000, 0x0000, 0x0000, 0x0000, 0x0000, 0x0000, 0x0000, 0x0000,
  0x0000, 0x0000, 0x0000, 0x0000, 0x0000, 0x0000, 0x0000, 0x0000, 0x0000, 0x0000, 0x0000, 0x0000,
  0x0000, 0x0000, 0x0000, 0x0000, 0x0000, 0x0000, 0x0000, 0x0000, 0x0000, 0x0000, 0x0000, 0x0000,
  0x0000, 0x0000, 0x0000, 0xA80A, 0x0000, 0x8806, 0xF08C, 0xF8CD, 0xFB33, 0xFF9E, 0xFEFD, 0xF9D0,
  0xF80B, 0xD02A, 0x8025, 0x4843, 0x0000, 0x500A, 0x0000, 0x0000, 0x0000, 0x0000, 0x0000, 0x0000,
  0x0000, 0x0000, 0x0000, 0x0000, 0x0000, 0x0000, 0x0000, 0x0000, 0x0000, 0x0000, 0x0000, 0x0000,
  0x0000, 0x0000, 0x0000, 0x0000, 0x0000, 0x0000, 0x0000, 0x0000, 0x0000, 0x0000, 0x0000, 0x0000,
  0x0000, 0x0000, 0x0000, 0x0000, 0x0000, 0x0000, 0x0000, 0x7800, 0xF81F, 0x5063, 0xA827, 0xFDBA,
  0xFFFF, 0xFC56, 0xF84C, 0xF80B, 0xB048, 0x7004, 0x0000, 0x0000, 0x7800, 0x0000, 0x0000, 0x0000,
  0x0000, 0x0000, 0x0000, 0x0000, 0x0000, 0x0000, 0x0000, 0x0000, 0x0000, 0x0000, 0x0000, 0x0000,
  0x0000, 0x0000, 0x0000, 0x0000, 0x0000, 0x0000, 0x0000, 0x0000, 0x0000, 0x0000, 0x0000, 0x0000,
  0x0000, 0x0000, 0x0000, 0x0000, 0x0000, 0x0000, 0x0000, 0x0000, 0x0000, 0x0000, 0x0000, 0x0000,
  0x500A, 0x0000, 0x6002, 0xB96C, 0xF94E, 0xF00A, 0xC809, 0x8826, 0x5823, 0x0000, 0xF800, 0x7800,
  0x0000, 0x0000, 0x0000, 0x0000, 0x0000, 0x0000, 0x0000, 0x0000, 0x0000, 0x0000, 0x0000, 0x0000,
  0x0000, 0x0000, 0x0000, 0x0000, 0x0000, 0x0000, 0x0000, 0x0000, 0x0000, 0x0000, 0x0000, 0x0000,
  0x0000, 0x0000, 0x0000, 0x0000, 0x0000, 0x0000, 0x0000, 0x0000, 0x0000, 0x0000, 0x0000, 0x0000,
  0x0000, 0x0000, 0x0000, 0x0000, 0x0000, 0x7807, 0x0000, 0x6002, 0x9806, 0x9047, 0x6844, 0x0000,
  0x0000, 0x7807, 0x0000, 0x0000, 0x0000, 0x0000, 0x0000, 0x0000, 0x0000, 0x0000, 0x0000, 0x0000,
  0x0000, 0x0000, 0x0000, 0x0000, 0x0000, 0x0000, 0x0000, 0x0000, 0x0000, 0x0000, 0x0000, 0x0000,
  0x0000, 0x0000, 0x0000, 0x0000, 0x0000, 0x0000, 0x0000, 0x0000, 0x0000, 0x0000, 0x0000, 0x0000,
  0x0000, 0x0000, 0x0000, 0x0000, 0x0000, 0x0000, 0x0000, 0x0000, 0x0000, 0x0000, 0x0000, 0x0000,
  0x0000, 0x0000, 0x0000, 0x0000, 0x0000, 0x0000, 0x0000, 0x0000, 0x0000, 0x0000, 0x0000, 0x0000,
  0x0000, 0x0000, 0x0000, 0x0000, 0x0000, 0x0000, 0x0000, 0x0000, 0x0000, 0x0000, 0x0000, 0x0000,
  0x0000, 0x0000, 0x0000, 0x0000, 0x0000, 0x0000, 0x0000, 0x0000, 0x0000, 0x0000, 0x0000, 0x0000,
  0x0000, 0x0000, 0x0000, 0x0000, 0x0000, 0x0000, 0x0000, 0x0000, 0x0000, 0x0000, 0x0000, 0x0000,
  0x0000, 0x0000, 0x0000, 0x0000, 0x0000, 0x0000, 0x0000, 0x0000, 0x0000, 0x0000, 0x0000, 0x0000,
  0x0000, 0x0000, 0x0000, 0x0000, 0x0000, 0x0000, 0x0000, 0x0000, 0x0000, 0x0000, 0x0000, 0x0000,
  0x0000, 0x0000, 0x0000, 0x0000, 0x0000, 0x0000, 0x0000, 0x0000, 0x0000, 0x0000, 0x0000, 0x0000,
  0x0000, 0x0000, 0x0000, 0x0000, 0x0000, 0x0000, 0x0000, 0x0000, 0x0000, 0x0000, 0x0000, 0x0000,
  0x0000, 0x0000, 0x0000, 0x0000, 0x0000, 0x0000, 0x0000, 0x0000, 0x0000, 0x0000, 0x0000, 0x0000,
  0x0000, 0x0000, 0x0000, 0x0000, 0x0000, 0x0000, 0x0000, 0x0000, 0x0000, 0x0000, 0x0000, 0x0000,
};
const uint8_t V54_PINK_RUN_0_MASK[] PROGMEM = {
  0x00, 0x00, 0x00, 0x00, 0x00, 0x00, 0x00, 0x00, 0x00, 0x00, 0x00, 0x00, 0x00, 0x00, 0x00, 0x00, 0x00, 0x00, 0x00, 0x00,
  0x00, 0x00, 0x00, 0x00, 0xFF, 0xE0, 0x00, 0x00, 0x00, 0x00, 0x03, 0xFF, 0xF8, 0x00, 0x00, 0x00, 0x00, 0x0F, 0xFF, 0xFE,
  0x00, 0x00, 0x00, 0x00, 0x3F, 0xFF, 0xFF, 0x00, 0x00, 0x00, 0x00, 0x7F, 0xFF, 0xFF, 0x80, 0x00, 0x00, 0x00, 0xFF, 0xFF,
  0xFF, 0xC3, 0xC0, 0x00, 0x01, 0xFF, 0xFF, 0xFF, 0xEF, 0xE0, 0x00, 0x03, 0xFF, 0xFF, 0xFF, 0xFF, 0xE0, 0x00, 0x03, 0xFF,
  0xFF, 0xFF, 0xFF, 0xE0, 0x00, 0x07, 0xFF, 0xFF, 0xFF, 0xFF, 0xE0, 0x00, 0x0F, 0xFF, 0xFF, 0xFF, 0xFF, 0xE0, 0x00, 0x0F,
  0xFF, 0xFF, 0xFF, 0xFF, 0xE0, 0x00, 0x0F, 0xFF, 0xFF, 0xFF, 0xFF, 0xE0, 0x00, 0x1F, 0xFF, 0xFF, 0xFF, 0xFF, 0xC0, 0x00,
  0x1F, 0xFF, 0xFF, 0xFF, 0xFF, 0xC0, 0x00, 0x1F, 0xFF, 0xFF, 0xFF, 0xFF, 0x80, 0x00, 0x1F, 0xFF, 0xFF, 0xFF, 0xFF, 0x00,
  0x03, 0xFF, 0xFF, 0xFF, 0xFF, 0xFF, 0x00, 0x07, 0xFF, 0xFF, 0xFF, 0xFF, 0xFF, 0x00, 0x1F, 0xFF, 0xFF, 0xFF, 0xFF, 0xFE,
  0x00, 0x3F, 0xFF, 0xFF, 0xFF, 0xFF, 0xFE, 0x00, 0x3F, 0xFF, 0xFF, 0xFF, 0xFF, 0xFE, 0x00, 0x7F, 0xFF, 0xFF, 0xFF, 0xFF,
  0xFC, 0x00, 0x7F, 0xFF, 0xFF, 0xFF, 0xFF, 0xFE, 0x00, 0x7F, 0xFF, 0xFF, 0xFF, 0xFF, 0xFF, 0x00, 0x3F, 0xFF, 0xFF, 0xFF,
  0xFF, 0xFF, 0x80, 0x1F, 0xFB, 0xFF, 0xFF, 0xFF, 0xFF, 0xC0, 0x1F, 0xE1, 0xFF, 0xFF, 0xFF, 0xFF, 0xC0, 0x0F, 0xC0, 0x7F,
  0xFF, 0xFF, 0xFF, 0xE0, 0x00, 0x00, 0xFF, 0xFF, 0xFF, 0xFF, 0xE0, 0x00, 0x03, 0xFF, 0xFF, 0xFD, 0xFF, 0xE0, 0x00, 0x0F,
  0xFF, 0xFF, 0xF1, 0xFF, 0xE0, 0x00, 0x3F, 0xFF, 0xFF, 0xE7, 0xFF, 0xC0, 0x00, 0x7F, 0xFF, 0xFF, 0xFF, 0xFF, 0x00, 0x00,
  0xFF, 0xFF, 0xFF, 0xFF, 0xFE, 0x00, 0x01, 0xFF, 0xFF, 0xFF, 0xFF, 0xF0, 0x00, 0x01, 0xFF, 0xFF, 0xFF, 0xFF, 0xF0, 0x00,
  0x01, 0xFF, 0x1F, 0xFF, 0xFF, 0xE0, 0x00, 0x01, 0xFE, 0x7F, 0xFF, 0xFF, 0xE0, 0x00, 0x01, 0xFC, 0xFF, 0xFF, 0xFF, 0xC0,
  0x00, 0x00, 0xFF, 0xFF, 0xFF, 0xFF, 0x00, 0x00, 0x00, 0x37, 0xFF, 0xFF, 0xFE, 0x00, 0x00, 0x00, 0x0F, 0xFF, 0xFF, 0xFC,
  0x00, 0x00, 0x00, 0x1F, 0xFF, 0xFF, 0xFE, 0x00, 0x00, 0x00, 0x1F, 0xFF, 0xFF, 0xFE, 0x00, 0x00, 0x00, 0x07, 0xFF, 0xFF,
  0xFF, 0x00, 0x00, 0x00, 0x1F, 0xFF, 0xFF, 0xFF, 0x00, 0x00, 0x00, 0x7F, 0xFF, 0xFF, 0xFE, 0x00, 0x00, 0x00, 0x7F, 0xFF,
  0xFF, 0xFC, 0x00, 0x00, 0x00, 0xFF, 0xFF, 0xFF, 0xF0, 0x00, 0x00, 0x01, 0xFF, 0xFF, 0xFF, 0xE0, 0x00, 0x00, 0x01, 0xFF,
  0xFF, 0xFF, 0xF0, 0x00, 0x00, 0x03, 0xFF, 0xFF, 0xFF, 0xF0, 0x00, 0x00, 0x03, 0xFF, 0xFF, 0xBF, 0xF8, 0x7C, 0x00, 0x03,
  0xFF, 0xFF, 0x1F, 0xFF, 0xFE, 0x00, 0x03, 0xFE, 0x3C, 0x1F, 0xFF, 0xFE, 0x00, 0x03, 0xFC, 0x00, 0x0F, 0xFF, 0xFF, 0x00,
  0x03, 0xF8, 0x00, 0x07, 0xFF, 0xFE, 0x00, 0x01, 0xF0, 0x00, 0x03, 0xFF, 0xFE, 0x00, 0x00, 0x00, 0x00, 0x01, 0xFF, 0xFC,
  0x00, 0x00, 0x00, 0x00, 0x01, 0xFF, 0xF8, 0x00, 0x00, 0x00, 0x00, 0x00, 0xFF, 0xF0, 0x00, 0x00, 0x00, 0x00, 0x00, 0x7F,
  0xE0, 0x00, 0x00, 0x00, 0x00, 0x00, 0x3F, 0xC0, 0x00, 0x00, 0x00, 0x00, 0x00, 0x3F, 0x80, 0x00, 0x00, 0x00, 0x00, 0x00,
  0x1E, 0x00, 0x00, 0x00, 0x00, 0x00, 0x00, 0x00, 0x00, 0x00, 0x00, 0x00, 0x00, 0x00, 0x00, 0x00, 0x00, 0x00, 0x00, 0x00,
  0x00, 0x00, 0x00, 0x00,
};
const Sprite565 V54_PINK_RUN_0 = { V54_PINK_RUN_0_BITMAP, V54_PINK_RUN_0_MASK, 52, 72 };

const uint16_t V54_PINK_RUN_1_BITMAP[] PROGMEM = {
  0x0000, 0x0000, 0x0000, 0x0000, 0x0000, 0x0000, 0x0000, 0x0000, 0x0000, 0x0000, 0x0000, 0x0000,
  0x0000, 0x0000, 0x0000, 0x0000, 0x0000, 0x0000, 0x0000, 0x0000, 0x0000, 0x0000, 0x0000, 0x0000,
  0x0000, 0x0000, 0x0000, 0x0000, 0x0000, 0x0000, 0x0000, 0x0000, 0x0000, 0x0000, 0x0000, 0x0000,
  0x0000, 0x0000, 0x0000, 0x0000, 0x0000, 0x0000, 0x0000, 0x0000, 0x0000, 0x0000, 0x0000, 0x0000,
  0x0000, 0x0000, 0x0000, 0x0000, 0x0000, 0x0000, 0x0000, 0x0000, 0x0000, 0x0000, 0x0000, 0x0000,
  0x0000, 0x0000, 0x0000, 0x0000, 0x0000, 0x0000, 0x0000, 0x0000, 0x0000, 0x0000, 0x0000, 0x0000,
  0x0000, 0x0000, 0x0000, 0x0000, 0x0000, 0x0000, 0x0000, 0x0000, 0x0000, 0x0000, 0x0000, 0x0000,
  0x0000, 0x0000, 0x0000, 0x0000, 0x0000, 0x0000, 0x0000, 0x0000, 0x0000, 0x0000, 0x0000, 0x0000,
  0x0000, 0x0000, 0x0000, 0x0000, 0x0000, 0x0000, 0x0000, 0x0000, 0x0000, 0x0000, 0x0000, 0x0000,
  0x0000, 0x0000, 0x0000, 0x0000, 0x0000, 0x0000, 0x0000, 0x0000, 0x0000, 0x0000, 0x0000, 0x0000,
  0x0000, 0x0000, 0x0000, 0x0000, 0x0000, 0x0000, 0x0000, 0x0000, 0x0000, 0x0000, 0x0000, 0x0000,
  0x0000, 0x0000, 0x0000, 0x0000, 0x0000, 0x0000, 0x0000, 0x0000, 0x0000, 0x0000, 0x0000, 0x0000,
  0x0000, 0x0000, 0x0000, 0x0000, 0x0000, 0x0000, 0x0000, 0x0000, 0x0000, 0x0000, 0x0000, 0x0000,
  0x0000, 0x0000, 0x0000, 0x0000, 0x0000, 0x0000, 0x0000, 0x0000, 0x0000, 0x0000, 0x0000, 0x0000,
  0x0000, 0x0000, 0x0000, 0x0000, 0x0000, 0x0000, 0x0000, 0x0000, 0x0000, 0x0000, 0x0000, 0x5000,
  0x0000, 0x0000, 0x0000, 0x1860, 0x2060, 0x2881, 0x28A1, 0x30A2, 0x30A2, 0x30C2, 0x28A1, 0x2881,
  0x2881, 0x2040, 0x1800, 0x0000, 0x0000, 0x5000, 0x0000, 0x0000, 0x0000, 0x0000, 0x0000, 0x0000,
  0x0000, 0x0000, 0x0000, 0x0000, 0x0000, 0x0000, 0x0000, 0x0000, 0x0000, 0x0000, 0x0000, 0x0000,
  0x0000, 0x0000, 0x0000, 0x0000, 0x0000, 0x0000, 0x0000, 0x0000, 0x0000, 0x0000, 0x0000, 0x0000,
  0x0000, 0x0000, 0x0000, 0x0000, 0x0000, 0x0000, 0x2061, 0x2881, 0x30C2, 0x4103, 0x4123, 0x4944,
  0x4944, 0x4944, 0x4944, 0x4944, 0x4943, 0x4123, 0x38E2, 0x30A2, 0x2881, 0x2041, 0x0000, 0x0000,
  0x0000, 0x0000, 0x0000, 0x0000, 0x0000, 0x0000, 0x0000, 0x0000, 0x0000, 0x0000, 0x0000, 0x0000,
  0x0000, 0x0000, 0x0000, 0x0000, 0x0000, 0x0000, 0x0000, 0x0000, 0x0000, 0x0000, 0x0000, 0x0000,
  0x0000, 0x0000, 0x0000, 0x0000, 0x0000, 0x0000, 0x0000, 0x0000, 0x0000, 0x2060, 0x28A1, 0x38E2,
  0x4943, 0x5164, 0x4944, 0x4944, 0x4964, 0x4944, 0x4944, 0x4944, 0x4944, 0x4944, 0x4964, 0x4964,
  0x4944, 0x4123, 0x38C2, 0x3081, 0x1800, 0x0000, 0x5000, 0x0000, 0x0000, 0x0000, 0x0000, 0x0000,
  0x0000, 0x0000, 0x0000, 0x0000, 0x0000, 0x0000, 0x0000, 0x0000, 0x0000, 0x0000, 0x0000, 0x0000,
  0x0000, 0x0000, 0x0000, 0x0000, 0x0000, 0x0000, 0x0000, 0x0000, 0x0000, 0x0000, 0x5000, 0x0000,
  0x1860, 0x2861, 0x38C2, 0x4944, 0x4944, 0x4123, 0x4944, 0x59A5, 0x69E6, 0x59A5, 0x4964, 0x4944,
  0x4944, 0x4944, 0x4944, 0x4944, 0x4944, 0x4944, 0x4964, 0x5144, 0x4923, 0x30A2, 0x3061, 0x0000,
  0x3800, 0x0000, 0x0000, 0xF800, 0x7807, 0x0000, 0x0000, 0xA80A, 0x0000, 0x0000, 0x0000, 0x0000,
  0x0000, 0x0000, 0x0000, 0x0000, 0x0000, 0x0000, 0x0000, 0x0000, 0x0000, 0x0000, 0x0000, 0x0000,
  0x0000, 0x0000, 0x5000, 0x0000, 0x2040, 0x28A1, 0x4123, 0x4964, 0x4944, 0x4944, 0x59A5, 0x7227,
  0x7A47, 0x6A06, 0x5185, 0x4964, 0x4944, 0x4944, 0x4944, 0x4944, 0x4944, 0x4964, 0x4944, 0x4944,
  0x4143, 0x4123, 0x3923, 0x30C2, 0x3061, 0x0000, 0x5000, 0x7800, 0x0000, 0x0000, 0x0000, 0x0000,
  0x0000, 0x0000, 0x0000, 0x0000, 0x0000, 0x0000, 0x0000, 0x0000, 0x0000, 0x0000, 0x0000, 0x0000,
  0x0000, 0x0000, 0x0000, 0x0000, 0x0000, 0x0000, 0x5000, 0x0000, 0x2041, 0x30A1, 0x4944, 0x5164,
  0x4944, 0x4144, 0x61C5, 0x7227, 0x7227, 0x59C5, 0x4964, 0x5164, 0x4944, 0x4944, 0x4944, 0x4944,
  0x4944, 0x4944, 0x4944, 0x4944, 0x4143, 0x7927, 0xB98C, 0x9949, 0x5104, 0x30C2, 0x3862, 0x0000,
  0x0000, 0x2800, 0x7804, 0x9847, 0xA048, 0x8004, 0x3800, 0x7800, 0x0000, 0x0000, 0x0000, 0x0000,
  0x0000, 0x0000, 0x0000, 0x0000, 0x0000, 0x0000, 0x0000, 0x0000, 0x0000, 0x0000, 0x0000, 0x0000,
  0x2061, 0x30A1, 0x4944, 0x4964, 0x4944, 0x4944, 0x4944, 0x5185, 0x5185, 0x61E6, 0x7227, 0x7227,
  0x5185, 0x4964, 0x4944, 0x4944, 0x4944, 0x4944, 0x4944, 0x4944, 0x4143, 0x7926, 0xFA52, 0xFAB3,
  0xFAB3, 0xD9CE, 0x50E4, 0x30A2, 0x3124, 0x6002, 0x9847, 0xD96E, 0xFA32, 0xFA73, 0xD10D, 0x7804,
  0x0000, 0x0000, 0x0000, 0x0000, 0x0000, 0x0000, 0x0000, 0x0000, 0x0000, 0x0000, 0x0000, 0x0000,
  0x0000, 0x0000, 0x0000, 0x0000, 0x2861, 0x2881, 0x4944, 0x4944, 0x4944, 0x4944, 0x4944, 0x4944,
  0x4944, 0x61E6, 0x7A68, 0x7A47, 0x7227, 0x61E6, 0x4964, 0x4944, 0x4944, 0x4944, 0x4944, 0x4944,
  0x4964, 0x4923, 0xC9AD, 0xFAB4, 0xF292, 0xFA92, 0xFAD4, 0xC9AC, 0x48E3, 0x4022, 0xA889, 0xFA52,
  0xFAD4, 0xFA93, 0xFA93, 0xFA93, 0xA047, 0x3000, 0x0000, 0x0000, 0x0000, 0x0000, 0x0000, 0x0000,
  0x0000, 0x0000, 0x0000, 0x0000, 0x0000, 0x0000, 0x0000, 0x5000, 0x0000, 0x2061, 0x4103, 0x4964,
  0x4944, 0x4944, 0x4944, 0x4944, 0x4944, 0x4964, 0x61E6, 0x6A06, 0x6A06, 0x7247, 0x6206, 0x61E6,
  0x5184, 0x4964, 0x4944, 0x4944, 0x4944, 0x4164, 0x6104, 0xEA31, 0xFAB3, 0xFA92, 0xFA93, 0xFAB3,
  0xF252, 0xD16D, 0xD96E, 0xE9AF, 0xFAD4, 0xFA72, 0xFA93, 0xFA72, 0xFA93, 0xB0CA, 0x5001, 0x0000,
  0x0000, 0x0000, 0x0000, 0x0000, 0x0000, 0x0000, 0x0000, 0x0000, 0x0000, 0x0000, 0x0000, 0x5000,
  0x0000, 0x2040, 0x30C2, 0x4944, 0x4944, 0x4944, 0x4944, 0x4944, 0x4944, 0x4944, 0x4964, 0x5184,
  0x51A5, 0x6A06, 0x61E6, 0x6A06, 0x6A06, 0x5185, 0x4964, 0x4944, 0x4944, 0x4944, 0x4143, 0x7906,
  0xFA73, 0xFAB3, 0xFA93, 0xFA93, 0xFAB3, 0xE98F, 0xFA32, 0xFAD4, 0xF1F0, 0xFA52, 0xFA93, 0xFA73,
  0xFA72, 0xFAB3, 0xB8EA, 0x5802, 0x0000, 0x0000, 0x0000, 0x0000, 0x0000, 0x0000, 0x0000, 0x0000,
  0x0000, 0x0000, 0x0000, 0x0000, 0x0000, 0x0000, 0x2881, 0x4923, 0x4944, 0x4944, 0x4944, 0x4944,
  0x4944, 0x4944, 0x4944, 0x4964, 0x4944, 0x4964, 0x5185, 0x5185, 0x61C5, 0x59C5, 0x5164, 0x4944,
  0x4944, 0x4944, 0x4944, 0x3943, 0x8928, 0xFA94, 0xFAB3, 0xFA93, 0xFA93, 0xFA93, 0xE96E, 0xFA72,
  0xFA93, 0xF231, 0xF231, 0xFA93, 0xFA72, 0xFA93, 0xFAB4, 0xB0CA, 0x5002, 0x0000, 0x0000, 0x0000,
  0x0000, 0x0000, 0x0000, 0x0000, 0x0000, 0x0000, 0x0000, 0x0000, 0x0000, 0x0000, 0x2060, 0x30C2,
  0x4944, 0x4944, 0x4944, 0x4944, 0x4944, 0x4944, 0x4944, 0x4944, 0x4944, 0x4944, 0x4964, 0x4964,
  0x5164, 0x5164, 0x4944, 0x5164, 0x4944, 0x4944, 0x4944, 0x4944, 0x3943, 0x9128, 0xFA94, 0xFAB3,
  0xFA93, 0xFA93, 0xFAB3, 0xF1D0, 0xFA73, 0xFAD4, 0xE9CF, 0xFA32, 0xFA93, 0xFA93, 0xFA93, 0xFA93,
  0xA068, 0x3000, 0x0000, 0x0000, 0x0000, 0x0000, 0x0000, 0x0000, 0x0000, 0x0000, 0x0000, 0x0000,
  0x0000, 0x5000, 0x0000, 0x2881, 0x4123, 0x4944, 0x4944, 0x4944, 0x4944, 0x4944, 0x4944, 0x4944,
  0x4944, 0x4944, 0x4944, 0x4944, 0x4944, 0x4944, 0x59C5, 0x7288, 0x4923, 0x4964, 0x4944, 0x4944,
  0x4944, 0x4143, 0x8927, 0xFA93, 0xFA93, 0xFA93, 0xFAD3, 0xFAD4, 0xB8EB, 0xC92C, 0xE9AF, 0xF1F0,
  0xFA93, 0xFA92, 0xFA92, 0xFAB3, 0xF1F0, 0x8005, 0x0000, 0x0000, 0x0000, 0x0000, 0x0000, 0x0000,
  0x0000, 0x0000, 0x0000, 0x0000, 0x0000, 0x0000, 0x0000, 0x2000, 0x28A1, 0x4944, 0x4944, 0x4944,
  0x4944, 0x4944, 0x4944, 0x4944, 0x4944, 0x4944, 0x4944, 0x4944, 0x4944, 0x4964, 0x38E2, 0xBC8E,
  0xE5D2, 0x4123, 0x4944, 0x4944, 0x4944, 0x4944, 0x4964, 0x5924, 0xD9AF, 0xFAD4, 0xFA93, 0xF1F1,
  0xA0C9, 0x40C3, 0x30A2, 0x4823, 0xE9F0, 0xFAD3, 0xFA92, 0xFA72, 0xFAB3, 0xC8CB, 0x6003, 0x0000,
  0x0000, 0x0000, 0x0000, 0x0000, 0x0000, 0x0000, 0x0000, 0x0000, 0x0000, 0x5000, 0x2800, 0x5000,
  0x2040, 0x30C2, 0x4944, 0x4944, 0x4944, 0x4944, 0x4944, 0x4944, 0x4944, 0x4944, 0x4944, 0x4944,
  0x4944, 0x4964, 0x38E2, 0x8309, 0xFE73, 0xFE94, 0xA3CB, 0x30C2, 0x4964, 0x4964, 0x4944, 0x4944,
  0x4143, 0xBB8D, 0xB16B, 0x90C8, 0x5884, 0x3903, 0x4964, 0x4944, 0x3102, 0x6865, 0xF210, 0xFAD3,
  0xFAD4, 0xE96F, 0x7805, 0x02A0, 0x780F, 0x0000, 0x0000, 0x0000, 0x0000, 0x0000, 0x0000, 0x5000,
  0x0000, 0x0000, 0x0000, 0x0000, 0x0000, 0x2040, 0x38E2, 0x4944, 0x4944, 0x4944, 0x4944, 0x4944,
  0x4944, 0x4944, 0x4944, 0x4944, 0x4944, 0x4964, 0x38E2, 0x72A8, 0xFE53, 0xFE53, 0xFE73, 0xFE73,
  0x9BAB, 0x4103, 0x4123, 0x5164, 0x4964, 0x4123, 0xE5D1, 0x9BEB, 0x28C2, 0x4164, 0x4944, 0x4144,
  0x4944, 0x4964, 0x3902, 0x5864, 0xB90B, 0xD12D, 0x8826, 0x3841, 0xF800, 0x7800, 0x0000, 0x0000,
  0x0000, 0x0000, 0x0000, 0x0000, 0x0000, 0x0000, 0x1820, 0x2061, 0x2060, 0x2040, 0x2060, 0x4103,
  0x4964, 0x4944, 0x4944, 0x4944, 0x4944, 0x4944, 0x4944, 0x4944, 0x4944, 0x4964, 0x38E3, 0x7287,
  0xF633, 0xFE53, 0xD4CD, 0xAB88, 0xE56F, 0xFEB4, 0xC4EF, 0x6A26, 0x4103, 0x4103, 0x38E2, 0xD550,
  0xFE93, 0x82E8, 0x30C2, 0x4944, 0x4964, 0x4944, 0x4944, 0x4964, 0x3943, 0x30A2, 0x4042, 0x4883,
  0x0000, 0x7800, 0x0000, 0x0000, 0x0000, 0x0000, 0x0000, 0x0000, 0x0000, 0x2061, 0x30A2, 0x30E2,
  0x38E2, 0x3903, 0x3903, 0x30C2, 0x4123, 0x4944, 0x4944, 0x4944, 0x4944, 0x4944, 0x4944, 0x4944,
  0x4944, 0x4944, 0x38E2, 0x8309, 0xFE33, 0xFE32, 0xFE32, 0xCCEE, 0xBC4B, 0xDD2E, 0xFE53, 0xFE73,
  0xFE53, 0xC4CE, 0x9B8B, 0x8309, 0xE5B1, 0xC44B, 0x9AE6, 0x7AA6, 0x4944, 0x4103, 0x4964, 0x4944,
  0x4944, 0x4944, 0x4944, 0x28A1, 0x0000, 0x0000, 0x0000, 0x0000, 0x0000, 0x0000, 0x0000, 0x0000,
  0x2841, 0x2881, 0x38E2, 0x4944, 0x4944, 0x4944, 0x4944, 0x4964, 0x4944, 0x4944, 0x4944, 0x4944,
  0x4944, 0x4964, 0x4964, 0x4964, 0x4964, 0x5164, 0x38E3, 0x934A, 0xFE53, 0xFE32, 0xFE12, 0xFE32,
  0xFE94, 0xFED5, 0xFE53, 0xFE12, 0xFE12, 0xFE32, 0xFE73, 0xFE93, 0xFE94, 0xFE32, 0xF5D1, 0xF5F2,
  0xFE53, 0xCD0F, 0x61E6, 0x38E2, 0x4944, 0x4944, 0x4944, 0x4944, 0x30A2, 0x0000, 0x7800, 0x0000,
  0x0000, 0x0000, 0x0000, 0x0000, 0x2860, 0x2881, 0x4123, 0x4964, 0x4944, 0x4944, 0x4944, 0x4944,
  0x4944, 0x4944, 0x4944, 0x4944, 0x4944, 0x4944, 0x4103, 0x38E3, 0x38E3, 0x4944, 0x4923, 0xAC0C,
  0xFE73, 0xFE12, 0xFE32, 0xFE32, 0xFE32, 0xFE33, 0xDD91, 0xFE33, 0xFE32, 0xFE32, 0xFE32, 0xFE12,
  0xF612, 0xFE12, 0xFE12, 0xFE12, 0xFE94, 0xFEB4, 0xFE73, 0xF5F2, 0xBC6D, 0x51A5, 0x4944, 0x4944,
  0x4123, 0x30A1, 0x0000, 0x3800, 0x0000, 0x0000, 0x0000, 0x0000, 0x1800, 0x2881, 0x4923, 0x4944,
  0x4944, 0x4944, 0x4944, 0x4944, 0x4944, 0x4944, 0x4944, 0x4944, 0x4964, 0x4944, 0x4123, 0x7AC8,
  0xAC2C, 0x938B, 0x4943, 0x6206, 0xFE73, 0xFE12, 0xFE12, 0xFE32, 0xFE32, 0xFE53, 0x5A47, 0x0820,
  0x72E9, 0xFE73, 0xFE32, 0xFE32, 0xFE32, 0xFE32, 0xFE12, 0xFE73, 0xFE94, 0xC4CE, 0x5A46, 0xCD0F,
  0xFE53, 0xFED5, 0x7AC8, 0x38C2, 0x4964, 0x38E2, 0x2880, 0x0000, 0x0000, 0x0000, 0x0000, 0x0000,
  0x0000, 0x2861, 0x4123, 0x4964, 0x4944, 0x4944, 0x4944, 0x4944, 0x4944, 0x4944, 0x4944, 0x4944,
  0x4944, 0x4964, 0x4103, 0xA3CB, 0xFE73, 0xFE73, 0xFED4, 0xD52F, 0xBC6D, 0xFE53, 0xFE12, 0xFE32,
  0xFE12, 0xFE73, 0xC4EF, 0x0000, 0x0000, 0x18A2, 0xF633, 0xFE53, 0xFE32, 0xFE32, 0xFE12, 0xFE53,
  0xCD2F, 0x5A47, 0x1081, 0x5206, 0xE5D2, 0xFE53, 0xFE53, 0xBC2B, 0x61A3, 0x4923, 0x38C2, 0x0000,
  0x7800, 0x0000, 0x0000, 0x0000, 0x0000, 0x0000, 0x30C2, 0x4944, 0x4944, 0x4944, 0x4944, 0x4944,
  0x4944, 0x4944, 0x4944, 0x4944, 0x4944, 0x4964, 0x4124, 0x6206, 0xFE53, 0xFE32, 0xFDF1, 0xFE12,
  0xFE53, 0xFE53, 0xFE12, 0xFE12, 0xFE32, 0xFE32, 0xFE94, 0xC4EF, 0x0000, 0x0000, 0x41A5, 0xFE74,
  0xFE32, 0xFE12, 0xFE32, 0xF612, 0xFE94, 0x8B6A, 0x0000, 0x49E5, 0xFE53, 0xFE73, 0xFE12, 0xFE12,
  0xF58F, 0xF5D0, 0x7204, 0x2040, 0x0000, 0x3000, 0x0000, 0x0000, 0x0000, 0x0000, 0x0000, 0x30C2,
  0x4964, 0x4944, 0x4944, 0x4944, 0x4944, 0x4944, 0x4944, 0x4944, 0x4944, 0x4944, 0x4964, 0x4944,
  0x82C8, 0xFE53, 0xFE12, 0xFE32, 0xFE12, 0xFE12, 0xFE12, 0xFE32, 0xFE32, 0xFE32, 0xFE33, 0xFE33,
  0xFE53, 0x834A, 0x5206, 0xD550, 0xFE53, 0xFE32, 0xFE32, 0xFD90, 0xFDD1, 0xFE32, 0xFE73, 0xBCCE,
  0x2923, 0x1061, 0xDD4F, 0xFE53, 0xF612, 0xED6F, 0xFE94, 0xB3EA, 0x2040, 0x2081, 0x0000, 0x0000,
  0x0000, 0x0000, 0x0000, 0x0000, 0x2881, 0x4103, 0x4923, 0x4944, 0x4944, 0x4944, 0x4944, 0x4944,
  0x4944, 0x4944, 0x4964, 0x4944, 0x38E2, 0x61E5, 0xF5F1, 0xFE33, 0xF612, 0xFE12, 0xFE32, 0xFE32,
  0xFE12, 0xFE33, 0xFE13, 0xFDD2, 0xFDF2, 0xFE33, 0xFE94, 0xFE94, 0xFE53, 0xFDD1, 0xFDD1, 0xFE53,
  0xFE52, 0xFE93, 0xFE73, 0xFE32, 0xFE94, 0xFE12, 0xB46D, 0xED90, 0xFE33, 0xE54F, 0xED91, 0xFEB4,
  0xA368, 0x38E3, 0x4103, 0x30A1, 0x0000, 0x0000, 0x0000, 0x0000, 0x0000, 0x0000, 0x2061, 0x38E3,
  0x4944, 0x4944, 0x4944, 0x4944, 0x4944, 0x4944, 0x4964, 0x4944, 0x28C2, 0x2881, 0x30A1, 0x82E8,
  0xFE32, 0xFE94, 0xFE94, 0xEDB1, 0xF5F1, 0xFE32, 0xFE32, 0xFE33, 0xFDF2, 0xFDF2, 0xFE12, 0xFE12,
  0xFE12, 0xFE73, 0xFB0A, 0xF946, 0xFA49, 0xFA89, 0xFB2A, 0xFD71, 0xFE53, 0xFDF2, 0xFE12, 0xFE53,
  0xFDF2, 0xF5F1, 0xE4ED, 0xFE52, 0xD4EE, 0x5983, 0x4124, 0x5164, 0x4923, 0x2881, 0x0000, 0x0000,
  0x0000, 0x0000, 0x0000, 0x0000, 0x30C2, 0x5164, 0x4964, 0x4944, 0x4964, 0x4964, 0x4944, 0x4923,
  0x30A1, 0x2060, 0x0000, 0x30C2, 0x2040, 0x61E5, 0x9BAB, 0x8B4A, 0x5184, 0xA389, 0xFEB4, 0xFE33,
  0xFE33, 0xFE32, 0xFE32, 0xFE12, 0xFE12, 0xFE12, 0xFE53, 0xFA49, 0xF9A7, 0xFA08, 0xF946, 0xF8E5,
  0xFD71, 0xFE53, 0xFE12, 0xFE12, 0xF5F1, 0xFE94, 0xB40B, 0x8AA7, 0x8AC7, 0x5143, 0x4924, 0x4944,
  0x4944, 0x4964, 0x4123, 0x2881, 0x0000, 0x0000, 0x0000, 0x5000, 0x0000, 0x2881, 0x38E2, 0x4923,
  0x4943, 0x4923, 0x3903, 0x38C2, 0x30A1, 0x3800, 0x0000, 0x3800, 0x0000, 0x9369, 0x28A1, 0x2881,
  0x28A1, 0x3903, 0x4922, 0xB3CA, 0xFE53, 0xFE53, 0xFE12, 0xFE12, 0xFE33, 0xFE32, 0xFE12, 0xFE52,
  0xFBCD, 0xFA49, 0xFACA, 0xFA08, 0xFB2B, 0xFE73, 0xFE12, 0xFE12, 0xFE33, 0xFE73, 0xBC2B, 0x5143,
  0x4103, 0x4103, 0x4144, 0x4944, 0x4944, 0x4944, 0x4944, 0x4964, 0x3903, 0x2861, 0x0000, 0x0000,
  0x0000, 0x0000, 0x0000, 0x2860, 0x2881, 0x28A1, 0x2881, 0x2060, 0x2080, 0x0000, 0x0000, 0x0000,
  0x7800, 0x79E7, 0x0000, 0x0000, 0x62AA, 0x49C6, 0x6AAA, 0x8BCE, 0x8BAD, 0xABCA, 0xDD2E, 0xFE53,
  0xFE54, 0xFE13, 0xFE12, 0xFE12, 0xFE12, 0xFDD2, 0xFBAC, 0xFAEA, 0xFBCD, 0xFDD1, 0xFE12, 0xFE33,
  0xFE73, 0xFE32, 0xAB89, 0x4102, 0x4144, 0x4964, 0x4964, 0x4944, 0x4944, 0x4944, 0x4944, 0x4944,
  0x4944, 0x4944, 0x28A1, 0x0000, 0x0000, 0x0000, 0x0000, 0x0000, 0x0000, 0x0000, 0x0000, 0x0000,
  0x0000, 0x0000, 0x5000, 0x7800, 0xFBEF, 0x0000, 0x0000, 0x0000, 0x5141, 0x83AD, 0xD679, 0xF79E,
  0xFFFF, 0xFFFF, 0xEF3C, 0xBCF1, 0xC40C, 0xDD90, 0xF653, 0xFE53, 0xFE54, 0xFE74, 0xFE74, 0xFE73,
  0xFE33, 0xFEB5, 0xFE74, 0xFE53, 0xF5F1, 0xC46C, 0x8265, 0x38A0, 0x3923, 0x4944, 0x4944, 0x4944,
  0x4944, 0x4944, 0x4944, 0x4944, 0x4944, 0x4944, 0x4944, 0x38E2, 0x0000, 0x0000, 0x0000, 0x0000,
  0x0000, 0x0000, 0x3800, 0x3800, 0x3800, 0x5000, 0x0000, 0x52A0, 0x0000, 0x0000, 0x3040, 0x69E3,
  0x9B68, 0xDD0E, 0xD510, 0xD69A, 0xFFFF, 0xFFDF, 0xFFDF, 0xFFFF, 0xFFFF, 0xE475, 0xC8E9, 0xB249,
  0xBB8A, 0xC4AC, 0xD50E, 0xDD4F, 0xD52D, 0xD4ED, 0xCCAD, 0xBC2B, 0x9328, 0x7224, 0x40A0, 0x0000,
  0x0000, 0x30C2, 0x5164, 0x5164, 0x4944, 0x4944, 0x4944, 0x4944, 0x4944, 0x4944, 0x4944, 0x4944,
  0x30C2, 0x0000, 0x0000, 0x0000, 0x0000, 0x0000, 0x0000, 0x0000, 0x0000, 0x0000, 0x0000, 0xAAAA,
  0x0000, 0x0800, 0x7224, 0xB42B, 0xF5D1, 0xFE73, 0xFE53, 0xFE32, 0xC594, 0xFFDF, 0xFFDF, 0xFFDF,
  0xFFDF, 0xFFFF, 0xF69B, 0xF10E, 0xF0AD, 0xE0CC, 0xDB6C, 0xD52D, 0xCC2C, 0xC909, 0xCA4D, 0xCE17,
  0x8BCE, 0x1000, 0x0000, 0x0000, 0xFBEF, 0x5000, 0x38E2, 0x38E2, 0x4964, 0x4964, 0x4944, 0x4944,
  0x4944, 0x4944, 0x4944, 0x4923, 0x30C2, 0x2061, 0x0000, 0x0000, 0x0000, 0x0000, 0x0000, 0x0000,
  0x0000, 0x0000, 0x0000, 0x7BE0, 0x0000, 0x48E0, 0x9B69, 0xF612, 0xFE94, 0xFE33, 0xFE12, 0xF5F2,
  0xFE32, 0xCD72, 0xE73D, 0xFFFF, 0xFFFF, 0xFFDF, 0xFFFF, 0xF7BE, 0xE1CF, 0xF8EE, 0xF16F, 0xFA11,
  0xFAF1, 0xF9CF, 0xF971, 0xFD9A, 0xFFFF, 0xFFDF, 0x9C71, 0x30A1, 0xFFFF, 0x7BEF, 0x0000, 0x0000,
  0x00A2, 0x2061, 0x30C2, 0x4124, 0x4964, 0x4964, 0x4944, 0x5164, 0x38E2, 0x1020, 0x0000, 0x0000,
  0x0000, 0x0000, 0x0000, 0x0000, 0x0000, 0x0000, 0x0000, 0x52A0, 0x0000, 0x61A2, 0xCCAD, 0xFE94,
  0xFE53, 0xFE12, 0xFE12, 0xFE32, 0xFE12, 0xFE32, 0xD530, 0xDEDB, 0xFFFF, 0xFFFF, 0xFFFF, 0xFFBF,
  0xFFFF, 0xE3D3, 0xF94F, 0xF374, 0xFF3D, 0xFF3D, 0xFCF8, 0xFE5B, 0xFFFF, 0xFFBE, 0xFFFF, 0xF7BE,
  0x83AE, 0x1800, 0xFFFF, 0x39E7, 0x0000, 0x40A0, 0x7204, 0x6A24, 0x5983, 0x38E2, 0x3903, 0x4103,
  0x38E2, 0x30A1, 0x0000, 0x3800, 0x0000, 0x0000, 0x0000, 0x0000, 0x0000, 0x0000, 0x0000, 0x52A0,
  0x0000, 0x5141, 0xD4CD, 0xFE94, 0xFE12, 0xFE32, 0xFE32, 0xFE32, 0xFE32, 0xFE73, 0xFE93, 0xDD91,
  0xE71C, 0xFFFF, 0xF7BE, 0xE6FB, 0xDEBA, 0xFFFF, 0xEDF9, 0xF210, 0xF2B1, 0xF7BE, 0xFF5E, 0xFEDD,
  0xFF1D, 0xFE5B, 0xFFFF, 0xE71C, 0xFFFF, 0xEF3C, 0x6ACA, 0x0000, 0x0000, 0x5120, 0xABA9, 0xFE12,
  0xFE73, 0xF612, 0xA368, 0x38C0, 0x28A1, 0x2080, 0x0000, 0x0000, 0x0000, 0x0000, 0x0000, 0x0000,
  0x0000, 0x0000, 0x0000, 0x7800, 0x0000, 0x1000, 0x9B48, 0xFE73, 0xF612, 0xFE32, 0xFE32, 0xFE32,
  0xFE53, 0xFE73, 0xE570, 0xABCA, 0x9BED, 0xC618, 0xC5B7, 0xBD55, 0xCE38, 0xF7BE, 0xFFFF, 0xF77D,
  0xEA51, 0xF92E, 0xEE1A, 0xFCF9, 0xFA33, 0xFB55, 0xFB75, 0xFFDF, 0xD69A, 0xEF5D, 0xFFFF, 0xCE38,
  0x626A, 0x0000, 0x9B47, 0xFE73, 0xFE53, 0xFE33, 0xFE53, 0xFE73, 0x9307, 0x0000, 0x0000, 0x3800,
  0x0000, 0x0000, 0x0000, 0x0000, 0x0000, 0x0000, 0x0000, 0x0000, 0x39E0, 0x0000, 0x40C0, 0xD4EE,
  0xFE94, 0xFE12, 0xFE12, 0xFE12, 0xFE53, 0xEDD1, 0x8AE7, 0x5101, 0x2000, 0x5B6C, 0x822B, 0xDC14,
  0xF7BE, 0xFFFF, 0xFFFF, 0xFFDF, 0xFFFF, 0xE352, 0xF8EE, 0xEBD4, 0xFF1D, 0xFBB5, 0xFAB3, 0xFD7A,
  0xFFFF, 0xCE59, 0xF7FF, 0xF7DF, 0xB534, 0x9329, 0x9B48, 0xDD2F, 0xFE73, 0xFE32, 0xFE33, 0xFE12,
  0xFE74, 0xDD2F, 0x48E0, 0x0000, 0x79E0, 0x0000, 0x0000, 0x0000, 0x0000, 0x0000, 0x0000, 0x0000,
  0x0000, 0x39E0, 0x0000, 0x3880, 0xCCAD, 0xFE94, 0xF612, 0xFE12, 0xF5F2, 0xFEB4, 0xB3EB, 0x1000,
  0x0000, 0x0000, 0x8805, 0xB86A, 0xFE3B, 0xFFFF, 0xFFBE, 0xFFDF, 0xFFDF, 0xFFFF, 0xED58, 0xF8EE,
  0xEA10, 0xFFDE, 0xFF9E, 0xFE3B, 0xFFFF, 0xFFFF, 0xC596, 0xE4B5, 0xC595, 0xE5D2, 0xFE12, 0xFE73,
  0xFE32, 0xFE33, 0xFE32, 0xFE32, 0xFE32, 0xFE73, 0xE570, 0x5941, 0x0000, 0x79E0, 0x0000, 0x0000,
  0x0000, 0x0000, 0x0000, 0x0000, 0x0000, 0x0000, 0x0000, 0x07FF, 0x1000, 0x8AC6, 0xFE73, 0xFE74,
  0xFE53, 0xFEB4, 0xF5F1, 0x7224, 0x0000, 0x8025, 0xA889, 0xE96E, 0xF9B0, 0xC9CE, 0xEE9B, 0xFFFF,
  0xFFFF, 0xFFBF, 0xFFFF, 0xF6FC, 0xE96E, 0xF16F, 0xF63A, 0xFFFF, 0xF6FC, 0xF73D, 0xED98, 0xE1CE,
  0xF10E, 0xE2AE, 0xFED5, 0xFE53, 0xFE32, 0xFE32, 0xFE33, 0xFE12, 0xFE12, 0xFE33, 0xFED4, 0xB3EA,
  0x2040, 0x0000, 0x5000, 0x0000, 0x0000, 0x0000, 0x0000, 0x0000, 0x0000, 0x0000, 0x0000, 0x0000,
  0x7BE0, 0x0000, 0x40C0, 0x9307, 0xE56F, 0xEDD1, 0xCCAD, 0x7245, 0x4801, 0xA887, 0xE12D, 0xF990,
  0xF9B0, 0xFA11, 0xF14F, 0xC8EB, 0xD495, 0xF7BE, 0xFFFF, 0xFFFF, 0xFFFF, 0xE311, 0xF8EE, 0xEC96,
  0xF599, 0xF12E, 0xF1B0, 0xF0CE, 0xF8EE, 0xF9F1, 0xE0AD, 0xCB8D, 0xFEB3, 0xFE12, 0xFE32, 0xFE32,
  0xFE73, 0xFE73, 0xFE74, 0xDD0E, 0x5982, 0x0000, 0x7BEF, 0x0000, 0x0000, 0x0000, 0x0000, 0x0000,
  0x0000, 0x0000, 0x0000, 0x0000, 0x0000, 0x0000, 0x0000, 0x0000, 0x0000, 0x6142, 0x71E4, 0x3080,
  0x7003, 0xC0CA, 0xF9B0, 0xF9D1, 0xF9B0, 0xF9AF, 0xF98F, 0xF98F, 0xF990, 0xE0EC, 0xD1EE, 0xDC54,
  0xE63A, 0xF7BE, 0xE536, 0xF0AD, 0xF210, 0xF333, 0xF9B0, 0xF9F1, 0xF12E, 0xE98F, 0xF1D0, 0xF313,
  0xD14D, 0xD42D, 0xFE94, 0xFE94, 0xFE53, 0xBC0A, 0xABCA, 0x9B28, 0x5141, 0x0000, 0xF800, 0x0000,
  0x0000, 0x0000, 0x0000, 0x0000, 0x0000, 0x0000, 0x0000, 0x0000, 0x0000, 0x0000, 0x0000, 0x0000,
  0x7800, 0x0000, 0x0000, 0x0000, 0xA848, 0xE14D, 0xF9B0, 0xF9B0, 0xF9AF, 0xF9D0, 0xF990, 0xF92E,
  0xF9B0, 0xF9D0, 0xF9D0, 0xF98F, 0xE8CD, 0xE14D, 0xD9CE, 0xC9CD, 0xE0AC, 0xF9D0, 0xF65B, 0xFA51,
  0xF96F, 0xF4F7, 0xFF3D, 0xF4F7, 0xFF1D, 0xFE7C, 0xC8CA, 0xDD0E, 0xC46C, 0x82A6, 0x50C0, 0x0800,
  0x0000, 0x0000, 0x0000, 0x0000, 0x0000, 0x0000, 0x0000, 0x0000, 0x0000, 0x0000, 0x0000, 0x0000,
  0x0000, 0x0000, 0x0000, 0x0000, 0x0000, 0x0000, 0x5000, 0x40A0, 0xA068, 0xF98F, 0xF9D0, 0xF9AF,
  0xF9AF, 0xF9B0, 0xF98F, 0xF92E, 0xF990, 0xF9B0, 0xF9AF, 0xF9B0, 0xF98F, 0xF990, 0xF9D1, 0xF970,
  0xF92E, 0xE08B, 0xFA92, 0xFFFF, 0xFE9C, 0xFE1A, 0xFF1D, 0xFA31, 0xF94E, 0xFC76, 0xFFFF, 0xFB34,
  0x9025, 0x3100, 0x0000, 0x0000, 0x0000, 0x0000, 0x52A0, 0x0000, 0x0000, 0x0000, 0x0000, 0x0000,
  0x0000, 0x0000, 0x0000, 0x0000, 0x0000, 0x0000, 0x0000, 0x0000, 0x0000, 0x0000, 0x0000, 0x780F,
  0x2940, 0x9847, 0xF16E, 0xF9F1, 0xF9B0, 0xF9D0, 0xF98F, 0xF90E, 0xF98F, 0xF9B0, 0xF9B0, 0xF9AF,
  0xF9B0, 0xF92E, 0xF98F, 0xF990, 0xF9B0, 0xF9D0, 0xE8EC, 0xF18F, 0xFEDC, 0xFFFF, 0xFFFF, 0xFF9E,
  0xFC96, 0xFF9F, 0xFB94, 0xFF3D, 0xFEBD, 0xD06A, 0x7866, 0xFFFF, 0x6924, 0x7800, 0x0000, 0x0000,
  0x0000, 0x0000, 0x0000, 0x0000, 0x0000, 0x0000, 0x0000, 0x0000, 0x0000, 0x0000, 0x0000, 0x0000,
  0x0000, 0x0000, 0x0000, 0x0000, 0xF800, 0xF81F, 0x3000, 0xA026, 0xF16E, 0xF9F1, 0xF9D0, 0xF10D,
  0xF98F, 0xF9D0, 0xF9B0, 0xF9B0, 0xF9B0, 0xF96F, 0xF92E, 0xF9B0, 0xF990, 0xF9B0, 0xF9D0, 0xF12E,
  0xE88C, 0xFCB7, 0xFFFF, 0xFFDF, 0xFE3B, 0xFB94, 0xFD79, 0xF82C, 0xFE7C, 0xFFFF, 0xF9F0, 0x9805,
  0x0000, 0xA80A, 0x0000, 0x0000, 0x0000, 0x0000, 0x0000, 0x0000, 0x0000, 0x0000, 0x0000, 0x0000,
  0x0000, 0x0000, 0x0000, 0x0000, 0x0000, 0x0000, 0x0000, 0x0000, 0x0000, 0x0000, 0xF800, 0x0000,
  0x0000, 0x9806, 0xD92D, 0xF96F, 0xF96F, 0xF9D0, 0xF9AF, 0xF9B0, 0xF9B0, 0xF9B0, 0xF92E, 0xF96F,
  0xF9B0, 0xF98F, 0xF9B0, 0xF9B0, 0xF96F, 0xE06B, 0xFA32, 0xFFDF, 0xFFFF, 0xF9F1, 0xF86D, 0xFEDC,
  0xFE9C, 0xFFFF, 0xFE9C, 0xF0AC, 0x8026, 0x0000, 0x7807, 0x0000, 0x0000, 0x0000, 0x0000, 0x0000,
  0x0000, 0x0000, 0x0000, 0x0000, 0x0000, 0x0000, 0x0000, 0x0000, 0x0000, 0x0000, 0x0000, 0x0000,
  0x0000, 0x0000, 0xF800, 0x0000, 0x7803, 0xA0E9, 0x98A8, 0x9847, 0xB869, 0xD8EC, 0xF98F, 0xF9D0,
  0xF9D0, 0xF9B0, 0xF9D0, 0xF90E, 0xF96F, 0xF98F, 0xF9AF, 0xF98F, 0xF98F, 0xF98F, 0xE0AC, 0xF0AD,
  0xFD59, 0xFFFF, 0xFF7E, 0xFF3D, 0xFFFF, 0xFFDF, 0xFCD8, 0xF8EE, 0xA007, 0x5084, 0xF800, 0x7800,
  0x0000, 0x0000, 0x0000, 0x0000, 0x0000, 0x0000, 0x0000, 0x0000, 0x0000, 0x0000, 0x0000, 0x0000,
  0x0000, 0x0000, 0x0000, 0x0000, 0x0000, 0x0000, 0xA80A, 0x0000, 0x8004, 0xDB52, 0xFD9A, 0xF0CD,
  0xD88B, 0xB807, 0x98C8, 0xC94C, 0xE12D, 0xF14F, 0xF9B0, 0xF9B0, 0xF92E, 0xF9D0, 0xF9D0, 0xF9D0,
  0xF9B0, 0xF990, 0xF970, 0xF8CE, 0xE08C, 0xF10F, 0xFB75, 0xFD19, 0xFCB8, 0xFB34, 0xF96F, 0xD02A,
  0x9827, 0x4064, 0x0000, 0xF800, 0x0000, 0x0000, 0x0000, 0x0000, 0x0000, 0x0000, 0x0000, 0x0000,
  0x0000, 0x0000, 0x0000, 0x0000, 0x0000, 0x0000, 0x0000, 0x0000, 0x0000, 0x0000, 0x500A, 0x0000,
  0x7003, 0xDB11, 0xFE9D, 0xF8AD, 0xF84C, 0xF8ED, 0xFCD7, 0xFDDB, 0xFD9B, 0xE574, 0xD24B, 0xD16C,
  0xD8EC, 0xE88C, 0xE92E, 0xF14F, 0xF14E, 0xE0ED, 0xD90C, 0xD16C, 0xD9EC, 0xC9CA, 0xD20B, 0xD0CA,
  0xC008, 0xC80A, 0xA807, 0x9807, 0x7086, 0x0000, 0x0000, 0x7800, 0x0000, 0x0000, 0x0000, 0x0000,
  0x0000, 0x0000, 0x0000, 0x0000, 0x0000, 0x0000, 0x0000, 0x0000, 0x0000, 0x0000, 0x0000, 0x0000,
  0x0000, 0x0000, 0x500A, 0x0000, 0x6803, 0xC16C, 0xFF1E, 0xF92E, 0xF84B, 0xF82B, 0xFB94, 0xFFFF,
  0xFC78, 0xFF1D, 0xFEF5, 0xFE31, 0xED4E, 0xDC6D, 0xDBAD, 0xDB4C, 0xC2AA, 0xCAEB, 0xE3EC, 0xE48C,
  0xEDB0, 0xF611, 0xFDF0, 0xFE10, 0xF631, 0xBC2B, 0x6983, 0x07FF, 0x0000, 0x0000, 0xF81F, 0x7800,
  0x0000, 0x0000, 0x0000, 0x0000, 0x0000, 0x0000, 0x0000, 0x0000, 0x0000, 0x0000, 0x0000, 0x0000,
  0x0000, 0x0000, 0x0000, 0x0000, 0x0000, 0x0000, 0x0000, 0xF800, 0x04C6, 0x9005, 0xFDDA, 0xFB95,
  0xF82B, 0xF8ED, 0xF84C, 0xFE5B, 0xFF7E, 0xFC37, 0xFF5C, 0xFE32, 0xFDF2, 0xFE12, 0xFE52, 0xFE52,
  0xFE10, 0xFE10, 0xABA8, 0xF5AF, 0xFE52, 0xFE33, 0xFE32, 0xFE12, 0xFE12, 0xFE53, 0xFE94, 0x92C7,
  0x0800, 0xC98C, 0x6006, 0x0000, 0x0000, 0x0000, 0xF800, 0x7800, 0xF800, 0x0000, 0x0000, 0x0000,
  0x0000, 0x0000, 0x0000, 0x0000, 0x0000, 0x0000, 0x0000, 0x0000, 0x0000, 0x0000, 0x0000, 0xA80A,
  0x0000, 0x6800, 0xD24E, 0xFEBD, 0xF86C, 0xF8CD, 0xF86C, 0xF88D, 0xFEDC, 0xFF1D, 0xFC37, 0xFF5C,
  0xFE33, 0xFE12, 0xFE12, 0xF612, 0xF5F2, 0xFE73, 0xCCAC, 0x48E1, 0x9328, 0xFE53, 0xFE12, 0xFE12,
  0xFE12, 0xFE33, 0xFDF1, 0xFE74, 0xEE99, 0x6905, 0x0000, 0x79E7, 0xF800, 0xA80A, 0xA80A, 0x0000,
  0x0000, 0x0000, 0xA80A, 0x7800, 0x0000, 0x0000, 0x0000, 0x0000, 0x0000, 0x0000, 0x0000, 0x0000,
  0x0000, 0x0000, 0x0000, 0x0000, 0xF80F, 0x0000, 0x9004, 0xFD59, 0xFC16, 0xF84B, 0xF86C, 0xF92E,
  0xF80B, 0xFDBA, 0xFFFF, 0xFC78, 0xFF9F, 0xFF17, 0xFE32, 0xFE53, 0xFE53, 0xFE53, 0xD4CD, 0x61A2,
  0x0000, 0x3880, 0xC46C, 0xFE73, 0xFE12, 0xFE32, 0xFE11, 0xFE34, 0xFFDD, 0xFF1F, 0xD271, 0x8004,
  0x0000, 0x0000, 0x0000, 0x0000, 0x28E3, 0x5000, 0x0800, 0x0000, 0x0000, 0x0000, 0x0000, 0x0000,
  0x0000, 0x0000, 0x0000, 0x0000, 0x0000, 0x0000, 0x0000, 0x0000, 0xF800, 0x0000, 0x2800, 0xB069,
  0xFE7C, 0xF90E, 0xF80A, 0xF98F, 0xFB33, 0xFAF2, 0xFA10, 0xED58, 0xDB53, 0xEC36, 0xF5F7, 0xED70,
  0xE590, 0xCCAD, 0x9307, 0x5941, 0x0000, 0x9986, 0x0000, 0x69A3, 0xED8F, 0xFE32, 0xFE33, 0xFF18,
  0xFFFF, 0xFEDD, 0xFBB6, 0xFE1C, 0xB28E, 0x5000, 0x4801, 0x7004, 0x9006, 0xA828, 0xC16C, 0xB0CA,
  0x8805, 0x4003, 0x0000, 0xF800, 0x0000, 0x0000, 0x0000, 0x0000, 0x0000, 0x0000, 0x0000, 0x0000,
  0x0000, 0x7800, 0x0000, 0x6000, 0xC98C, 0xFE5C, 0xFA51, 0xFA92, 0xFA92, 0xFB74, 0xFA92, 0xE8CD,
  0x8805, 0x7004, 0x8004, 0x8005, 0x6143, 0x5982, 0x38A0, 0x0000, 0x0000, 0x0000, 0x7800, 0xFBEF,
  0x0000, 0x8A66, 0xFF3A, 0xFFFE, 0xFFBF, 0xFDFB, 0xFC57, 0xFE1B, 0xFFFF, 0xF65B, 0xB848, 0xC0EB,
  0xD92C, 0xF12E, 0xFDFB, 0xFFDF, 0xFEFD, 0xF271, 0x9026, 0x28E1, 0xF800, 0xF800, 0x0000, 0x0000,
  0x0000, 0x0000, 0x0000, 0x0000, 0x0000, 0x0000, 0x500A, 0x0000, 0x6000, 0xC9CD, 0xFE9C, 0xFEFD,
  0xFFFF, 0xFE5B, 0xFAD2, 0xF8CD, 0x9827, 0x4AC7, 0x0000, 0x0000, 0x0000, 0x0000, 0x0000, 0x0000,
  0x0000, 0x52A0, 0x0000, 0x0000, 0xA80A, 0x0000, 0x6002, 0xDC15, 0xFDDB, 0xFBF6, 0xFCF9, 0xFEFD,
  0xFFFF, 0xFFFF, 0xFA92, 0xF9B0, 0xFB95, 0xFA72, 0xFCF8, 0xFFFF, 0xFFDF, 0xFE1A, 0xFF1E, 0xE08B,
  0x6803, 0x0000, 0x7807, 0x0000, 0x0000, 0x0000, 0x0000, 0x0000, 0x0000, 0x0000, 0x0000, 0x7800,
  0x0000, 0x4041, 0xB0A9, 0xFE5C, 0xFE7B, 0xFFFF, 0xFFFF, 0xFCD8, 0xB807, 0x60E5, 0x0000, 0x9004,
  0x7807, 0x7807, 0x79E7, 0x79E7, 0x39E0, 0x0000, 0x0000, 0x0000, 0x0000, 0x0000, 0xAAAA, 0x0000,
  0x9867, 0xFC77, 0xFE9D, 0xFFDF, 0xFFFF, 0xFFFF, 0xFD58, 0xF84C, 0xFA92, 0xF271, 0xF9B0, 0xFEFD,
  0xFFBF, 0xFD39, 0xFF7E, 0xFB95, 0xE009, 0x7045, 0x0000, 0x7807, 0x0000, 0x0000, 0x0000, 0x0000,
  0x0000, 0x0000, 0x0000, 0x0000, 0x0000, 0xA80A, 0x0000, 0x8004, 0xEAD1, 0xFE3C, 0xFE5B, 0xFDDB,
  0xD92D, 0x7024, 0x0000, 0x7807, 0x0000, 0x0000, 0x0000, 0x0000, 0x0000, 0x0000, 0x0000, 0x0000,
  0x0000, 0x0000, 0x0000, 0x5000, 0x0000, 0x4000, 0xBB50, 0xFFFF, 0xFFFF, 0xFFBF, 0xFC97, 0xF88C,
  0xF88C, 0xF86C, 0xF86C, 0xF86C, 0xFC36, 0xFDDA, 0xFF7E, 0xFC77, 0xF80B, 0xA828, 0x5022, 0x0000,
  0x7800, 0x0000, 0x0000, 0x0000, 0x0000, 0x0000, 0x0000, 0x0000, 0x0000, 0x0000, 0x7800, 0xF800,
  0x4924, 0x8805, 0xC92C, 0xD0CB, 0xA807, 0x7804, 0x07E0, 0xA80A, 0x0000, 0x0000, 0x0000, 0x0000,
  0x0000, 0x0000, 0x0000, 0x0000, 0x0000, 0x0000, 0x0000, 0x0000, 0x0000, 0xA80A, 0x0000, 0x8846,
  0xF4B7, 0xFC56, 0xF98F, 0xF82B, 0xF86C, 0xF88C, 0xF8CD, 0xF82B, 0xF80B, 0xFBF5, 0xFFBF, 0xFC36,
  0xF80B, 0xC829, 0x7045, 0x0000, 0x5000, 0x0000, 0x0000, 0x0000, 0x0000, 0x0000, 0x0000, 0x0000,
  0x0000, 0x0000, 0x0000, 0x0000, 0x0000, 0x0000, 0x0000, 0x6802, 0x7004, 0x48A4, 0x0000, 0x0000,
  0x0000, 0x0000, 0x0000, 0x0000, 0x0000, 0x0000, 0x0000, 0x0000, 0x0000, 0x0000, 0x0000, 0x0000,
  0x0000, 0x0000, 0x7800, 0xF800, 0x3042, 0xA006, 0xF80B, 0xF84C, 0xF88D, 0xF8AD, 0xF8AC, 0xF84B,
  0xF96F, 0xFE3B, 0xFF9E, 0xFA51, 0xF80B, 0xC849, 0x7825, 0x0000, 0x5000, 0x0000, 0x0000, 0x0000,
  0x0000, 0x0000, 0x0000, 0x0000, 0x0000, 0x0000, 0x0000, 0x0000, 0x0000, 0x0000, 0x0000, 0x0000,
  0x0000, 0x0000, 0x0000, 0x7800, 0x0000, 0x0000, 0x0000, 0x0000, 0x0000, 0x0000, 0x0000, 0x0000,
  0x0000, 0x0000, 0x0000, 0x0000, 0x0000, 0x0000, 0x0000, 0x0000, 0xA80A, 0x0000, 0x7045, 0xD86B,
  0xF8AD, 0xF88C, 0xF80B, 0xF84C, 0xFBD5, 0xFFDF, 0xFE3B, 0xF90E, 0xF80A, 0xA828, 0x6804, 0x0000,
  0xA80A, 0x0000, 0x0000, 0x0000, 0x0000, 0x0000, 0x0000, 0x0000, 0x0000, 0x0000, 0x0000, 0x0000,
  0x0000, 0x0000, 0x0000, 0x0000, 0x0000, 0xA80A, 0x7807, 0x7800, 0x0000, 0x0000, 0x0000, 0x0000,
  0x0000, 0x0000, 0x0000, 0x0000, 0x0000, 0x0000, 0x0000, 0x0000, 0x0000, 0x0000, 0x0000, 0x0000,
  0x0000, 0x0000, 0x7800, 0x1800, 0xA027, 0xF84C, 0xF8AD, 0xFAF3, 0xFEDD, 0xFFDF, 0xFBD5, 0xF80C,
  0xE80A, 0xA047, 0x5824, 0x0000, 0x7807, 0x0000, 0x0000, 0x0000, 0x0000, 0x0000, 0x0000, 0x0000,
  0x0000, 0x0000, 0x0000, 0x0000, 0x0000, 0x0000, 0x0000, 0x0000, 0x0000, 0x0000, 0x0000, 0x0000,
  0x0000, 0x0000, 0x0000, 0x0000, 0x0000, 0x0000, 0x0000, 0x0000, 0x0000, 0x0000, 0x0000, 0x0000,
  0x0000, 0x0000, 0x0000, 0x0000, 0x0000, 0x0000, 0x0000, 0xA80A, 0x0000, 0x7003, 0xD18D, 0xFF5E,
  0xFFFF, 0xFD39, 0xF92E, 0xF80B, 0xC009, 0x8826, 0x3861, 0x0000, 0x7807, 0x0000, 0x0000, 0x0000,
  0x0000, 0x0000, 0x0000, 0x0000, 0x0000, 0x0000, 0x0000, 0x0000, 0x0000, 0x0000, 0x0000, 0x0000,
  0x0000, 0x0000, 0x0000, 0x0000, 0x0000, 0x0000, 0x0000, 0x0000, 0x0000, 0x0000, 0x0000, 0x0000,
  0x0000, 0x0000, 0x0000, 0x0000, 0x0000, 0x0000, 0x0000, 0x0000, 0x0000, 0x0000, 0x0000, 0x0000,
  0x0000, 0x500A, 0x0000, 0x8887, 0xEA91, 0xF8ED, 0xF009, 0xC808, 0x9827, 0x6024, 0x0000, 0x0000,
  0x5000, 0x0000, 0x0000, 0x0000, 0x0000, 0x0000, 0x0000, 0x0000, 0x0000, 0x0000, 0x0000, 0x0000,
  0x0000, 0x0000, 0x0000, 0x0000, 0x0000, 0x0000, 0x0000, 0x0000, 0x0000, 0x0000, 0x0000, 0x0000,
  0x0000, 0x0000, 0x0000, 0x0000, 0x0000, 0x0000, 0x0000, 0x0000, 0x0000, 0x0000, 0x0000, 0x0000,
  0x0000, 0x0000, 0x0000, 0x0000, 0x0000, 0x0000, 0xF800, 0xF81F, 0x3000, 0x8804, 0xA806, 0x9046,
  0x6845, 0x0000, 0x0000, 0xA80A, 0xF800, 0x0000, 0x0000, 0x0000, 0x0000, 0x0000, 0x0000, 0x0000,
  0x0000, 0x0000, 0x0000, 0x0000, 0x0000, 0x0000, 0x0000, 0x0000, 0x0000, 0x0000, 0x0000, 0x0000,
  0x0000, 0x0000, 0x0000, 0x0000, 0x0000, 0x0000, 0x0000, 0x0000, 0x0000, 0x0000, 0x0000, 0x0000,
  0x0000, 0x0000, 0x0000, 0x0000, 0x0000, 0x0000, 0x0000, 0x0000, 0x0000, 0x0000, 0x0000, 0x0000,
  0x0000, 0x0000, 0x0000, 0x0000, 0x0000, 0x0000, 0x0000, 0x0000, 0x0000, 0x0000, 0x0000, 0x0000,
  0x0000, 0x0000, 0x0000, 0x0000, 0x0000, 0x0000, 0x0000, 0x0000, 0x0000, 0x0000, 0x0000, 0x0000,
  0x0000, 0x0000, 0x0000, 0x0000, 0x0000, 0x0000, 0x0000, 0x0000, 0x0000, 0x0000, 0x0000, 0x0000,
  0x0000, 0x0000, 0x0000, 0x0000, 0x0000, 0x0000, 0x0000, 0x0000, 0x0000, 0x0000, 0x0000, 0x0000,
  0x0000, 0x0000, 0x0000, 0x0000, 0x0000, 0x0000, 0x0000, 0x0000, 0x0000, 0x0000, 0x0000, 0x0000,
  0x0000, 0x0000, 0x0000, 0x0000, 0x0000, 0x0000, 0x0000, 0x0000, 0x0000, 0x0000, 0x0000, 0x0000,
  0x0000, 0x0000, 0x0000, 0x0000, 0x0000, 0x0000, 0x0000, 0x0000, 0x0000, 0x0000, 0x0000, 0x0000,
  0x0000, 0x0000, 0x0000, 0x0000, 0x0000, 0x0000, 0x0000, 0x0000, 0x0000, 0x0000, 0x0000, 0x0000,
  0x0000, 0x0000, 0x0000, 0x0000, 0x0000, 0x0000, 0x0000, 0x0000, 0x0000, 0x0000, 0x0000, 0x0000,
  0x0000, 0x0000, 0x0000, 0x0000, 0x0000, 0x0000, 0x0000, 0x0000, 0x0000, 0x0000, 0x0000, 0x0000,
  0x0000, 0x0000, 0x0000, 0x0000, 0x0000, 0x0000, 0x0000, 0x0000, 0x0000, 0x0000, 0x0000, 0x0000,
  0x0000, 0x0000, 0x0000, 0x0000, 0x0000, 0x0000, 0x0000, 0x0000, 0x0000, 0x0000, 0x0000, 0x0000,
  0x0000, 0x0000, 0x0000, 0x0000, 0x0000, 0x0000, 0x0000, 0x0000, 0x0000, 0x0000, 0x0000, 0x0000,
  0x0000, 0x0000, 0x0000, 0x0000, 0x0000, 0x0000, 0x0000, 0x0000, 0x0000, 0x0000, 0x0000, 0x0000,
  0x0000, 0x0000, 0x0000, 0x0000, 0x0000, 0x0000, 0x0000, 0x0000, 0x0000, 0x0000, 0x0000, 0x0000,
};
const uint8_t V54_PINK_RUN_1_MASK[] PROGMEM = {
  0x00, 0x00, 0x00, 0x00, 0x00, 0x00, 0x00, 0x00, 0x00, 0x00, 0x00, 0x00, 0x00, 0x00, 0x00, 0x00, 0x00, 0x00, 0x00, 0x00,
  0x00, 0x00, 0x00, 0x00, 0x7F, 0xE0, 0x00, 0x00, 0x00, 0x00, 0x03, 0xFF, 0xF8, 0x00, 0x00, 0x00, 0x00, 0x0F, 0xFF, 0xFE,
  0x00, 0x00, 0x00, 0x00, 0x1F, 0xFF, 0xFF, 0x80, 0x00, 0x00, 0x00, 0x7F, 0xFF, 0xFF, 0xC0, 0x00, 0x00, 0x00, 0xFF, 0xFF,
  0xFF, 0xE3, 0xC0, 0x00, 0x01, 0xFF, 0xFF, 0xFF, 0xE7, 0xE0, 0x00, 0x01, 0xFF, 0xFF, 0xFF, 0xFF, 0xE0, 0x00, 0x03, 0xFF,
  0xFF, 0xFF, 0xFF, 0xF0, 0x00, 0x07, 0xFF, 0xFF, 0xFF, 0xFF, 0xF0, 0x00, 0x07, 0xFF, 0xFF, 0xFF, 0xFF, 0xF0, 0x00, 0x0F,
  0xFF, 0xFF, 0xFF, 0xFF, 0xE0, 0x00, 0x0F, 0xFF, 0xFF, 0xFF, 0xFF, 0xE0, 0x00, 0x0F, 0xFF, 0xFF, 0xFF, 0xFF, 0xE0, 0x00,
  0x0F, 0xFF, 0xFF, 0xFF, 0xFF, 0xC0, 0x00, 0x1F, 0xFF, 0xFF, 0xFF, 0xFF, 0x80, 0x00, 0xFF, 0xFF, 0xFF, 0xFF, 0xFF, 0x00,
  0x07, 0xFF, 0xFF, 0xFF, 0xFF, 0xFF, 0x00, 0x0F, 0xFF, 0xFF, 0xFF, 0xFF, 0xFF, 0x00, 0x1F, 0xFF, 0xFF, 0xFF, 0xFF, 0xFF,
  0x00, 0x3F, 0xFF, 0xFF, 0xFF, 0xFF, 0xFE, 0x00, 0x7F, 0xFF, 0xFF, 0xFF, 0xFF, 0xFE, 0x00, 0x7F, 0xFF, 0xFF, 0xFF, 0xFF,
  0xFE, 0x00, 0x7F, 0xFF, 0xFF, 0xFF, 0xFF, 0xFF, 0x00, 0x7F, 0xFF, 0xFF, 0xFF, 0xFF, 0xFF, 0x80, 0x3F, 0xFF, 0xFF, 0xFF,
  0xFF, 0xFF, 0xC0, 0x1F, 0xF1, 0xFF, 0xFF, 0xFF, 0xFF, 0xE0, 0x1F, 0xE0, 0xFF, 0xFF, 0xFF, 0xFF, 0xF0, 0x07, 0x80, 0x3F,
  0xFF, 0xFF, 0xFF, 0xF0, 0x00, 0x00, 0xFF, 0xFF, 0xFF, 0xFF, 0xF0, 0x00, 0x07, 0xFF, 0xFF, 0xFC, 0xFF, 0xF0, 0x00, 0x0F,
  0xFF, 0xFF, 0xE0, 0x7F, 0xF0, 0x00, 0x3F, 0xFF, 0xFF, 0xF0, 0x3F, 0xC0, 0x00, 0x7F, 0xFF, 0xFF, 0xF8, 0x7F, 0xC0, 0x00,
  0xFF, 0xFF, 0xFF, 0xFC, 0xFF, 0x00, 0x00, 0xFF, 0xFF, 0xFF, 0xFE, 0xFE, 0x00, 0x01, 0xFF, 0xBF, 0xFF, 0xFF, 0xFF, 0x00,
  0x01, 0xFF, 0x3F, 0xFF, 0xFF, 0xFF, 0x00, 0x00, 0xFE, 0xFF, 0xFF, 0xFF, 0xFF, 0x00, 0x00, 0xFF, 0xFF, 0xFF, 0xFF, 0xFE,
  0x00, 0x00, 0x3F, 0xFF, 0xFF, 0xFF, 0xFC, 0x00, 0x00, 0x0F, 0xFF, 0xFF, 0xFF, 0xE0, 0x00, 0x00, 0x1F, 0xFF, 0xFF, 0xFF,
  0x80, 0x00, 0x00, 0x1F, 0xFF, 0xFF, 0xFF, 0x80, 0x00, 0x00, 0x0F, 0xFF, 0xFF, 0xFF, 0x80, 0x00, 0x00, 0x07, 0xFF, 0xFF,
  0xFF, 0x80, 0x00, 0x00, 0x1F, 0xFF, 0xFF, 0xFF, 0x00, 0x00, 0x00, 0x3F, 0xFF, 0xFF, 0xFE, 0x00, 0x00, 0x00, 0x7F, 0xFF,
  0xFF, 0xFC, 0x00, 0x00, 0x00, 0xFF, 0xFF, 0xFF, 0xE0, 0x00, 0x00, 0x00, 0xFF, 0xFF, 0xFF, 0xE0, 0x00, 0x00, 0x01, 0xFF,
  0xFF, 0xFF, 0xF0, 0x00, 0x00, 0x01, 0xFF, 0xFF, 0xBF, 0xF8, 0x00, 0x00, 0x01, 0xFF, 0xFF, 0x1F, 0xF9, 0xF8, 0x00, 0x03,
  0xFF, 0xFC, 0x0F, 0xFF, 0xFC, 0x00, 0x03, 0xFE, 0x00, 0x0F, 0xFF, 0xFE, 0x00, 0x01, 0xFE, 0x00, 0x07, 0xFF, 0xFE, 0x00,
  0x01, 0xFC, 0x00, 0x07, 0xFF, 0xFC, 0x00, 0x00, 0xF8, 0x00, 0x03, 0xFF, 0xFC, 0x00, 0x00, 0x60, 0x00, 0x01, 0xFF, 0xF8,
  0x00, 0x00, 0x00, 0x00, 0x01, 0xFF, 0xF0, 0x00, 0x00, 0x00, 0x00, 0x00, 0xFF, 0xE0, 0x00, 0x00, 0x00, 0x00, 0x00, 0xFF,
  0x80, 0x00, 0x00, 0x00, 0x00, 0x00, 0x7F, 0x00, 0x00, 0x00, 0x00, 0x00, 0x00, 0x3C, 0x00, 0x00, 0x00, 0x00, 0x00, 0x00,
  0x00, 0x00, 0x00, 0x00, 0x00, 0x00, 0x00, 0x00, 0x00, 0x00, 0x00, 0x00, 0x00, 0x00, 0x00, 0x00, 0x00, 0x00, 0x00, 0x00,
  0x00, 0x00, 0x00, 0x00,
};
const Sprite565 V54_PINK_RUN_1 = { V54_PINK_RUN_1_BITMAP, V54_PINK_RUN_1_MASK, 53, 72 };

const uint16_t V54_PINK_RUN_2_BITMAP[] PROGMEM = {
  0x0000, 0x0000, 0x0000, 0x0000, 0x0000, 0x0000, 0x0000, 0x0000, 0x0000, 0x0000, 0x0000, 0x0000,
  0x0000, 0x0000, 0x0000, 0x0000, 0x0000, 0x0000, 0x0000, 0x0000, 0x0000, 0x0000, 0x0000, 0x0000,
  0x0000, 0x0000, 0x0000, 0x0000, 0x0000, 0x0000, 0x0000, 0x0000, 0x0000, 0x0000, 0x0000, 0x0000,
  0x0000, 0x0000, 0x0000, 0x0000, 0x0000, 0x0000, 0x0000, 0x0000, 0x0000, 0x0000, 0x0000, 0x0000,
  0x0000, 0x0000, 0x0000, 0x0000, 0x0000, 0x0000, 0x0000, 0x0000, 0x0000, 0x0000, 0x0000, 0x0000,
  0x0000, 0x0000, 0x0000, 0x0000, 0x0000, 0x0000, 0x0000, 0x0000, 0x0000, 0x0000, 0x0000, 0x0000,
  0x0000, 0x0000, 0x0000, 0x0000, 0x0000, 0x0000, 0x0000, 0x0000, 0x5000, 0x0000, 0x0000, 0x0000,
  0x1841, 0x2061, 0x2881, 0x2881, 0x2881, 0x2881, 0x28A1, 0x28A1, 0x2881, 0x2881, 0x2881, 0x2040,
  0x0000, 0x0000, 0x0000, 0x5000, 0x0000, 0x0000, 0x0000, 0x0000, 0x0000, 0x0000, 0x0000, 0x0000,
  0x0000, 0x0000, 0x0000, 0x0000, 0x0000, 0x0000, 0x0000, 0x0000, 0x0000, 0x0000, 0x0000, 0x0000,
  0x0000, 0x0000, 0x0000, 0x0000, 0x0000, 0x0000, 0x0000, 0x0000, 0x0000, 0x0000, 0x0000, 0x0000,
  0x0000, 0x0000, 0x0000, 0x0000, 0x0000, 0x0000, 0x0000, 0x0000, 0x2061, 0x2881, 0x30C2, 0x38E2,
  0x4123, 0x4123, 0x4123, 0x4944, 0x4944, 0x4944, 0x4923, 0x4123, 0x4103, 0x30C2, 0x30A1, 0x2061,
  0x2000, 0x0000, 0x0000, 0x0000, 0x0000, 0x0000, 0x0000, 0x0000, 0x0000, 0x0000, 0x0000, 0x0000,
  0x0000, 0x0000, 0x0000, 0x0000, 0x0000, 0x0000, 0x0000, 0x0000, 0x0000, 0x0000, 0x0000, 0x0000,
  0x0000, 0x0000, 0x0000, 0x0000, 0x0000, 0x0000, 0x0000, 0x0000, 0x0000, 0x0000, 0x0000, 0x0000,
  0x0000, 0x5000, 0x0000, 0x0000, 0x2061, 0x2881, 0x38E2, 0x4943, 0x4944, 0x4944, 0x4944, 0x4944,
  0x4944, 0x4944, 0x4944, 0x4944, 0x4944, 0x4944, 0x4964, 0x4964, 0x4944, 0x4103, 0x30A2, 0x2060,
  0x0000, 0x0000, 0x0000, 0x0000, 0x0000, 0x0000, 0x0000, 0x0000, 0x0000, 0x0000, 0x0000, 0x0000,
  0x0000, 0x0000, 0x0000, 0x0000, 0x0000, 0x0000, 0x0000, 0x0000, 0x0000, 0x0000, 0x0000, 0x0000,
  0x0000, 0x0000, 0x0000, 0x0000, 0x0000, 0x0000, 0x0000, 0x0000, 0x0000, 0x0000, 0x3800, 0x0000,
  0x2060, 0x2881, 0x30C2, 0x4123, 0x4944, 0x4944, 0x4123, 0x4944, 0x5184, 0x5184, 0x4964, 0x4944,
  0x4944, 0x4944, 0x4944, 0x4944, 0x4944, 0x4944, 0x4944, 0x4944, 0x4944, 0x3903, 0x2881, 0x2861,
  0x0000, 0x5000, 0x0000, 0x0000, 0x0000, 0x0000, 0x5000, 0x7807, 0x7807, 0x7800, 0x0000, 0x0000,
  0x0000, 0x0000, 0x0000, 0x0000, 0x0000, 0x0000, 0x0000, 0x0000, 0x0000, 0x0000, 0x0000, 0x0000,
  0x0000, 0x0000, 0x0000, 0x0000, 0x0000, 0x0000, 0x0000, 0x3800, 0x0000, 0x2861, 0x28A1, 0x4103,
  0x4944, 0x4944, 0x4944, 0x4964, 0x61C5, 0x7227, 0x7227, 0x51A5, 0x4944, 0x4944, 0x4944, 0x4944,
  0x4944, 0x4944, 0x4944, 0x4944, 0x4944, 0x4944, 0x4944, 0x4964, 0x4143, 0x30A2, 0x3041, 0x0000,
  0x3800, 0x0000, 0x7800, 0xF800, 0x0000, 0x0000, 0x0000, 0x0000, 0x7800, 0x0000, 0x0000, 0x0000,
  0x0000, 0x0000, 0x0000, 0x0000, 0x0000, 0x0000, 0x0000, 0x0000, 0x0000, 0x0000, 0x0000, 0x0000,
  0x0000, 0x0000, 0x0000, 0x0000, 0x3800, 0x0000, 0x2061, 0x30C2, 0x4944, 0x4964, 0x4944, 0x4944,
  0x59A5, 0x7227, 0x7227, 0x6A07, 0x4964, 0x4123, 0x4944, 0x4944, 0x4944, 0x4944, 0x4944, 0x4944,
  0x4944, 0x4944, 0x4944, 0x4144, 0x5104, 0x7926, 0x6105, 0x3903, 0x30C2, 0x3842, 0x0000, 0x5005,
  0x0000, 0x0000, 0x6002, 0x8004, 0x7004, 0x4002, 0x0000, 0xF800, 0x0000, 0x0000, 0x0000, 0x0000,
  0x0000, 0x0000, 0x0000, 0x0000, 0x0000, 0x0000, 0x0000, 0x0000, 0x0000, 0x0000, 0x0000, 0x0000,
  0x0000, 0x3800, 0x0000, 0x2061, 0x30C2, 0x4944, 0x4944, 0x4944, 0x4944, 0x4964, 0x61E6, 0x59A5,
  0x51A5, 0x61E6, 0x61C6, 0x5184, 0x4964, 0x4964, 0x4944, 0x4944, 0x4944, 0x4944, 0x4944, 0x4944,
  0x4144, 0x5904, 0xD9CE, 0xFA93, 0xF211, 0xA92A, 0x5124, 0x30A2, 0x4822, 0x0000, 0x6023, 0x8805,
  0xB8CA, 0xE1AF, 0xD94D, 0x9026, 0x5822, 0xF800, 0x0000, 0x0000, 0x0000, 0x0000, 0x0000, 0x0000,
  0x0000, 0x0000, 0x0000, 0x0000, 0x0000, 0x0000, 0x0000, 0x0000, 0x0000, 0x0000, 0x0000, 0x0000,
  0x2861, 0x30A2, 0x4944, 0x4944, 0x4944, 0x4944, 0x4944, 0x4964, 0x4944, 0x4964, 0x6A07, 0x7A47,
  0x7227, 0x59A5, 0x5164, 0x4944, 0x4944, 0x4944, 0x4944, 0x4944, 0x4944, 0x4944, 0x4123, 0xB96B,
  0xFAD4, 0xFAB2, 0xFAB3, 0xFA94, 0xB94B, 0x38E3, 0x20A1, 0x7004, 0x9827, 0xE9AF, 0xFAB3, 0xFAB3,
  0xFAB4, 0xE98F, 0x8004, 0x0000, 0x0000, 0x0000, 0x0000, 0x0000, 0x0000, 0x0000, 0x0000, 0x0000,
  0x0000, 0x0000, 0x0000, 0x0000, 0x0000, 0x0000, 0x0000, 0x0000, 0x0000, 0x2861, 0x2881, 0x4123,
  0x4944, 0x4944, 0x4944, 0x4944, 0x4944, 0x4944, 0x4944, 0x6A06, 0x7A47, 0x7227, 0x6A06, 0x7227,
  0x59A5, 0x5184, 0x4964, 0x4964, 0x4944, 0x4944, 0x4944, 0x4143, 0x6104, 0xEA31, 0xFAB3, 0xFAB2,
  0xFA92, 0xFAB3, 0xFA73, 0x90E8, 0x70C5, 0xA068, 0xF1F1, 0xFA93, 0xFA72, 0xFA52, 0xFA52, 0xFA72,
  0xA047, 0x2800, 0x0000, 0x0000, 0x0000, 0x0000, 0x0000, 0x0000, 0x0000, 0x0000, 0x0000, 0x0000,
  0x0000, 0x0000, 0x0000, 0x0000, 0x0000, 0x0000, 0x2940, 0x2881, 0x4103, 0x4944, 0x4944, 0x4944,
  0x4944, 0x4944, 0x4944, 0x4944, 0x4964, 0x61C5, 0x61C5, 0x6A06, 0x7227, 0x69E6, 0x6A07, 0x61E6,
  0x5184, 0x5164, 0x4944, 0x4944, 0x4944, 0x4143, 0x8127, 0xFA93, 0xFAB2, 0xFA93, 0xFA93, 0xFAB3,
  0xFA72, 0xF1AF, 0xFA73, 0xF1D0, 0xF1F1, 0xFA73, 0xFA72, 0xFA72, 0xFA72, 0xFAB3, 0xA8A9, 0x3800,
  0x0000, 0x0000, 0x0000, 0x0000, 0x0000, 0x0000, 0x0000, 0x0000, 0x0000, 0x0000, 0x0000, 0x0000,
  0x0000, 0x0000, 0x3800, 0x0000, 0x2061, 0x38E2, 0x4944, 0x4944, 0x4944, 0x4944, 0x4944, 0x4944,
  0x4944, 0x4944, 0x4944, 0x4964, 0x5184, 0x6A06, 0x6A06, 0x6A06, 0x7227, 0x59C5, 0x5184, 0x4964,
  0x4944, 0x4944, 0x4944, 0x4123, 0x9949, 0xFAB3, 0xFA92, 0xFA93, 0xFA72, 0xFAD3, 0xEA10, 0xF1F1,
  0xFA73, 0xF1F1, 0xE98E, 0xFAB3, 0xFA72, 0xFA72, 0xFA93, 0xFAB3, 0xA089, 0x3801, 0x0000, 0x0000,
  0x0000, 0x0000, 0x0000, 0x0000, 0x0000, 0x0000, 0x0000, 0x0000, 0x0000, 0x0000, 0x0000, 0x0000,
  0x0000, 0x2004, 0x2881, 0x4123, 0x4944, 0x4944, 0x4944, 0x4944, 0x4944, 0x4944, 0x4944, 0x4944,
  0x4944, 0x4944, 0x5164, 0x51A5, 0x5185, 0x59A5, 0x61C5, 0x5184, 0x5164, 0x4944, 0x4944, 0x4944,
  0x4944, 0x4123, 0xA96A, 0xFAB3, 0xFA92, 0xFA93, 0xFA93, 0xFAB3, 0xE9D0, 0xF1F1, 0xFA52, 0xFA11,
  0xE9AF, 0xFAB3, 0xFA72, 0xFA72, 0xFA93, 0xFA72, 0x9847, 0x3000, 0x0000, 0x0000, 0x0000, 0x0000,
  0x0000, 0x0000, 0x0000, 0x0000, 0x0000, 0x0000, 0x0000, 0x0000, 0x0000, 0x3800, 0x0000, 0x2061,
  0x38E2, 0x4944, 0x4944, 0x4944, 0x4944, 0x4944, 0x4944, 0x4944, 0x4944, 0x4944, 0x4944, 0x4944,
  0x4964, 0x4964, 0x5164, 0x5164, 0x4943, 0x5184, 0x4964, 0x4944, 0x4944, 0x4944, 0x4944, 0x4123,
  0xA96A, 0xFAB3, 0xFA92, 0xFA93, 0xFA93, 0xFAB3, 0xF1F1, 0xFA11, 0xFAB3, 0xF1D0, 0xF1F0, 0xFAB3,
  0xFA72, 0xFA72, 0xFAB3, 0xF211, 0x8805, 0x0000, 0x0000, 0x0000, 0x0000, 0x0000, 0x0000, 0x0000,
  0x0000, 0x0000, 0x0000, 0x0000, 0x0000, 0x0000, 0x0000, 0x0000, 0x0000, 0x2881, 0x4123, 0x4944,
  0x4944, 0x4944, 0x4944, 0x4944, 0x4944, 0x4944, 0x4944, 0x4944, 0x4944, 0x4944, 0x4944, 0x4944,
  0x5164, 0x4943, 0x8B09, 0x4964, 0x4964, 0x4944, 0x4944, 0x4944, 0x4944, 0x4143, 0x9949, 0xFAB4,
  0xF292, 0xFA93, 0xFAB3, 0xFAB4, 0xD94E, 0xB0CA, 0xE18E, 0xE16E, 0xFA72, 0xFA72, 0xFA72, 0xFA72,
  0xFAB3, 0xE14E, 0x7004, 0x0000, 0x0000, 0x0000, 0x0000, 0x0000, 0x0000, 0x0000, 0x0000, 0x0000,
  0x0000, 0x0000, 0x0000, 0x0000, 0x0000, 0x0000, 0x2860, 0x30A1, 0x4944, 0x4944, 0x4944, 0x4944,
  0x4944, 0x4944, 0x4944, 0x4944, 0x4944, 0x4944, 0x4944, 0x4944, 0x4144, 0x4964, 0x38E3, 0x7AC8,
  0xFE94, 0x6A47, 0x4103, 0x5164, 0x4944, 0x4944, 0x4944, 0x4144, 0x6105, 0xE9D0, 0xFAB3, 0xFAF4,
  0xFA93, 0xC8EC, 0x4843, 0x30A2, 0x4062, 0x98C8, 0xFAB3, 0xFA92, 0xFA72, 0xFA72, 0xFA72, 0xA848,
  0x5803, 0x0000, 0x0000, 0x0000, 0x0000, 0x0000, 0x0000, 0x0000, 0x0000, 0x0000, 0x0000, 0x0000,
  0x0000, 0x0000, 0x3800, 0x0000, 0x2040, 0x38C2, 0x4944, 0x4944, 0x4944, 0x4944, 0x4944, 0x4944,
  0x4944, 0x4944, 0x4944, 0x4944, 0x4944, 0x4944, 0x4964, 0x3903, 0x59C5, 0xEDD1, 0xFE53, 0xE590,
  0x5185, 0x4123, 0x4964, 0x4944, 0x4944, 0x4944, 0x3943, 0xBAAC, 0xC16C, 0xB14B, 0x80A6, 0x40A2,
  0x3923, 0x4124, 0x4164, 0x40A2, 0xB8EB, 0xFA93, 0xFA93, 0xFAB3, 0xD10C, 0x7004, 0x0000, 0x780F,
  0x0000, 0x0000, 0x0000, 0x0000, 0x0000, 0x0000, 0x0000, 0x0000, 0x5000, 0x5000, 0x0000, 0x0000,
  0x0000, 0x0000, 0x2060, 0x3903, 0x4944, 0x4944, 0x4944, 0x4944, 0x4944, 0x4944, 0x4944, 0x4944,
  0x4944, 0x4944, 0x4944, 0x4964, 0x4103, 0x51A5, 0xE590, 0xFE32, 0xFE32, 0xFEB4, 0xD52F, 0x4964,
  0x38E3, 0x4964, 0x4964, 0x4944, 0x4123, 0xE612, 0x8B29, 0x2861, 0x3943, 0x4144, 0x4944, 0x4124,
  0x4924, 0x4144, 0x3882, 0xA0A9, 0xE1AF, 0xD10C, 0x8005, 0x40E3, 0x7800, 0xF800, 0x0000, 0x0000,
  0x0000, 0x0000, 0x0000, 0x0000, 0x0000, 0x0000, 0x0000, 0x0000, 0x0000, 0x1800, 0x2040, 0x1000,
  0x2081, 0x4123, 0x4944, 0x4944, 0x4944, 0x4944, 0x4944, 0x4944, 0x4944, 0x4944, 0x4944, 0x4944,
  0x4964, 0x4103, 0x51C5, 0xE5B1, 0xFE73, 0xF612, 0xDCEE, 0xE54F, 0xFE53, 0xE591, 0x7288, 0x4103,
  0x38E3, 0x4123, 0x4944, 0xE5B1, 0xFEB4, 0x8309, 0x3903, 0x4944, 0x4944, 0x4944, 0x4944, 0x4944,
  0x4144, 0x30C2, 0x5063, 0x5002, 0x18E0, 0x0000, 0x0000, 0x0000, 0x0000, 0x0000, 0x0000, 0x0000,
  0x0000, 0x0000, 0x0000, 0x0000, 0x2040, 0x2881, 0x30A2, 0x38C2, 0x30C2, 0x30C2, 0x30C1, 0x4123,
  0x4944, 0x4944, 0x4944, 0x4944, 0x4944, 0x4944, 0x4944, 0x4944, 0x4944, 0x4964, 0x38E3, 0x59E6,
  0xE5B1, 0xFE53, 0xFE53, 0xC48C, 0x9B06, 0xA368, 0xF5D1, 0xFE74, 0xFE74, 0xC4CE, 0x7AC8, 0x59E6,
  0x5184, 0xDD70, 0xDD0D, 0xA327, 0x5142, 0x3903, 0x4944, 0x4944, 0x4144, 0x4944, 0x4944, 0x4964,
  0x3923, 0x2080, 0x0000, 0x3000, 0x0000, 0x0000, 0x0000, 0x0000, 0x0000, 0x0000, 0x0000, 0x0000,
  0x2061, 0x2881, 0x38E2, 0x4923, 0x4944, 0x4964, 0x4944, 0x4964, 0x4944, 0x4944, 0x4944, 0x4944,
  0x4944, 0x4944, 0x4944, 0x4944, 0x4944, 0x4944, 0x4964, 0x30E2, 0x6A67, 0xF612, 0xFE53, 0xFE12,
  0xFE32, 0xFE33, 0xFE74, 0xFE32, 0xFE12, 0xFE32, 0xFE12, 0xFE53, 0xFE73, 0xF633, 0xE5D1, 0xF5F1,
  0xDD2E, 0xD50E, 0xDD4F, 0x9BAB, 0x4123, 0x38E3, 0x4124, 0x4144, 0x4944, 0x4964, 0x4923, 0x3061,
  0x0000, 0x3800, 0x0000, 0x0000, 0x0000, 0x0000, 0x0000, 0x5000, 0x0000, 0x2860, 0x30C2, 0x4943,
  0x4964, 0x4944, 0x4944, 0x4944, 0x4944, 0x4944, 0x4944, 0x4944, 0x4944, 0x4944, 0x4944, 0x4944,
  0x4944, 0x4944, 0x4964, 0x4964, 0x4123, 0x8B4A, 0xFE53, 0xFE32, 0xFE12, 0xFE32, 0xFE12, 0xFE33,
  0xFE94, 0xFE94, 0xFE12, 0xFE32, 0xFE32, 0xFE12, 0xFE12, 0xFE33, 0xFE53, 0xFE12, 0xFE53, 0xFEF5,
  0xFEB5, 0xFE93, 0xD50F, 0x7AA8, 0x4144, 0x4144, 0x4944, 0x4964, 0x4103, 0x2060, 0x0000, 0x5000,
  0x0000, 0x0000, 0x0000, 0x0000, 0x0000, 0x0000, 0x2060, 0x38C2, 0x4944, 0x4944, 0x4944, 0x4944,
  0x4944, 0x4944, 0x4944, 0x4944, 0x4944, 0x4944, 0x4944, 0x4964, 0x4923, 0x4103, 0x51A5, 0x5184,
  0x4123, 0x40E3, 0x7AC8, 0xFE94, 0xFE12, 0xFE12, 0xFE32, 0xFE32, 0xFE53, 0xE5B1, 0x7B09, 0x9BEC,
  0xFE32, 0xFE12, 0xFE32, 0xFE32, 0xFE32, 0xFE32, 0xFE32, 0xFE53, 0xF5F2, 0xB4AE, 0xD52F, 0xEDB1,
  0xFE53, 0xFED4, 0x9BCC, 0x4103, 0x4964, 0x4944, 0x30A2, 0x2800, 0x0000, 0x0000, 0x0000, 0x0000,
  0x0000, 0x0000, 0x0000, 0x2041, 0x30A2, 0x4124, 0x4944, 0x4944, 0x4944, 0x4944, 0x4944, 0x4944,
  0x4944, 0x4944, 0x4944, 0x4944, 0x4944, 0x4123, 0x59C5, 0xC4CE, 0xEDF2, 0xE5D1, 0xAC0C, 0x4123,
  0xCD0F, 0xFE53, 0xFE12, 0xFE33, 0xFE33, 0xFE33, 0xFE74, 0x41A5, 0x0000, 0x0000, 0xBCAE, 0xFE73,
  0xFE12, 0xFE32, 0xFE32, 0xFE32, 0xFE32, 0xFE53, 0x49E6, 0x0000, 0x20C2, 0xEDD2, 0xFE53, 0xFE94,
  0xCD10, 0x40E2, 0x4944, 0x4103, 0x2861, 0x0000, 0x5000, 0x0000, 0x0000, 0x0000, 0x0000, 0x0000,
  0x0000, 0x2881, 0x4123, 0x4944, 0x4144, 0x4944, 0x4944, 0x4944, 0x4944, 0x4944, 0x4944, 0x4944,
  0x4944, 0x4944, 0x4944, 0x4944, 0xDD50, 0xFEB4, 0xFE33, 0xFE53, 0xFE94, 0xCCEF, 0xEDF2, 0xFE33,
  0xFE33, 0xFE33, 0xFE33, 0xFE74, 0xDD71, 0x0020, 0x0820, 0x0000, 0x9BCB, 0xFE93, 0xF612, 0xFE32,
  0xFE32, 0xFE32, 0xFE73, 0xCD30, 0x0000, 0x0020, 0x0000, 0xDD70, 0xFE53, 0xFE53, 0xEDD1, 0xC44B,
  0x7204, 0x30A2, 0x2860, 0x5000, 0x0000, 0x0000, 0x0000, 0x0000, 0x0000, 0x0000, 0x0000, 0x30A2,
  0x4944, 0x4944, 0x4144, 0x4944, 0x4944, 0x4944, 0x4944, 0x4944, 0x4944, 0x4944, 0x4944, 0x4964,
  0x4103, 0x82E8, 0xFE94, 0xF612, 0xFE12, 0xFE12, 0xFE12, 0xFE53, 0xFE33, 0xFE33, 0xFE33, 0xFE33,
  0xFE33, 0xFE53, 0xEDF2, 0x1881, 0x0000, 0x0841, 0xDD91, 0xFE53, 0xFE12, 0xFE32, 0xFE32, 0xFE32,
  0xFE53, 0xE591, 0x0841, 0x0000, 0x2903, 0xF612, 0xFE32, 0xFE32, 0xF56F, 0xFE94, 0xDD4F, 0x4901,
  0x0006, 0x0000, 0x5000, 0x0000, 0x0000, 0x0000, 0x0000, 0x0000, 0x0000, 0x30A2, 0x4944, 0x4944,
  0x4944, 0x4944, 0x4944, 0x4944, 0x4944, 0x4944, 0x4944, 0x4944, 0x4944, 0x4964, 0x38E3, 0x934A,
  0xFE94, 0xFE32, 0xFE32, 0xFE32, 0xFE32, 0xF612, 0xFE32, 0xFE33, 0xFE33, 0xFE33, 0xFE33, 0xFE13,
  0xFE74, 0xBCAE, 0x6A88, 0xC4AE, 0xFE73, 0xFE53, 0xFE32, 0xFDF1, 0xFD0D, 0xFDF2, 0xFE32, 0xFE73,
  0xB44D, 0x6287, 0xD550, 0xFE73, 0xFE32, 0xFE12, 0xE4ED, 0xFDF2, 0xF5D1, 0x5983, 0x30A2, 0x30C1,
  0x0000, 0x7800, 0x0000, 0x0000, 0x0000, 0x0000, 0x0000, 0x30A1, 0x30A2, 0x4103, 0x4944, 0x4944,
  0x4944, 0x4944, 0x4944, 0x4944, 0x4944, 0x4944, 0x5164, 0x3903, 0x30A1, 0x6A47, 0xFE73, 0xFE32,
  0xF612, 0xFE12, 0xFE32, 0xFE32, 0xFE12, 0xFE33, 0xFE33, 0xFE13, 0xFDF2, 0xFDF2, 0xFE12, 0xFE73,
  0xFE94, 0xFE53, 0xFDF1, 0xFDB1, 0xFE12, 0xFE73, 0xFE73, 0xFE73, 0xFE32, 0xFE32, 0xFE73, 0xFE53,
  0xFE12, 0xFE12, 0xFE74, 0xEDD1, 0xE50E, 0xFE95, 0xE52E, 0x4943, 0x4944, 0x38E2, 0x2881, 0x0000,
  0x5000, 0x0000, 0x0000, 0x0000, 0x0000, 0x0000, 0x1820, 0x38E2, 0x4944, 0x4944, 0x4944, 0x4944,
  0x4944, 0x4944, 0x4964, 0x4944, 0x38E2, 0x28A1, 0x3902, 0x30C2, 0xA3AB, 0xFE73, 0xFE73, 0xFEB4,
  0xF633, 0xEDB0, 0xFE33, 0xFE33, 0xFE33, 0xFE13, 0xFE12, 0xFDF2, 0xFE12, 0xFE32, 0xF612, 0xFE52,
  0xFD0F, 0xF126, 0xF9E8, 0xFAA9, 0xFB4B, 0xFB6B, 0xFD91, 0xFE53, 0xFDF2, 0xF5D1, 0xFDB1, 0xFDD2,
  0xFE74, 0xE52E, 0xFE32, 0xF612, 0x82A6, 0x4103, 0x4944, 0x4944, 0x4103, 0x2881, 0x0000, 0x5000,
  0x0000, 0x0000, 0x0000, 0x3800, 0x10A0, 0x30A2, 0x4944, 0x4964, 0x4944, 0x4944, 0x4964, 0x4964,
  0x4123, 0x30C2, 0x2881, 0x0000, 0x0000, 0x30C1, 0x30A1, 0x6206, 0x9BAB, 0xA3EC, 0x6A47, 0x7225,
  0xFE52, 0xFE53, 0xFE12, 0xFE33, 0xFE33, 0xFE33, 0xFE33, 0xFE33, 0xFE12, 0xFE73, 0xFC6E, 0xF987,
  0xFA08, 0xF9A7, 0xF905, 0xF946, 0xFDB1, 0xFE53, 0xFE12, 0xFE12, 0xF5F2, 0xFE53, 0xE52F, 0x8AA6,
  0x9308, 0x61C4, 0x4123, 0x4944, 0x4944, 0x4944, 0x4964, 0x4103, 0x2861, 0x0000, 0x0000, 0x0000,
  0x0000, 0x0000, 0x0000, 0x2040, 0x28A1, 0x3902, 0x4123, 0x4123, 0x38E2, 0x30C2, 0x2881, 0x28A1,
  0x0000, 0x5000, 0x5000, 0x0000, 0x4163, 0x2061, 0x2881, 0x38C2, 0x38E2, 0x38C2, 0x8AC6, 0xF611,
  0xFE53, 0xFE12, 0xFE33, 0xFE33, 0xFE33, 0xFE33, 0xFE12, 0xFE53, 0xFD30, 0xFA69, 0xFA6A, 0xFAAA,
  0xF9A7, 0xFB6B, 0xFE93, 0xFE12, 0xFE33, 0xFE12, 0xFE94, 0xE54F, 0x69E4, 0x4103, 0x3903, 0x4124,
  0x4944, 0x4944, 0x4944, 0x4944, 0x4944, 0x4964, 0x30C2, 0x1820, 0x0000, 0x0000, 0x0000, 0x0000,
  0x0000, 0x0000, 0x0000, 0x2061, 0x2881, 0x2881, 0x2061, 0x0000, 0x0000, 0x0000, 0x5000, 0x7BE0,
  0xAAA0, 0xFFFF, 0x0000, 0x0000, 0x59E6, 0x6228, 0x5A49, 0x730C, 0x7B6D, 0xA38A, 0xDCED, 0xFE53,
  0xFE53, 0xFE13, 0xFE12, 0xFE33, 0xFE12, 0xFE12, 0xFE53, 0xFB8C, 0xF9C8, 0xFA29, 0xFB8C, 0xFE12,
  0xFE32, 0xFE12, 0xFE53, 0xFE74, 0xDD0E, 0x69C3, 0x4123, 0x4964, 0x4964, 0x4964, 0x4944, 0x4944,
  0x4944, 0x4944, 0x4944, 0x4944, 0x4123, 0x2881, 0x0000, 0x0000, 0x0000, 0x0000, 0x0000, 0x0000,
  0x0000, 0x0000, 0x0000, 0x0000, 0x0000, 0x0000, 0x3800, 0x5000, 0xFBEF, 0x0000, 0x0000, 0x0000,
  0x2820, 0x6268, 0xAD34, 0xDEFB, 0xEF5D, 0xF7DF, 0xFFFF, 0xF77D, 0xBD11, 0xBC0B, 0xE590, 0xFE73,
  0xFE74, 0xFE33, 0xFE32, 0xFE32, 0xFE32, 0xFDF1, 0xFD0F, 0xFD50, 0xFE32, 0xFE73, 0xFE94, 0xFE73,
  0xE56F, 0x9327, 0x5121, 0x4123, 0x4964, 0x4944, 0x4944, 0x4944, 0x4944, 0x4944, 0x4944, 0x4944,
  0x4944, 0x4944, 0x4944, 0x30A1, 0x0000, 0x0000, 0x0000, 0x0000, 0x0000, 0x0000, 0x0000, 0x0000,
  0x3800, 0x3800, 0x0000, 0x0000, 0x52A0, 0x0000, 0x0000, 0x2820, 0x5961, 0x82A6, 0xB3EA, 0xDD2F,
  0xC594, 0xFFDF, 0xFFFF, 0xFFFF, 0xFFFF, 0xFFFF, 0xFFFF, 0xE597, 0xC128, 0xBB0A, 0xCC8C, 0xDD6E,
  0xED90, 0xF5D1, 0xFE11, 0xFE52, 0xF673, 0xF5F0, 0xF5B0, 0xEDB1, 0xCCAD, 0x9328, 0x5982, 0x1800,
  0x0000, 0x38E2, 0x4964, 0x4964, 0x4944, 0x4944, 0x4944, 0x4944, 0x4944, 0x4944, 0x4944, 0x4944,
  0x4944, 0x30A2, 0x0000, 0x0000, 0x0000, 0x0000, 0x0000, 0x0000, 0x0000, 0x0000, 0x0000, 0x0000,
  0x0000, 0xFFFF, 0x0000, 0x1800, 0x69E3, 0xA389, 0xE54F, 0xFE32, 0xFE53, 0xFE94, 0xD551, 0xD679,
  0xFFFF, 0xFFDF, 0xFFDF, 0xFFDF, 0xFFFF, 0xFF9E, 0xF211, 0xF14E, 0xD8CB, 0xC26A, 0xBCAA, 0xB46A,
  0xB389, 0xC2A9, 0xC32A, 0xB4AF, 0x8B49, 0x69C3, 0x40C0, 0x0000, 0x0000, 0x0000, 0xF800, 0x20A1,
  0x38E2, 0x5164, 0x4964, 0x4944, 0x4944, 0x4944, 0x4944, 0x4944, 0x4944, 0x4123, 0x38E2, 0x2861,
  0x0000, 0x0000, 0x0000, 0x0000, 0x0000, 0x0000, 0x0000, 0x0000, 0x0000, 0x0000, 0x0000, 0x0000,
  0x5141, 0x9B68, 0xEDD1, 0xFE74, 0xFE73, 0xFE32, 0xF612, 0xFE32, 0xF5F2, 0xC5B5, 0xFFFF, 0xFFDF,
  0xFFDF, 0xFFDF, 0xFFDF, 0xFFFF, 0xEB93, 0xF990, 0xF12E, 0xF92F, 0xFA8E, 0xF38E, 0xF22E, 0xF8EE,
  0xF455, 0xFFFF, 0xDEBA, 0x734D, 0x0000, 0x0000, 0x79E7, 0x7800, 0x3000, 0x0000, 0x30C2, 0x38C2,
  0x4944, 0x4964, 0x4944, 0x4944, 0x4944, 0x4964, 0x4964, 0x30A2, 0x2060, 0x0000, 0x0000, 0x0000,
  0x0000, 0x0000, 0x0000, 0x0000, 0x0000, 0x0000, 0x0000, 0xFFE0, 0x0000, 0x69C3, 0xD4ED, 0xFE73,
  0xFE53, 0xFE12, 0xFE32, 0xFE32, 0xFE32, 0xFE32, 0xFDF1, 0xBD32, 0xF7DF, 0xFFFF, 0xFFDF, 0xFFFF,
  0xFFFF, 0xFFFF, 0xED58, 0xF10E, 0xF1AF, 0xF2D3, 0xFC37, 0xFBD5, 0xFA31, 0xFC97, 0xFFDF, 0xFFDE,
  0xFFFF, 0xC5D7, 0x5A48, 0x0000, 0x52AA, 0x7800, 0x0000, 0x0000, 0x1800, 0x2000, 0x2840, 0x38E3,
  0x4923, 0x4944, 0x4944, 0x4923, 0x38E2, 0x30A1, 0x0000, 0x3800, 0x0000, 0x0000, 0x0000, 0x0000,
  0x0000, 0x0000, 0x0000, 0x0000, 0x7BEF, 0x0000, 0x61C2, 0xE56F, 0xFE94, 0xF612, 0xFE12, 0xFE32,
  0xFE32, 0xFE32, 0xFE12, 0xFE32, 0xFE32, 0xBD12, 0xF7BF, 0xFFFF, 0xFFFF, 0xFFFF, 0xF77D, 0xFFFF,
  0xEEDB, 0xE98F, 0xF16F, 0xEE1A, 0xFFFF, 0xFFFF, 0xFF9E, 0xFFFF, 0xFFFF, 0xF79E, 0xF79E, 0xFFFF,
  0xACF3, 0x4185, 0xF800, 0x0000, 0x3880, 0x8265, 0xABCA, 0xB3EA, 0x9307, 0x4901, 0x2881, 0x30A1,
  0x30A1, 0x2881, 0x2861, 0x0000, 0x3800, 0x0000, 0x0000, 0x0000, 0x0000, 0x0000, 0x0000, 0x0000,
  0x0000, 0x52A0, 0x0000, 0x3880, 0xC44B, 0xFE94, 0xF612, 0xFE12, 0xFE12, 0xFE32, 0xFE32, 0xFE53,
  0xFE94, 0xFE73, 0xED90, 0xBD33, 0xFFFF, 0xEF7D, 0xD659, 0xC618, 0xEF5D, 0xFFFF, 0xF7BE, 0xEA70,
  0xF92F, 0xEC55, 0xFFFF, 0xFDBA, 0xFE3B, 0xFCB8, 0xFD7A, 0xF7DF, 0xE6FB, 0xFFFF, 0xF79E, 0x83CE,
  0x0000, 0x1000, 0x92E7, 0xFE52, 0xFE94, 0xFE73, 0xFE73, 0xCC8C, 0x5141, 0x0000, 0x0000, 0x0000,
  0x0000, 0x0000, 0x0000, 0x0000, 0x0000, 0x0000, 0x0000, 0x0000, 0x0000, 0x0000, 0x0000, 0xFBEF,
  0x0000, 0x69E3, 0xF5F1, 0xFE32, 0xFE32, 0xFE12, 0xFE32, 0xFE32, 0xFE53, 0xF5F2, 0xBC2C, 0x82A6,
  0x7226, 0x8C0F, 0x9C51, 0xB3F1, 0xD679, 0xF7BE, 0xFFFF, 0xFFDF, 0xFFFF, 0xE3F4, 0xF94F, 0xF353,
  0xFFBF, 0xFB75, 0xFAD4, 0xFB14, 0xFC98, 0xFFFF, 0xD69A, 0xFFFF, 0xFFFF, 0xACF3, 0x61C4, 0x8264,
  0xF5F2, 0xFE53, 0xF5F2, 0xFE12, 0xFE12, 0xFEB4, 0x9B48, 0x1000, 0xFFFF, 0x2800, 0x0000, 0x0000,
  0x0000, 0x0000, 0x0000, 0x0000, 0x0000, 0x0000, 0x0000, 0x0000, 0x0000, 0x0000, 0x0000, 0x7A65,
  0xFE53, 0xFE32, 0xFE12, 0xFE32, 0xFE12, 0xFE73, 0xE5B0, 0x69E3, 0x3000, 0x0000, 0x0000, 0x0141,
  0xB14B, 0xFDDA, 0xFFFF, 0xFFFF, 0xFFDF, 0xFFDF, 0xFFFF, 0xED98, 0xF16F, 0xF1F0, 0xF71C, 0xFE3B,
  0xFB14, 0xFBB6, 0xFF1D, 0xF7BE, 0xCE58, 0xEFBE, 0xB554, 0xBC6D, 0xD4CD, 0xED90, 0xFE33, 0xFE12,
  0xFE12, 0xFE12, 0xFE12, 0xFE74, 0xDD0E, 0x40C0, 0x0000, 0x39E0, 0x0000, 0x0000, 0x0000, 0x0000,
  0x0000, 0x0000, 0x0000, 0x0000, 0x0000, 0x0000, 0x0000, 0xAAA0, 0x0000, 0x61A2, 0xEDB0, 0xFE94,
  0xF5F1, 0xFE12, 0xFE33, 0xFED5, 0xAB89, 0x3000, 0x0000, 0x03E0, 0x7044, 0xA888, 0xC94C, 0xF73D,
  0xFFFF, 0xFFBE, 0xFFDF, 0xFFDF, 0xFFFF, 0xF71C, 0xE9EF, 0xF8CE, 0xED58, 0xFFFF, 0xFF3D, 0xFF5E,
  0xFFFF, 0xEF9D, 0xAC92, 0xB410, 0xEDD1, 0xFE94, 0xFE73, 0xFE12, 0xFE12, 0xFE32, 0xFE12, 0xFE12,
  0xFE12, 0xFE74, 0xDD2F, 0x48E0, 0x0000, 0x39E0, 0x0000, 0x0000, 0x0000, 0x0000, 0x0000, 0x0000,
  0x0000, 0x0000, 0x0000, 0x0000, 0x0000, 0x7800, 0x0000, 0x3040, 0x7A85, 0xF5F1, 0xFE74, 0xFE94,
  0xFE94, 0xC48C, 0x6142, 0x0000, 0x8025, 0xA868, 0xD90C, 0xF990, 0xF12E, 0xC9CC, 0xEEDB, 0xFFFF,
  0xFFFF, 0xFFDF, 0xFFDF, 0xFFFF, 0xE2F1, 0xF86D, 0xEBB4, 0xFFFF, 0xFF5E, 0xFEFD, 0xFEFD, 0xE496,
  0xE9AF, 0xF0CD, 0xEBAF, 0xFE73, 0xFDF2, 0xFE12, 0xFE12, 0xFE12, 0xFE12, 0xFE12, 0xF5F2, 0xFEB4,
  0xA3A9, 0x2820, 0x0000, 0x5000, 0x0000, 0x0000, 0x0000, 0x0000, 0x0000, 0x0000, 0x0000, 0x0000,
  0x0000, 0x0000, 0x0000, 0x0000, 0x7800, 0x0000, 0x2020, 0x69E3, 0xA389, 0xABEB, 0x8AC7, 0x40C0,
  0x2800, 0x9046, 0xD10C, 0xF9B0, 0xF9D1, 0xF98F, 0xF9D0, 0xF16E, 0xC90B, 0xDCB5, 0xFFBE, 0xFFFF,
  0xFFFF, 0xFFFF, 0xE435, 0xF90E, 0xF2D3, 0xF6FD, 0xF271, 0xF1F0, 0xF16F, 0xF92F, 0xF9B0, 0xF9D1,
  0xE16D, 0xEDB0, 0xFE32, 0xFE12, 0xFE12, 0xFE53, 0xFE74, 0xFE74, 0xFE74, 0xD4CD, 0x5121, 0x0000,
  0x7BE0, 0x0000, 0x0000, 0x0000, 0x0000, 0x0000, 0x0000, 0x0000, 0x0000, 0x0000, 0x0000, 0x0000,
  0x0000, 0x0000, 0x0000, 0x0000, 0x0000, 0x0000, 0x1800, 0x2800, 0x0000, 0x8005, 0xA8A9, 0xF18F,
  0xF9D0, 0xF9B0, 0xF9B0, 0xF9B0, 0xF96F, 0xF98F, 0xF990, 0xE0CC, 0xD1EE, 0xD454, 0xE63A, 0xF7BE,
  0xEE19, 0xF18F, 0xFA11, 0xEB93, 0xF9D0, 0xFA52, 0xF94F, 0xF0CD, 0xF0ED, 0xF94F, 0xE8CD, 0xC20B,
  0xFE73, 0xFE73, 0xFE52, 0xC46C, 0xB3EA, 0xBC4B, 0x9307, 0x5121, 0x1000, 0xF800, 0x0000, 0x0000,
  0x0000, 0x0000, 0x0000, 0x0000, 0x0000, 0x0000, 0x0000, 0x0000, 0x0000, 0x0000, 0x0000, 0x0000,
  0x0000, 0x0000, 0x7800, 0xFFFF, 0x0000, 0x0000, 0x8805, 0xC8EB, 0xF9D1, 0xF9D0, 0xF98F, 0xF9B0,
  0xF9D0, 0xF94F, 0xF94F, 0xF9B0, 0xF9B0, 0xFA11, 0xF98F, 0xE06C, 0xD90C, 0xD1EE, 0xC20E, 0xD90C,
  0xF9D0, 0xF63A, 0xF271, 0xF8AE, 0xF210, 0xF4F7, 0xF61A, 0xF4D7, 0xFE9C, 0xE1D0, 0xDBAD, 0xD52E,
  0x82A6, 0x48E1, 0x3000, 0x4060, 0x1000, 0x0000, 0x0000, 0x0000, 0x0000, 0x0000, 0x0000, 0x0000,
  0x0000, 0x0000, 0x0000, 0x0000, 0x0000, 0x0000, 0x0000, 0x0000, 0x0000, 0x0000, 0x0000, 0x0000,
  0x0000, 0x7807, 0x7BE0, 0x7804, 0xD90C, 0xF9F1, 0xF9B0, 0xF9B0, 0xF9B0, 0xF9B0, 0xF94F, 0xF94E,
  0xF9D0, 0xF9B0, 0xF9B0, 0xF9D0, 0xF96F, 0xF96F, 0xF9F1, 0xF9B0, 0xF10E, 0xD86B, 0xFA11, 0xFFDF,
  0xF65B, 0xF3F5, 0xFE9C, 0xFDFB, 0xFB74, 0xFB74, 0xFFFF, 0xFDFB, 0xC028, 0x5103, 0x0000, 0x0000,
  0x0000, 0x0000, 0x0000, 0x7BE0, 0x0000, 0x0000, 0x0000, 0x0000, 0x0000, 0x0000, 0x0000, 0x0000,
  0x0000, 0x0000, 0x0000, 0x0000, 0x0000, 0x0000, 0x0000, 0x0000, 0x0000, 0x0000, 0x0000, 0x7800,
  0x0000, 0x7003, 0xB8AA, 0xF9D0, 0xF9B0, 0xF9B0, 0xF9D0, 0xF94F, 0xF92E, 0xF9D0, 0xF9B0, 0xF9AF,
  0xF9B0, 0xF9D0, 0xF90E, 0xF98F, 0xF9B0, 0xF9B0, 0xF9D0, 0xE12D, 0xF14F, 0xFE7C, 0xFFFF, 0xFFFF,
  0xFFDF, 0xF16F, 0xFAB3, 0xFBD5, 0xFE5B, 0xFFFF, 0xE9AF, 0x9806, 0x0000, 0x7945, 0x7800, 0x52A0,
  0x7800, 0x0000, 0x0000, 0x0000, 0x0000, 0x0000, 0x0000, 0x0000, 0x0000, 0x0000, 0x0000, 0x0000,
  0x0000, 0x0000, 0x0000, 0x0000, 0x0000, 0x0000, 0x0000, 0x0000, 0x0000, 0x0000, 0x500A, 0x0000,
  0x7803, 0xC0CA, 0xF9B0, 0xF9D0, 0xF96F, 0xF92E, 0xF9D0, 0xF9AF, 0xF9B0, 0xF9B0, 0xF9D0, 0xF98F,
  0xF90E, 0xF9B0, 0xF9AF, 0xF9AF, 0xF9D0, 0xE14E, 0xE8CD, 0xFD9A, 0xFFFF, 0xFFBE, 0xFFFF, 0xFCB7,
  0xFFDF, 0xFB95, 0xFB95, 0xFFFF, 0xFC97, 0xB808, 0x51A5, 0x0000, 0x7800, 0x0000, 0x0000, 0x0000,
  0x0000, 0x0000, 0x0000, 0x0000, 0x0000, 0x0000, 0x0000, 0x0000, 0x0000, 0x0000, 0x0000, 0x0000,
  0x0000, 0x0000, 0x0000, 0x0000, 0x0000, 0x0000, 0x0000, 0x0000, 0x0000, 0x7807, 0x0000, 0x6804,
  0xB8CA, 0xF9D0, 0xF92E, 0xF9B0, 0xF9D0, 0xF9AF, 0xF9D0, 0xF9D0, 0xF9D0, 0xF94F, 0xF94E, 0xF9B0,
  0xF9B0, 0xF9B0, 0xF9D0, 0xE94E, 0xE08C, 0xFC56, 0xFFFF, 0xFFFF, 0xFBF6, 0xF86D, 0xFE1B, 0xF96F,
  0xFC57, 0xFFFF, 0xFDBA, 0xD00A, 0x68A5, 0x0000, 0xA80A, 0x0000, 0x0000, 0x0000, 0x0000, 0x0000,
  0x0000, 0x0000, 0x0000, 0x0000, 0x0000, 0x0000, 0x0000, 0x0000, 0x0000, 0x0000, 0x0000, 0x0000,
  0x0000, 0x0000, 0x0000, 0x0000, 0x0000, 0x0000, 0x0000, 0xF800, 0x0000, 0x7000, 0x8804, 0xC0CA,
  0xE10D, 0xF9F1, 0xF9F0, 0xF9AF, 0xF9B0, 0xF9D0, 0xF9D0, 0xF92E, 0xF96F, 0xF9B0, 0xF9B0, 0xF9B0,
  0xF9B0, 0xF98F, 0xE0AB, 0xFA11, 0xFF9E, 0xFFFF, 0xFBF5, 0xF9F1, 0xFF7E, 0xFFFF, 0xFFFF, 0xFF5E,
  0xFA32, 0xB808, 0x58C4, 0x0000, 0x500A, 0x0000, 0x0000, 0x0000, 0x0000, 0x0000, 0x0000, 0x0000,
  0x0000, 0x0000, 0x0000, 0x0000, 0x0000, 0x0000, 0x0000, 0x0000, 0x0000, 0x0000, 0x0000, 0x0000,
  0x0000, 0x0000, 0x0000, 0x0000, 0xA800, 0x0000, 0x8004, 0xC20E, 0xDA0F, 0xB028, 0x9026, 0xB8AA,
  0xE94E, 0xF9B0, 0xF9D0, 0xF9D0, 0xF9B0, 0xF90E, 0xF9B0, 0xF98F, 0xF9AF, 0xF9B0, 0xF98F, 0xF9B0,
  0xE0CC, 0xF0AD, 0xFB95, 0xFFBE, 0xFFFF, 0xFFFF, 0xFFFF, 0xFEDD, 0xFCD8, 0xF990, 0xD00A, 0x7846,
  0x07E0, 0x780F, 0x0000, 0x0000, 0x0000, 0x0000, 0x0000, 0x0000, 0x0000, 0x0000, 0x0000, 0x0000,
  0x0000, 0x0000, 0x0000, 0x0000, 0x0000, 0x0000, 0x0000, 0x0000, 0x0000, 0x0000, 0x0000, 0x0000,
  0x0000, 0xA80A, 0x0000, 0x7803, 0xDB52, 0xFE3C, 0xF94F, 0xF8AD, 0xE02B, 0xC0AA, 0xC24D, 0xC8CB,
  0xE0ED, 0xF9B0, 0xF990, 0xF94E, 0xF9F0, 0xF9B0, 0xF9B0, 0xF9D0, 0xF9B0, 0xF950, 0xF06D, 0xD84B,
  0xF00C, 0xF990, 0xFB75, 0xFB75, 0xFA11, 0xF08D, 0xD80A, 0xB048, 0x7886, 0x0000, 0x0000, 0x0000,
  0x0000, 0x0000, 0x0000, 0x0000, 0x0000, 0x0000, 0x0000, 0x0000, 0x0000, 0x0000, 0x0000, 0x0000,
  0x0000, 0x0000, 0x0000, 0x0000, 0x0000, 0x0000, 0x0000, 0x0000, 0x0000, 0x0000, 0xA80A, 0x0000,
  0x6803, 0xCA0E, 0xFF5E, 0xF90E, 0xF86C, 0xF8CD, 0xF98F, 0xFEFD, 0xFE1C, 0xECB8, 0xD410, 0xCA0B,
  0xD14B, 0xD8EC, 0xE12D, 0xE0EC, 0xE10D, 0xD92C, 0xD16B, 0xCA0B, 0xCA6B, 0xCAAA, 0xD30C, 0xD9EC,
  0xD12A, 0xC0A9, 0xA008, 0x9027, 0x78A7, 0x2A25, 0x0000, 0x7800, 0x0000, 0x0000, 0x0000, 0x0000,
  0x0000, 0x0000, 0x0000, 0x0000, 0x0000, 0x0000, 0x0000, 0x0000, 0x0000, 0x0000, 0x0000, 0x0000,
  0x0000, 0x0000, 0x0000, 0x0000, 0x0000, 0x0000, 0x0000, 0x7800, 0xF800, 0x50A4, 0x9847, 0xFEBD,
  0xFAD2, 0xF80B, 0xF8CD, 0xF88C, 0xFE5B, 0xFFDF, 0xFC57, 0xFF7F, 0xFED5, 0xFDF0, 0xED2E, 0xE44D,
  0xE42D, 0xD3CC, 0xC36A, 0xECCD, 0xED0D, 0xF5F0, 0xFE31, 0xFE51, 0xFE72, 0xF673, 0xF631, 0xE54D,
  0x7204, 0x0000, 0x0000, 0x0000, 0xA80A, 0x0000, 0x0000, 0x0000, 0x0000, 0x0000, 0xF800, 0x500A,
  0x7800, 0x0000, 0x0000, 0x0000, 0x0000, 0x0000, 0x0000, 0x0000, 0x0000, 0x0000, 0x0000, 0x0000,
  0x0000, 0x0000, 0x0000, 0x0000, 0x0000, 0xA80A, 0x0000, 0x7803, 0xEBD4, 0xFD9A, 0xF80B, 0xF8AD,
  0xF82B, 0xF9AF, 0xFFFF, 0xFE5B, 0xFC98, 0xFFBE, 0xFE33, 0xFE12, 0xFE32, 0xFE32, 0xFE32, 0xFE52,
  0xDCED, 0xE52E, 0xFE52, 0xFDF2, 0xFE13, 0xFE13, 0xFE12, 0xFE13, 0xFE12, 0xFE73, 0xE54F, 0x6962,
  0x0000, 0x79E7, 0x0000, 0x0000, 0x0000, 0x0000, 0x7800, 0x7800, 0x0000, 0x0000, 0x0000, 0x0000,
  0xA80A, 0x0000, 0x0000, 0x0000, 0x0000, 0x0000, 0x0000, 0x0000, 0x0000, 0x0000, 0x0000, 0x0000,
  0x0000, 0x0000, 0x7800, 0x0000, 0x4821, 0xA888, 0xFEDD, 0xF9B0, 0xF84C, 0xF8AD, 0xF80B, 0xFAD2,
  0xFFFF, 0xFDBA, 0xFBF7, 0xFFBE, 0xFE74, 0xFE32, 0xFE33, 0xFE33, 0xFE12, 0xFDF2, 0xFE12, 0xB3C9,
  0xE570, 0xFE73, 0xFE12, 0xFE33, 0xFE32, 0xFE12, 0xFE33, 0xFE12, 0xFF38, 0xD5B5, 0x6062, 0x0000,
  0x79E7, 0x7800, 0xA80A, 0xF80F, 0x0000, 0x0000, 0x4001, 0x6000, 0x5001, 0x03E7, 0x0000, 0xF800,
  0x0000, 0x0000, 0x0000, 0x0000, 0x0000, 0x0000, 0x0000, 0x0000, 0x0000, 0x0000, 0x0000, 0x0000,
  0x7807, 0x0000, 0x7802, 0xE352, 0xFE1B, 0xF82B, 0xF86C, 0xF8CD, 0xF92E, 0xF96F, 0xFFFF, 0xFF3E,
  0xFBF7, 0xFFBF, 0xFED5, 0xFE32, 0xFE32, 0xFE32, 0xFE33, 0xFE93, 0xDD2E, 0x61A2, 0x8AC6, 0xFE32,
  0xFE53, 0xFE12, 0xFE12, 0xFE33, 0xFE32, 0xFE74, 0xFFDE, 0xFFBF, 0xCA0F, 0x6803, 0x0000, 0x0000,
  0x0000, 0x0000, 0x6085, 0x8805, 0xB0AA, 0xC9CE, 0xB90B, 0xA006, 0x7846, 0x0000, 0xF800, 0x0000,
  0x0000, 0x0000, 0x0000, 0x0000, 0x0000, 0x0000, 0x0000, 0x0000, 0x0000, 0x0000, 0xF800, 0x07FF,
  0x9005, 0xFD99, 0xFB94, 0xF809, 0xF86C, 0xF1AF, 0xFB95, 0xF98F, 0xFB13, 0xEE5B, 0xF3D6, 0xFDDB,
  0xFF7B, 0xFE73, 0xFE73, 0xFE73, 0xF5F1, 0xB40A, 0x5982, 0x0000, 0x2800, 0x92E6, 0xFE32, 0xFE32,
  0xFE33, 0xFE12, 0xFE54, 0xFFBD, 0xFFDF, 0xFC97, 0xFD5A, 0xC351, 0x7803, 0x3923, 0x8005, 0x9847,
  0xB007, 0xEA50, 0xFEFD, 0xFFFF, 0xFE7C, 0xFAF3, 0xC0AA, 0x6023, 0x0000, 0xA80A, 0x0000, 0x0000,
  0x0000, 0x0000, 0x0000, 0x0000, 0x0000, 0x0000, 0x0000, 0xF800, 0x0000, 0x2063, 0xA027, 0xFE5B,
  0xFB74, 0xFAD2, 0xF9F0, 0xFA92, 0xF333, 0xFA72, 0xD80A, 0x8826, 0x90A8, 0x90A8, 0x99EA, 0x8AC7,
  0x8B07, 0x8AC7, 0x69E3, 0x3060, 0x0000, 0xFBEF, 0x0000, 0x3060, 0x9B48, 0xFE93, 0xFE32, 0xFEB6,
  0xFFFE, 0xFF7E, 0xFC77, 0xFC57, 0xFF9E, 0xFFFF, 0xD22F, 0xB869, 0xD92D, 0xFA71, 0xF8CD, 0xFF5E,
  0xFFFF, 0xFFBE, 0xF4F7, 0xFFDF, 0xF98F, 0x9005, 0x07E0, 0xF81F, 0x0000, 0x0000, 0x0000, 0x0000,
  0x0000, 0x0000, 0x0000, 0x0000, 0x0000, 0x780F, 0x0000, 0x5824, 0xB0A9, 0xFE7C, 0xFE3B, 0xFFFF,
  0xFFDF, 0xFBB4, 0xFA11, 0xF08D, 0x9046, 0x4184, 0x0000, 0x0000, 0x0000, 0x0000, 0x0000, 0x0000,
  0x0000, 0x0000, 0xFFE0, 0x0000, 0x39E0, 0x0000, 0x3080, 0xBBCC, 0xFFDD, 0xFFFF, 0xFEDD, 0xFBF7,
  0xFC58, 0xFF5E, 0xFFFF, 0xFF1D, 0xF8CD, 0xFB34, 0xFB54, 0xFA71, 0xFA71, 0xF7FF, 0xFFDF, 0xFCB7,
  0xFF3D, 0xFCB7, 0xF80A, 0x9846, 0x0000, 0x0000, 0x0000, 0x0000, 0x0000, 0x0000, 0x0000, 0x0000,
  0x0000, 0x0000, 0x0000, 0xF800, 0x0000, 0x3924, 0xA827, 0xFE1B, 0xFDFA, 0xFFBE, 0xFFFF, 0xFFFF,
  0xF8EF, 0xA007, 0x58C4, 0x0000, 0x780A, 0xFFFF, 0x0000, 0x0000, 0x0000, 0x0000, 0xFBEF, 0x52A0,
  0x0000, 0x0000, 0x0000, 0x7807, 0x0000, 0x7805, 0xEC36, 0xFDDB, 0xFBF6, 0xFD5A, 0xFFBF, 0xFFFF,
  0xFFFF, 0xFB13, 0xF80B, 0xFA71, 0xF98F, 0xF94E, 0xFA71, 0xFFBF, 0xFCB7, 0xFE9C, 0xFE9C, 0xF84C,
  0xE82A, 0x7845, 0x0000, 0xA80A, 0x0000, 0x0000, 0x0000, 0x0000, 0x0000, 0x0000, 0x0000, 0x0000,
  0x0000, 0x0000, 0x500A, 0x0000, 0x7804, 0xE270, 0xFE5C, 0xFEFD, 0xFFFF, 0xFD39, 0xC86A, 0x7065,
  0x0000, 0x7807, 0x0000, 0x0000, 0x0000, 0x0000, 0x0000, 0x0000, 0x0000, 0x0000, 0x0000, 0x0000,
  0x0000, 0x0000, 0xAAAA, 0x0000, 0x9006, 0xEB54, 0xFF5E, 0xFFFF, 0xFFDF, 0xFFFF, 0xFCB7, 0xF84B,
  0xF88C, 0xF82B, 0xF84C, 0xF86C, 0xF86C, 0xFB12, 0xFEBC, 0xFF1D, 0xF8ED, 0xF82B, 0xA047, 0x5864,
  0x0000, 0x7800, 0x0000, 0x0000, 0x0000, 0x0000, 0x0000, 0x0000, 0x0000, 0x0000, 0x0000, 0x0000,
  0xF800, 0x7800, 0x4105, 0x8004, 0xD98D, 0xF271, 0xE18E, 0xB008, 0x7825, 0x0000, 0x7807, 0x0000,
  0x0000, 0x0000, 0x0000, 0x0000, 0x0000, 0x0000, 0x0000, 0x0000, 0x0000, 0x0000, 0x0000, 0x0000,
  0xF800, 0xFBEF, 0x0180, 0x88A8, 0xF63B, 0xFFFF, 0xFFDF, 0xFBD5, 0xF80B, 0xF8AC, 0xF88C, 0xF88C,
  0xF88C, 0xF80B, 0xFA10, 0xFF3D, 0xFE9C, 0xF8CD, 0xF80C, 0xB048, 0x6844, 0x0000, 0x7800, 0x0000,
  0x0000, 0x0000, 0x0000, 0x0000, 0x0000, 0x0000, 0x0000, 0x0000, 0x0000, 0x0000, 0x0000, 0xF800,
  0x0000, 0x2AE8, 0x7804, 0x8805, 0x8005, 0x6045, 0x0000, 0x7800, 0x0000, 0x0000, 0x0000, 0x0000,
  0x0000, 0x0000, 0x0000, 0x0000, 0x0000, 0x0000, 0x0000, 0x0000, 0x0000, 0x0000, 0x0000, 0x7800,
  0x0000, 0x3800, 0xA12A, 0xFC36, 0xF9F0, 0xF80B, 0xF86C, 0xF88C, 0xF88C, 0xF88C, 0xF80A, 0xFA92,
  0xFFFF, 0xFE1B, 0xF86C, 0xF80C, 0xB048, 0x6824, 0x0000, 0xA80A, 0x0000, 0x0000, 0x0000, 0x0000,
  0x0000, 0x0000, 0x0000, 0x0000, 0x0000, 0x0000, 0x0000, 0x0000, 0x0000, 0x0000, 0x0000, 0x0000,
  0x0000, 0x0000, 0x0000, 0x0000, 0x7800, 0x0000, 0x0000, 0x0000, 0x0000, 0x0000, 0x0000, 0x0000,
  0x0000, 0x0000, 0x0000, 0x0000, 0x0000, 0x0000, 0x0000, 0x0000, 0x0000, 0x0000, 0xA80A, 0x0000,
  0x6003, 0xA806, 0xF80C, 0xF88D, 0xF88C, 0xF88C, 0xF86C, 0xF86C, 0xFC15, 0xFFFF, 0xFD18, 0xF84C,
  0xF82C, 0xB028, 0x6024, 0x0000, 0x7807, 0x0000, 0x0000, 0x0000, 0x0000, 0x0000, 0x0000, 0x0000,
  0x0000, 0x0000, 0x0000, 0x0000, 0x0000, 0x0000, 0x0000, 0x0000, 0x0000, 0x0000, 0x7807, 0xA80A,
  0xA80A, 0x500A, 0x0000, 0x0000, 0x0000, 0x0000, 0x0000, 0x0000, 0x0000, 0x0000, 0x0000, 0x0000,
  0x0000, 0x0000, 0x0000, 0x0000, 0x0000, 0x0000, 0x0000, 0x0000, 0x0000, 0x7807, 0x0000, 0x7065,
  0xC029, 0xF86C, 0xF88C, 0xF80B, 0xF8CD, 0xFDFA, 0xFFFF, 0xFBB4, 0xF80B, 0xF00B, 0xA027, 0x6844,
  0x0000, 0x7807, 0x0000, 0x0000, 0x0000, 0x0000, 0x0000, 0x0000, 0x0000, 0x0000, 0x0000, 0x0000,
  0x0000, 0x0000, 0x0000, 0x0000, 0x0000, 0x0000, 0x0000, 0x0000, 0x0000, 0x0000, 0x0000, 0x0000,
  0x0000, 0x0000, 0x0000, 0x0000, 0x0000, 0x0000, 0x0000, 0x0000, 0x0000, 0x0000, 0x0000, 0x0000,
  0x0000, 0x0000, 0x0000, 0x0000, 0x0000, 0x0000, 0x0000, 0x0000, 0x7807, 0x0000, 0x8005, 0xE04A,
  0xF90E, 0xFB53, 0xFF7E, 0xFF3D, 0xFA51, 0xF80B, 0xE82B, 0x9026, 0x5823, 0x0000, 0x7807, 0x0000,
  0x0000, 0x0000, 0x0000, 0x0000, 0x0000, 0x0000, 0x0000, 0x0000, 0x0000, 0x0000, 0x0000, 0x0000,
  0x0000, 0x0000, 0x0000, 0x0000, 0x0000, 0x0000, 0x0000, 0x0000, 0x0000, 0x0000, 0x0000, 0x0000,
  0x0000, 0x0000, 0x0000, 0x0000, 0x0000, 0x0000, 0x0000, 0x0000, 0x0000, 0x0000, 0x0000, 0x0000,
  0x0000, 0x0000, 0x0000, 0x0000, 0x0000, 0x0000, 0x0000, 0xA80A, 0x04C6, 0x9005, 0xF3F5, 0xFFFF,
  0xFCB7, 0xF88C, 0xF80B, 0xC84A, 0x8825, 0x4042, 0x0000, 0x7807, 0x0000, 0x0000, 0x0000, 0x0000,
  0x0000, 0x0000, 0x0000, 0x0000, 0x0000, 0x0000, 0x0000, 0x0000, 0x0000, 0x0000, 0x0000, 0x0000,
  0x0000, 0x0000, 0x0000, 0x0000, 0x0000, 0x0000, 0x0000, 0x0000, 0x0000, 0x0000, 0x0000, 0x0000,
  0x0000, 0x0000, 0x0000, 0x0000, 0x0000, 0x0000, 0x0000, 0x0000, 0x0000, 0x0000, 0x0000, 0x0000,
  0x0000, 0x0000, 0x0000, 0x0000, 0x0000, 0x7800, 0x0000, 0x3000, 0x9087, 0xE8ED, 0xF80A, 0xE00A,
  0x9827, 0x6804, 0x0000, 0x0000, 0x5000, 0x0000, 0x0000, 0x0000, 0x0000, 0x0000, 0x0000, 0x0000,
  0x0000, 0x0000, 0x0000, 0x0000, 0x0000, 0x0000, 0x0000, 0x0000, 0x0000, 0x0000, 0x0000, 0x0000,
  0x0000, 0x0000, 0x0000, 0x0000, 0x0000, 0x0000, 0x0000, 0x0000, 0x0000, 0x0000, 0x0000, 0x0000,
  0x0000, 0x0000, 0x0000, 0x0000, 0x0000, 0x0000, 0x0000, 0x0000, 0x0000, 0x0000, 0x0000, 0x0000,
  0x0000, 0x0000, 0x0000, 0x0000, 0x7800, 0x0000, 0x3000, 0x8805, 0xA027, 0x8045, 0x3842, 0x0000,
  0xF80F, 0x7800, 0x0000, 0x0000, 0x0000, 0x0000, 0x0000, 0x0000, 0x0000, 0x0000, 0x0000, 0x0000,
  0x0000, 0x0000, 0x0000, 0x0000, 0x0000, 0x0000, 0x0000, 0x0000, 0x0000, 0x0000, 0x0000, 0x0000,
  0x0000, 0x0000, 0x0000, 0x0000, 0x0000, 0x0000, 0x0000, 0x0000, 0x0000, 0x0000, 0x0000, 0x0000,
  0x0000, 0x0000, 0x0000, 0x0000, 0x0000, 0x0000, 0x0000, 0x0000, 0x0000, 0x0000, 0x0000, 0x0000,
  0x0000, 0x0000, 0x0000, 0x0000, 0x0000, 0x0000, 0x0000, 0x0000, 0x0000, 0x0000, 0x0000, 0x0000,
  0x0000, 0x0000, 0x0000, 0x0000, 0x0000, 0x0000, 0x0000, 0x0000, 0x0000, 0x0000, 0x0000, 0x0000,
};
const uint8_t V54_PINK_RUN_2_MASK[] PROGMEM = {
  0x00, 0x00, 0x00, 0x00, 0x00, 0x00, 0x00, 0x00, 0x00, 0x00, 0x00, 0x1F, 0xF8, 0x00, 0x00, 0x00, 0x00, 0x00, 0x00, 0xFF,
  0xFF, 0x00, 0x00, 0x00, 0x00, 0x00, 0x03, 0xFF, 0xFF, 0xC0, 0x00, 0x00, 0x00, 0x00, 0x07, 0xFF, 0xFF, 0xE0, 0x00, 0x00,
  0x00, 0x00, 0x1F, 0xFF, 0xFF, 0xF8, 0x00, 0x00, 0x00, 0x00, 0x3F, 0xFF, 0xFF, 0xFC, 0x38, 0x00, 0x00, 0x00, 0x7F, 0xFF,
  0xFF, 0xFC, 0x7C, 0x00, 0x00, 0x00, 0xFF, 0xFF, 0xFF, 0xFF, 0xFE, 0x00, 0x00, 0x00, 0xFF, 0xFF, 0xFF, 0xFF, 0xFE, 0x00,
  0x00, 0x01, 0xFF, 0xFF, 0xFF, 0xFF, 0xFF, 0x00, 0x00, 0x03, 0xFF, 0xFF, 0xFF, 0xFF, 0xFF, 0x00, 0x00, 0x03, 0xFF, 0xFF,
  0xFF, 0xFF, 0xFE, 0x00, 0x00, 0x07, 0xFF, 0xFF, 0xFF, 0xFF, 0xFE, 0x00, 0x00, 0x07, 0xFF, 0xFF, 0xFF, 0xFF, 0xFE, 0x00,
  0x00, 0x07, 0xFF, 0xFF, 0xFF, 0xFF, 0xFE, 0x00, 0x00, 0x0F, 0xFF, 0xFF, 0xFF, 0xFF, 0xFC, 0x00, 0x00, 0x0F, 0xFF, 0xFF,
  0xFF, 0xFF, 0xF8, 0x00, 0x00, 0x0F, 0xFF, 0xFF, 0xFF, 0xFF, 0xF0, 0x00, 0x03, 0xFF, 0xFF, 0xFF, 0xFF, 0xFF, 0xF0, 0x00,
  0x0F, 0xFF, 0xFF, 0xFF, 0xFF, 0xFF, 0xF0, 0x00, 0x1F, 0xFF, 0xFF, 0xFF, 0xFF, 0xFF, 0xF0, 0x00, 0x3F, 0xFF, 0xFF, 0xFF,
  0xFF, 0xFF, 0xE0, 0x00, 0x7F, 0xFF, 0xFF, 0xFF, 0xFF, 0xFF, 0xE0, 0x00, 0x7F, 0xFF, 0xFF, 0xFF, 0xFF, 0xFF, 0xC0, 0x00,
  0x7F, 0xFF, 0xFF, 0xFF, 0xFF, 0xFF, 0xC0, 0x00, 0x7F, 0xFF, 0xFF, 0xFF, 0xFF, 0xFF, 0xF0, 0x00, 0x7F, 0xFF, 0xFF, 0xFF,
  0xFF, 0xFF, 0xF8, 0x00, 0x1F, 0xFD, 0xFF, 0xFF, 0xFF, 0xFF, 0xFC, 0x00, 0x1F, 0xF9, 0xFF, 0xFF, 0xFF, 0xFF, 0xFE, 0x00,
  0x0F, 0xE0, 0x7F, 0xFF, 0xFF, 0xFF, 0xFE, 0x00, 0x07, 0x80, 0x3F, 0xFF, 0xFF, 0xFF, 0xFF, 0x00, 0x00, 0x00, 0xFF, 0xFF,
  0xFF, 0xFF, 0xFF, 0x00, 0x00, 0x07, 0xFF, 0xFF, 0xFF, 0xDF, 0xFF, 0x00, 0x00, 0x0F, 0xFF, 0xFF, 0xFE, 0x0F, 0xFF, 0x00,
  0x00, 0x3F, 0xFF, 0xFF, 0xFC, 0x07, 0xFE, 0x00, 0x00, 0x7F, 0xFF, 0xFF, 0xFE, 0x07, 0xFC, 0x00, 0x00, 0xFF, 0xFF, 0xFF,
  0xFF, 0x3F, 0xF8, 0x00, 0x01, 0xFF, 0xFF, 0xFF, 0xFF, 0x3F, 0x80, 0x00, 0x01, 0xFF, 0xFF, 0xFF, 0xFF, 0xFF, 0xC0, 0x00,
  0x01, 0xFF, 0x8F, 0xFF, 0xFF, 0xFF, 0xC0, 0x00, 0x01, 0xFF, 0x3F, 0xFF, 0xFF, 0xFF, 0xC0, 0x00, 0x00, 0xFE, 0xFF, 0xFF,
  0xFF, 0xFF, 0xC0, 0x00, 0x00, 0xFD, 0xFF, 0xFF, 0xFF, 0xFF, 0x80, 0x00, 0x00, 0x17, 0xFF, 0xFF, 0xFF, 0xFF, 0x00, 0x00,
  0x00, 0x0F, 0xFF, 0xFF, 0xFF, 0xFC, 0x00, 0x00, 0x00, 0x1F, 0xFF, 0xFF, 0xFF, 0xC0, 0x00, 0x00, 0x00, 0x0F, 0xFF, 0xFF,
  0xFF, 0xC0, 0x00, 0x00, 0x00, 0x0F, 0xFF, 0xFF, 0xFF, 0xC0, 0x00, 0x00, 0x00, 0x07, 0xFF, 0xFF, 0xFF, 0xE0, 0x00, 0x00,
  0x00, 0x03, 0xFF, 0xFF, 0xFF, 0xE0, 0x00, 0x00, 0x00, 0x0F, 0xFF, 0xFF, 0xFF, 0xC0, 0x00, 0x00, 0x00, 0x1F, 0xFF, 0xFF,
  0xFF, 0x80, 0x00, 0x00, 0x00, 0x3F, 0xFF, 0xFF, 0xFE, 0x00, 0x00, 0x00, 0x00, 0x3F, 0xFF, 0xFF, 0xF8, 0x00, 0x00, 0x00,
  0x00, 0x7F, 0xFF, 0xFF, 0xFC, 0x00, 0x00, 0x00, 0x00, 0x7F, 0xFF, 0xFF, 0xFE, 0x01, 0x00, 0x00, 0x00, 0xFF, 0xFF, 0xFF,
  0xFF, 0x0F, 0xE0, 0x00, 0x00, 0xFF, 0xFF, 0xE7, 0xFF, 0xBF, 0xF0, 0x00, 0x00, 0xFF, 0xFF, 0xC7, 0xFF, 0xFF, 0xF0, 0x00,
  0x00, 0xFF, 0x80, 0x03, 0xFF, 0xFF, 0xF0, 0x00, 0x00, 0xFF, 0x80, 0x01, 0xFF, 0xFF, 0xF0, 0x00, 0x00, 0xFF, 0x00, 0x00,
  0xFF, 0xFF, 0xE0, 0x00, 0x00, 0x7E, 0x00, 0x00, 0x7F, 0xFF, 0xE0, 0x00, 0x00, 0x3C, 0x00, 0x00, 0x3F, 0xFF, 0xC0, 0x00,
  0x00, 0x00, 0x00, 0x00, 0x3F, 0xFF, 0x80, 0x00, 0x00, 0x00, 0x00, 0x00, 0x1F, 0xFF, 0x00, 0x00, 0x00, 0x00, 0x00, 0x00,
  0x0F, 0xFE, 0x00, 0x00, 0x00, 0x00, 0x00, 0x00, 0x07, 0xF8, 0x00, 0x00, 0x00, 0x00, 0x00, 0x00, 0x03, 0xF0, 0x00, 0x00,
  0x00, 0x00, 0x00, 0x00, 0x01, 0xC0, 0x00, 0x00, 0x00, 0x00, 0x00, 0x00, 0x00, 0x00, 0x00, 0x00,
};
const Sprite565 V54_PINK_RUN_2 = { V54_PINK_RUN_2_BITMAP, V54_PINK_RUN_2_MASK, 58, 72 };

const uint16_t V54_PINK_RUN_3_BITMAP[] PROGMEM = {
  0x0000, 0x0000, 0x0000, 0x0000, 0x0000, 0x0000, 0x0000, 0x0000, 0x0000, 0x0000, 0x0000, 0x0000,
  0x0000, 0x0000, 0x0000, 0x0000, 0x0000, 0x0000, 0x0000, 0x0000, 0x0000, 0x0000, 0x0000, 0x0000,
  0x0000, 0x0000, 0x0000, 0x0000, 0x0000, 0x0000, 0x0000, 0x0000, 0x0000, 0x0000, 0x0000, 0x0000,
  0x0000, 0x0000, 0x0000, 0x0000, 0x0000, 0x0000, 0x0000, 0x0000, 0x0000, 0x0000, 0x0000, 0x0000,
  0x0000, 0x0000, 0x0000, 0x0000, 0x0000, 0x0000, 0x0000, 0x0000, 0x0000, 0x0000, 0x0000, 0x0000,
  0x0000, 0x0000, 0x0000, 0x0000, 0x0000, 0x0000, 0x0000, 0x0000, 0x0000, 0x0000, 0x0000, 0x0000,
  0x0000, 0x0000, 0x0000, 0x0000, 0x0000, 0x0000, 0x0000, 0x0000, 0x0000, 0x0000, 0x0000, 0x0000,
  0x0000, 0x0000, 0x0000, 0x0000, 0x0000, 0x0000, 0x0000, 0x0000, 0x0000, 0x0000, 0x0000, 0x0000,
  0x0000, 0x0000, 0x0000, 0x0000, 0x0000, 0x0000, 0x0000, 0x0000, 0x0000, 0x0000, 0x0000, 0x0000,
  0x0000, 0x0000, 0x0000, 0x0000, 0x0000, 0x0000, 0x0000, 0x0000, 0x0000, 0x0000, 0x0000, 0x0000,
  0x0000, 0x0000, 0x0000, 0x0000, 0x0000, 0x0000, 0x0000, 0x0000, 0x0000, 0x0000, 0x0000, 0x0000,
  0x0000, 0x0000, 0x0000, 0x0000, 0x0000, 0x0000, 0x0000, 0x0000, 0x0000, 0x0000, 0x0000, 0x0000,
  0x0000, 0x0000, 0x0000, 0x0000, 0x0000, 0x0000, 0x0000, 0x0000, 0x0000, 0x0000, 0x0000, 0x0000,
  0x0000, 0x0000, 0x0000, 0x0000, 0x0000, 0x0000, 0x0000, 0x0000, 0x0000, 0x0000, 0x0000, 0x0000,
  0x0000, 0x0000, 0x0000, 0x0000, 0x0000, 0x0000, 0x0000, 0x0000, 0x0000, 0x0000, 0x0000, 0x0000,
  0x0000, 0x0000, 0x0000, 0x0000, 0x0000, 0x0000, 0x0000, 0x0000, 0x0000, 0x0000, 0x0000, 0x0000,
  0x0000, 0x0000, 0x0000, 0x0000, 0x0000, 0x0000, 0x0000, 0x0000, 0x0000, 0x0000, 0x0000, 0x0000,
  0x0000, 0x0000, 0x0000, 0x0000, 0x0000, 0x0000, 0x0000, 0x0000, 0x0000, 0x0000, 0x0000, 0x0000,
  0x0000, 0x0000, 0x0000, 0x0000, 0x0000, 0x0000, 0x0000, 0x0000, 0x0000, 0x0000, 0x0000, 0x0000,
  0x5000, 0x0000, 0x0000, 0x0000, 0x2060, 0x2881, 0x2881, 0x28A1, 0x28A2, 0x30A2, 0x2881, 0x2881,
  0x2881, 0x2061, 0x1840, 0x0000, 0x0000, 0x0000, 0x0000, 0x0000, 0x0000, 0x0000, 0x0000, 0x0000,
  0x0000, 0x0000, 0x0000, 0x0000, 0x0000, 0x0000, 0x0000, 0x0000, 0x0000, 0x0000, 0x0000, 0x0000,
  0x0000, 0x0000, 0x0000, 0x0000, 0x0000, 0x0000, 0x0000, 0x0000, 0x0000, 0x0000, 0x0000, 0x0000,
  0x0000, 0x0000, 0x0000, 0x0000, 0x0000, 0x2020, 0x2881, 0x30A1, 0x38E2, 0x4103, 0x4123, 0x4944,
  0x4944, 0x4944, 0x4944, 0x4944, 0x4123, 0x3903, 0x30C2, 0x2881, 0x2040, 0x0000, 0x0000, 0x5000,
  0x0000, 0x0000, 0x0000, 0x0000, 0x0000, 0x0000, 0x0000, 0x0000, 0x0000, 0x0000, 0x0000, 0x0000,
  0x0000, 0x0000, 0x0000, 0x0000, 0x0000, 0x0000, 0x0000, 0x0000, 0x0000, 0x0000, 0x0000, 0x0000,
  0x0000, 0x0000, 0x0000, 0x0000, 0x0000, 0x5000, 0x0000, 0x2061, 0x2881, 0x30C2, 0x4123, 0x4944,
  0x4944, 0x4944, 0x4944, 0x4944, 0x4944, 0x4944, 0x4944, 0x4944, 0x4944, 0x4964, 0x4964, 0x4943,
  0x38E2, 0x2881, 0x2020, 0x0000, 0x0000, 0x0000, 0x0000, 0x0000, 0x0000, 0x0000, 0x0000, 0x0000,
  0x0000, 0x0000, 0x0000, 0x0000, 0x0000, 0x0000, 0x0000, 0x0000, 0x0000, 0x0000, 0x0000, 0x0000,
  0x0000, 0x0000, 0x0000, 0x0000, 0x0000, 0x0000, 0x0000, 0x0000, 0x5000, 0x0000, 0x2081, 0x30A2,
  0x4103, 0x4944, 0x4944, 0x4143, 0x5164, 0x61C5, 0x59A5, 0x4964, 0x4944, 0x4944, 0x4944, 0x4944,
  0x4944, 0x4944, 0x4944, 0x4944, 0x4964, 0x4944, 0x38C2, 0x3061, 0x0000, 0x3800, 0x0000, 0x0000,
  0x0000, 0x7807, 0xF80F, 0xF81F, 0xA80A, 0x0000, 0x0000, 0x0000, 0x0000, 0x0000, 0x0000, 0x0000,
  0x0000, 0x0000, 0x0000, 0x0000, 0x0000, 0x0000, 0x0000, 0x0000, 0x0000, 0x0000, 0x0000, 0x0000,
  0x0000, 0x2061, 0x38C2, 0x4944, 0x4944, 0x4123, 0x5184, 0x6A07, 0x7A48, 0x6A07, 0x5184, 0x4944,
  0x4944, 0x4944, 0x4944, 0x4944, 0x4944, 0x4944, 0x4944, 0x4944, 0x4143, 0x4143, 0x4143, 0x30C2,
  0x2841, 0x0000, 0x0000, 0x7800, 0x0000, 0x0000, 0x0000, 0x0000, 0x0000, 0x0000, 0x0000, 0x0000,
  0x0000, 0x0000, 0x0000, 0x0000, 0x0000, 0x0000, 0x0000, 0x0000, 0x0000, 0x0000, 0x0000, 0x0000,
  0x0000, 0x0000, 0x5000, 0x0000, 0x2881, 0x38E2, 0x4944, 0x4944, 0x4924, 0x4964, 0x6A06, 0x7A47,
  0x6A06, 0x4964, 0x4964, 0x4964, 0x4944, 0x4944, 0x4944, 0x4944, 0x4944, 0x4944, 0x4944, 0x4143,
  0x6906, 0xC18D, 0xA96A, 0x58E4, 0x30C2, 0x3882, 0x0000, 0x0000, 0x2000, 0x7804, 0x9847, 0xA047,
  0x7804, 0x0000, 0x7800, 0x0000, 0x0000, 0x0000, 0x0000, 0x0000, 0x0000, 0x0000, 0x0000, 0x0000,
  0x0000, 0x0000, 0x0000, 0x0000, 0x0000, 0x3800, 0x0000, 0x2061, 0x38E2, 0x4964, 0x4944, 0x4944,
  0x4944, 0x5184, 0x5184, 0x61E6, 0x7247, 0x6A27, 0x59A5, 0x4964, 0x4944, 0x4944, 0x4944, 0x4944,
  0x4944, 0x4944, 0x4164, 0x6105, 0xF211, 0xFAB4, 0xFA94, 0xE1EF, 0x6104, 0x38E2, 0x4104, 0x5001,
  0x9827, 0xD94E, 0xFA32, 0xFA52, 0xC8CB, 0x6804, 0x0000, 0x0000, 0x0000, 0x0000, 0x0000, 0x0000,
  0x0000, 0x0000, 0x0000, 0x0000, 0x0000, 0x0000, 0x0000, 0x0000, 0x5000, 0x0000, 0x2060, 0x30C2,
  0x4964, 0x4944, 0x4944, 0x4944, 0x4944, 0x4944, 0x51A5, 0x7A47, 0x7247, 0x7247, 0x7227, 0x5185,
  0x4944, 0x4944, 0x4944, 0x4944, 0x4944, 0x4944, 0x4123, 0xB16A, 0xFAB4, 0xF292, 0xFA92, 0xFAD4,
  0xD9EF, 0x50C3, 0x3821, 0xA048, 0xF9F1, 0xFA93, 0xFA52, 0xFA93, 0xFA32, 0x9026, 0x0180, 0x0000,
  0x0000, 0x0000, 0x0000, 0x0000, 0x0000, 0x0000, 0x0000, 0x0000, 0x0000, 0x0000, 0x0000, 0x0000,
  0x0000, 0x2041, 0x30A1, 0x4944, 0x4944, 0x4944, 0x4944, 0x4944, 0x4944, 0x4944, 0x59A5, 0x61E6,
  0x7206, 0x7A47, 0x6A07, 0x61E6, 0x59A5, 0x4964, 0x4944, 0x4944, 0x4944, 0x4144, 0x4903, 0xD9EF,
  0xFAB3, 0xFA92, 0xFAB2, 0xFAB2, 0xFA51, 0xD96E, 0xD98E, 0xE98F, 0xFA93, 0xFA52, 0xFA52, 0xFA52,
  0xFA72, 0xA868, 0x3000, 0x0000, 0x0000, 0x0000, 0x0000, 0x0000, 0x0000, 0x0000, 0x0000, 0x0000,
  0x0000, 0x0000, 0x0000, 0x0000, 0x0000, 0x2861, 0x4123, 0x4964, 0x4944, 0x4944, 0x4944, 0x4944,
  0x4944, 0x4944, 0x5184, 0x5185, 0x6A06, 0x61E6, 0x61C6, 0x6A06, 0x59A5, 0x4964, 0x4944, 0x4944,
  0x4944, 0x4143, 0x6105, 0xF251, 0xFAB3, 0xFA92, 0xFAB2, 0xFA93, 0xE98F, 0xFA52, 0xFAD4, 0xF1F0,
  0xF211, 0xFA72, 0xFA52, 0xFA72, 0xFA73, 0xA889, 0x4000, 0x0000, 0x0000, 0x0000, 0x0000, 0x0000,
  0x0000, 0x0000, 0x0000, 0x0000, 0x0000, 0x0000, 0x0000, 0x0000, 0x1820, 0x30C2, 0x4964, 0x4944,
  0x4944, 0x4944, 0x4944, 0x4944, 0x4944, 0x4944, 0x4964, 0x5164, 0x51A5, 0x5185, 0x59A5, 0x61C5,
  0x5184, 0x4964, 0x4944, 0x4944, 0x4944, 0x3943, 0x6906, 0xFA72, 0xFA93, 0xFA92, 0xFA92, 0xFA72,
  0xE98F, 0xFA72, 0xFAB3, 0xF231, 0xF1F1, 0xFA72, 0xFA72, 0xFA72, 0xFA72, 0xA068, 0x3001, 0x0000,
  0x0000, 0x0000, 0x0000, 0x0000, 0x0000, 0x0000, 0x0000, 0x0000, 0x0000, 0x0000, 0x5000, 0x0000,
  0x2881, 0x4123, 0x4944, 0x4944, 0x4944, 0x4944, 0x4944, 0x4944, 0x4944, 0x4944, 0x4944, 0x4964,
  0x4964, 0x5184, 0x5184, 0x4923, 0x4944, 0x4964, 0x4944, 0x4944, 0x4944, 0x4143, 0x7106, 0xFA72,
  0xFAB2, 0xFAB2, 0xFA92, 0xFAB3, 0xF9F1, 0xFA53, 0xFAD4, 0xE9AF, 0xFA32, 0xFA72, 0xFA72, 0xFA93,
  0xFA11, 0x8806, 0x0000, 0x0000, 0x0000, 0x0000, 0x0000, 0x0000, 0x0000, 0x0000, 0x0000, 0x0000,
  0x0000, 0x0000, 0x0000, 0x1000, 0x30A2, 0x4944, 0x4944, 0x4944, 0x4944, 0x4944, 0x4944, 0x4944,
  0x4944, 0x4944, 0x4944, 0x4944, 0x4944, 0x4964, 0x4944, 0x936A, 0x4964, 0x4964, 0x4944, 0x4944,
  0x4944, 0x4144, 0x6105, 0xF252, 0xFAB3, 0xFA92, 0xFAD3, 0xFAB3, 0xB0EA, 0xA8EA, 0xD12D, 0xF1F0,
  0xFA73, 0xFA72, 0xFA72, 0xFAB3, 0xD94D, 0x6803, 0x0000, 0x0000, 0x0000, 0x0000, 0x0000, 0x0000,
  0x0000, 0x0000, 0x0000, 0x0000, 0x0000, 0x0000, 0x0000, 0x2060, 0x38E2, 0x4944, 0x4944, 0x4944,
  0x4944, 0x4944, 0x4944, 0x4944, 0x4944, 0x4944, 0x4944, 0x4944, 0x4964, 0x38E2, 0x8B4A, 0xFED5,
  0x82C8, 0x38E3, 0x4964, 0x4944, 0x4944, 0x4944, 0x4923, 0xB14B, 0xFA74, 0xFA93, 0xE9D0, 0x98A8,
  0x38A2, 0x30C2, 0x3821, 0xD16E, 0xFAB4, 0xF272, 0xFA72, 0xFA72, 0x9847, 0x3801, 0x0000, 0x0000,
  0x0000, 0x0000, 0x0000, 0x0000, 0x0000, 0x0000, 0x0000, 0x0000, 0x3800, 0x3800, 0x3800, 0x2881,
  0x4103, 0x4944, 0x4944, 0x4944, 0x4944, 0x4944, 0x4944, 0x4944, 0x4944, 0x4944, 0x4944, 0x4964,
  0x38E3, 0x7288, 0xFE33, 0xFE53, 0xEDD2, 0x51A5, 0x38E3, 0x4964, 0x4944, 0x4944, 0x3903, 0xA3AB,
  0xAA0A, 0x7886, 0x5083, 0x30E2, 0x4944, 0x4944, 0x3923, 0x5063, 0xE1AF, 0xFA93, 0xFAB3, 0xD10C,
  0x6803, 0x0000, 0xA80A, 0x0000, 0x0000, 0x0000, 0x0000, 0x0000, 0x0000, 0x5000, 0x0000, 0x0000,
  0x0000, 0x0000, 0x0000, 0x2881, 0x4123, 0x4944, 0x4944, 0x4944, 0x4944, 0x4944, 0x4944, 0x4944,
  0x4944, 0x4944, 0x4964, 0x38E3, 0x6226, 0xF612, 0xFE53, 0xFE53, 0xFE94, 0xE590, 0x61E6, 0x38E2,
  0x4943, 0x5164, 0x38E3, 0xC4EE, 0xD570, 0x3943, 0x4144, 0x4944, 0x4123, 0x4143, 0x4944, 0x4123,
  0x4863, 0xA0C9, 0xB0A9, 0x7804, 0x0000, 0x5000, 0x0000, 0x0000, 0x0000, 0x0000, 0x0000, 0x0000,
  0x0000, 0x0000, 0x0000, 0x2040, 0x2881, 0x2881, 0x2881, 0x2881, 0x4944, 0x4944, 0x4944, 0x4944,
  0x4944, 0x4944, 0x4944, 0x4944, 0x4944, 0x4964, 0x3903, 0x6A47, 0xF5F1, 0xFE53, 0xEDB1, 0xA327,
  0xAB88, 0xFE52, 0xF633, 0x9B8A, 0x5184, 0x4103, 0x38C2, 0xBC8E, 0xFE94, 0xA3AA, 0x38C2, 0x4123,
  0x4964, 0x4944, 0x4944, 0x4944, 0x4143, 0x38E2, 0x2841, 0x0000, 0x0000, 0x0000, 0x0000, 0x0000,
  0x0000, 0x0000, 0x0000, 0x0000, 0x0000, 0x2861, 0x30A2, 0x38E2, 0x4123, 0x4923, 0x4123, 0x4103,
  0x4944, 0x4944, 0x4944, 0x4944, 0x4944, 0x4944, 0x4944, 0x4944, 0x4964, 0x38E2, 0x72A8, 0xF632,
  0xFE52, 0xFE32, 0xEDD1, 0xD52F, 0xD50E, 0xF5F2, 0xFE33, 0xFE73, 0xEDF1, 0xC4CE, 0xAC0C, 0xE5B1,
  0xD4AD, 0xA368, 0x9B28, 0x6206, 0x38E2, 0x4144, 0x4944, 0x4943, 0x4944, 0x4944, 0x28A1, 0x7800,
  0x5000, 0x0000, 0x0000, 0x0000, 0x0000, 0x0000, 0x0000, 0x2041, 0x2881, 0x38E3, 0x4944, 0x4964,
  0x4964, 0x4964, 0x4964, 0x4964, 0x4944, 0x4944, 0x4944, 0x4944, 0x4923, 0x4123, 0x4944, 0x5164,
  0x4123, 0x8B4A, 0xFE52, 0xFE32, 0xFE12, 0xFE12, 0xFE33, 0xFED5, 0xFEB4, 0xFE12, 0xFE12, 0xFE12,
  0xFE53, 0xFE73, 0xFE94, 0xFE32, 0xFE12, 0xFE53, 0xFE74, 0xEDF2, 0x8B29, 0x4144, 0x4123, 0x4944,
  0x4944, 0x4923, 0x2881, 0x0000, 0x3800, 0x0000, 0x0000, 0x0000, 0x0000, 0x0000, 0x2081, 0x30A2,
  0x4923, 0x4964, 0x4944, 0x4944, 0x4944, 0x4944, 0x4944, 0x4944, 0x4964, 0x4944, 0x4944, 0x4103,
  0x59C5, 0x6206, 0x4923, 0x38C2, 0x8309, 0xFEB4, 0xFE12, 0xFE12, 0xFE32, 0xFE12, 0xFE52, 0xC4EF,
  0xBCAE, 0xFE32, 0xFE12, 0xFE32, 0xFE32, 0xFE12, 0xFE12, 0xFE12, 0xFE12, 0xFE73, 0xFE94, 0xFE32,
  0xFE53, 0xE591, 0x59C5, 0x4944, 0x4964, 0x3903, 0x2861, 0x0000, 0x5000, 0x0000, 0x0000, 0x0000,
  0x0000, 0x0000, 0x28A1, 0x4923, 0x4964, 0x4944, 0x4944, 0x4944, 0x4944, 0x4944, 0x4944, 0x4944,
  0x4944, 0x4944, 0x4144, 0xAC0C, 0xF612, 0xFE53, 0xCCEF, 0x51C5, 0xDD70, 0xFE53, 0xFE12, 0xFE32,
  0xFE12, 0xFE73, 0xB46D, 0x0000, 0x0000, 0xBCAE, 0xFE73, 0xFE12, 0xFE32, 0xFE32, 0xFE32, 0xFE53,
  0xFE94, 0xBC8E, 0x3964, 0xAC4D, 0xFE73, 0xFE94, 0x7AC8, 0x38C2, 0x4964, 0x30C2, 0x1800, 0x0000,
  0x0000, 0x0000, 0x0000, 0x0000, 0x0000, 0x2060, 0x4103, 0x4944, 0x4944, 0x4944, 0x4944, 0x4944,
  0x4944, 0x4944, 0x4944, 0x4944, 0x4964, 0x3903, 0x936A, 0xFED5, 0xFE32, 0xFE33, 0xFE94, 0xEDD1,
  0xF612, 0xFE32, 0xFE33, 0xFE33, 0xFE12, 0xFE94, 0x5206, 0x0000, 0x0000, 0x8B8B, 0xFEB4, 0xFE12,
  0xFE32, 0xFE32, 0xFE53, 0xDD91, 0x49E6, 0x20C2, 0x7309, 0xE5B2, 0xFE33, 0xFE12, 0xDCCD, 0x8AE7,
  0x4923, 0x38E3, 0x0000, 0x3000, 0x0000, 0x0000, 0x0000, 0x0000, 0x0000, 0x3081, 0x4923, 0x4944,
  0x4944, 0x4944, 0x4944, 0x4944, 0x4944, 0x4944, 0x4944, 0x4944, 0x4964, 0x4123, 0xCCEF, 0xFE94,
  0xFE12, 0xFE32, 0xFE12, 0xFE53, 0xFE32, 0xFE32, 0xFE33, 0xFE33, 0xFE33, 0xFE94, 0x72E9, 0x0000,
  0x0820, 0xD52F, 0xFE53, 0xFE12, 0xFE12, 0xFE12, 0xFE73, 0xD550, 0x1881, 0x20E2, 0xC4CE, 0xFE33,
  0xFE12, 0xF5D1, 0xF58F, 0xFE73, 0x8AC6, 0x1800, 0x0000, 0x0000, 0x0000, 0x0000, 0x0000, 0x0000,
  0x0000, 0x30A2, 0x4944, 0x4944, 0x4944, 0x4944, 0x4944, 0x4944, 0x4944, 0x4944, 0x4944, 0x4944,
  0x4964, 0x4123, 0xC48E, 0xFE73, 0xF612, 0xFE33, 0xFE12, 0xFE12, 0xFE32, 0xFE32, 0xFE33, 0xFE33,
  0xFE33, 0xFE53, 0xF612, 0x9BCC, 0xC4CE, 0xFE53, 0xFE53, 0xFE53, 0xFE12, 0xFDB0, 0xFE53, 0xFE73,
  0xF633, 0x72E9, 0x0840, 0xC4CE, 0xFE53, 0xEDD1, 0xE570, 0xFE94, 0xAB89, 0x28A1, 0x30C2, 0x2000,
  0x0000, 0x0000, 0x0000, 0x0000, 0x0000, 0x2881, 0x38E2, 0x4123, 0x4944, 0x4944, 0x4944, 0x4944,
  0x4944, 0x4944, 0x4944, 0x4964, 0x30E2, 0x30A2, 0x7267, 0xFE53, 0xFE73, 0xFE53, 0xFE94, 0xFE53,
  0xFE32, 0xFE32, 0xFE33, 0xFE12, 0xFDD2, 0xFDF2, 0xFE32, 0xFE94, 0xFE73, 0xFDF2, 0xFCEF, 0xFD71,
  0xFDF2, 0xFE33, 0xFE32, 0xFE32, 0xFE32, 0xFE73, 0xED91, 0xF5D1, 0xFE32, 0xE50E, 0xFE12, 0xFE73,
  0x7A66, 0x4124, 0x4944, 0x30A2, 0x2040, 0x0000, 0x0000, 0x0000, 0x0000, 0x0000, 0x1840, 0x30C2,
  0x4944, 0x4944, 0x4944, 0x4944, 0x4944, 0x4964, 0x4964, 0x38E2, 0x1840, 0x9369, 0x3081, 0x7247,
  0xCCEF, 0xE590, 0xB44D, 0xA389, 0xFE53, 0xFE32, 0xFE32, 0xFE12, 0xFE12, 0xFE12, 0xFE32, 0xFE12,
  0xFE53, 0xFCF0, 0xF8E5, 0xF967, 0xF9C7, 0xF9A7, 0xFBEC, 0xFE73, 0xFDF2, 0xFDF2, 0xFE12, 0xFE53,
  0xE570, 0xCC4B, 0xED90, 0x9B28, 0x4923, 0x4944, 0x4964, 0x4944, 0x30C2, 0x2040, 0x0000, 0x0000,
  0x0000, 0x5000, 0x0000, 0x30C2, 0x4944, 0x4964, 0x4964, 0x4964, 0x4964, 0x4923, 0x38E2, 0x28A1,
  0x0000, 0x0000, 0x52AA, 0x2861, 0x38E2, 0x4144, 0x4123, 0x4922, 0xCC8C, 0xFEB4, 0xFE33, 0xFE32,
  0xFE32, 0xFE32, 0xFE32, 0xFE12, 0xFE73, 0xFCAF, 0xF9A7, 0xFA69, 0xFA29, 0xF926, 0xFCCF, 0xFE53,
  0xFE12, 0xFE12, 0xFE32, 0xFE53, 0x8AA6, 0x5143, 0x5163, 0x4103, 0x4944, 0x4944, 0x4944, 0x4964,
  0x4944, 0x28A1, 0x0000, 0x0000, 0x0000, 0x0000, 0x0000, 0x2880, 0x30A1, 0x38E2, 0x3903, 0x38E2,
  0x30C2, 0x30A2, 0x30C0, 0x0000, 0x0000, 0x0000, 0x0000, 0x0000, 0x3922, 0x2060, 0x38E2, 0x4123,
  0x5163, 0xBC0A, 0xFE11, 0xFE73, 0xFE12, 0xFE12, 0xFE32, 0xFE12, 0xFE32, 0xFDD1, 0xFAAA, 0xFA29,
  0xFA09, 0xFB4B, 0xFE32, 0xFE12, 0xFE32, 0xFE74, 0xFE11, 0x8AE7, 0x4103, 0x4144, 0x4124, 0x4944,
  0x4944, 0x4944, 0x4944, 0x4944, 0x4964, 0x4103, 0x2861, 0x0000, 0x0000, 0x0000, 0x0000, 0x0000,
  0x0000, 0x1020, 0x2861, 0x2060, 0x0000, 0x0000, 0x0000, 0x0000, 0x0000, 0x52A0, 0xFFFF, 0x0000,
  0x0000, 0x7B8F, 0x8BCE, 0xA4B2, 0xBDB6, 0xBD74, 0xB42C, 0xD4ED, 0xFE73, 0xFE94, 0xFE33, 0xFE32,
  0xFE12, 0xFE32, 0xFD91, 0xFBED, 0xFC8E, 0xFE12, 0xFE32, 0xFE53, 0xFE53, 0xDD0E, 0x7224, 0x38E2,
  0x4944, 0x4944, 0x4944, 0x4944, 0x4944, 0x4944, 0x4944, 0x4944, 0x4944, 0x4944, 0x30A1, 0x0000,
  0x0000, 0x0000, 0x0000, 0x0000, 0x0000, 0x0000, 0x0000, 0x0000, 0x0000, 0x3800, 0x0000, 0x52A0,
  0x0000, 0x0000, 0x0000, 0x3060, 0x6A25, 0xA470, 0xF79E, 0xFFFF, 0xFFFF, 0xFFFF, 0xF79E, 0xCDB4,
  0xBB6B, 0xCCCD, 0xE5B0, 0xF631, 0xFE32, 0xFE33, 0xFE93, 0xFEB3, 0xFE52, 0xFE33, 0xF5D1, 0xCC8C,
  0x8AE6, 0x5100, 0x0000, 0x38E3, 0x4964, 0x4964, 0x4944, 0x4944, 0x4944, 0x4944, 0x4944, 0x4944,
  0x4944, 0x4944, 0x30C2, 0x0000, 0x0000, 0x0000, 0x0000, 0x0000, 0x0000, 0x0000, 0x0000, 0x0000,
  0x0000, 0x0000, 0xFBEF, 0x0000, 0x0000, 0x4920, 0x9307, 0xC48C, 0xF5D0, 0xDD91, 0xDEBA, 0xFFFF,
  0xFFBE, 0xFFDF, 0xFFDF, 0xFFFF, 0xEB32, 0xD88A, 0xB969, 0xB2C9, 0xBCAB, 0xC4CC, 0xC3CB, 0xC32A,
  0xBC4D, 0x9B8A, 0x71E4, 0x40C0, 0x0000, 0x0000, 0x0000, 0x28A1, 0x3902, 0x4964, 0x4944, 0x4944,
  0x4944, 0x4944, 0x4944, 0x4944, 0x4944, 0x4123, 0x2881, 0x0000, 0x0000, 0x0000, 0x0000, 0x0000,
  0x0000, 0x0000, 0x0000, 0x0000, 0x0000, 0x0000, 0x0000, 0x40C0, 0x8AC7, 0xDD2E, 0xFE73, 0xFE73,
  0xFE32, 0xFE53, 0xC5B5, 0xF7DF, 0xFFDF, 0xFFFF, 0xFFDF, 0xFFFF, 0xED78, 0xF8AE, 0xF0EE, 0xF90E,
  0xF32F, 0xEC0F, 0xE94D, 0xE8EF, 0xF77E, 0xD69A, 0x732D, 0x0000, 0xFFFF, 0x79E0, 0x0000, 0x0000,
  0x28A1, 0x30E2, 0x4944, 0x4964, 0x4944, 0x4944, 0x4944, 0x4964, 0x38E2, 0x2061, 0x2080, 0x0000,
  0x0000, 0x0000, 0x0000, 0x0000, 0x0000, 0x0000, 0x0000, 0x0000, 0x0000, 0x0000, 0x61A3, 0xC48C,
  0xFE53, 0xFE73, 0xFE32, 0xFE12, 0xFE12, 0xFE52, 0xCD51, 0xE73D, 0xFFFF, 0xFFDF, 0xFFDF, 0xFFFF,
  0xF6FC, 0xE94E, 0xF16F, 0xF333, 0xFC36, 0xFAB3, 0xF9B1, 0xFDBA, 0xFFFF, 0xFFFF, 0xD679, 0x628A,
  0x0000, 0xAAAA, 0x7800, 0x0000, 0x0000, 0x0000, 0x2861, 0x38E3, 0x4944, 0x4944, 0x4944, 0x4103,
  0x2881, 0x0000, 0x0000, 0x0000, 0x0000, 0x0000, 0x0000, 0x0000, 0x0000, 0x0000, 0x0000, 0x7BE0,
  0x0000, 0x7203, 0xE590, 0xFE94, 0xFE12, 0xFE12, 0xFE32, 0xFE12, 0xF612, 0xFE52, 0xDD71, 0xDEFB,
  0xFFFF, 0xFFFF, 0xFFFF, 0xF77D, 0xF7FF, 0xEB53, 0xF98F, 0xED37, 0xFFFF, 0xFFBE, 0xFF7E, 0xFFFF,
  0xFFFF, 0xEF7D, 0xFFFF, 0xC5D7, 0x4165, 0x0000, 0x0000, 0x3040, 0x7A65, 0xA3A9, 0xA369, 0x5962,
  0x2861, 0x30C2, 0x30C2, 0x2881, 0x0000, 0x3800, 0x0000, 0x0000, 0x0000, 0x0000, 0x0000, 0x0000,
  0x0000, 0x0000, 0xAAA0, 0x0000, 0x5141, 0xDD0E, 0xFE94, 0xF612, 0xFE32, 0xFE32, 0xFE32, 0xFE52,
  0xFE74, 0xFE32, 0xD530, 0xEF5D, 0xF7DF, 0xDE9A, 0xCE18, 0xEF3C, 0xFFFF, 0xED98, 0xF990, 0xEAB2,
  0xF79E, 0xFC58, 0xFCD9, 0xFBB5, 0xFE3B, 0xE77D, 0xE71C, 0xFFFF, 0x9C91, 0x0132, 0x1800, 0x9B48,
  0xFE53, 0xFE94, 0xFE94, 0xE56F, 0x6A04, 0x0000, 0x0000, 0x0000, 0x0000, 0x0000, 0x0000, 0x0000,
  0x0000, 0x0000, 0x0000, 0x0000, 0x0000, 0x0000, 0x0000, 0x0000, 0x8AE6, 0xFE73, 0xFE12, 0xFE12,
  0xFE32, 0xFE32, 0xFE53, 0xF5D1, 0xABCA, 0x8245, 0x832B, 0xAD14, 0xBC52, 0xCE38, 0xEF7D, 0xFFFF,
  0xFFFF, 0xF73D, 0xF1F0, 0xF12E, 0xEE5A, 0xFC37, 0xFA32, 0xFAB3, 0xFE3B, 0xE73C, 0xDEBA, 0xFFFF,
  0xACF3, 0x61C4, 0x8A85, 0xFE32, 0xFE53, 0xFE12, 0xF5F2, 0xFE94, 0xCCAD, 0x38A0, 0x52AA, 0x4920,
  0x0000, 0x0000, 0x0000, 0x0000, 0x0000, 0x0000, 0x0000, 0x0000, 0x0000, 0x0000, 0x0000, 0x0000,
  0x9B69, 0xFE94, 0xFE12, 0xFE12, 0xFE12, 0xFE73, 0xEDB1, 0x69C3, 0x1800, 0x0000, 0x05E7, 0x9067,
  0xFD39, 0xFFFF, 0xFFFF, 0xFFDF, 0xFFDF, 0xFFFF, 0xE312, 0xF8EE, 0xEC75, 0xFFDF, 0xFCB7, 0xFCB8,
  0xFFFF, 0xDF1B, 0xCE79, 0xC616, 0xD52F, 0xE54F, 0xF5B0, 0xFE32, 0xFE12, 0xFE12, 0xFE12, 0xFE53,
  0xF5F1, 0x69C3, 0x0000, 0x79E7, 0x0000, 0x0000, 0x0000, 0x0000, 0x0000, 0x0000, 0x0000, 0x0000,
  0x0000, 0x0000, 0xFFFF, 0x0000, 0x7A65, 0xFE73, 0xFE53, 0xFE12, 0xFE32, 0xFED5, 0xABA9, 0x1800,
  0x0000, 0x7824, 0xA0A9, 0xC0AB, 0xE558, 0xFFFF, 0xFFDF, 0xFFDF, 0xFFDF, 0xFFFF, 0xED17, 0xF10E,
  0xEAD2, 0xFFDF, 0xFFFF, 0xFFFF, 0xFFFF, 0xD5B7, 0xCA0E, 0xDA6E, 0xFE54, 0xFE94, 0xFE32, 0xFE32,
  0xFE12, 0xFE12, 0xFE12, 0xFE74, 0xEDB1, 0x5982, 0x0000, 0x79E7, 0x0000, 0x0000, 0x0000, 0x0000,
  0x0000, 0x0000, 0x0000, 0x0000, 0x0000, 0x0000, 0x52A0, 0x0000, 0x40C0, 0xABA9, 0xFE32, 0xFE74,
  0xFE73, 0xC44C, 0x5141, 0x7002, 0xA068, 0xD0EC, 0xF990, 0xF9F1, 0xD8EC, 0xD495, 0xFFFF, 0xFFFF,
  0xFFDF, 0xFFDF, 0xF6FC, 0xE9AF, 0xF1D0, 0xF6FC, 0xFE5B, 0xF354, 0xF353, 0xF12E, 0xF96F, 0xF90F,
  0xD2ED, 0xFE93, 0xFE12, 0xFE12, 0xFE33, 0xFE33, 0xFE53, 0xFED5, 0xB3EA, 0x3020, 0x0000, 0x52A0,
  0x0000, 0x0000, 0x0000, 0x0000, 0x0000, 0x0000, 0x0000, 0x0000, 0x0000, 0x0000, 0x0000, 0x0000,
  0x0000, 0x3860, 0x7A45, 0x9B49, 0x8286, 0x28A0, 0x7004, 0xB8CA, 0xF990, 0xF9B0, 0xF98F, 0xF9D0,
  0xF970, 0xD8AC, 0xCA6F, 0xE5D9, 0xF7DE, 0xFFFF, 0xFFFF, 0xE353, 0xF8AE, 0xEC35, 0xF333, 0xF970,
  0xF92F, 0xF88D, 0xF06C, 0xF8CD, 0xD06B, 0xCB2C, 0xFE93, 0xFE53, 0xFE53, 0xFE32, 0xF5F1, 0xBC0B,
  0x5141, 0x0000, 0x7BE0, 0x0000, 0x0000, 0x0000, 0x0000, 0x0000, 0x0000, 0x0000, 0x0000, 0x0000,
  0x0000, 0x0000, 0x0000, 0x0000, 0xF800, 0x0000, 0x0000, 0x0000, 0x0000, 0x9826, 0xD90C, 0xF9D1,
  0xF9D0, 0xF9B0, 0xF9B0, 0xF92E, 0xF94F, 0xF9F0, 0xF12E, 0xE12D, 0xDA4F, 0xDBB3, 0xDCF6, 0xCAF0,
  0xF06C, 0xFA71, 0xF496, 0xF9B0, 0xF9D0, 0xF435, 0xF599, 0xF4F7, 0xFEDD, 0xD92D, 0xDC4D, 0xEDF1,
  0x9B48, 0x8265, 0x7204, 0x3060, 0x0000, 0xF800, 0x0000, 0x0000, 0x0000, 0x0000, 0x0000, 0x0000,
  0x0000, 0x0000, 0x0000, 0x0000, 0x0000, 0x0000, 0x0000, 0x0000, 0x0000, 0x7800, 0xFBEF, 0x90C7,
  0xA888, 0xF14E, 0xF9D1, 0xF98F, 0xF9AF, 0xF9D0, 0xF94F, 0xF94F, 0xF9B0, 0xF9AF, 0xF9D0, 0xF9D0,
  0xF96F, 0xF12E, 0xE8EE, 0xE0CC, 0xE06B, 0xFBB5, 0xFFDF, 0xF3F5, 0xF518, 0xFEBC, 0xFBD5, 0xFA92,
  0xFFFF, 0xFDBA, 0xB848, 0x61A3, 0x1000, 0x0000, 0x0000, 0x0000, 0xFFE0, 0x0000, 0x0000, 0x0000,
  0x0000, 0x0000, 0x0000, 0x0000, 0x0000, 0x0000, 0x0000, 0x0000, 0x0000, 0x0000, 0x0000, 0x0000,
  0x0000, 0x7807, 0x0000, 0x7805, 0xE90D, 0xF9D1, 0xF98F, 0xF98F, 0xF9B0, 0xF94F, 0xF94F, 0xF9D0,
  0xF9AF, 0xF9B0, 0xF9D0, 0xF92E, 0xF98F, 0xF9D0, 0xF9D0, 0xF9B0, 0xE08B, 0xFB13, 0xFFFF, 0xFFFF,
  0xFFFF, 0xFC96, 0xFB13, 0xFD38, 0xFD99, 0xFFFF, 0xE98F, 0x9806, 0x0000, 0xD2AA, 0xAAAA, 0x52A0,
  0x0000, 0x0000, 0x0000, 0x0000, 0x0000, 0x0000, 0x0000, 0x0000, 0x0000, 0x0000, 0x0000, 0x0000,
  0x0000, 0x0000, 0x0000, 0x0000, 0x0000, 0x0000, 0x780F, 0x6002, 0x9027, 0xF14E, 0xF9D0, 0xF9AF,
  0xF94F, 0xF92E, 0xF9D0, 0xF9B0, 0xF9B0, 0xF9B0, 0xF98F, 0xF90E, 0xF9B0, 0xF9AF, 0xF9B0, 0xF9D0,
  0xE0ED, 0xF18F, 0xFF1D, 0xFFDF, 0xFFFF, 0xFE1A, 0xFDFA, 0xFC36, 0xFA10, 0xFFFF, 0xFCB7, 0xB007,
  0x1B23, 0x0000, 0x0000, 0x0000, 0x0000, 0x0000, 0x0000, 0x0000, 0x0000, 0x0000, 0x0000, 0x0000,
  0x0000, 0x0000, 0x0000, 0x0000, 0x0000, 0x0000, 0x0000, 0x0000, 0x0000, 0x0000, 0xF800, 0x0000,
  0x1000, 0x9826, 0xE92E, 0xF9B0, 0xF90E, 0xF9AF, 0xF9AF, 0xF9B0, 0xF9B0, 0xF9B0, 0xF94E, 0xF92E,
  0xF9B0, 0xF9B0, 0xF9B0, 0xF9D0, 0xE94E, 0xE86C, 0xFCD8, 0xFFFF, 0xFF3D, 0xF86D, 0xFB13, 0xFCD7,
  0xFCF8, 0xFFFF, 0xFC77, 0xB007, 0x19E3, 0x0000, 0xF800, 0x0000, 0x0000, 0x0000, 0x0000, 0x0000,
  0x0000, 0x0000, 0x0000, 0x0000, 0x0000, 0x0000, 0x0000, 0x0000, 0x0000, 0x0000, 0x0000, 0x0000,
  0x0000, 0x0000, 0x0000, 0x5000, 0x0000, 0x0000, 0x9026, 0xD0AB, 0xF96F, 0xF9D0, 0xF9B0, 0xF9AF,
  0xF9AF, 0xF9B0, 0xF92E, 0xF98F, 0xF9B0, 0xF9B0, 0xF9B0, 0xF9B0, 0xF16F, 0xD84B, 0xFA32, 0xFFDF,
  0xFFFF, 0xFC56, 0xFE7B, 0xFFFF, 0xFFFF, 0xFD59, 0xF0AD, 0x9026, 0x07E0, 0x7800, 0x0000, 0x0000,
  0x0000, 0x0000, 0x0000, 0x0000, 0x0000, 0x0000, 0x0000, 0x0000, 0x0000, 0x0000, 0x0000, 0x0000,
  0x0000, 0x0000, 0x0000, 0x0000, 0x0000, 0x0000, 0x0000, 0x0000, 0x07E0, 0x7001, 0x7003, 0x7804,
  0xA888, 0xD8EC, 0xF14E, 0xF9B0, 0xF9B0, 0xF9B0, 0xF90D, 0xF9B0, 0xF9B0, 0xF9B0, 0xF9B0, 0xF9B0,
  0xF9B0, 0xE8CD, 0xF0EE, 0xFBF6, 0xFF1D, 0xFF9E, 0xFE9C, 0xFCB8, 0xFA31, 0xD80A, 0x9006, 0x2082,
  0xF800, 0xF800, 0x0000, 0x0000, 0x0000, 0x0000, 0x0000, 0x0000, 0x0000, 0x0000, 0x0000, 0x0000,
  0x0000, 0x0000, 0x0000, 0x0000, 0x0000, 0x0000, 0x0000, 0x0000, 0x0000, 0xF800, 0x7800, 0x02A3,
  0x9006, 0xDAB0, 0xD14D, 0xC049, 0xB809, 0xB0EA, 0xC9ED, 0xD12C, 0xE92E, 0xF12F, 0xF8CE, 0xF990,
  0xF9D0, 0xF9B0, 0xF970, 0xF12F, 0xE90E, 0xE8ED, 0xD8CB, 0xD88C, 0xE88D, 0xE88D, 0xE04C, 0xC809,
  0xB007, 0x7866, 0x0000, 0x0000, 0x0000, 0x0000, 0x0000, 0x0000, 0x0000, 0x0000, 0x0000, 0x0000,
  0x0000, 0x0000, 0x0000, 0x0000, 0x0000, 0x0000, 0x0000, 0x0000, 0x0000, 0x0000, 0x0000, 0x0000,
  0x0000, 0xF80F, 0x0000, 0x9004, 0xF3D4, 0xFDFB, 0xF88D, 0xF8AD, 0xF9B0, 0xFE3B, 0xFD3A, 0xEE58,
  0xD38C, 0xD26C, 0xC96B, 0xD16B, 0xD18C, 0xD9CC, 0xC9CB, 0xCA6B, 0xD36C, 0xE46D, 0xE4CE, 0xE4CE,
  0xE46E, 0xAA69, 0x78A5, 0x7189, 0x0000, 0x0000, 0xF81F, 0x0000, 0x0000, 0x0000, 0x0000, 0x0000,
  0x0000, 0x0000, 0x0000, 0x0000, 0x0000, 0x0000, 0x0000, 0x0000, 0x0000, 0x0000, 0x0000, 0x0000,
  0x0000, 0x0000, 0x0000, 0x0000, 0xA80A, 0x0000, 0x6822, 0xC96C, 0xFF1E, 0xF8CD, 0xF84C, 0xF80B,
  0xFDFA, 0xFEDD, 0xFD1A, 0xFF9B, 0xFE31, 0xFE32, 0xF5B0, 0xF56F, 0xDCCD, 0xCC6B, 0xFE10, 0xFDF0,
  0xFE52, 0xFE52, 0xFE52, 0xFE32, 0xFE93, 0xF673, 0x92C6, 0x0000, 0x0000, 0x9806, 0x0000, 0x0000,
  0x0000, 0x7800, 0x7807, 0x7807, 0x7807, 0xA80A, 0x0000, 0x0000, 0x0000, 0x0000, 0x0000, 0x0000,
  0x0000, 0x0000, 0x0000, 0x0000, 0x0000, 0x0000, 0x0000, 0x0000, 0xA80A, 0x0000, 0x9004, 0xFD58,
  0xFC77, 0xF80B, 0xF88C, 0xF8CD, 0xFF7E, 0xFE5C, 0xFD5A, 0xFF3A, 0xFDF1, 0xFE33, 0xFE33, 0xFE32,
  0xFDF1, 0xDCAC, 0xDD0E, 0xFE73, 0xFE12, 0xFE13, 0xFE12, 0xFE12, 0xFE12, 0xFE53, 0xF6B7, 0x8207,
  0x0000, 0xFFFF, 0x5000, 0xA80A, 0xA80A, 0x0000, 0x0000, 0x0000, 0x0000, 0x0000, 0xF800, 0x0000,
  0x0000, 0x0000, 0x0000, 0x0000, 0x0000, 0x0000, 0x0000, 0x0000, 0x0000, 0x0000, 0x0000, 0x7800,
  0x0000, 0x3800, 0xB8EB, 0xFEDD, 0xF94F, 0xF86C, 0xF86C, 0xF94E, 0xFFBF, 0xFEBC, 0xFC78, 0xFF9C,
  0xFE12, 0xFE33, 0xFE33, 0xFE53, 0xFE73, 0xC44B, 0x7203, 0xEDD1, 0xFE74, 0xFE12, 0xFE33, 0xFE33,
  0xFE11, 0xFE75, 0xFFFF, 0xEC36, 0x9006, 0x07E0, 0x0000, 0x0000, 0x0000, 0x4884, 0x8003, 0x9806,
  0x9005, 0x6804, 0x0000, 0x0000, 0x0000, 0x0000, 0x0000, 0x0000, 0x0000, 0x0000, 0x0000, 0x0000,
  0x0000, 0x0000, 0x0000, 0x7807, 0x0000, 0x7001, 0xE312, 0xFDFB, 0xF84B, 0xF88C, 0xF8AD, 0xF80B,
  0xFD99, 0xFFFF, 0xFCD9, 0xFF1E, 0xFF7A, 0xFE74, 0xFE53, 0xF5B0, 0xB3CA, 0x61A2, 0x0800, 0x8AA6,
  0xFE32, 0xFE33, 0xFE12, 0xFE11, 0xFE75, 0xFFFF, 0xFDFB, 0xFC38, 0xECF8, 0x8846, 0x3883, 0x8005,
  0x9827, 0xB828, 0xEB32, 0xFE1B, 0xFCD7, 0xC8CB, 0x8046, 0x02AA, 0x7800, 0x0000, 0x0000, 0x0000,
  0x0000, 0x0000, 0x0000, 0x0000, 0x0000, 0x0000, 0x0000, 0x7807, 0x0000, 0x8803, 0xF496, 0xFC77,
  0xF80A, 0xF8CD, 0xFA71, 0xFA72, 0xF94E, 0xE3D4, 0xBAF0, 0xC24E, 0xBB70, 0xA349, 0x82A6, 0x61A3,
  0x3020, 0x0000, 0x0000, 0x3000, 0x92E7, 0xFE31, 0xFE32, 0xFF18, 0xFFFF, 0xFE5C, 0xFBD6, 0xFE7C,
  0xFFFF, 0xE393, 0xB829, 0xD96E, 0xF96F, 0xFB33, 0xFFFF, 0xFFFF, 0xFE7C, 0xFE7C, 0xC06A, 0x6003,
  0x0000, 0xA80A, 0x0000, 0x0000, 0x0000, 0x0000, 0x0000, 0x0000, 0x0000, 0x0000, 0x0000, 0xF80F,
  0x0000, 0x9805, 0xFD59, 0xFB95, 0xF86B, 0xF98F, 0xFB94, 0xFBF5, 0xF94E, 0xA005, 0x5000, 0x3000,
  0x0000, 0x0000, 0x0000, 0x0000, 0x0000, 0x7BE0, 0x39E0, 0x0000, 0x2800, 0xB32C, 0xFFFF, 0xFF7F,
  0xFD19, 0xFBB6, 0xFE9C, 0xFFFF, 0xFFDF, 0xF9F0, 0xFA32, 0xFB95, 0xF98F, 0xFDFA, 0xFFFF, 0xFDB9,
  0xFEBC, 0xFCD8, 0xE009, 0x7045, 0x0000, 0x7807, 0x0000, 0x0000, 0x0000, 0x0000, 0x0000, 0x0000,
  0x0000, 0x0000, 0x0000, 0xF81F, 0x0000, 0xA005, 0xFD38, 0xFDBA, 0xFEBD, 0xFEBC, 0xFB74, 0xF9D0,
  0xE04A, 0x80A6, 0x0000, 0x0000, 0x0000, 0x0000, 0x0000, 0xAAAA, 0x5000, 0x0000, 0x0000, 0x9806,
  0x0000, 0x8007, 0xEBB5, 0xFC58, 0xFC57, 0xFEFD, 0xFFFF, 0xFFFF, 0xFCB7, 0xF80B, 0xF231, 0xF1B0,
  0xF86C, 0xFDFA, 0xFE9C, 0xFDFA, 0xFEDC, 0xF84C, 0xB808, 0x6044, 0x0000, 0xA80A, 0x0000, 0x0000,
  0x0000, 0x0000, 0x0000, 0x0000, 0x0000, 0x0000, 0x0000, 0xA80A, 0x0000, 0x9004, 0xFBF5, 0xFEFD,
  0xFF7E, 0xFFFF, 0xFFFF, 0xF8EE, 0x9806, 0x3263, 0x7807, 0x7800, 0xF800, 0x0000, 0x0000, 0x0000,
  0x0000, 0x0000, 0x0000, 0x0000, 0x7807, 0x0000, 0x9047, 0xF4F8, 0xFFFF, 0xFFFF, 0xFFFF, 0xFD59,
  0xF84C, 0xF86C, 0xF84C, 0xF86D, 0xF80B, 0xF98F, 0xFE9C, 0xFF3D, 0xF92F, 0xE80A, 0x8025, 0x0000,
  0x7800, 0x0000, 0x0000, 0x0000, 0x0000, 0x0000, 0x0000, 0x0000, 0x0000, 0x0000, 0x0000, 0x500A,
  0x0000, 0x5822, 0xC0CA, 0xFDBB, 0xFEDD, 0xFFFF, 0xFDDB, 0xC089, 0x5822, 0x0000, 0xA80A, 0x0000,
  0x0000, 0x0000, 0x0000, 0x0000, 0x0000, 0x0000, 0x0000, 0x0000, 0x0000, 0xFFFF, 0x0000, 0xA96B,
  0xFEFD, 0xFF1D, 0xFBB4, 0xF82C, 0xF84C, 0xF86C, 0xF8AD, 0xF82B, 0xF8AD, 0xFE1B, 0xFEFD, 0xF92E,
  0xF80B, 0x9847, 0x1000, 0xF81F, 0xF800, 0x0000, 0x0000, 0x0000, 0x0000, 0x0000, 0x0000, 0x0000,
  0x0000, 0x0000, 0x0000, 0x0000, 0x7800, 0x0000, 0x7003, 0xC8CA, 0xFAD2, 0xF1CF, 0xC028, 0x8004,
  0x0000, 0x5000, 0x0000, 0x0000, 0x0000, 0x0000, 0x0000, 0x0000, 0x0000, 0x0000, 0x0000, 0x0000,
  0x0000, 0x500A, 0x0000, 0x6002, 0xB0EA, 0xF8AE, 0xF80B, 0xF86C, 0xF86C, 0xF86C, 0xF80B, 0xF98F,
  0xFF1D, 0xFE7C, 0xF8AD, 0xF80B, 0xA047, 0x5022, 0x0000, 0x7800, 0x0000, 0x0000, 0x0000, 0x0000,
  0x0000, 0x0000, 0x0000, 0x0000, 0x0000, 0x0000, 0x0000, 0x0000, 0x0000, 0xF800, 0x0000, 0x6003,
  0x9005, 0x8805, 0x6023, 0x0000, 0x7800, 0x0000, 0x0000, 0x0000, 0x0000, 0x0000, 0x0000, 0x0000,
  0x0000, 0x0000, 0x0000, 0x0000, 0x0000, 0x0000, 0x7807, 0x0000, 0x6003, 0xC829, 0xF8AD, 0xF8AD,
  0xF82B, 0xF80A, 0xFAF3, 0xFFFF, 0xFD38, 0xF82C, 0xF00B, 0x9847, 0x5022, 0x0000, 0x5000, 0x0000,
  0x0000, 0x0000, 0x0000, 0x0000, 0x0000, 0x0000, 0x0000, 0x0000, 0x0000, 0x0000, 0x0000, 0x0000,
  0x0000, 0x0000, 0xF800, 0x0000, 0x0000, 0x0000, 0x0000, 0x7800, 0x0000, 0x0000, 0x0000, 0x0000,
  0x0000, 0x0000, 0x0000, 0x0000, 0x0000, 0x0000, 0x0000, 0x0000, 0x0000, 0x0000, 0x0000, 0x7807,
  0x0000, 0x8025, 0xE86C, 0xF84C, 0xF94E, 0xFDB9, 0xFFDF, 0xFB74, 0xF80B, 0xE82A, 0x9026, 0x2860,
  0x0000, 0x5000, 0x0000, 0x0000, 0x0000, 0x0000, 0x0000, 0x0000, 0x0000, 0x0000, 0x0000, 0x0000,
  0x0000, 0x0000, 0x0000, 0x0000, 0x0000, 0x0000, 0x0000, 0x500A, 0xB807, 0x7807, 0x5000, 0x0000,
  0x0000, 0x0000, 0x0000, 0x0000, 0x0000, 0x0000, 0x0000, 0x0000, 0x0000, 0x0000, 0x0000, 0x0000,
  0x0000, 0x0000, 0x0000, 0xF800, 0xA80A, 0x4225, 0xA006, 0xFB74, 0xFFFF, 0xFE3B, 0xF96F, 0xF80A,
  0xC029, 0x8045, 0x18E0, 0x0000, 0x5000, 0x0000, 0x0000, 0x0000, 0x0000, 0x0000, 0x0000, 0x0000,
  0x0000, 0x0000, 0x0000, 0x0000, 0x0000, 0x0000, 0x0000, 0x0000, 0x0000, 0x0000, 0x0000, 0x0000,
  0x0000, 0x0000, 0x0000, 0x0000, 0x0000, 0x0000, 0x0000, 0x0000, 0x0000, 0x0000, 0x0000, 0x0000,
  0x0000, 0x0000, 0x0000, 0x0000, 0x0000, 0x0000, 0x0000, 0x0000, 0x5000, 0x0000, 0x5800, 0xA98B,
  0xFA31, 0xF00A, 0xD809, 0x9847, 0x5823, 0x0000, 0x0000, 0xF800, 0x0000, 0x0000, 0x0000, 0x0000,
  0x0000, 0x0000, 0x0000, 0x0000, 0x0000, 0x0000, 0x0000, 0x0000, 0x0000, 0x0000, 0x0000, 0x0000,
  0x0000, 0x0000, 0x0000, 0x0000, 0x0000, 0x0000, 0x0000, 0x0000, 0x0000, 0x0000, 0x0000, 0x0000,
  0x0000, 0x0000, 0x0000, 0x0000, 0x0000, 0x0000, 0x0000, 0x0000, 0x0000, 0x0000, 0x0000, 0x0000,
  0x0000, 0xA80A, 0x0000, 0x6002, 0x9805, 0x9026, 0x6844, 0x1080, 0x0000, 0x7807, 0x0000, 0x0000,
  0x0000, 0x0000, 0x0000, 0x0000, 0x0000, 0x0000, 0x0000, 0x0000, 0x0000, 0x0000, 0x0000, 0x0000,
  0x0000, 0x0000, 0x0000, 0x0000, 0x0000, 0x0000, 0x0000, 0x0000, 0x0000, 0x0000, 0x0000, 0x0000,
  0x0000, 0x0000, 0x0000, 0x0000, 0x0000, 0x0000, 0x0000, 0x0000, 0x0000, 0x0000, 0x0000, 0x0000,
  0x0000, 0x0000, 0x0000, 0x0000, 0x0000, 0x0000, 0x0000, 0x0000, 0x0000, 0x0000, 0x0000, 0x0000,
  0x0000, 0x0000, 0x0000, 0x0000, 0x0000, 0x0000, 0x0000, 0x0000, 0x0000, 0x0000, 0x0000, 0x0000,
  0x0000, 0x0000, 0x0000, 0x0000, 0x0000, 0x0000, 0x0000, 0x0000, 0x0000, 0x0000, 0x0000, 0x0000,
  0x0000, 0x0000, 0x0000, 0x0000, 0x0000, 0x0000, 0x0000, 0x0000, 0x0000, 0x0000, 0x0000, 0x0000,
  0x0000, 0x0000, 0x0000, 0x0000, 0x0000, 0x0000, 0x0000, 0x0000, 0x0000, 0x0000, 0x0000, 0x0000,
  0x0000, 0x0000, 0x0000, 0x0000, 0x0000, 0x0000, 0x0000, 0x0000, 0x0000, 0x0000, 0x0000, 0x0000,
  0x0000, 0x0000, 0x0000, 0x0000, 0x0000, 0x0000, 0x0000, 0x0000, 0x0000, 0x0000, 0x0000, 0x0000,
  0x0000, 0x0000, 0x0000, 0x0000, 0x0000, 0x0000, 0x0000, 0x0000, 0x0000, 0x0000, 0x0000, 0x0000,
  0x0000, 0x0000, 0x0000, 0x0000, 0x0000, 0x0000, 0x0000, 0x0000, 0x0000, 0x0000, 0x0000, 0x0000,
  0x0000, 0x0000, 0x0000, 0x0000, 0x0000, 0x0000, 0x0000, 0x0000, 0x0000, 0x0000, 0x0000, 0x0000,
  0x0000, 0x0000, 0x0000, 0x0000, 0x0000, 0x0000, 0x0000, 0x0000, 0x0000, 0x0000, 0x0000, 0x0000,
  0x0000, 0x0000, 0x0000, 0x0000, 0x0000, 0x0000, 0x0000, 0x0000, 0x0000, 0x0000, 0x0000, 0x0000,
  0x0000, 0x0000, 0x0000, 0x0000, 0x0000, 0x0000, 0x0000, 0x0000, 0x0000, 0x0000, 0x0000, 0x0000,
  0x0000, 0x0000, 0x0000, 0x0000, 0x0000, 0x0000, 0x0000, 0x0000, 0x0000, 0x0000, 0x0000, 0x0000,
  0x0000, 0x0000, 0x0000, 0x0000, 0x0000, 0x0000, 0x0000, 0x0000, 0x0000, 0x0000, 0x0000, 0x0000,
};
const uint8_t V54_PINK_RUN_3_MASK[] PROGMEM = {
  0x00, 0x00, 0x00, 0x00, 0x00, 0x00, 0x00, 0x00, 0x00, 0x00, 0x00, 0x00, 0x00, 0x00, 0x00, 0x00, 0x00, 0x00, 0x00, 0x00,
  0x00, 0x00, 0x00, 0x00, 0x00, 0x00, 0x00, 0x00, 0x00, 0x00, 0x00, 0xFF, 0xC0, 0x00, 0x00, 0x00, 0x00, 0x03, 0xFF, 0xF8,
  0x00, 0x00, 0x00, 0x00, 0x0F, 0xFF, 0xFC, 0x00, 0x00, 0x00, 0x00, 0x3F, 0xFF, 0xFF, 0x00, 0x00, 0x00, 0x00, 0x7F, 0xFF,
  0xFF, 0x80, 0x00, 0x00, 0x00, 0xFF, 0xFF, 0xFF, 0xC7, 0x80, 0x00, 0x01, 0xFF, 0xFF, 0xFF, 0xCF, 0xC0, 0x00, 0x03, 0xFF,
  0xFF, 0xFF, 0xFF, 0xC0, 0x00, 0x03, 0xFF, 0xFF, 0xFF, 0xFF, 0xC0, 0x00, 0x07, 0xFF, 0xFF, 0xFF, 0xFF, 0xC0, 0x00, 0x07,
  0xFF, 0xFF, 0xFF, 0xFF, 0xC0, 0x00, 0x0F, 0xFF, 0xFF, 0xFF, 0xFF, 0xC0, 0x00, 0x0F, 0xFF, 0xFF, 0xFF, 0xFF, 0xC0, 0x00,
  0x1F, 0xFF, 0xFF, 0xFF, 0xFF, 0x80, 0x00, 0x1F, 0xFF, 0xFF, 0xFF, 0xFF, 0x80, 0x00, 0x1F, 0xFF, 0xFF, 0xFF, 0xFF, 0x00,
  0x00, 0xFF, 0xFF, 0xFF, 0xFF, 0xFE, 0x00, 0x07, 0xFF, 0xFF, 0xFF, 0xFF, 0xFE, 0x00, 0x0F, 0xFF, 0xFF, 0xFF, 0xFF, 0xFE,
  0x00, 0x1F, 0xFF, 0xFF, 0xFF, 0xFF, 0xFE, 0x00, 0x3F, 0xFF, 0xFF, 0xFF, 0xFF, 0xFC, 0x00, 0x7F, 0xFF, 0xFF, 0xFF, 0xFF,
  0xFC, 0x00, 0x7F, 0xFF, 0xFF, 0xFF, 0xFF, 0xFC, 0x00, 0x7F, 0xFF, 0xFF, 0xFF, 0xFF, 0xFE, 0x00, 0x7F, 0xFF, 0xFF, 0xFF,
  0xFF, 0xFF, 0x00, 0x3F, 0xFB, 0xFF, 0xFF, 0xFF, 0xFF, 0x80, 0x1F, 0xF1, 0xFF, 0xFF, 0xFF, 0xFF, 0xC0, 0x0F, 0xC0, 0x7F,
  0xFF, 0xFF, 0xFF, 0xE0, 0x02, 0x00, 0x7F, 0xFF, 0xFF, 0xFF, 0xE0, 0x00, 0x01, 0xFF, 0xFF, 0xFD, 0xFF, 0xE0, 0x00, 0x07,
  0xFF, 0xFF, 0xF1, 0xFF, 0xE0, 0x00, 0x1F, 0xFF, 0xFF, 0xE0, 0xFF, 0xC0, 0x00, 0x3F, 0xFF, 0xFF, 0xF0, 0x7F, 0x80, 0x00,
  0x7F, 0xFF, 0xFF, 0xF9, 0xFF, 0x00, 0x00, 0xFF, 0xFF, 0xFF, 0xF9, 0xF8, 0x00, 0x00, 0xFF, 0xFF, 0xFF, 0xFF, 0xFC, 0x00,
  0x00, 0xFF, 0x9F, 0xFF, 0xFF, 0xFC, 0x00, 0x00, 0xFE, 0x7F, 0xFF, 0xFF, 0xFC, 0x00, 0x00, 0xFE, 0xFF, 0xFF, 0xFF, 0xFC,
  0x00, 0x00, 0x7F, 0xFF, 0xFF, 0xFF, 0xF8, 0x00, 0x00, 0x07, 0xFF, 0xFF, 0xFF, 0xF0, 0x00, 0x00, 0x0F, 0xFF, 0xFF, 0xFF,
  0x00, 0x00, 0x00, 0x1F, 0xFF, 0xFF, 0xFF, 0x00, 0x00, 0x00, 0x0F, 0xFF, 0xFF, 0xFF, 0x00, 0x00, 0x00, 0x07, 0xFF, 0xFF,
  0xFF, 0x00, 0x00, 0x00, 0x03, 0xFF, 0xFF, 0xFF, 0x00, 0x00, 0x00, 0x07, 0xFF, 0xFF, 0xFE, 0x00, 0x00, 0x00, 0x0F, 0xFF,
  0xFF, 0xFC, 0x00, 0x00, 0x00, 0x1F, 0xFF, 0xFF, 0xE0, 0x00, 0x00, 0x00, 0x3F, 0xFF, 0xFF, 0xE0, 0x00, 0x00, 0x00, 0x3F,
  0xFF, 0xFF, 0xF0, 0x00, 0x00, 0x00, 0x3F, 0xFF, 0xFF, 0xF8, 0x3C, 0x00, 0x00, 0x7F, 0xFF, 0xDF, 0xFD, 0xFE, 0x00, 0x00,
  0x7F, 0xFF, 0x8F, 0xFF, 0xFF, 0x00, 0x00, 0x7F, 0xE0, 0x0F, 0xFF, 0xFF, 0x00, 0x00, 0x7F, 0xC0, 0x07, 0xFF, 0xFF, 0x00,
  0x00, 0x7F, 0x80, 0x03, 0xFF, 0xFE, 0x00, 0x00, 0x7F, 0x80, 0x01, 0xFF, 0xFC, 0x00, 0x00, 0x3F, 0x00, 0x01, 0xFF, 0xF8,
  0x00, 0x00, 0x1E, 0x00, 0x00, 0xFF, 0xF0, 0x00, 0x00, 0x00, 0x00, 0x00, 0x7F, 0xE0, 0x00, 0x00, 0x00, 0x00, 0x00, 0x3F,
  0xC0, 0x00, 0x00, 0x00, 0x00, 0x00, 0x3F, 0x80, 0x00, 0x00, 0x00, 0x00, 0x00, 0x1E, 0x00, 0x00, 0x00, 0x00, 0x00, 0x00,
  0x00, 0x00, 0x00, 0x00, 0x00, 0x00, 0x00, 0x00, 0x00, 0x00, 0x00, 0x00, 0x00, 0x00, 0x00, 0x00, 0x00, 0x00, 0x00, 0x00,
  0x00, 0x00, 0x00, 0x00,
};
const Sprite565 V54_PINK_RUN_3 = { V54_PINK_RUN_3_BITMAP, V54_PINK_RUN_3_MASK, 52, 72 };

const uint16_t V54_PINK_JUMP_0_BITMAP[] PROGMEM = {
  0x0000, 0x0000, 0x0000, 0x0000, 0x0000, 0x0000, 0x0000, 0x0000, 0x0000, 0x0000, 0x0000, 0x0000,
  0x0000, 0x0000, 0x0000, 0x0000, 0x0000, 0x0000, 0x0000, 0x0000, 0x0000, 0x0000, 0x0000, 0x0000,
  0x0000, 0x0000, 0x0000, 0x0000, 0x0000, 0x0000, 0x0000, 0x0000, 0x0000, 0x0000, 0x0000, 0x0000,
  0x0000, 0x0000, 0x0000, 0x0000, 0x0000, 0x0000, 0x0000, 0x0000, 0x0000, 0x0000, 0x0000, 0x0000,
  0x0000, 0x0000, 0x0000, 0x0000, 0x0000, 0x0000, 0x0000, 0x0000, 0x0000, 0x0000, 0x0000, 0x0000,
  0x0000, 0x0000, 0x0000, 0x0000, 0x0000, 0x0000, 0x0000, 0x0000, 0x0000, 0x0000, 0x0000, 0x0000,
  0x0000, 0x0000, 0x0000, 0x0000, 0x0000, 0x0000, 0x0000, 0x0000, 0x0000, 0x0000, 0x0000, 0x0000,
  0x0000, 0x0000, 0x0000, 0x0000, 0x0000, 0x0000, 0x0000, 0x0000, 0x0000, 0x0000, 0x0000, 0x0000,
  0x0000, 0x0000, 0x0000, 0x0000, 0x0000, 0x0000, 0x0000, 0x0000, 0x0000, 0x0000, 0x0000, 0x0000,
  0x0000, 0x0000, 0x0000, 0x0000, 0x0000, 0x0000, 0x0000, 0x0000, 0x0000, 0x0000, 0x0000, 0x0000,
  0x0000, 0x0000, 0x0000, 0x0000, 0x0000, 0x0000, 0x0000, 0x0000, 0x0000, 0x0000, 0x0000, 0x0000,
  0x0000, 0x0000, 0x0000, 0x0000, 0x0000, 0x3800, 0x0000, 0x0000, 0x0000, 0x2861, 0x2861, 0x2881,
  0x2881, 0x28A1, 0x2881, 0x2881, 0x2881, 0x2881, 0x2881, 0x2861, 0x2861, 0x2061, 0x0000, 0x0000,
  0x0000, 0x5000, 0x0000, 0x0000, 0x0000, 0x0000, 0x0000, 0x0000, 0x0000, 0x0000, 0x0000, 0x0000,
  0x0000, 0x0000, 0x0000, 0x0000, 0x0000, 0x0000, 0x0000, 0x0000, 0x0000, 0x0000, 0x0000, 0x0000,
  0x0000, 0x0000, 0x0000, 0x0000, 0x0000, 0x0000, 0x0000, 0x0000, 0x0000, 0x0000, 0x0000, 0x0000,
  0x0000, 0x0000, 0x0000, 0x0000, 0x2861, 0x2061, 0x2881, 0x38C2, 0x38E3, 0x4103, 0x4123, 0x4123,
  0x4123, 0x4944, 0x4944, 0x4924, 0x4123, 0x4103, 0x38E2, 0x30A2, 0x2881, 0x2860, 0x0000, 0x0000,
  0x0000, 0x0000, 0x0000, 0x0000, 0x0000, 0x0000, 0x0000, 0x0000, 0x0000, 0x0000, 0x0000, 0x0000,
  0x0000, 0x0000, 0x0000, 0x0000, 0x0000, 0x0000, 0x0000, 0x0000, 0x0000, 0x0000, 0x0000, 0x0000,
  0x0000, 0x0000, 0x0000, 0x0000, 0x0000, 0x0000, 0x0000, 0x0000, 0x0000, 0x0000, 0x0000, 0x0000,
  0x3000, 0x2061, 0x28A1, 0x38E2, 0x4923, 0x4964, 0x4944, 0x4944, 0x4944, 0x4944, 0x4944, 0x4944,
  0x4944, 0x4944, 0x4944, 0x4944, 0x4944, 0x4944, 0x4123, 0x30C2, 0x2881, 0x2861, 0x0000, 0x0000,
  0x0000, 0x0000, 0x0000, 0x0000, 0x0000, 0x0000, 0x0000, 0x0000, 0x0000, 0x0000, 0x0000, 0x0000,
  0x0000, 0x0000, 0x0000, 0x0000, 0x0000, 0x0000, 0x0000, 0x0000, 0x0000, 0x0000, 0x0000, 0x0000,
  0x0000, 0x0000, 0x0000, 0x0000, 0x0000, 0x0000, 0x0000, 0x5000, 0x0000, 0x2881, 0x2881, 0x38E2,
  0x4923, 0x4944, 0x4944, 0x4143, 0x4964, 0x5184, 0x5184, 0x4964, 0x4944, 0x4944, 0x4944, 0x4944,
  0x4944, 0x4944, 0x4944, 0x4944, 0x4944, 0x4944, 0x4123, 0x38C2, 0x2861, 0x3882, 0x0000, 0x5000,
  0x0000, 0x0000, 0x0000, 0x0000, 0x0000, 0x0000, 0x0000, 0x0000, 0x0000, 0x0000, 0x0000, 0x0000,
  0x0000, 0x0000, 0x0000, 0x0000, 0x0000, 0x0000, 0x0000, 0x0000, 0x0000, 0x0000, 0x0000, 0x0000,
  0x0000, 0x0000, 0x0000, 0x0000, 0x5000, 0x0000, 0x2881, 0x30A2, 0x4123, 0x4944, 0x4944, 0x4944,
  0x5184, 0x61C6, 0x6A07, 0x7247, 0x61E6, 0x5184, 0x4964, 0x4944, 0x4944, 0x4944, 0x4944, 0x4944,
  0x4944, 0x4944, 0x4944, 0x4944, 0x4944, 0x5144, 0x4103, 0x2881, 0x3042, 0x0000, 0x5000, 0x0000,
  0x0000, 0x0000, 0x0000, 0x0000, 0x0000, 0x0000, 0x0000, 0x0000, 0x0000, 0x0000, 0x0000, 0x0000,
  0x0000, 0x0000, 0x0000, 0x0000, 0x0000, 0x0000, 0x0000, 0x0000, 0x0000, 0x0000, 0x0000, 0x0000,
  0x0000, 0x5000, 0x0000, 0x2861, 0x30C2, 0x4944, 0x4944, 0x4944, 0x4124, 0x5185, 0x7227, 0x6A07,
  0x69E6, 0x5185, 0x4944, 0x4964, 0x4964, 0x4944, 0x4944, 0x4944, 0x4944, 0x4944, 0x4944, 0x4944,
  0x4944, 0x4944, 0x4144, 0x4123, 0x3923, 0x3923, 0x38C2, 0x3861, 0x0000, 0x5000, 0x0000, 0x0000,
  0x7800, 0x7807, 0xF81F, 0x0000, 0xA80A, 0x0000, 0x0000, 0x0000, 0x0000, 0x0000, 0x0000, 0x0000,
  0x0000, 0x0000, 0x0000, 0x0000, 0x0000, 0x0000, 0x0000, 0x0000, 0x0000, 0x0000, 0x3800, 0x0000,
  0x2861, 0x38C2, 0x4944, 0x4944, 0x4944, 0x4944, 0x4944, 0x5184, 0x4964, 0x59C5, 0x7207, 0x7207,
  0x59A5, 0x5185, 0x5164, 0x4944, 0x4944, 0x4944, 0x4944, 0x4944, 0x4944, 0x4944, 0x4944, 0x4143,
  0x4904, 0x9128, 0x9949, 0x6925, 0x4943, 0x38C2, 0x3041, 0x0000, 0x5000, 0xA80A, 0x0000, 0x0000,
  0x0000, 0x0000, 0x0000, 0x0000, 0x0000, 0x0000, 0x0000, 0x0000, 0x0000, 0x0000, 0x0000, 0x0000,
  0x0000, 0x0000, 0x0000, 0x0000, 0x0000, 0x0000, 0x0000, 0x5000, 0x0000, 0x2881, 0x38C2, 0x4964,
  0x4944, 0x4944, 0x4944, 0x4944, 0x4944, 0x4123, 0x5185, 0x7247, 0x7A68, 0x7A47, 0x6A06, 0x59A5,
  0x4944, 0x4944, 0x4944, 0x4944, 0x4944, 0x4944, 0x4944, 0x4944, 0x4944, 0x4903, 0xC18C, 0xFAB4,
  0xFAD4, 0xF272, 0xA128, 0x4103, 0x3082, 0x9807, 0x0000, 0x0000, 0x5001, 0x8805, 0x9827, 0x9027,
  0x7005, 0x3863, 0x0000, 0x0000, 0x0000, 0x0000, 0x0000, 0x0000, 0x0000, 0x0000, 0x0000, 0x0000,
  0x0000, 0x0000, 0x0000, 0x0000, 0x0000, 0x0000, 0x2861, 0x30A1, 0x4944, 0x4944, 0x4944, 0x4944,
  0x4944, 0x4944, 0x4944, 0x4964, 0x7227, 0x7227, 0x69E6, 0x6A27, 0x7247, 0x61C6, 0x5185, 0x4964,
  0x4944, 0x4944, 0x4944, 0x4944, 0x4944, 0x4944, 0x4123, 0x9128, 0xFAB4, 0xFAD3, 0xFAB3, 0xFAF4,
  0xFA53, 0x78E6, 0x28C2, 0x2061, 0x5005, 0x8005, 0xA889, 0xE18F, 0xFA32, 0xFA12, 0xD90D, 0x8006,
  0x48C3, 0x0000, 0x0000, 0x0000, 0x0000, 0x0000, 0x0000, 0x0000, 0x0000, 0x0000, 0x0000, 0x0000,
  0x0000, 0x0000, 0x0000, 0x3800, 0x2881, 0x4123, 0x4944, 0x4944, 0x4944, 0x4944, 0x4944, 0x4944,
  0x4944, 0x4964, 0x59A5, 0x5184, 0x6A06, 0x7247, 0x6A07, 0x7247, 0x7227, 0x5164, 0x4964, 0x4944,
  0x4944, 0x4944, 0x4944, 0x4944, 0x4903, 0xD1EF, 0xFAD4, 0xFAB3, 0xFAB3, 0xFA93, 0xFAD4, 0xE210,
  0x60A4, 0x5884, 0xA027, 0xE18F, 0xFAB3, 0xFAB3, 0xFA93, 0xFA93, 0xFAD4, 0xC8EC, 0x6803, 0x0000,
  0x0000, 0x0000, 0x0000, 0x0000, 0x0000, 0x0000, 0x0000, 0x0000, 0x0000, 0x0000, 0x0000, 0x3800,
  0x0000, 0x2061, 0x38E2, 0x4964, 0x4944, 0x4944, 0x4944, 0x4944, 0x4944, 0x4944, 0x4944, 0x4944,
  0x4944, 0x5184, 0x69E6, 0x61E6, 0x6A06, 0x7A47, 0x61E6, 0x5184, 0x4964, 0x4944, 0x4944, 0x4944,
  0x4944, 0x4143, 0x6905, 0xFA73, 0xFAD3, 0xFAB3, 0xFAB3, 0xFAB3, 0xFAB3, 0xF231, 0xE18E, 0xFA72,
  0xE96E, 0xFAB3, 0xFA93, 0xFA72, 0xFA92, 0xFA92, 0xFAF4, 0xE1CF, 0x7004, 0x0000, 0x0000, 0x0000,
  0x0000, 0x0000, 0x0000, 0x0000, 0x0000, 0x0000, 0x0000, 0x0000, 0x0000, 0x0000, 0x2800, 0x2881,
  0x4944, 0x4944, 0x4944, 0x4944, 0x4944, 0x4944, 0x4944, 0x4944, 0x4944, 0x4944, 0x4944, 0x5164,
  0x5184, 0x51A5, 0x61C5, 0x59A5, 0x5184, 0x5184, 0x4964, 0x4944, 0x4944, 0x4944, 0x4944, 0x4143,
  0x8928, 0xFAB4, 0xFAB3, 0xFAB3, 0xFAB3, 0xFAB3, 0xFA93, 0xE9AF, 0xFAD3, 0xFAD4, 0xF251, 0xF1F0,
  0xFA93, 0xFA92, 0xFAB2, 0xFAB2, 0xFAD4, 0xE9D0, 0x7805, 0x0000, 0x0000, 0x0000, 0x0000, 0x0000,
  0x0000, 0x0000, 0x0000, 0x0000, 0x0000, 0x0000, 0x5000, 0x0000, 0x2060, 0x38C2, 0x4964, 0x4944,
  0x4944, 0x4944, 0x4944, 0x4944, 0x4944, 0x4944, 0x4944, 0x4944, 0x4944, 0x4964, 0x4964, 0x5184,
  0x51A5, 0x4123, 0x4964, 0x5184, 0x4964, 0x4944, 0x4944, 0x4944, 0x4944, 0x4123, 0x9949, 0xFAB4,
  0xFA93, 0xFAB3, 0xFAB3, 0xFAB3, 0xF272, 0xE9F0, 0xFAB3, 0xFA92, 0xFA92, 0xF1F0, 0xFAB3, 0xFA92,
  0xFA93, 0xFA93, 0xFAF4, 0xD98E, 0x7004, 0x0000, 0x0000, 0x0000, 0x0000, 0x0000, 0x0000, 0x0000,
  0x0000, 0x0000, 0x0000, 0x0000, 0x3800, 0x0000, 0x2881, 0x4123, 0x4944, 0x4944, 0x4944, 0x4944,
  0x4944, 0x4944, 0x4944, 0x4944, 0x4944, 0x4944, 0x4964, 0x4944, 0x4944, 0x5164, 0x38E3, 0x82E9,
  0xBCAE, 0x4103, 0x4964, 0x4944, 0x4944, 0x4944, 0x4944, 0x4143, 0x9949, 0xFA94, 0xFA93, 0xFA93,
  0xFAB3, 0xFAB3, 0xFAB3, 0xF9F1, 0xFAB3, 0xFAD3, 0xF1F0, 0xF1F0, 0xFAD3, 0xFA93, 0xFA93, 0xFA92,
  0xFAD4, 0xC0EB, 0x5802, 0x0000, 0x0000, 0x0000, 0x0000, 0x0000, 0x0000, 0x0000, 0x0000, 0x0000,
  0x0000, 0x0000, 0x0000, 0x0000, 0x28A1, 0x4943, 0x4944, 0x4944, 0x4944, 0x4944, 0x4944, 0x4944,
  0x4944, 0x4944, 0x4944, 0x4944, 0x4944, 0x4944, 0x5164, 0x38E3, 0x72A8, 0xFE74, 0xFE53, 0x5A06,
  0x3903, 0x4964, 0x4944, 0x4944, 0x4944, 0x4163, 0x8927, 0xFA94, 0xFAD3, 0xFAD3, 0xFAD3, 0xFB14,
  0xFA52, 0xB0AA, 0xE1CF, 0xFA51, 0xE9AF, 0xFA72, 0xFAB2, 0xFAB2, 0xFAB2, 0xFA93, 0xFA52, 0x9827,
  0x2801, 0x0000, 0x0000, 0x0000, 0x0000, 0x0000, 0x0000, 0x0000, 0x0000, 0x0000, 0x5000, 0x3000,
  0x3800, 0x2041, 0x30C2, 0x4944, 0x4944, 0x4944, 0x4944, 0x4944, 0x4944, 0x4944, 0x4944, 0x4944,
  0x4944, 0x4944, 0x4964, 0x4964, 0x38E2, 0x82E9, 0xFE74, 0xFE53, 0xFE33, 0xD530, 0x4143, 0x4944,
  0x4964, 0x4944, 0x4944, 0x4144, 0x5104, 0xD96E, 0xFAB4, 0xFAF4, 0xFA72, 0xC92C, 0x7866, 0x30A2,
  0x3842, 0x7866, 0xFA93, 0xFAB3, 0xFA92, 0xFAB2, 0xFAB2, 0xFAD4, 0xD92D, 0x7004, 0x0000, 0x0000,
  0x0000, 0x0000, 0x0000, 0x0000, 0x0000, 0x0000, 0x5000, 0x0000, 0x0000, 0x0000, 0x0000, 0x2861,
  0x38E2, 0x4944, 0x4944, 0x4944, 0x4944, 0x4944, 0x4944, 0x4944, 0x4964, 0x4944, 0x4944, 0x4964,
  0x4944, 0x3903, 0x9BAB, 0xFE53, 0xFE33, 0xFE95, 0xFE94, 0xFEB5, 0xBCAF, 0x4103, 0x4103, 0x4964,
  0x4964, 0x4123, 0x49A4, 0xD42E, 0xA12A, 0x98E9, 0x70A5, 0x3062, 0x3103, 0x4944, 0x3923, 0x2081,
  0xB10A, 0xFAB3, 0xFAB2, 0xFA92, 0xFAD3, 0xFA51, 0x9026, 0x4042, 0xF800, 0x0000, 0x0000, 0x0000,
  0x0000, 0x0000, 0x0000, 0x0000, 0x0000, 0x2000, 0x2040, 0x2861, 0x2881, 0x2881, 0x38E2, 0x4964,
  0x4944, 0x4944, 0x4964, 0x4964, 0x4964, 0x4944, 0x4964, 0x4964, 0x4964, 0x4103, 0x4164, 0xBCAE,
  0xFE94, 0xFE32, 0xF5F1, 0xB3EA, 0x9B27, 0xD50E, 0xFEF6, 0xCCEF, 0x5184, 0x38E2, 0x4944, 0x4944,
  0x51C5, 0xFE94, 0x9BCA, 0x28C1, 0x4164, 0x4144, 0x4124, 0x4123, 0x4124, 0x4143, 0x4062, 0xC0EB,
  0xFA93, 0xFAD3, 0xFA51, 0xB889, 0x7024, 0x0000, 0xA80A, 0x0000, 0x0000, 0x0000, 0x0000, 0x0000,
  0x0000, 0x2861, 0x2881, 0x30A1, 0x38E2, 0x4103, 0x4923, 0x4923, 0x4123, 0x4944, 0x4964, 0x4964,
  0x4944, 0x4944, 0x4123, 0x4944, 0x4964, 0x5184, 0x4103, 0x6A47, 0xE591, 0xFE73, 0xFE12, 0xFE33,
  0xF5D1, 0xDD2E, 0xCCCD, 0xD50E, 0xFE73, 0xFE73, 0xF5F2, 0x9BCB, 0x6206, 0x4103, 0x4964, 0xF5D1,
  0xFE12, 0x6A47, 0x38E3, 0x4964, 0x4123, 0x4123, 0x4123, 0x4944, 0x4143, 0x3862, 0x9088, 0xD14D,
  0xA048, 0x6804, 0x0000, 0x5000, 0x0000, 0x0000, 0x0000, 0x0000, 0x3800, 0x0000, 0x2881, 0x30A1,
  0x4103, 0x4944, 0x4944, 0x4944, 0x4964, 0x4944, 0x4944, 0x4944, 0x4944, 0x4943, 0x5983, 0x7246,
  0x6A26, 0x4123, 0x4123, 0x4123, 0x8B4A, 0xFE73, 0xFE53, 0xFE12, 0xFE32, 0xFE33, 0xFE33, 0xFE53,
  0xFE94, 0xFE94, 0xFE32, 0xFE12, 0xFE32, 0xFE94, 0xF612, 0xCCCE, 0xBCAE, 0xE5B1, 0xA347, 0x8AA5,
  0x4943, 0x38E3, 0x4944, 0x4123, 0x4143, 0x4144, 0x4944, 0x4144, 0x28E2, 0x3041, 0x4042, 0x0000,
  0x3800, 0x0000, 0x0000, 0x0000, 0x0000, 0x3800, 0x0000, 0x2060, 0x30C2, 0x4944, 0x4964, 0x4944,
  0x4944, 0x4944, 0x4944, 0x4944, 0x4964, 0x4103, 0x7A45, 0xD4CD, 0xE590, 0xFE33, 0xFE53, 0xDD91,
  0x6A67, 0x51A4, 0xFE32, 0xFE53, 0xFE12, 0xFE32, 0xFE12, 0xFE33, 0xFE74, 0xFE73, 0xF5F2, 0xFE32,
  0xFE32, 0xFE32, 0xFE32, 0xFE12, 0xFE12, 0xFE53, 0xFE74, 0xFE33, 0xF5F2, 0xF5F2, 0xE5B1, 0x6A67,
  0x38C2, 0x4944, 0x4944, 0x4944, 0x4144, 0x4944, 0x4964, 0x28C2, 0x2841, 0x6006, 0x0000, 0x0000,
  0x0000, 0x0000, 0x0000, 0x0000, 0x2061, 0x30C2, 0x4944, 0x4944, 0x4944, 0x4944, 0x4944, 0x4944,
  0x4944, 0x4964, 0x4123, 0x8285, 0xF612, 0xFE74, 0xFE53, 0xFE33, 0xFE53, 0xFEB5, 0xEE13, 0xC48D,
  0xFE32, 0xFE12, 0xFE33, 0xFE32, 0xFE94, 0xBCAE, 0x20C2, 0xBCCE, 0xFEB4, 0xFE32, 0xFE32, 0xFE32,
  0xFE32, 0xFE32, 0xFE12, 0xFE12, 0xF612, 0xFE12, 0xFE33, 0xFEB5, 0xFEB4, 0xFE53, 0xA3EC, 0x4964,
  0x4123, 0x4944, 0x4944, 0x4944, 0x5164, 0x38E2, 0x0000, 0x0000, 0x0000, 0x7800, 0x0000, 0x0000,
  0x0000, 0x2860, 0x30A2, 0x4944, 0x4944, 0x4944, 0x4944, 0x4944, 0x4944, 0x4944, 0x4944, 0x4944,
  0x5163, 0xE570, 0xFE53, 0xF612, 0xFE33, 0xFE32, 0xFE53, 0xEDD1, 0xCCCD, 0xFE73, 0xFDF1, 0xFE12,
  0xFE32, 0xFE32, 0xFE53, 0xEE33, 0x5A47, 0x0840, 0x9BEC, 0xFE73, 0xFE12, 0xFE32, 0xFE32, 0xFE12,
  0xFE32, 0xFE33, 0xFE33, 0xFE94, 0xFE94, 0xC530, 0xC4CF, 0xFE73, 0xFE93, 0xE590, 0x49A5, 0x4123,
  0x4944, 0x4964, 0x38C2, 0x38A0, 0x5121, 0x2000, 0x0000, 0x0000, 0x7800, 0x0000, 0x0000, 0x2881,
  0x4123, 0x5164, 0x4944, 0x4944, 0x4944, 0x4944, 0x4944, 0x4944, 0x4944, 0x4103, 0x7A66, 0xFE32,
  0xFE12, 0xFE32, 0xFE33, 0xFE33, 0xFE12, 0xFE73, 0xBC4B, 0xE56F, 0xFE53, 0xFE12, 0xFE32, 0xFE12,
  0xFE53, 0xF633, 0xD550, 0x3964, 0x0000, 0x8B4A, 0xFE94, 0xF612, 0xFE32, 0xFE12, 0xFE32, 0xFE53,
  0xEE13, 0xA42C, 0x3964, 0x0000, 0x6267, 0xFE73, 0xF5F1, 0xFE73, 0x6A46, 0x38C2, 0x5185, 0x4943,
  0x7A65, 0xC46C, 0xD4ED, 0xB40B, 0x7204, 0x2840, 0x0000, 0x0000, 0x0000, 0x28A1, 0x4944, 0x4964,
  0x4944, 0x4944, 0x4944, 0x4944, 0x4944, 0x4944, 0x4944, 0x3903, 0x82A6, 0xFE32, 0xFE12, 0xFE32,
  0xFE33, 0xFE33, 0xFE12, 0xFE73, 0xC46C, 0xDD0E, 0xFE53, 0xFE32, 0xFE12, 0xFE73, 0xC4EF, 0x0820,
  0x0000, 0x20E2, 0x5206, 0xB46D, 0xFE53, 0xFE13, 0xFE32, 0xFE12, 0xFDF2, 0xFE94, 0x5247, 0x0000,
  0x3964, 0xCCEE, 0xFE11, 0xFE12, 0xFE33, 0xFE33, 0xC44B, 0x8286, 0x4102, 0xA368, 0xFE73, 0xFE73,
  0xFE53, 0xFE93, 0xFE11, 0x8285, 0x2800, 0x0000, 0x0000, 0x38C2, 0x4944, 0x4944, 0x4944, 0x4944,
  0x4944, 0x4944, 0x4944, 0x4944, 0x4944, 0x4123, 0x6A04, 0xFE32, 0xFE33, 0xFE32, 0xFE33, 0xFE33,
  0xFE32, 0xFE53, 0xB40A, 0xDD0E, 0xFE74, 0xFE32, 0xFE32, 0xFE33, 0xE591, 0x9BCB, 0xC4CE, 0xEDD1,
  0xFE94, 0xFE73, 0xFE12, 0xFE33, 0xFDF1, 0xFD2E, 0xFDF1, 0xFE53, 0xCD0F, 0x3984, 0x18A1, 0x93AA,
  0xF5D0, 0xFE32, 0xFE33, 0xF5D1, 0xF58F, 0xFE33, 0x92E6, 0xF5D1, 0xFE53, 0xF612, 0xFE12, 0xF5F2,
  0xFE53, 0xE56F, 0x5982, 0x0000, 0x0000, 0x30A1, 0x3903, 0x4123, 0x4944, 0x4944, 0x4944, 0x4944,
  0x4944, 0x4944, 0x4944, 0x4964, 0x5163, 0xC46C, 0xFEB4, 0xFE32, 0xFE32, 0xFE33, 0xFE32, 0xFE32,
  0xF612, 0xBC0A, 0xEDD1, 0xFE74, 0xFE12, 0xFE12, 0xFE32, 0xFE94, 0xFE53, 0xFE12, 0xFE12, 0xFD91,
  0xFDD2, 0xFE73, 0xFE93, 0xFE52, 0xFE53, 0xFE12, 0xFE73, 0xFE53, 0x7B29, 0x0000, 0xA3EB, 0xFE73,
  0xFE53, 0xF5B0, 0xFDB0, 0xE56F, 0xC44B, 0xFE53, 0xFE12, 0xFE32, 0xFE33, 0xFE12, 0xFE12, 0xFE12,
  0x7A45, 0x0000, 0x0000, 0x0000, 0x2061, 0x38E2, 0x4944, 0x4944, 0x4944, 0x4944, 0x4944, 0x4944,
  0x4944, 0x5164, 0x4923, 0x5142, 0xBC0A, 0xFE32, 0xFE32, 0xFE12, 0xFE32, 0xFE32, 0xFE74, 0xF633,
  0xB3EA, 0xEDD1, 0xFE53, 0xFE12, 0xFE12, 0xFE12, 0xFE12, 0xFE12, 0xFE33, 0xFA49, 0xF987, 0xFAA9,
  0xFB6B, 0xFC6E, 0xFD50, 0xFE32, 0xFE12, 0xFE12, 0xFE73, 0xE5B1, 0xEDF2, 0xFE12, 0xFE33, 0xF5B0,
  0xE54F, 0xB3E9, 0xE590, 0xFE53, 0xFE12, 0xFE32, 0xFE33, 0xFE32, 0xFE53, 0xF612, 0x69E3, 0x0000,
  0x0000, 0x0000, 0x0000, 0x30C2, 0x5164, 0x4964, 0x4944, 0x4944, 0x4944, 0x4964, 0x4944, 0x38E2,
  0x30A1, 0x1861, 0x40A0, 0x7244, 0xD4CD, 0xF5F1, 0xFE12, 0xFE32, 0xFE33, 0xFE74, 0xEDB0, 0xB3EA,
  0xEDD1, 0xFE53, 0xFE33, 0xFE32, 0xFE32, 0xFE32, 0xFDF2, 0xF9C7, 0xF9A7, 0xF9C7, 0xF986, 0xF8E5,
  0xFB0A, 0xFE53, 0xFE12, 0xFE12, 0xFDF2, 0xFE53, 0xFE33, 0xFE74, 0xCC8C, 0xAB68, 0xCCAD, 0xFE33,
  0xFE53, 0xFE12, 0xFE32, 0xFE12, 0xFE12, 0xF612, 0xFEB5, 0xCCAD, 0x40C0, 0x0000, 0x0000, 0x5000,
  0x7800, 0x2881, 0x38E2, 0x4943, 0x4944, 0x4944, 0x4923, 0x4103, 0x30C2, 0x2881, 0x0000, 0x0000,
  0x0000, 0x1000, 0x8AE7, 0xFE52, 0xFE12, 0xFE32, 0xFE32, 0xFE12, 0xFE74, 0xE570, 0xA450, 0xDD92,
  0xFE32, 0xFE33, 0xFE12, 0xFE32, 0xFDF1, 0xFA8A, 0xFA69, 0xFACA, 0xFA8A, 0xF9A7, 0xFD30, 0xFE53,
  0xFE12, 0xFE12, 0xFE12, 0xFE33, 0xFE94, 0xD4CD, 0xA347, 0xE54F, 0xFE53, 0xFE33, 0xFE32, 0xFE32,
  0xFE12, 0xFE32, 0xFE53, 0xFE94, 0xDD2F, 0x61A2, 0x0000, 0x0000, 0x0000, 0x0000, 0x0000, 0x0000,
  0x2881, 0x28A1, 0x30A2, 0x30A2, 0x30A1, 0x2881, 0x2800, 0x0000, 0x0000, 0x0000, 0x5140, 0x0000,
  0x40C0, 0xABC9, 0xFEB4, 0xFE12, 0xFE12, 0xFE12, 0xFE53, 0xDD71, 0xD67A, 0xD6BA, 0xC551, 0xF673,
  0xFE93, 0xFE12, 0xFE32, 0xFC4D, 0xFA49, 0xFA8A, 0xFA29, 0xFC4D, 0xFE53, 0xFE12, 0xFE12, 0xFE32,
  0xFE74, 0xFE74, 0xC48C, 0xB3C9, 0xFE32, 0xFE53, 0xFE12, 0xFE12, 0xFE32, 0xFE32, 0xFE74, 0xE58F,
  0xBC2A, 0x9307, 0x6182, 0x0800, 0x0000, 0x0000, 0x0000, 0x0000, 0x0000, 0x0000, 0x0000, 0x0000,
  0x0000, 0x0000, 0x0000, 0x0000, 0x0000, 0x0000, 0x0000, 0x0000, 0x0000, 0x39E0, 0x0000, 0x5121,
  0xCCAD, 0xFE94, 0xF5F2, 0xFE33, 0xF5F1, 0xBD33, 0xF7BF, 0xFFFF, 0xDF1C, 0xBB4D, 0xC42B, 0xE5CF,
  0xFE73, 0xFE74, 0xFDD2, 0xFD10, 0xFD70, 0xFE73, 0xFE74, 0xFE53, 0xFDF1, 0xED6F, 0xCC8C, 0xB3EA,
  0xD4CD, 0xFE33, 0xFE12, 0xFE12, 0xFE32, 0xFE12, 0xFE12, 0xFE74, 0xDD4F, 0x7A45, 0x4102, 0x30A2,
  0x2061, 0x0000, 0x3800, 0x0000, 0x0000, 0x0000, 0x0000, 0x0000, 0x5000, 0x0000, 0x0000, 0x0000,
  0x5000, 0x5000, 0x0000, 0x0000, 0x0000, 0x0000, 0x0000, 0x0000, 0xAAA0, 0x0000, 0x6182, 0xE52E,
  0xFE73, 0xF5F2, 0xB4F2, 0xE73D, 0xFFFF, 0xFFBF, 0xFFFF, 0xF375, 0xD84A, 0xB989, 0xBB0A, 0xC4CC,
  0xCD4E, 0xD54E, 0xD52D, 0xD4CD, 0xCC8C, 0xBC2B, 0xBC4C, 0xBCD0, 0xD617, 0xCDB5, 0xFE33, 0xFE12,
  0xFE12, 0xFE12, 0xFE12, 0xFE53, 0xFE53, 0xBC0B, 0x5963, 0x4923, 0x4964, 0x4944, 0x30C2, 0x2881,
  0x0000, 0x0000, 0x0000, 0x0000, 0x0000, 0x0000, 0x0000, 0x0000, 0x0000, 0x0000, 0x0000, 0x0000,
  0x0000, 0x0000, 0x0000, 0x0000, 0x0000, 0x0000, 0x79E7, 0x0000, 0x6269, 0x9B8A, 0xCCEF, 0xB513,
  0xDF1C, 0xFFFF, 0xFFDF, 0xFFDF, 0xFFFF, 0xEDD9, 0xF990, 0xF9B0, 0xF10E, 0xE24D, 0xDBEB, 0xCA8B,
  0xC8EA, 0xD2EF, 0xD678, 0xDEBA, 0xF7BE, 0xFFFF, 0xFFFF, 0xCE38, 0xE570, 0xFE32, 0xFE12, 0xFE33,
  0xFE73, 0xDD4F, 0x8286, 0x4902, 0x4944, 0x4964, 0x4944, 0x4944, 0x4944, 0x30A1, 0x0000, 0x0000,
  0x0000, 0x0000, 0x0000, 0x0000, 0x0000, 0x0000, 0x0000, 0x0000, 0x0000, 0x0000, 0x0000, 0x0000,
  0x0000, 0x0000, 0x0000, 0x0000, 0x39E7, 0x0000, 0x5208, 0x9451, 0xD6BA, 0xF7DF, 0xFFFF, 0xFFDF,
  0xFFDF, 0xFFDF, 0xFFFF, 0xF79E, 0xEA70, 0xF9D0, 0xF1F0, 0xFAB4, 0xFBB5, 0xFA12, 0xFAF4, 0xFEFE,
  0xFFFF, 0xF7BE, 0xF79E, 0xFFDF, 0xFFFF, 0xE73D, 0xCD31, 0xFE52, 0xFE74, 0xEDD1, 0xA348, 0x5162,
  0x4103, 0x4944, 0x4944, 0x4944, 0x4944, 0x4944, 0x5164, 0x38E2, 0x2040, 0x0000, 0x0000, 0x0000,
  0x0000, 0x0000, 0x0000, 0x0000, 0x0000, 0x0000, 0x0000, 0x0000, 0x0000, 0x0000, 0x0000, 0x0000,
  0x0000, 0x0000, 0x0000, 0x03EF, 0x3800, 0x5A49, 0xC5D7, 0xFFFF, 0xFFFF, 0xFFFF, 0xFFFF, 0xFFFF,
  0xFFDF, 0xFFFF, 0xDB72, 0xF8CE, 0xF271, 0xFFDF, 0xFFFF, 0xFF7E, 0xFFDF, 0xFFFF, 0xFFFF, 0xF7BE,
  0xDEBB, 0xFFDF, 0xFFBE, 0xFFFF, 0xCE17, 0xE54F, 0xABCA, 0x61C4, 0x4103, 0x4944, 0x4964, 0x4944,
  0x4944, 0x4944, 0x4944, 0x4944, 0x4944, 0x4123, 0x2081, 0x0000, 0x0000, 0x0000, 0x0000, 0x0000,
  0x0000, 0x0000, 0x0000, 0x0000, 0x0000, 0x0000, 0x0000, 0x0000, 0x0000, 0x0000, 0x0000, 0x0000,
  0x0000, 0xF800, 0xA80A, 0x6000, 0x6269, 0x9C92, 0xCE59, 0xE71C, 0xEF5D, 0xF79E, 0xFFDF, 0xFFFF,
  0xED37, 0xF10E, 0xF1AF, 0xF69B, 0xFF5E, 0xFCF8, 0xFDDA, 0xFC77, 0xFEFD, 0xFFFF, 0xD659, 0xF7BE,
  0xFFFF, 0xFFFF, 0xDEDB, 0x7AEA, 0x30A1, 0x4124, 0x4964, 0x4944, 0x4944, 0x4944, 0x4944, 0x4944,
  0x4944, 0x4944, 0x4944, 0x4123, 0x2881, 0x0000, 0x0000, 0x0000, 0x0000, 0x0000, 0x0000, 0x0000,
  0x0000, 0x0000, 0x0000, 0x0000, 0x0000, 0x0000, 0x0000, 0x0000, 0x0000, 0x0000, 0xA80A, 0x0000,
  0x0000, 0x07E0, 0x7003, 0x9867, 0xCBB2, 0xD6FB, 0xE71C, 0xFFDF, 0xFFDF, 0xFFFF, 0xF73D, 0xEA50,
  0xF9F0, 0xECB6, 0xFEBD, 0xFA73, 0xFB55, 0xFAF4, 0xFE3B, 0xFFFF, 0xCE38, 0xEF7D, 0xD699, 0x9C92,
  0x730C, 0x6B0D, 0x28C2, 0x38E2, 0x4944, 0x4944, 0x4944, 0x4944, 0x4944, 0x4944, 0x4944, 0x4944,
  0x5164, 0x4103, 0x2881, 0x0000, 0x0000, 0x0000, 0x0000, 0x0000, 0x0000, 0x0000, 0x0000, 0x0000,
  0x0000, 0x0000, 0x0000, 0x0000, 0x0000, 0x0000, 0x5000, 0x0000, 0x0000, 0x0000, 0x6803, 0xA068,
  0xD10C, 0xF18F, 0xE1EF, 0xEEBB, 0xFFFF, 0xFFBE, 0xFFDF, 0xFFDF, 0xFFFF, 0xE393, 0xF9D0, 0xEA91,
  0xFFBF, 0xFDFB, 0xFB75, 0xFC37, 0xFFBF, 0xFFFF, 0xB5B6, 0xAC31, 0x7229, 0x18A1, 0x0000, 0x0000,
  0x0000, 0x2881, 0x38E2, 0x4944, 0x4964, 0x4944, 0x4944, 0x4944, 0x5164, 0x4123, 0x38C2, 0x30A1,
  0x2082, 0x0000, 0x0000, 0x0000, 0x0000, 0x0000, 0x0000, 0x0000, 0x0000, 0x0000, 0x0000, 0x0000,
  0x0000, 0x0000, 0x0000, 0x7800, 0x0000, 0x0000, 0x7804, 0x9847, 0xD0EC, 0xF9B0, 0xF9F1, 0xF9F1,
  0xF96F, 0xC92C, 0xE5F9, 0xFFFF, 0xFFFF, 0xFFBE, 0xFFFF, 0xE516, 0xF14F, 0xF1B0, 0xF67B, 0xFFFF,
  0xFF9E, 0xF7DF, 0xFFFF, 0xF73D, 0xCACF, 0xF1D0, 0xD0CB, 0x9005, 0x0000, 0x998C, 0x5000, 0x0000,
  0x2881, 0x30C2, 0x4123, 0x4944, 0x4944, 0x4944, 0x4943, 0x30A1, 0x1820, 0x0000, 0x0000, 0x0000,
  0x0000, 0x0000, 0x0000, 0x0000, 0x0000, 0x0000, 0x0000, 0x0000, 0x0000, 0x0000, 0x0000, 0x0000,
  0xF800, 0x0000, 0x6803, 0x9847, 0xD10C, 0xF9B0, 0xF9D0, 0xF9B0, 0xF9D0, 0xF9B0, 0xF9D0, 0xF96F,
  0xD8EC, 0xDC54, 0xF7BE, 0xFFFF, 0xFFFF, 0xEEFC, 0xE1AF, 0xF9D1, 0xEC96, 0xFFFF, 0xF559, 0xF416,
  0xF3D5, 0xE9D0, 0xF12F, 0xFA12, 0xF9D0, 0x9827, 0x6147, 0xA800, 0x7800, 0x0000, 0x0000, 0x2061,
  0x2881, 0x30C2, 0x30C2, 0x30C2, 0x2881, 0x1860, 0x0000, 0x0000, 0x0000, 0x0000, 0x0000, 0x0000,
  0x0000, 0x0000, 0x0000, 0x0000, 0x0000, 0x0000, 0x0000, 0x0000, 0x0000, 0xA80A, 0x0000, 0x8005,
  0xB8AA, 0xF98F, 0xF9F1, 0xF9D0, 0xF9B0, 0xF9B0, 0xF9D0, 0xF9D0, 0xF94F, 0xF98F, 0xFA11, 0xE0ED,
  0xC9AD, 0xD495, 0xEF1C, 0xFFFF, 0xE393, 0xF94F, 0xF2B1, 0xEDD9, 0xF14F, 0xF92F, 0xF0EE, 0xF94F,
  0xF08C, 0xF90E, 0xF98F, 0xE0AC, 0x8005, 0x0000, 0xA80A, 0x0000, 0x0000, 0x0000, 0x0000, 0x0000,
  0x1800, 0x1000, 0x0000, 0x0000, 0x0000, 0x0000, 0x0000, 0x0000, 0x0000, 0x0000, 0x0000, 0x0000,
  0x0000, 0x0000, 0x0000, 0x0000, 0x0000, 0x0000, 0x0000, 0xA80A, 0x0000, 0x7804, 0xD0EC, 0xF9D1,
  0xF9B0, 0xF9D0, 0xF9B0, 0xF9B0, 0xF9D0, 0xF94E, 0xF94F, 0xF9D0, 0xF9D0, 0xF9F1, 0xF990, 0xE0CC,
  0xD16C, 0xD331, 0xC2AE, 0xE8CD, 0xF90F, 0xEB52, 0xF210, 0xFA31, 0xF1CF, 0xF1EF, 0xF3D4, 0xF394,
  0xF517, 0xFDDB, 0xB048, 0x5043, 0x0000, 0x5000, 0x0000, 0x0000, 0x3800, 0x0000, 0x0000, 0x0000,
  0x0000, 0x0000, 0x0000, 0x0000, 0x0000, 0x0000, 0x0000, 0x0000, 0x0000, 0x0000, 0x0000, 0x0000,
  0x0000, 0x0000, 0x0000, 0x0000, 0x0000, 0x0000, 0x780F, 0x0000, 0x8825, 0xF16F, 0xF9D0, 0xF9B0,
  0xF9B0, 0xF9D0, 0xF92E, 0xF94F, 0xF9F0, 0xF9B0, 0xF9D0, 0xF9D0, 0xF9D0, 0xF98F, 0xF9D0, 0xF14E,
  0xE0CC, 0xD8CC, 0xF90F, 0xFE7B, 0xF496, 0xF16E, 0xF333, 0xFF3D, 0xFF3E, 0xFC97, 0xFE7C, 0xFFFF,
  0xF333, 0x8805, 0x07E0, 0x7800, 0x0000, 0x0000, 0x0000, 0x0000, 0x0000, 0x0000, 0x0000, 0x0000,
  0x0000, 0x0000, 0x0000, 0x0000, 0x0000, 0x0000, 0x0000, 0x0000, 0x0000, 0x0000, 0x0000, 0x0000,
  0x0000, 0x0000, 0x0000, 0x0000, 0x7800, 0xF800, 0x6002, 0xA868, 0xF9D0, 0xF9B0, 0xF9D0, 0xF92E,
  0xF94F, 0xF9D0, 0xF9D0, 0xF9B0, 0xF9D0, 0xF9D0, 0xF98F, 0xF94E, 0xF9D0, 0xF9D0, 0xF9F1, 0xE10C,
  0xF16F, 0xFEFD, 0xFFFF, 0xF65B, 0xFFDF, 0xFC97, 0xF8AD, 0xF94F, 0xFB94, 0xFFFF, 0xFEBD, 0xC86A,
  0x6823, 0x0000, 0xA80A, 0x0000, 0x0000, 0x0000, 0x0000, 0x0000, 0x0000, 0x0000, 0x0000, 0x0000,
  0x0000, 0x0000, 0x0000, 0x0000, 0x0000, 0x0000, 0x0000, 0x0000, 0x0000, 0x0000, 0x0000, 0x0000,
  0x0000, 0x0000, 0x0000, 0x7805, 0x0000, 0x8825, 0xC0AA, 0xF9F1, 0xF96F, 0xF92E, 0xF9D0, 0xF9B0,
  0xF9D0, 0xF9D0, 0xF9D0, 0xF9D0, 0xF94E, 0xF98F, 0xF9D0, 0xF9B0, 0xF9D0, 0xE14D, 0xF0ED, 0xFD39,
  0xFFFF, 0xFFFF, 0xFFFF, 0xFDDA, 0xFD59, 0xFFFF, 0xFBD5, 0xFE9C, 0xFFFF, 0xF231, 0x8805, 0x0000,
  0xA80A, 0x0000, 0x0000, 0x0000, 0x0000, 0x0000, 0x0000, 0x0000, 0x0000, 0x0000, 0x0000, 0x0000,
  0x0000, 0x0000, 0x0000, 0x0000, 0x0000, 0x0000, 0x0000, 0x0000, 0x0000, 0x0000, 0x0000, 0x0000,
  0x5000, 0x0000, 0x4843, 0x7801, 0x7004, 0xB889, 0xF96F, 0xF9F1, 0xF9B0, 0xF9D0, 0xF9D0, 0xF9D0,
  0xF9D0, 0xF9B0, 0xF92E, 0xF9B0, 0xF9B0, 0xF9B0, 0xF9D0, 0xE96E, 0xE0AC, 0xFBB5, 0xFFFF, 0xFFBF,
  0xFFFF, 0xFDFA, 0xFD38, 0xFDB9, 0xF80B, 0xFD79, 0xFFFF, 0xFBF6, 0xA806, 0x3985, 0x0000, 0xF800,
  0x0000, 0x0000, 0x0000, 0x0000, 0x0000, 0x0000, 0x0000, 0x0000, 0x0000, 0x0000, 0x0000, 0x0000,
  0x0000, 0x0000, 0x0000, 0x0000, 0x0000, 0x0000, 0x0000, 0x0000, 0x0000, 0x500A, 0x0000, 0x6804,
  0xA007, 0xCA0E, 0xB069, 0x9006, 0xB069, 0xE98E, 0xF9D0, 0xF9D0, 0xF9D0, 0xF9D0, 0xF9D0, 0xF96F,
  0xF94E, 0xF9B0, 0xF9AF, 0xF9B0, 0xF9B0, 0xF98F, 0xE0AB, 0xFA11, 0xFF7E, 0xFFFF, 0xFEFD, 0xF80B,
  0xFA51, 0xFEBC, 0xFBD5, 0xFF7E, 0xFFFF, 0xFBB6, 0xB007, 0x3883, 0x0000, 0x7800, 0x0000, 0x0000,
  0x0000, 0x0000, 0x0000, 0x0000, 0x0000, 0x0000, 0x0000, 0x0000, 0x0000, 0x0000, 0x0000, 0x0000,
  0x0000, 0x0000, 0x0000, 0x0000, 0x0000, 0x0000, 0x500A, 0x0000, 0x6885, 0xB048, 0xFDDA, 0xFD19,
  0xF84D, 0xF0AD, 0xD84A, 0xC8CA, 0xD94D, 0xF18F, 0xF9D0, 0xF9D0, 0xF9D0, 0xF92E, 0xF94F, 0xF9B0,
  0xF9AF, 0xF9B0, 0xF9B0, 0xF9B0, 0xE0AB, 0xF0AD, 0xFD99, 0xFFFF, 0xFF7E, 0xFBD5, 0xFDDA, 0xFFFF,
  0xFFFF, 0xFFFF, 0xFD9A, 0xF92F, 0x9026, 0x1080, 0xF800, 0x0000, 0x0000, 0x0000, 0x0000, 0x0000,
  0x0000, 0x0000, 0x0000, 0x0000, 0x0000, 0x0000, 0x0000, 0x0000, 0x0000, 0x0000, 0x0000, 0x0000,
  0x0000, 0x0000, 0x0000, 0x7800, 0x7800, 0x4989, 0xA006, 0xFD79, 0xFE1B, 0xF80B, 0xF8AD, 0xF88C,
  0xFA11, 0xFF1D, 0xED98, 0xD18D, 0xD90D, 0xF16F, 0xF9D0, 0xF90E, 0xF9B0, 0xF9B0, 0xF9B0, 0xF9B0,
  0xF9B0, 0xF9B0, 0xE8AC, 0xE0AB, 0xFA92, 0xFF3D, 0xFFFF, 0xFFFF, 0xFFFF, 0xFF5E, 0xFD59, 0xFA93,
  0xF08C, 0xA028, 0x6064, 0x0000, 0x780F, 0x0000, 0x0000, 0x0000, 0x0000, 0x0000, 0x0000, 0x0000,
  0x0000, 0x0000, 0x0000, 0x0000, 0x0000, 0x0000, 0x0000, 0x0000, 0x0000, 0x0000, 0x0000, 0x0000,
  0x0000, 0xA80A, 0x0000, 0x7804, 0xE2B1, 0xFF7E, 0xF8AD, 0xF86C, 0xF8AD, 0xF8ED, 0xFEDD, 0xFFDF,
  0xFD19, 0xFEDD, 0xDD13, 0xC1EA, 0xC90B, 0xE88C, 0xF990, 0xF9B0, 0xF9D0, 0xF9D0, 0xF9D0, 0xF9D0,
  0xF96F, 0xF10D, 0xE90D, 0xF9F1, 0xFB75, 0xFB14, 0xFA32, 0xF94F, 0xE82B, 0xB808, 0x8846, 0x3862,
  0x0000, 0x7800, 0x0000, 0x0000, 0x0000, 0x0000, 0x0000, 0x0000, 0x0000, 0x0000, 0x0000, 0x0000,
  0x0000, 0x0000, 0x0000, 0x0000, 0x0000, 0x0000, 0x0000, 0x0000, 0x0000, 0x0000, 0x7800, 0x0000,
  0x5063, 0xA847, 0xFEDD, 0xFB74, 0xF80B, 0xF8CD, 0xF82B, 0xFA92, 0xFFFF, 0xFE3C, 0xFC58, 0xFFDF,
  0xFEB4, 0xFDF0, 0xE4AE, 0xD32B, 0xCA0B, 0xC94B, 0xD90C, 0xE12D, 0xF18F, 0xF14F, 0xF16F, 0xF10E,
  0xD86B, 0xC829, 0xD009, 0xC809, 0xA808, 0x9827, 0x7845, 0x58C5, 0x0000, 0x0000, 0x7800, 0x0000,
  0x0000, 0x0000, 0x0000, 0x0000, 0x0000, 0x0000, 0x0000, 0x0000, 0x0000, 0x0000, 0x0000, 0x0000,
  0x0000, 0x0000, 0x0000, 0x0000, 0x0000, 0x0000, 0x0000, 0x0000, 0x7807, 0x0000, 0x7803, 0xE290,
  0xFF5E, 0xF8ED, 0xF8AD, 0xF8AC, 0xF80A, 0xFB33, 0xFFFF, 0xFDDB, 0xFCFA, 0xFF9C, 0xFDF1, 0xFE12,
  0xFE32, 0xFE31, 0xFE11, 0xED70, 0xDC2C, 0xD34B, 0xAA07, 0xCA6A, 0xCA8B, 0xCA8B, 0xC26A, 0xCAEA,
  0xE42D, 0xABA9, 0x30E1, 0x0000, 0x0000, 0x0000, 0xF800, 0x7800, 0x0000, 0x0000, 0x0000, 0x0000,
  0x0000, 0x0000, 0x0000, 0x0000, 0x0000, 0x0000, 0x0000, 0x0000, 0x0000, 0x0000, 0x0000, 0x0000,
  0x0000, 0x0000, 0x0000, 0x0000, 0x0000, 0x0000, 0xF800, 0x07FF, 0x8804, 0xFD18, 0xFCF8, 0xF82B,
  0xF8AC, 0xF96E, 0xF96F, 0xF92E, 0xFFFF, 0xFE9C, 0xFD1A, 0xFF5A, 0xFDF1, 0xFE33, 0xFE13, 0xFDF2,
  0xFE12, 0xFE33, 0xFE53, 0xEDAF, 0xAB87, 0xFDF0, 0xFE51, 0xFE51, 0xFDF0, 0xFE10, 0xFE31, 0x8AC6,
  0x0800, 0xF81F, 0x9806, 0x7800, 0x0000, 0x0000, 0x0000, 0x0000, 0x0000, 0x0000, 0x0000, 0x0000,
  0x0000, 0x0000, 0x0000, 0x0000, 0x0000, 0x0000, 0x0000, 0x0000, 0x0000, 0x0000, 0x0000, 0x0000,
  0x0000, 0x0000, 0x0000, 0xF800, 0x0000, 0x38C4, 0xA007, 0xFE9C, 0xFA51, 0xF809, 0xF86C, 0xFAD2,
  0xFBF6, 0xF94E, 0xFC15, 0xFF5E, 0xFD1A, 0xFFBE, 0xFE73, 0xFE13, 0xFE32, 0xFE12, 0xFE12, 0xFDF2,
  0xFE95, 0xBC2A, 0xCCAD, 0xFE53, 0xFDF2, 0xFE12, 0xFE12, 0xFE53, 0xDD0F, 0x48E1, 0x0000, 0x52A0,
  0x0000, 0x0000, 0x0000, 0x0000, 0x0000, 0x0000, 0x0000, 0x0000, 0x0000, 0x0000, 0x0000, 0x0000,
  0x0000, 0x0000, 0x0000, 0x0000, 0x0000, 0x0000, 0x0000, 0x0000, 0x0000, 0x0000, 0x0000, 0x0000,
  0x0000, 0x7800, 0x0000, 0x5002, 0xB089, 0xFEDD, 0xFC36, 0xFC76, 0xFAF3, 0xFA92, 0xFC15, 0xFA92,
  0xE009, 0x9129, 0xB9ED, 0xE496, 0xFE75, 0xFE52, 0xFE94, 0xFE74, 0xFE74, 0xFE32, 0xCCAC, 0xBC8D,
  0xFE74, 0xFE32, 0xFE32, 0xFE12, 0xFE12, 0xFE73, 0x8286, 0x0800, 0x0000, 0x0000, 0x0000, 0x0000,
  0x0000, 0x0000, 0x0000, 0x0000, 0x0000, 0x0000, 0x0000, 0x0000, 0x0000, 0x0000, 0x0000, 0x0000,
  0x0000, 0x0000, 0x0000, 0x0000, 0x0000, 0x0000, 0x0000, 0x0000, 0x0000, 0x0000, 0x0000, 0x7800,
  0x0000, 0x4083, 0xA848, 0xFE1B, 0xFEDC, 0xFFFF, 0xFFFF, 0xFCF8, 0xFA30, 0xF8CD, 0xA027, 0x4000,
  0x5800, 0x8004, 0x8186, 0x9B48, 0xBC4B, 0xD52F, 0xCCCD, 0xABEA, 0xB2EC, 0xFE7C, 0xFF59, 0xFDF2,
  0xFE12, 0xFDF2, 0xFEB4, 0xBC4B, 0x38A0, 0x0000, 0x52A0, 0x0000, 0x0000, 0x0000, 0x0000, 0x0000,
  0x0000, 0x0000, 0x0000, 0x0000, 0x0000, 0x0000, 0x0000, 0x0000, 0x0000, 0x0000, 0x0000, 0x0000,
  0x0000, 0x0000, 0x0000, 0x0000, 0x0000, 0x0000, 0x0000, 0x0000, 0x0000, 0x0000, 0xF800, 0x07EF,
  0x8805, 0xFC16, 0xFE3B, 0xFF5E, 0xFFFF, 0xFFFF, 0xF990, 0xB808, 0x70A6, 0x0000, 0x0000, 0x0000,
  0x0000, 0x8066, 0xD4D4, 0xD16B, 0xD088, 0xEE19, 0xFEBE, 0xFB76, 0xFEBC, 0xFF7B, 0xFEB5, 0xFEF5,
  0xD4EE, 0x5142, 0x0006, 0x5000, 0x0000, 0x0000, 0x0000, 0x0000, 0x0000, 0x0000, 0x0000, 0x0000,
  0x0000, 0x0000, 0x0000, 0x0000, 0x0000, 0x0000, 0x0000, 0x0000, 0x0000, 0x0000, 0x0000, 0x0000,
  0x0000, 0x0000, 0x0000, 0x0000, 0x0000, 0x0000, 0x0000, 0x0000, 0xA80A, 0x0000, 0x6043, 0xB8A9,
  0xFD19, 0xFE3B, 0xFFBF, 0xFD7A, 0xC88A, 0x6824, 0x0000, 0x7807, 0x6006, 0x7BE7, 0x6000, 0xD2B0,
  0xFE1C, 0xF82C, 0xF86C, 0xFBF6, 0xFFFF, 0xFE3B, 0xFBB6, 0xFD1A, 0xFEFE, 0xE4D5, 0x68E3, 0x0000,
  0xF81F, 0x0000, 0x0000, 0x0000, 0x0000, 0x0000, 0x0000, 0x0000, 0x0000, 0x0000, 0x0000, 0x0000,
  0x0000, 0x0000, 0x0000, 0x0000, 0x0000, 0x0000, 0x0000, 0x0000, 0x0000, 0x0000, 0x0000, 0x0000,
  0x0000, 0x0000, 0x0000, 0x0000, 0x0000, 0x0000, 0x0000, 0x780F, 0x0000, 0x7004, 0xB869, 0xE1EF,
  0xE92E, 0xB828, 0x7825, 0x0000, 0x5000, 0x0000, 0x7807, 0x0000, 0x7803, 0xECD7, 0xFC36, 0xF80B,
  0xF8CD, 0xF82B, 0xFD38, 0xFFFF, 0xFFBF, 0xFDDB, 0xD210, 0x7804, 0x0000, 0x0000, 0x0000, 0x0000,
  0x0000, 0x0000, 0x0000, 0x0000, 0x0000, 0x0000, 0x0000, 0x0000, 0x0000, 0x0000, 0x0000, 0x0000,
  0x0000, 0x0000, 0x0000, 0x0000, 0x0000, 0x0000, 0x0000, 0x0000, 0x0000, 0x0000, 0x0000, 0x0000,
  0x0000, 0x0000, 0x0000, 0x0000, 0x0000, 0x0000, 0xF800, 0x0000, 0x6024, 0x8004, 0x8005, 0x68A6,
  0x0000, 0xF800, 0x0000, 0x0000, 0xF80F, 0x0000, 0x8805, 0xFDDA, 0xFAB2, 0xF86C, 0xF86C, 0xF90E,
  0xF88D, 0xFB13, 0xFCD8, 0xC20D, 0x6003, 0x0000, 0xAAAA, 0x0000, 0x0000, 0x0000, 0x0000, 0x0000,
  0x0000, 0x0000, 0x0000, 0x0000, 0x0000, 0x0000, 0x0000, 0x0000, 0x0000, 0x0000, 0x0000, 0x0000,
  0x0000, 0x0000, 0x0000, 0x0000, 0x0000, 0x0000, 0x0000, 0x0000, 0x0000, 0x0000, 0x0000, 0x0000,
  0x0000, 0x0000, 0x0000, 0x0000, 0x0000, 0x7800, 0x0000, 0x0000, 0x0000, 0x0000, 0x7800, 0x0000,
  0x0000, 0xF800, 0x0000, 0x0000, 0xA888, 0xFE5C, 0xF96F, 0xF86C, 0xF98F, 0xFAD3, 0xFAF3, 0xF9AF,
  0xF80B, 0x9005, 0x02A0, 0xF81F, 0x7800, 0x0000, 0x0000, 0x0000, 0x0000, 0x0000, 0x0000, 0x0000,
  0x0000, 0x0000, 0x0000, 0x0000, 0x0000, 0x0000, 0x0000, 0x0000, 0x0000, 0x0000, 0x0000, 0x0000,
  0x0000, 0x0000, 0x0000, 0x0000, 0x0000, 0x0000, 0x0000, 0x0000, 0x0000, 0x0000, 0x0000, 0x0000,
  0x0000, 0x0000, 0x0000, 0x0000, 0x500A, 0x7807, 0x7807, 0x500A, 0x0000, 0x0000, 0x0000, 0x7800,
  0x0000, 0x3801, 0xB8C9, 0xFEBD, 0xF8CE, 0xF80B, 0xF98F, 0xFB74, 0xF394, 0xF98F, 0xD04A, 0x6865,
  0x0000, 0x7807, 0x0000, 0x0000, 0x0000, 0x0000, 0x0000, 0x0000, 0x0000, 0x0000, 0x0000, 0x0000,
  0x0000, 0x0000, 0x0000, 0x0000, 0x0000, 0x0000, 0x0000, 0x0000, 0x0000, 0x0000, 0x0000, 0x0000,
  0x0000, 0x0000, 0x0000, 0x0000, 0x0000, 0x0000, 0x0000, 0x0000, 0x0000, 0x0000, 0x0000, 0x0000,
  0x0000, 0x0000, 0x0000, 0x0000, 0x0000, 0x0000, 0x0000, 0x0000, 0x0000, 0x7800, 0x0000, 0x4802,
  0xA8A9, 0xFE3B, 0xFC16, 0xFE9C, 0xFDDA, 0xFAF2, 0xFA30, 0xF8EE, 0x9806, 0x28E1, 0xF800, 0x0000,
  0x0000, 0x0000, 0x0000, 0x0000, 0x0000, 0x0000, 0x0000, 0x0000, 0x0000, 0x0000, 0x0000, 0x0000,
  0x0000, 0x0000, 0x0000, 0x0000, 0x0000, 0x0000, 0x0000, 0x0000, 0x0000, 0x0000, 0x0000, 0x0000,
  0x0000, 0x0000, 0x0000, 0x0000, 0x0000, 0x0000, 0x0000, 0x0000, 0x0000, 0x0000, 0x0000, 0x0000,
  0x0000, 0x0000, 0x0000, 0x0000, 0x0000, 0x0000, 0x0000, 0x0000, 0x0000, 0x1B87, 0x9006, 0xFD59,
  0xFE5B, 0xFFFF, 0xFFFF, 0xFFFF, 0xFAD3, 0xC808, 0x6865, 0x0000, 0xA80A, 0x0000, 0x0000, 0x0000,
  0x0000, 0x0000, 0x0000, 0x0000, 0x0000, 0x0000, 0x0000, 0x0000, 0x0000, 0x0000, 0x0000, 0x0000,
  0x0000, 0x0000, 0x0000, 0x0000, 0x0000, 0x0000, 0x0000, 0x0000, 0x0000, 0x0000, 0x0000, 0x0000,
  0x0000, 0x0000, 0x0000, 0x0000, 0x0000, 0x0000, 0x0000, 0x0000, 0x0000, 0x0000, 0x0000, 0x0000,
  0x0000, 0x0000, 0x0000, 0x0000, 0x0000, 0x0000, 0xA80A, 0x0000, 0x7804, 0xEAB1, 0xFEFD, 0xFEBC,
  0xFFFF, 0xFF9F, 0xF1F0, 0x8805, 0x1AE7, 0x7800, 0x0000, 0x0000, 0x0000, 0x0000, 0x0000, 0x0000,
  0x0000, 0x0000, 0x0000, 0x0000, 0x0000, 0x0000, 0x0000, 0x0000, 0x0000, 0x0000, 0x0000, 0x0000,
  0x0000, 0x0000, 0x0000, 0x0000, 0x0000, 0x0000, 0x0000, 0x0000, 0x0000, 0x0000, 0x0000, 0x0000,
  0x0000, 0x0000, 0x0000, 0x0000, 0x0000, 0x0000, 0x0000, 0x0000, 0x0000, 0x0000, 0x0000, 0x0000,
  0x0000, 0x0000, 0x0000, 0x0000, 0x780F, 0x0000, 0x68A6, 0x9806, 0xEA71, 0xFB74, 0xFB33, 0xE94D,
  0x9005, 0x60C5, 0x0000, 0x7800, 0x0000, 0x0000, 0x0000, 0x0000, 0x0000, 0x0000, 0x0000, 0x0000,
  0x0000, 0x0000, 0x0000, 0x0000, 0x0000, 0x0000, 0x0000, 0x0000, 0x0000, 0x0000, 0x0000, 0x0000,
  0x0000, 0x0000, 0x0000, 0x0000, 0x0000, 0x0000, 0x0000, 0x0000, 0x0000, 0x0000, 0x0000, 0x0000,
  0x0000, 0x0000, 0x0000, 0x0000, 0x0000, 0x0000, 0x0000, 0x0000, 0x0000, 0x0000, 0x0000, 0x0000,
  0x0000, 0x0000, 0x0000, 0xF800, 0x0000, 0x60C5, 0x8804, 0x9807, 0x9806, 0x8004, 0x48E4, 0x0000,
  0x7800, 0x0000, 0x0000, 0x0000, 0x0000, 0x0000, 0x0000, 0x0000, 0x0000, 0x0000, 0x0000, 0x0000,
  0x0000, 0x0000, 0x0000, 0x0000, 0x0000, 0x0000, 0x0000, 0x0000, 0x0000, 0x0000, 0x0000, 0x0000,
  0x0000, 0x0000, 0x0000, 0x0000, 0x0000, 0x0000, 0x0000, 0x0000, 0x0000, 0x0000, 0x0000, 0x0000,
  0x0000, 0x0000, 0x0000, 0x0000, 0x0000, 0x0000, 0x0000, 0x0000, 0x0000, 0x0000, 0x0000, 0x0000,
  0x0000, 0x0000, 0x0000, 0x0000, 0x0000, 0x0000, 0x0000, 0x0000, 0x0000, 0x0000, 0x0000, 0x0000,
  0x0000, 0x0000, 0x0000, 0x0000, 0x0000, 0x0000, 0x0000, 0x0000, 0x0000, 0x0000, 0x0000, 0x0000,
  0x0000, 0x0000, 0x0000, 0x0000, 0x0000, 0x0000, 0x0000, 0x0000, 0x0000, 0x0000, 0x0000, 0x0000,
  0x0000, 0x0000, 0x0000, 0x0000, 0x0000, 0x0000, 0x0000, 0x0000, 0x0000, 0x0000, 0x0000, 0x0000,
  0x0000, 0x0000, 0x0000, 0x0000, 0x0000, 0x0000, 0x0000, 0x0000, 0x0000, 0x0000, 0x0000, 0x0000,
  0x0000, 0x0000, 0x0000, 0x0000, 0x0000, 0x0000, 0x0000, 0x0000, 0x0000, 0x0000, 0x0000, 0x0000,
  0x0000, 0x0000, 0x0000, 0x0000, 0x0000, 0x0000, 0x0000, 0x0000, 0x0000, 0x0000, 0x0000, 0x0000,
  0x0000, 0x0000, 0x0000, 0x0000, 0x0000, 0x0000, 0x0000, 0x0000, 0x0000, 0x0000, 0x0000, 0x0000,
};
const uint8_t V54_PINK_JUMP_0_MASK[] PROGMEM = {
  0x00, 0x00, 0x00, 0x00, 0x00, 0x00, 0x00, 0x00, 0x00, 0x00, 0x00, 0x00, 0x00, 0x00, 0x00, 0x00, 0x00, 0x00, 0x00, 0x7F,
  0xF8, 0x00, 0x00, 0x00, 0x00, 0x00, 0x01, 0xFF, 0xFF, 0x00, 0x00, 0x00, 0x00, 0x00, 0x07, 0xFF, 0xFF, 0xC0, 0x00, 0x00,
  0x00, 0x00, 0x1F, 0xFF, 0xFF, 0xE0, 0x00, 0x00, 0x00, 0x00, 0x3F, 0xFF, 0xFF, 0xF0, 0x00, 0x00, 0x00, 0x00, 0x7F, 0xFF,
  0xFF, 0xFC, 0x00, 0x00, 0x00, 0x00, 0xFF, 0xFF, 0xFF, 0xFC, 0x00, 0x00, 0x00, 0x01, 0xFF, 0xFF, 0xFF, 0xFE, 0x1E, 0x00,
  0x00, 0x03, 0xFF, 0xFF, 0xFF, 0xFF, 0x7F, 0x00, 0x00, 0x03, 0xFF, 0xFF, 0xFF, 0xFF, 0xFF, 0x80, 0x00, 0x07, 0xFF, 0xFF,
  0xFF, 0xFF, 0xFF, 0x80, 0x00, 0x07, 0xFF, 0xFF, 0xFF, 0xFF, 0xFF, 0x80, 0x00, 0x0F, 0xFF, 0xFF, 0xFF, 0xFF, 0xFF, 0x80,
  0x00, 0x0F, 0xFF, 0xFF, 0xFF, 0xFF, 0xFF, 0x80, 0x00, 0x0F, 0xFF, 0xFF, 0xFF, 0xFF, 0xFF, 0x00, 0x00, 0x0F, 0xFF, 0xFF,
  0xFF, 0xFF, 0xFF, 0x00, 0x00, 0x0F, 0xFF, 0xFF, 0xFF, 0xFF, 0xFE, 0x00, 0x00, 0xFF, 0xFF, 0xFF, 0xFF, 0xFF, 0xFE, 0x00,
  0x03, 0xFF, 0xFF, 0xFF, 0xFF, 0xFF, 0xFC, 0x00, 0x0F, 0xFF, 0xFF, 0xFF, 0xFF, 0xFF, 0xF8, 0x00, 0x1F, 0xFF, 0xFF, 0xFF,
  0xFF, 0xFF, 0xF0, 0x00, 0x3F, 0xFF, 0xFF, 0xFF, 0xFF, 0xFF, 0xF0, 0x00, 0x3F, 0xFF, 0xFF, 0xFF, 0xFF, 0xFF, 0xFC, 0x00,
  0x7F, 0xFF, 0xFF, 0xFF, 0xFF, 0xFF, 0xFF, 0x00, 0x7F, 0xFF, 0xFF, 0xFF, 0xFF, 0xFF, 0xFF, 0x00, 0x7F, 0xFF, 0xFF, 0xFF,
  0xFF, 0xFF, 0xFF, 0x80, 0x7F, 0xFF, 0xFF, 0xFF, 0xFF, 0xFF, 0xFF, 0x80, 0x3F, 0xFF, 0xFF, 0xFF, 0xFF, 0xFF, 0xFF, 0x80,
  0x1F, 0xFB, 0xFF, 0xFF, 0xFF, 0xFF, 0xFF, 0x80, 0x1F, 0xF1, 0xFF, 0xFF, 0xFF, 0xFF, 0xFF, 0x00, 0x0F, 0xC0, 0xFF, 0xFF,
  0xFF, 0xFF, 0xFE, 0x00, 0x00, 0x00, 0x7F, 0xFF, 0xFF, 0xFF, 0xFE, 0x00, 0x00, 0x00, 0x3F, 0xFF, 0xFF, 0xFF, 0xFF, 0x00,
  0x00, 0x00, 0x3F, 0xFF, 0xFF, 0xFF, 0xFF, 0x00, 0x00, 0x00, 0x3F, 0xFF, 0xFF, 0xFF, 0xFF, 0x80, 0x00, 0x00, 0x1F, 0xFF,
  0xFF, 0xFF, 0xFF, 0x80, 0x00, 0x00, 0x0F, 0xFF, 0xFF, 0xFF, 0xFF, 0x80, 0x00, 0x00, 0x0F, 0xFF, 0xFF, 0xFF, 0xFF, 0x80,
  0x00, 0x00, 0x3F, 0xFF, 0xFF, 0xC7, 0xFF, 0x00, 0x00, 0x00, 0xFF, 0xFF, 0xFF, 0x83, 0xFE, 0x00, 0x00, 0x03, 0xFF, 0xFF,
  0xFF, 0xC0, 0xF8, 0x00, 0x00, 0x07, 0xFF, 0xFF, 0xFF, 0xE0, 0x00, 0x00, 0x00, 0x07, 0xFF, 0xFF, 0xFF, 0xF0, 0x00, 0x00,
  0x00, 0x03, 0xFF, 0xFF, 0xFF, 0xF0, 0x00, 0x00, 0x00, 0x01, 0xFF, 0xFF, 0xFF, 0xF8, 0x00, 0x00, 0x00, 0x01, 0xFF, 0xFF,
  0xFF, 0xF8, 0x00, 0x00, 0x00, 0x01, 0xFF, 0xFF, 0xFF, 0xF8, 0x00, 0x00, 0x00, 0x07, 0xFF, 0xFF, 0xFF, 0xF8, 0x00, 0x00,
  0x00, 0x0F, 0xFF, 0xFF, 0xFF, 0xF8, 0x00, 0x00, 0x00, 0x0F, 0xFF, 0xFF, 0xFF, 0xF8, 0x00, 0x00, 0x00, 0x1F, 0xFF, 0xFF,
  0xFF, 0xE0, 0x00, 0x00, 0x00, 0x1F, 0xFF, 0xFF, 0xFF, 0xC0, 0x00, 0x00, 0x00, 0x3F, 0xFF, 0xFF, 0xFE, 0x00, 0x00, 0x00,
  0x00, 0x3F, 0xFF, 0xFF, 0xFC, 0x00, 0x00, 0x00, 0x00, 0x3F, 0xFF, 0xFF, 0xFC, 0x00, 0x00, 0x00, 0x00, 0x3F, 0xFF, 0xFF,
  0xF8, 0x00, 0x00, 0x00, 0x00, 0x3F, 0xE7, 0xFF, 0xF8, 0x00, 0x00, 0x00, 0x00, 0x3F, 0xE1, 0xFF, 0xF0, 0x00, 0x00, 0x00,
  0x00, 0x3F, 0xC3, 0xFF, 0xE0, 0x00, 0x00, 0x00, 0x00, 0x1F, 0x83, 0xFF, 0xC0, 0x00, 0x00, 0x00, 0x00, 0x0F, 0x03, 0xFF,
  0x80, 0x00, 0x00, 0x00, 0x00, 0x00, 0x03, 0xFF, 0x00, 0x00, 0x00, 0x00, 0x00, 0x00, 0x03, 0xFF, 0x00, 0x00, 0x00, 0x00,
  0x00, 0x00, 0x03, 0xFE, 0x00, 0x00, 0x00, 0x00, 0x00, 0x00, 0x03, 0xFE, 0x00, 0x00, 0x00, 0x00, 0x00, 0x00, 0x03, 0xFC,
  0x00, 0x00, 0x00, 0x00, 0x00, 0x00, 0x01, 0xF8, 0x00, 0x00, 0x00, 0x00, 0x00, 0x00, 0x00, 0xF0, 0x00, 0x00, 0x00, 0x00,
  0x00, 0x00, 0x00, 0x00, 0x00, 0x00, 0x00, 0x00, 0x00, 0x00, 0x00, 0x00, 0x00, 0x00, 0x00, 0x00,
};
const Sprite565 V54_PINK_JUMP_0 = { V54_PINK_JUMP_0_BITMAP, V54_PINK_JUMP_0_MASK, 58, 72 };

const uint16_t V54_PINK_JUMP_1_BITMAP[] PROGMEM = {
  0x0000, 0x0000, 0x0000, 0x0000, 0x0000, 0x0000, 0x0000, 0x0000, 0x0000, 0x0000, 0x0000, 0x0000,
  0x0000, 0x0000, 0x0000, 0x0000, 0x0000, 0x0000, 0x0000, 0x0000, 0x0000, 0x0000, 0x0000, 0x0000,
  0x0000, 0x0000, 0x0000, 0x0000, 0x0000, 0x0000, 0x0000, 0x0000, 0x0000, 0x0000, 0x0000, 0x0000,
  0x0000, 0x0000, 0x0000, 0x0000, 0x0000, 0x0000, 0x0000, 0x0000, 0x0000, 0x0000, 0x0000, 0x0000,
  0x0000, 0x0000, 0x0000, 0x0000, 0x0000, 0x0000, 0x0000, 0x0000, 0x0000, 0x0000, 0x0000, 0x0000,
  0x0000, 0x0000, 0x0000, 0x0000, 0x0000, 0x0000, 0x0000, 0x0000, 0x0000, 0x0000, 0x0000, 0x0000,
  0x0000, 0x0000, 0x0000, 0x0000, 0x000F, 0x0000, 0x0000, 0x0000, 0x0000, 0x0000, 0x0000, 0x5000,
  0x0000, 0x0000, 0x28A2, 0x2861, 0x2881, 0x2881, 0x2881, 0x30A1, 0x30A2, 0x30A2, 0x30A1, 0x2881,
  0x2881, 0x2861, 0x3800, 0x0000, 0x0000, 0x5000, 0x0000, 0x0000, 0x0000, 0x5000, 0x0000, 0x0000,
  0x0000, 0x0000, 0x0000, 0x0000, 0x0000, 0x0000, 0x0000, 0x0000, 0x0000, 0x0000, 0x0000, 0x0000,
  0x0000, 0x0000, 0x0000, 0x0000, 0x0000, 0x0000, 0x0000, 0x0000, 0x0000, 0x0000, 0x0000, 0x0000,
  0x001F, 0x0000, 0x00CF, 0x0235, 0x0255, 0x0991, 0x0000, 0x001F, 0x0000, 0x0000, 0x0000, 0x0000,
  0x0000, 0x0000, 0x2882, 0x2881, 0x30A2, 0x38E2, 0x4123, 0x4123, 0x4944, 0x4944, 0x4944, 0x4944,
  0x4944, 0x4923, 0x4103, 0x38E2, 0x30A2, 0x3082, 0x4882, 0x0000, 0x0000, 0x0000, 0xA800, 0x0000,
  0x4001, 0x8004, 0x7804, 0x2802, 0x0000, 0x0000, 0x0000, 0x0000, 0x0000, 0x0000, 0x0000, 0x0000,
  0x0000, 0x0000, 0x0000, 0x0000, 0x0000, 0x0000, 0x0000, 0x0000, 0x0000, 0x0000, 0x0000, 0x0000,
  0x0000, 0x0000, 0x03FF, 0x0000, 0x02B7, 0x049E, 0x04FF, 0x0359, 0x0213, 0x001F, 0x03FF, 0x0000,
  0x0000, 0x0000, 0x0000, 0x28A2, 0x30C2, 0x4103, 0x4944, 0x4964, 0x4964, 0x4944, 0x4944, 0x4944,
  0x4944, 0x4944, 0x4944, 0x4944, 0x4944, 0x4964, 0x4143, 0x3903, 0x30C2, 0x3862, 0x0000, 0x7807,
  0x0000, 0x6803, 0xA068, 0xE18E, 0xD96E, 0x8826, 0x5063, 0xF800, 0xF800, 0x0000, 0x0000, 0x0000,
  0x0000, 0x0000, 0x0000, 0x0000, 0x0000, 0x0000, 0x0000, 0x0000, 0x0000, 0x0000, 0x0000, 0x0000,
  0x0000, 0x0000, 0x0000, 0x001F, 0x0000, 0x0005, 0x0399, 0x057F, 0x055F, 0x053F, 0x02D7, 0x0000,
  0x03FF, 0x0000, 0x0000, 0x20C3, 0x2881, 0x3903, 0x4944, 0x4944, 0x4944, 0x4964, 0x4964, 0x4944,
  0x4944, 0x4944, 0x4944, 0x4944, 0x4944, 0x4944, 0x4143, 0x5904, 0x9969, 0x8967, 0x4903, 0x30C2,
  0x3062, 0x0000, 0x7003, 0xB8AA, 0xFA73, 0xFAD4, 0xFB15, 0xE18E, 0x7004, 0x0000, 0xA80A, 0x0000,
  0x0000, 0x0000, 0x0000, 0x0000, 0x0000, 0x0000, 0x0000, 0x0000, 0x0000, 0x0000, 0x0000, 0x0000,
  0x0000, 0x0000, 0x0000, 0x0000, 0x0000, 0x0000, 0x02B5, 0x0000, 0x02F8, 0x053F, 0x055F, 0x053F,
  0x0399, 0x00EF, 0x0000, 0x0000, 0x28C3, 0x28A2, 0x4103, 0x4964, 0x4144, 0x4944, 0x59A5, 0x59C5,
  0x5164, 0x4944, 0x4944, 0x4944, 0x4944, 0x4944, 0x4944, 0x4944, 0x4923, 0xC9AE, 0xFAD5, 0xFAD4,
  0xC9CE, 0x6105, 0x3103, 0x5022, 0xB8CB, 0xFA53, 0xFA93, 0xFA72, 0xFA73, 0xFA73, 0x9047, 0x2000,
  0x0000, 0xF800, 0x0000, 0x0000, 0x0000, 0x0000, 0x0000, 0x0000, 0x0000, 0x0000, 0x0000, 0x0000,
  0x0000, 0x0000, 0x0000, 0x0000, 0x0000, 0x0000, 0x0000, 0x0000, 0x03FF, 0x02B5, 0x01B2, 0x0339,
  0x051F, 0x055F, 0x045C, 0x0213, 0x0000, 0x18C3, 0x28C2, 0x4123, 0x4944, 0x4123, 0x5184, 0x7227,
  0x6A06, 0x5185, 0x4944, 0x4964, 0x4944, 0x4944, 0x4944, 0x4944, 0x4944, 0x4143, 0x7947, 0xFAB4,
  0xFAB3, 0xFAB3, 0xFAD4, 0xE210, 0xA149, 0xD9AE, 0xF211, 0xFAB3, 0xFA73, 0xFA73, 0xFA73, 0xFAB4,
  0xB0CA, 0x5001, 0x0000, 0x7800, 0x0000, 0x0000, 0x0000, 0x0000, 0x0000, 0x0000, 0x0000, 0x0000,
  0x0000, 0x0000, 0x0000, 0x0000, 0x0000, 0x0000, 0x0000, 0x0000, 0x0000, 0x001F, 0x0000, 0x0000,
  0x0000, 0x00D1, 0x02B7, 0x041B, 0x04DF, 0x02D7, 0x5000, 0x28A2, 0x4123, 0x4964, 0x4944, 0x5164,
  0x6A06, 0x7227, 0x61C6, 0x4964, 0x5184, 0x5164, 0x4964, 0x4944, 0x4944, 0x4944, 0x4944, 0x3923,
  0x996A, 0xFAF4, 0xFAB3, 0xFAB3, 0xFAB3, 0xFA52, 0xFA12, 0xFAF5, 0xF211, 0xF232, 0xFA93, 0xFA73,
  0xFA93, 0xFAD4, 0xC0EB, 0x5801, 0x0000, 0x5000, 0x0000, 0x0000, 0x0000, 0x0000, 0x0000, 0x0000,
  0x0000, 0x0000, 0x0000, 0x0000, 0x0000, 0x0000, 0x0000, 0x0000, 0x0000, 0x0000, 0x0000, 0x0000,
  0x0000, 0x0173, 0x0111, 0x0000, 0x0000, 0x0171, 0x0359, 0x037A, 0x2861, 0x4103, 0x4944, 0x4944,
  0x4944, 0x5184, 0x5185, 0x7227, 0x7A47, 0x6A06, 0x69E6, 0x61C5, 0x4964, 0x4944, 0x4944, 0x4944,
  0x4944, 0x3923, 0xA16B, 0xFAD4, 0xFAB3, 0xFAB3, 0xFAD4, 0xF211, 0xF272, 0xFA93, 0xF232, 0xF1D0,
  0xFAB3, 0xFA93, 0xFA93, 0xFAB3, 0xB0AA, 0x5001, 0x0000, 0x5000, 0x0000, 0x0000, 0x0000, 0x0000,
  0x0000, 0x0000, 0x0000, 0x0000, 0x0000, 0x0000, 0x0000, 0x0000, 0x0000, 0x0000, 0x0000, 0x000F,
  0x0000, 0x0214, 0x0317, 0x041C, 0x03FB, 0x02D7, 0x000A, 0x0000, 0x0000, 0x2060, 0x38E3, 0x4944,
  0x4144, 0x4944, 0x4944, 0x4944, 0x61C6, 0x7A47, 0x7227, 0x7A47, 0x7227, 0x6A27, 0x59A5, 0x4964,
  0x4944, 0x4944, 0x4944, 0x4143, 0xA98B, 0xFAB4, 0xFAD3, 0xFAB3, 0xFAD4, 0xF272, 0xFA32, 0xFAF5,
  0xFA31, 0xF1D0, 0xFAB3, 0xFA93, 0xFA93, 0xFA73, 0x9868, 0x3801, 0x0000, 0x7800, 0x0000, 0x0000,
  0x0000, 0x0000, 0x0000, 0x0000, 0x0000, 0x0000, 0x0000, 0x0000, 0x0000, 0x0000, 0x0000, 0x0000,
  0x0000, 0x01F7, 0x0000, 0x0255, 0x051F, 0x059F, 0x053F, 0x04FF, 0x0359, 0x0000, 0x11A9, 0x28A2,
  0x4944, 0x4944, 0x4944, 0x4944, 0x4944, 0x4944, 0x59A5, 0x59A5, 0x6A06, 0x6A06, 0x6A07, 0x6A06,
  0x59C5, 0x5164, 0x4944, 0x4944, 0x4944, 0x3943, 0x9969, 0xFAD4, 0xFAD3, 0xFAB3, 0xFAB3, 0xFAF4,
  0xD12D, 0xC96D, 0xD12D, 0xFAB3, 0xFA93, 0xFA73, 0xFAD4, 0xF231, 0x8806, 0x02A0, 0xF800, 0x0000,
  0x0000, 0x0000, 0x0000, 0x0000, 0x0000, 0x0000, 0x0000, 0x0000, 0x0000, 0x0000, 0x0000, 0x0000,
  0x0000, 0x0000, 0x0000, 0x02B5, 0x0000, 0x0214, 0x043C, 0x055F, 0x053F, 0x057F, 0x051F, 0x0358,
  0x2061, 0x3903, 0x4944, 0x4944, 0x4944, 0x4944, 0x4944, 0x4944, 0x4944, 0x4964, 0x59A5, 0x59A5,
  0x61E6, 0x59C5, 0x5184, 0x4964, 0x4944, 0x4944, 0x4944, 0x4143, 0x6905, 0xFA52, 0xFAF3, 0xFAF3,
  0xFAD4, 0xC94D, 0x4083, 0x30A2, 0x4883, 0xC14C, 0xFAB3, 0xFAD4, 0xFAF4, 0xC90C, 0x7003, 0x0000,
  0xA80A, 0x0000, 0x0000, 0x0000, 0x0000, 0x0000, 0x0000, 0x0000, 0x0000, 0x0000, 0x0000, 0x0000,
  0x0000, 0x0000, 0x0000, 0x0000, 0x0000, 0x0000, 0x001F, 0x0000, 0x0255, 0x0338, 0x039A, 0x0358,
  0x0315, 0x0A91, 0x28C2, 0x4944, 0x4944, 0x4944, 0x4944, 0x4944, 0x4944, 0x4944, 0x4944, 0x4964,
  0x5164, 0x5184, 0x5184, 0x4984, 0x4964, 0x4123, 0x4964, 0x4944, 0x4944, 0x4944, 0x4103, 0xA94A,
  0xFA32, 0xF251, 0xB92B, 0x4082, 0x3923, 0x4944, 0x4143, 0x3882, 0x90A8, 0xD9AF, 0xD12D, 0x8005,
  0x0000, 0x7800, 0x0000, 0x0000, 0x0000, 0x0000, 0x0000, 0x0000, 0x0000, 0x0000, 0x0000, 0x0000,
  0x0000, 0x0000, 0x0000, 0x0000, 0x0000, 0x0000, 0x0000, 0x0000, 0x0000, 0x001F, 0x0000, 0x0000,
  0x0000, 0x0000, 0x0000, 0x2840, 0x3903, 0x4944, 0x4944, 0x4944, 0x4944, 0x4944, 0x4944, 0x4944,
  0x4944, 0x4944, 0x4944, 0x4944, 0x4103, 0x6A47, 0xC4CF, 0x4123, 0x4123, 0x5184, 0x4964, 0x4964,
  0x3903, 0x9B6B, 0xF491, 0x89E8, 0x3903, 0x4144, 0x4944, 0x4944, 0x4944, 0x4964, 0x3902, 0x4082,
  0x4042, 0x2080, 0x0000, 0x0000, 0x0000, 0x0000, 0x0000, 0x0000, 0x0000, 0x0000, 0x0000, 0x0000,
  0x0000, 0x0000, 0x0000, 0x0000, 0x0000, 0x0000, 0x0000, 0x0000, 0x0000, 0x0000, 0x0000, 0x0000,
  0x02B5, 0x07FF, 0x0000, 0x01EF, 0x055F, 0x28A2, 0x4123, 0x4944, 0x4944, 0x4944, 0x4944, 0x4944,
  0x4944, 0x4944, 0x4944, 0x4944, 0x4944, 0x4964, 0x38E3, 0xA3EC, 0xFEB4, 0xCD10, 0x6206, 0x38E3,
  0x3903, 0x4944, 0x40C2, 0x82C8, 0xFEF5, 0xC4CD, 0x61A3, 0x4123, 0x3903, 0x38E2, 0x4103, 0x4944,
  0x4944, 0x4984, 0x38E2, 0x2000, 0x0000, 0x0000, 0x0000, 0x0000, 0x0000, 0x0000, 0x0000, 0x0000,
  0x0000, 0x0000, 0x0000, 0x0000, 0x0000, 0x0000, 0x0000, 0x0000, 0x0000, 0x0000, 0x0000, 0x0000,
  0x0000, 0x0000, 0x0000, 0x0000, 0x0000, 0x0000, 0x2082, 0x30A2, 0x4944, 0x4944, 0x4944, 0x4944,
  0x4944, 0x4944, 0x4944, 0x4944, 0x4944, 0x4944, 0x4964, 0x4923, 0x59E5, 0xF612, 0xFE32, 0xFE74,
  0xF612, 0xB42C, 0x7AC8, 0x6226, 0x59E6, 0x8B09, 0xEDB1, 0xCC8D, 0xD4EE, 0xE54F, 0xC4AE, 0x938B,
  0x6246, 0x4123, 0x4964, 0x5164, 0x38C2, 0x1800, 0x0000, 0x0000, 0x0000, 0x0000, 0x0000, 0x0000,
  0x0000, 0x0000, 0x0000, 0x0000, 0x0000, 0x0000, 0x0000, 0x0000, 0x0000, 0x0000, 0x0000, 0x0000,
  0x0000, 0x0000, 0x0000, 0x0000, 0x0000, 0x0000, 0x0000, 0x0000, 0x1861, 0x30C2, 0x4944, 0x4944,
  0x4944, 0x4944, 0x4944, 0x4944, 0x4944, 0x4944, 0x4944, 0x4944, 0x5164, 0x38E3, 0xBC8E, 0xFED5,
  0xF5D1, 0xF5D1, 0xFE32, 0xFE73, 0xFE94, 0xF633, 0xF633, 0xFE32, 0xFE12, 0xFEB4, 0xFEF6, 0xFE73,
  0xFE53, 0xFEB4, 0xF612, 0x59C5, 0x5123, 0x4123, 0x28A2, 0x0000, 0x0000, 0x5000, 0x0000, 0x0000,
  0x0000, 0x0000, 0x0000, 0x0000, 0x0000, 0x0000, 0x0000, 0x0000, 0x0000, 0x0000, 0x0000, 0x0000,
  0x0000, 0x0000, 0x0000, 0x0000, 0x0000, 0x0000, 0x0000, 0x0000, 0x5000, 0x0000, 0x2061, 0x38E2,
  0x4944, 0x4944, 0x4944, 0x4944, 0x4944, 0x4944, 0x4944, 0x4944, 0x4944, 0x4964, 0x4103, 0x7AC8,
  0xFE94, 0xCCCD, 0x9B06, 0xCC8C, 0xFE32, 0xF612, 0xFE32, 0xFE32, 0xFE32, 0xFE12, 0xFE32, 0xDD70,
  0x836A, 0xCD0F, 0xFE53, 0xF5F2, 0xFE53, 0xDCEE, 0xDD0E, 0x92E7, 0x2881, 0x2881, 0x2000, 0x0000,
  0x0000, 0x5000, 0x0000, 0x0000, 0x0000, 0x0000, 0x0000, 0x0000, 0x0000, 0x0000, 0x0000, 0x0000,
  0x0000, 0x0000, 0x0000, 0x0000, 0x0000, 0x0000, 0x0000, 0x0000, 0x0000, 0x0000, 0x3800, 0x0000,
  0x2061, 0x3903, 0x4944, 0x4944, 0x4944, 0x4944, 0x4944, 0x4944, 0x4944, 0x4944, 0x4964, 0x4944,
  0x4984, 0xEDD1, 0xFE32, 0xDD0E, 0xF5F2, 0xFE33, 0xF612, 0xFE12, 0xFE32, 0xFE32, 0xFE33, 0xFE12,
  0xFE74, 0x49E6, 0x0000, 0x1881, 0xE5B1, 0xFE53, 0xFE33, 0xF590, 0xFDF1, 0xFE31, 0x7225, 0x38E2,
  0x38E2, 0x30A2, 0x2841, 0x0000, 0x0000, 0x0000, 0x0000, 0x0000, 0x0000, 0x0000, 0x0000, 0x0000,
  0x0000, 0x0000, 0x0000, 0x0000, 0x0000, 0x0000, 0x0000, 0x0000, 0x0000, 0x0000, 0x0000, 0x0000,
  0x3800, 0x0000, 0x2081, 0x3903, 0x4944, 0x4944, 0x4944, 0x4944, 0x4944, 0x4944, 0x4944, 0x4944,
  0x4964, 0x38E3, 0xBC8D, 0xFE73, 0xFE12, 0xFE53, 0xFE73, 0xFE53, 0xFE73, 0xFE32, 0xFE12, 0xFE32,
  0xFE33, 0xFE33, 0xFE74, 0x3123, 0x0000, 0x0000, 0xBC8E, 0xFE73, 0xFE33, 0xED90, 0xED4E, 0xFE53,
  0xA348, 0x4103, 0x5164, 0x5144, 0x38E2, 0x2061, 0x0000, 0x0000, 0x0000, 0x0000, 0x0000, 0x0000,
  0x0000, 0x0000, 0x0000, 0x0000, 0x0000, 0x0000, 0x0000, 0x0000, 0x0000, 0x0000, 0x0000, 0x0000,
  0x0000, 0x0000, 0x3000, 0x3800, 0x2061, 0x38E2, 0x4944, 0x4944, 0x4944, 0x4944, 0x4944, 0x4944,
  0x4944, 0x4964, 0x38E3, 0x8B4A, 0xFE94, 0xFE32, 0xFE33, 0xFE73, 0xB44D, 0x3143, 0x72C8, 0xFE53,
  0xFE32, 0xFE32, 0xFE33, 0xFE53, 0xFE94, 0xB48E, 0x1081, 0x41A5, 0xF612, 0xFE33, 0xFE33, 0xF5B1,
  0xF5D1, 0xFE32, 0x7A45, 0x4123, 0x4944, 0x5164, 0x5144, 0x4103, 0x2881, 0x0000, 0x0000, 0x0000,
  0x0000, 0x0000, 0x0000, 0x0000, 0x0000, 0x0000, 0x0000, 0x0000, 0x0000, 0x0000, 0x0000, 0x0000,
  0x0000, 0x0000, 0x0000, 0x0000, 0x0000, 0x0000, 0x1841, 0x30C2, 0x4944, 0x4944, 0x4944, 0x4944,
  0x4944, 0x4964, 0x5184, 0x4944, 0x5A06, 0xF632, 0xFE32, 0xFE33, 0xFE33, 0xFE33, 0x2903, 0x0000,
  0x0000, 0xAC6D, 0xFE94, 0xFE33, 0xFDD1, 0xFD90, 0xFE54, 0xFE74, 0xEDD2, 0xFE12, 0xFE32, 0xFE13,
  0xFE33, 0xED8F, 0xF5D1, 0xA389, 0x4923, 0x4964, 0x4944, 0x4944, 0x4944, 0x5164, 0x4103, 0x2881,
  0x0000, 0x3800, 0x0000, 0x0000, 0x0000, 0x0000, 0x0000, 0x0000, 0x0000, 0x0000, 0x0000, 0x0000,
  0x0000, 0x0000, 0x0000, 0x0000, 0x0000, 0x0000, 0x2060, 0x2881, 0x30C2, 0x38E2, 0x4944, 0x4944,
  0x4944, 0x4944, 0x4144, 0x3903, 0x4123, 0x30A2, 0x8309, 0xFE73, 0xFE12, 0xFE32, 0xFE32, 0xFE33,
  0x2923, 0x0000, 0x0000, 0x8B8A, 0xFEB4, 0xFE33, 0xFE52, 0xFD90, 0xFE32, 0xFE53, 0xFE53, 0xFE32,
  0xFE12, 0xFE12, 0xFE53, 0xA348, 0x61A4, 0x4943, 0x4944, 0x4944, 0x4944, 0x4944, 0x4944, 0x4964,
  0x5144, 0x30A1, 0x0000, 0x0000, 0x0000, 0x0000, 0x0000, 0x0000, 0x0000, 0x0000, 0x0000, 0x0000,
  0x0000, 0x0000, 0x0000, 0x0000, 0x0000, 0x0000, 0x1800, 0x2881, 0x30C2, 0x4123, 0x4944, 0x4944,
  0x4944, 0x4944, 0x4944, 0x4923, 0x4144, 0x8B09, 0xB42C, 0x82E8, 0x936A, 0xFE73, 0xFE12, 0xFE32,
  0xFE12, 0xFE94, 0xA40C, 0x0840, 0x20E2, 0xDD70, 0xFE53, 0xFE33, 0xFB8C, 0xF987, 0xFA08, 0xFDB1,
  0xFE53, 0xFE13, 0xFE12, 0xFE32, 0xE54F, 0x5143, 0x4124, 0x4964, 0x4944, 0x4944, 0x4944, 0x4944,
  0x4944, 0x4964, 0x5164, 0x30A1, 0x0000, 0x0000, 0x0000, 0x0000, 0x0000, 0x0000, 0x0000, 0x0000,
  0x0000, 0x0000, 0x0000, 0x0000, 0x0000, 0x7800, 0x0000, 0x2040, 0x28A1, 0x4123, 0x4964, 0x4964,
  0x4944, 0x4944, 0x4944, 0x4944, 0x4144, 0x4944, 0xCCEF, 0xFE94, 0xFE73, 0xFE53, 0xEDF2, 0xFE33,
  0xFE32, 0xFE32, 0xFE32, 0xFE32, 0xFE53, 0xDD91, 0xEDD1, 0xFE32, 0xFE73, 0xFBCD, 0xF8C5, 0xF9A7,
  0xF947, 0xFB0A, 0xFE53, 0xFE12, 0xFE12, 0xFE53, 0x92E7, 0x4923, 0x4964, 0x4944, 0x4944, 0x4944,
  0x4944, 0x4964, 0x4944, 0x4943, 0x38E2, 0x30A1, 0x0000, 0x5000, 0x0000, 0x0000, 0x0000, 0x0000,
  0x0000, 0x0000, 0x0000, 0x0000, 0x0000, 0x0000, 0x0000, 0x0000, 0x2860, 0x30A2, 0x4944, 0x4964,
  0x4944, 0x4944, 0x4944, 0x4944, 0x4944, 0x4964, 0x3903, 0x82E9, 0xFE94, 0xF612, 0xFE12, 0xFE12,
  0xFE32, 0xFE32, 0xFE32, 0xFE32, 0xFE32, 0xFE32, 0xFE32, 0xFE53, 0xFE53, 0xFE12, 0xFDF2, 0xF9E8,
  0xFA08, 0xFA8A, 0xFA49, 0xFB0B, 0xFE12, 0xFDF2, 0xFE94, 0xBC2B, 0x4102, 0x5185, 0x4964, 0x4944,
  0x4144, 0x4944, 0x4944, 0x4944, 0x4964, 0x4123, 0x2881, 0x0000, 0x3800, 0x0000, 0x0000, 0x0000,
  0x0000, 0x0000, 0x0000, 0x0000, 0x0000, 0x0000, 0x0000, 0x0000, 0x0000, 0x2000, 0x2881, 0x4923,
  0x4944, 0x4944, 0x4944, 0x4944, 0x4944, 0x4944, 0x4944, 0x4964, 0x3903, 0x9BAB, 0xFE94, 0xF612,
  0xFE32, 0xFE32, 0xFE32, 0xFE12, 0xFE12, 0xFE32, 0xFE32, 0xFE32, 0xFE33, 0xFE32, 0xFE32, 0xFE33,
  0xFE12, 0xFA49, 0xFA29, 0xFA29, 0xFAAA, 0xFCCF, 0xFE53, 0xFE73, 0xBC2B, 0x5942, 0x28C2, 0x38E2,
  0x4944, 0x5164, 0x4964, 0x4123, 0x4943, 0x5963, 0x4123, 0x3903, 0x3923, 0x0000, 0x3800, 0x0000,
  0x0000, 0x0000, 0x0000, 0x0000, 0x0000, 0x0000, 0x0000, 0x0000, 0x0000, 0x0000, 0x0000, 0x2881,
  0x3903, 0x4944, 0x4944, 0x4944, 0x4944, 0x4944, 0x4944, 0x4944, 0x4944, 0x4964, 0x4103, 0x7AC8,
  0xFEB4, 0xFE12, 0xFE12, 0xFE32, 0xFE73, 0xFE73, 0xFE53, 0xFE12, 0xFE32, 0xFE32, 0xFE33, 0xFE32,
  0xFE32, 0xFE32, 0xFE73, 0xFD10, 0xFACA, 0xFC0D, 0xFE13, 0xFE95, 0xED8F, 0x9B48, 0x4900, 0x0000,
  0x0000, 0x3184, 0x38E2, 0x4123, 0x4123, 0x4122, 0xCCAD, 0xE590, 0x5162, 0x1820, 0x0000, 0x0000,
  0x0000, 0x0000, 0x0000, 0x0000, 0x0000, 0x0000, 0x0000, 0x0000, 0x0000, 0x0000, 0x0000, 0x0000,
  0x0000, 0x28A1, 0x4944, 0x4944, 0x4944, 0x4944, 0x4944, 0x4944, 0x4944, 0x4944, 0x4944, 0x4944,
  0x4944, 0x4103, 0xAC0C, 0xFE73, 0xFE94, 0xFEB4, 0xCD0F, 0x8B08, 0xF612, 0xFEB4, 0xFE53, 0xFE33,
  0xFE12, 0xFE12, 0xFE32, 0xFE33, 0xFE12, 0xFE73, 0xFE73, 0xFE93, 0xF672, 0xCCAD, 0xA40D, 0xA492,
  0x9C92, 0x730B, 0x4185, 0x0000, 0x0000, 0xFFFF, 0x38C1, 0x9B48, 0xFE94, 0xFE33, 0x8A85, 0x8AA5,
  0xA368, 0x8AA6, 0x40E1, 0x0000, 0x0000, 0x0000, 0x0000, 0x0000, 0x0000, 0x0000, 0x0000, 0x0000,
  0x0000, 0x0000, 0x0000, 0x30A2, 0x4944, 0x4944, 0x4944, 0x4944, 0x4944, 0x4944, 0x4944, 0x4944,
  0x4944, 0x4964, 0x4103, 0x30A1, 0x2881, 0x6226, 0x936A, 0x82E9, 0x4144, 0x4103, 0x7205, 0xBC0B,
  0xE52E, 0xF5D0, 0xFE73, 0xFE94, 0xFE73, 0xFE73, 0xFE53, 0xEDD1, 0xDD90, 0xBC4B, 0xB988, 0xDCB4,
  0xFFFF, 0xFFFF, 0xFFFF, 0xEF5D, 0xBD96, 0x83AE, 0x49A6, 0x0000, 0x5120, 0xE56F, 0xFE73, 0xF5F1,
  0xE570, 0xFE53, 0xFEB3, 0xC44B, 0x2860, 0x0000, 0x0000, 0x0000, 0x0000, 0x0000, 0x0000, 0x0000,
  0x0000, 0x0000, 0x0000, 0x0000, 0x0000, 0x30A2, 0x4944, 0x4944, 0x4944, 0x4944, 0x4944, 0x4944,
  0x4944, 0x4944, 0x4964, 0x4944, 0x38C2, 0x0000, 0x6186, 0x1000, 0x2040, 0x30A1, 0x30E2, 0x4143,
  0x4124, 0x4165, 0x832B, 0xB48F, 0xBB8C, 0xCB8C, 0xC3AB, 0xC38B, 0xC38B, 0xBC0B, 0xC38A, 0xD96B,
  0xF911, 0xFEDE, 0xFFFF, 0xF79E, 0xFFFF, 0xFFFF, 0xFFFF, 0xBD75, 0x9349, 0xABEA, 0xBC2B, 0xF5D1,
  0xFE33, 0xFE33, 0xFE53, 0xFE53, 0xD4EE, 0x7A45, 0x5982, 0x0000, 0x0000, 0x0000, 0x0000, 0x0000,
  0x0000, 0x0000, 0x0000, 0x0000, 0x0000, 0x0000, 0x0000, 0x2881, 0x38E2, 0x4123, 0x4944, 0x4944,
  0x4944, 0x4944, 0x4944, 0x4964, 0x4964, 0x30C2, 0x30C2, 0x0000, 0x0000, 0x0000, 0x0000, 0x0000,
  0x1000, 0x6ACA, 0xA4F3, 0xDEBB, 0xF7DF, 0xFFFF, 0xEDD9, 0xE08B, 0xE8CD, 0xE98E, 0xF9F0, 0xF1EF,
  0xFA71, 0xFA12, 0xFDFB, 0xFFFF, 0xFFFF, 0xEF5D, 0xE6FB, 0xFFFF, 0xDF1C, 0xC510, 0xFE73, 0xFE74,
  0xFE52, 0xFE12, 0xFE33, 0xFE32, 0xFE12, 0xFE12, 0xF5F2, 0xFEB5, 0x9B48, 0x0800, 0x0000, 0x0000,
  0x0000, 0x0000, 0x0000, 0x0000, 0x0000, 0x0000, 0x0000, 0x0000, 0x0000, 0x0000, 0x2060, 0x28A1,
  0x4944, 0x4944, 0x4944, 0x4964, 0x4964, 0x4944, 0x30C2, 0x2861, 0x4900, 0x5101, 0x1800, 0x0000,
  0x0000, 0x4AEF, 0x83AF, 0xD699, 0xFFFF, 0xFFFF, 0xFFFF, 0xFFDF, 0xFFFF, 0xECF7, 0xF16F, 0xF1AF,
  0xEAD1, 0xFE3C, 0xFF9F, 0xFF3D, 0xFF1D, 0xFC77, 0xFEBC, 0xFFFF, 0xCE18, 0xFFDF, 0xD659, 0xEDD2,
  0xFE32, 0xFDF2, 0xFE12, 0xFE33, 0xFE32, 0xFE32, 0xFE12, 0xFE12, 0xED90, 0xB3EA, 0x69E3, 0x1000,
  0x0000, 0x0000, 0x0000, 0x0000, 0x0000, 0x0000, 0x0000, 0x0000, 0x0000, 0x0000, 0x0000, 0x3000,
  0x0000, 0x2061, 0x30C2, 0x4123, 0x4943, 0x4123, 0x38E2, 0x30A1, 0x3903, 0x0005, 0x92E7, 0xED90,
  0x9B68, 0x7A23, 0x6161, 0x7245, 0xB4D1, 0xEF7E, 0xFFFF, 0xFFBF, 0xFFDF, 0xFFDF, 0xFFDF, 0xFFFF,
  0xE3B3, 0xF8CE, 0xE9AF, 0xF73C, 0xFFFF, 0xFB95, 0xFAB4, 0xFA93, 0xFD39, 0xFFFF, 0xCE18, 0xCE99,
  0xDED8, 0xFE53, 0xFE12, 0xFE12, 0xFE12, 0xFE33, 0xFE94, 0xFE74, 0xFE53, 0xFE53, 0xFE11, 0x9B27,
  0x3020, 0x0000, 0x0000, 0x0000, 0x0000, 0x0000, 0x0000, 0x0000, 0x0000, 0x0000, 0x0000, 0x0000,
  0x0000, 0x0000, 0x0000, 0x0000, 0x2040, 0x28A1, 0x30A1, 0x30A1, 0x2881, 0x0000, 0x0000, 0x1000,
  0x7A65, 0xFE52, 0xFE52, 0xF612, 0xCC8C, 0xE50D, 0xFE32, 0xBD12, 0xE73C, 0xFFFF, 0xFFDF, 0xFFDF,
  0xFFFF, 0xFFFF, 0xF77E, 0xE1EF, 0xF950, 0xEAF1, 0xF7BE, 0xFD39, 0xFAD4, 0xFAD4, 0xFE7C, 0xFFFF,
  0xDE9A, 0xCB51, 0xE331, 0xF5B2, 0xFE94, 0xFE53, 0xFE73, 0xF5F1, 0xDD0E, 0xEDD1, 0xF5F1, 0xF5F1,
  0xF5D1, 0x9B48, 0x3060, 0x001F, 0x0000, 0x0000, 0x0000, 0x0000, 0x0000, 0x0000, 0x0000, 0x0000,
  0x0000, 0x0000, 0x0000, 0x0000, 0x0000, 0x0000, 0x0000, 0x0000, 0x0000, 0x0000, 0x0000, 0x40A0,
  0x8264, 0xABA9, 0xBC0A, 0xED90, 0xFE33, 0xFE53, 0xFE73, 0xFE33, 0xFE74, 0xF5F2, 0xB533, 0xFFDF,
  0xFFDF, 0xFFFF, 0xF7BE, 0xF79E, 0xFFFF, 0xEE5A, 0xE9CF, 0xF98F, 0xE3D4, 0xFFFF, 0xFF1D, 0xFEFD,
  0xFFFF, 0xFF1D, 0xEB73, 0xF96F, 0xF9B1, 0xD1AD, 0xE571, 0xDD6F, 0xA389, 0x7224, 0x5121, 0x61A2,
  0x69E3, 0x69E3, 0x5962, 0x2820, 0x0000, 0x0000, 0x0000, 0x0000, 0x0000, 0x0000, 0x0000, 0x0000,
  0x0000, 0x0000, 0x0000, 0x0000, 0x0000, 0x0000, 0x0000, 0x0000, 0x0000, 0x3800, 0x3800, 0x38E0,
  0x000F, 0x40C0, 0xD4AC, 0xFE93, 0xFE32, 0xFE33, 0xFE32, 0xFE12, 0xFE12, 0xFE33, 0xFE33, 0xFE53,
  0xC531, 0xE71C, 0xFFFF, 0xEF3C, 0xC5F7, 0xFFBE, 0xFFDF, 0xFFFF, 0xE4D6, 0xF12E, 0xF16F, 0xED98,
  0xFFFF, 0xF5FA, 0xF2F2, 0xF1AF, 0xF92F, 0xF12E, 0xF92F, 0xF0EE, 0xC0CA, 0x6984, 0x0000, 0x0000,
  0x0000, 0x0000, 0x0000, 0x0000, 0x0000, 0x0000, 0x0000, 0x0000, 0x0000, 0x0000, 0x0000, 0x0000,
  0x0000, 0x0000, 0x0000, 0x0000, 0x0000, 0x0000, 0x0000, 0x0000, 0x0000, 0x0000, 0x0000, 0x0000,
  0x0000, 0x0000, 0x0000, 0x2082, 0x69A2, 0xBBE9, 0xF5D1, 0xFE33, 0xFE32, 0xFE33, 0xFE33, 0xFE32,
  0xFE73, 0xFED4, 0xE5F2, 0xDEFB, 0xE71B, 0xA4B2, 0xF77D, 0xFFFF, 0xFFBE, 0xFFBF, 0xFFFF, 0xE352,
  0xF90E, 0xF18F, 0xF6BB, 0xF2B1, 0xF96F, 0xF14F, 0xF10E, 0xEA10, 0xF313, 0xF69B, 0xFCB8, 0xC008,
  0x8A09, 0x0000, 0x7945, 0x79E7, 0xAAAA, 0xAAAA, 0x79E7, 0x5000, 0x0000, 0x0000, 0x0000, 0x0000,
  0x0000, 0x0000, 0x0000, 0x0000, 0x0000, 0x0000, 0x0000, 0x0000, 0x0000, 0x0000, 0x0000, 0x0000,
  0x0000, 0x0000, 0x0000, 0x52A0, 0x0000, 0x3880, 0xB3EA, 0xFE94, 0xFE74, 0xFE32, 0xFE12, 0xFE32,
  0xFE33, 0xFE73, 0xF612, 0xBC6C, 0x8B6B, 0x9CB2, 0x82AB, 0xCA6F, 0xF71D, 0xFFFF, 0xFFFF, 0xFFFF,
  0xFFFF, 0xF7DE, 0xE250, 0xF8CF, 0xF2D2, 0xF455, 0xF96F, 0xF90E, 0xEC35, 0xFFDF, 0xFD39, 0xFDBA,
  0xFFFF, 0xFB74, 0xA006, 0x2A22, 0x7800, 0xF800, 0x0000, 0x0000, 0x0000, 0x0000, 0x0000, 0x0000,
  0x0000, 0x0000, 0x0000, 0x0000, 0x0000, 0x0000, 0x0000, 0x0000, 0x0000, 0x0000, 0x0000, 0x0000,
  0x0000, 0x0000, 0x0000, 0x0000, 0x0000, 0x52A0, 0x0000, 0x3880, 0xABEA, 0xE5B1, 0xD4EE, 0xF612,
  0xFE12, 0xFE74, 0xFE94, 0xA389, 0x69E4, 0x3880, 0x5208, 0x58C4, 0xC08A, 0xF16F, 0xD96E, 0xD26F,
  0xDBD3, 0xE4B5, 0xDC95, 0xE475, 0xD2B0, 0xE8ED, 0xFAB2, 0xFFDF, 0xF436, 0xF476, 0xFF7E, 0xFA72,
  0xF9B0, 0xFB53, 0xFF5E, 0xFFBF, 0xE14E, 0x6803, 0x0000, 0xA80A, 0x0000, 0x0000, 0x0000, 0x0000,
  0x0000, 0x0000, 0x0000, 0x0000, 0x0000, 0x0000, 0x0000, 0x0000, 0x0000, 0x0000, 0x0000, 0x0000,
  0x0000, 0x0000, 0x0000, 0x0000, 0x0000, 0x0000, 0x0000, 0x0000, 0x0000, 0x0000, 0x40A0, 0x61A1,
  0xDD2E, 0xFEB5, 0xFE53, 0xF612, 0x9328, 0x2820, 0x0000, 0x0000, 0x7800, 0xB048, 0xF9B0, 0xF9F1,
  0xF98F, 0xF90E, 0xF16E, 0xF14E, 0xF10D, 0xF0AD, 0xF16F, 0xD0AB, 0xF970, 0xFF3D, 0xFFFF, 0xFFFF,
  0xFFBF, 0xFB94, 0xFFFF, 0xFCF7, 0xFBD5, 0xFFFF, 0xFCB8, 0xA807, 0x5104, 0x0000, 0x7800, 0x0000,
  0x0000, 0x0000, 0x0000, 0x0000, 0x0000, 0x0000, 0x0000, 0x0000, 0x0000, 0x0000, 0x0000, 0x0000,
  0x0000, 0x0000, 0x0000, 0x0000, 0x0000, 0x0000, 0x0000, 0x0000, 0x0000, 0x0000, 0x0000, 0x6180,
  0x0000, 0x5962, 0xCCAD, 0xDD0E, 0x9307, 0x69C3, 0x2840, 0x0000, 0xF9EF, 0x1000, 0xA047, 0xF96F,
  0xF9B0, 0xF98F, 0xF94E, 0xF98F, 0xFA11, 0xF9F0, 0xF9F1, 0xF96F, 0xF990, 0xE14E, 0xE06C, 0xFC97,
  0xFFFF, 0xFFBF, 0xFFFF, 0xFBD5, 0xFD79, 0xFAF3, 0xFB33, 0xFFFF, 0xFE5B, 0xD80A, 0x6844, 0x0000,
  0x9806, 0xA80A, 0x7807, 0x7807, 0xF800, 0x0000, 0x0000, 0x0000, 0x0000, 0x0000, 0x0000, 0x0000,
  0x0000, 0x0000, 0x0000, 0x0000, 0x0000, 0x0000, 0x0000, 0x0000, 0x0000, 0x0000, 0x0000, 0x0000,
  0x0000, 0x0000, 0x52A0, 0x1800, 0x40E0, 0x4900, 0x1800, 0x0000, 0x0000, 0x9806, 0x0000, 0x9026,
  0xF16E, 0xF9B0, 0xF98F, 0xF98F, 0xF90E, 0xF990, 0xF9D0, 0xF9D0, 0xF9F0, 0xF990, 0xF94E, 0xF9D0,
  0xD8CC, 0xF96F, 0xFF3D, 0xFFFF, 0xFE7B, 0xF80A, 0xFBF5, 0xFF7E, 0xFFBF, 0xFFFF, 0xFAD3, 0xB007,
  0x5884, 0xA80A, 0x0000, 0x0000, 0x0000, 0x0000, 0x0000, 0xF800, 0x0000, 0x0000, 0x0000, 0x0000,
  0x0000, 0x0000, 0x0000, 0x0000, 0x0000, 0x0000, 0x0000, 0x0000, 0x0000, 0x0000, 0x0000, 0x0000,
  0x0000, 0x0000, 0x0000, 0x0000, 0x0000, 0x0000, 0x0000, 0x0000, 0x0000, 0xFFE0, 0x5005, 0x0000,
  0x7804, 0xD90C, 0xF9D0, 0xF98F, 0xF98F, 0xF98F, 0xF92E, 0xF9B0, 0xF9D0, 0xF9D0, 0xF9D0, 0xF9B0,
  0xF12E, 0xF9D0, 0xE94D, 0xE04B, 0xFC36, 0xFFFF, 0xFFBF, 0xFDDA, 0xFFDF, 0xFFFF, 0xFE9C, 0xFA93,
  0xC829, 0x6845, 0x0000, 0x0000, 0x0861, 0x7802, 0x9004, 0x7004, 0x6946, 0x0000, 0x0000, 0x0000,
  0x0000, 0x0000, 0x0000, 0x0000, 0x0000, 0x0000, 0x0000, 0x0000, 0x0000, 0x0000, 0x0000, 0x0000,
  0x0000, 0x0000, 0x0000, 0x0000, 0x0000, 0x0000, 0x0000, 0x0000, 0x39E0, 0x39E0, 0x7800, 0x7800,
  0x0000, 0x3800, 0xB089, 0xF9B0, 0xF98F, 0xF98F, 0xF9AF, 0xF96F, 0xF94E, 0xF9D0, 0xF9B0, 0xF9D0,
  0xF9D0, 0xF9D0, 0xF92E, 0xF990, 0xF9D1, 0xE90D, 0xF96F, 0xFD39, 0xFF9E, 0xFF7E, 0xFDDA, 0xFAF4,
  0xE82B, 0xC88A, 0x8005, 0x0000, 0x3041, 0x7805, 0xA807, 0xE2F1, 0xEC96, 0xD9AE, 0x9006, 0x60A5,
  0x0000, 0x0000, 0x0000, 0x0000, 0x0000, 0x0000, 0x0000, 0x0000, 0x0000, 0x0000, 0x0000, 0x0000,
  0x0000, 0x0000, 0x0000, 0x0000, 0x0000, 0x0000, 0x0000, 0x0000, 0x0000, 0x0000, 0x0000, 0x0000,
  0x0000, 0x780F, 0x0000, 0x9047, 0xF9B0, 0xF9B0, 0xF98F, 0xF98F, 0xF9B0, 0xF94E, 0xF94F, 0xF9D0,
  0xF9B0, 0xF9D0, 0xF9F1, 0xF970, 0xE0CC, 0xD10B, 0xD9CD, 0xD98D, 0xD08A, 0xE8CD, 0xF950, 0xE8AE,
  0xD80A, 0xD069, 0xD413, 0xED18, 0xE4B6, 0xB12A, 0xB889, 0xE0CD, 0xFAB2, 0xFFFF, 0xFFDF, 0xFEBD,
  0xEA30, 0x8004, 0x0000, 0x0000, 0x0000, 0x0000, 0x0000, 0x0000, 0x0000, 0x0000, 0x0000, 0x0000,
  0x0000, 0x0000, 0x0000, 0x0000, 0x0000, 0x0000, 0x0000, 0x0000, 0x0000, 0x0000, 0x0000, 0x0000,
  0x0000, 0x0000, 0x0000, 0x7800, 0x0000, 0x8846, 0xD90C, 0xF9D0, 0xF9F1, 0xF9B0, 0xF9B0, 0xF92E,
  0xF94F, 0xF9F0, 0xF9D0, 0xF14F, 0xD10C, 0xCA4C, 0xDC0D, 0xE4EE, 0xF590, 0xE50E, 0xC109, 0xD88B,
  0xB949, 0xCB2C, 0xD3EC, 0xEEF8, 0xFF3F, 0xFC17, 0xFFFF, 0xFAD3, 0xFB95, 0xFA92, 0xF4D7, 0xFFFF,
  0xFD99, 0xFEFD, 0xF96F, 0x9805, 0x0000, 0x0000, 0x0000, 0x0000, 0x0000, 0x0000, 0x0000, 0x0000,
  0x0000, 0x0000, 0x0000, 0x0000, 0x0000, 0x0000, 0x0000, 0x0000, 0x0000, 0x0000, 0x0000, 0x0000,
  0x0000, 0x0000, 0x0000, 0x0000, 0x0000, 0x0000, 0xF800, 0x0000, 0x7803, 0xA888, 0xD92C, 0xF16F,
  0xF9B0, 0xF92F, 0xF94F, 0xF9AF, 0xD96D, 0xC22B, 0xDC8D, 0xFE31, 0xFE73, 0xFE53, 0xFE33, 0xFE94,
  0xB38B, 0x7944, 0xDD8F, 0xFF76, 0xFFBA, 0xFF5E, 0xFBB6, 0xFE3C, 0xFEDC, 0xF92E, 0xFB33, 0xF12E,
  0xFC36, 0xFF5E, 0xFE7C, 0xFD99, 0xE80A, 0x8025, 0x0000, 0x0000, 0x0000, 0x0000, 0x0000, 0x0000,
  0x0000, 0x0000, 0x0000, 0x0000, 0x0000, 0x0000, 0x0000, 0x0000, 0x0000, 0x0000, 0x0000, 0x0000,
  0x0000, 0x0000, 0x0000, 0x0000, 0x0000, 0x0000, 0x0000, 0x0000, 0x0000, 0xF81F, 0x0000, 0x3000,
  0x8004, 0x9006, 0xA068, 0xA868, 0xA088, 0x8025, 0xAB29, 0xFE93, 0xFE52, 0xFE12, 0xFE12, 0xFE33,
  0xFE12, 0xFE32, 0xDD2E, 0x5142, 0x7A05, 0xBCB2, 0xFE1D, 0xFC38, 0xFDFB, 0xFFFF, 0xFC16, 0xF80B,
  0xF8AD, 0xF8AD, 0xF88C, 0xFC97, 0xFFBF, 0xF96F, 0xD829, 0x6823, 0x0000, 0x0000, 0x0000, 0x0000,
  0x0000, 0x0000, 0x0000, 0x0000, 0x0000, 0x0000, 0x0000, 0x0000, 0x0000, 0x0000, 0x0000, 0x0000,
  0x0000, 0x0000, 0x0000, 0x0000, 0x0000, 0x0000, 0x0000, 0x0000, 0x0000, 0x0000, 0x0000, 0x0000,
  0xA80A, 0x0000, 0x0000, 0x0000, 0x0000, 0x0000, 0x0000, 0x0000, 0x7A24, 0xF5F1, 0xFE53, 0xFE12,
  0xFE12, 0xFE32, 0xFE74, 0xFF18, 0xFFBC, 0x9A6B, 0x0000, 0x4800, 0x98C8, 0xF518, 0xFFFF, 0xFD59,
  0xF8AD, 0xF86C, 0xF8AD, 0xF86C, 0xF98F, 0xFF9E, 0xF313, 0xF80B, 0x9847, 0x5042, 0x0000, 0x0000,
  0x0000, 0x0000, 0x0000, 0x0000, 0x0000, 0x0000, 0x0000, 0x0000, 0x0000, 0x0000, 0x0000, 0x0000,
  0x0000, 0x0000, 0x0000, 0x0000, 0x0000, 0x0000, 0x0000, 0x0000, 0x0000, 0x0000, 0x0000, 0x0000,
  0x0000, 0x0000, 0x0000, 0xF800, 0x7807, 0xA80A, 0xF81F, 0x0000, 0xFBE0, 0xFFFF, 0x3800, 0xA389,
  0xFE93, 0xFE32, 0xFEF7, 0xFFDC, 0xFFDF, 0xFEBD, 0xFDFC, 0xDAB1, 0x8004, 0x0000, 0x1800, 0x9109,
  0xD9CF, 0xF86D, 0xF88C, 0xF8AD, 0xF82B, 0xF8CD, 0xFF5E, 0xFCB7, 0xF80A, 0xC029, 0x7025, 0x0000,
  0x0000, 0x0000, 0x0000, 0x0000, 0x0000, 0x0000, 0x0000, 0x0000, 0x0000, 0x0000, 0x0000, 0x0000,
  0x0000, 0x0000, 0x0000, 0x0000, 0x0000, 0x0000, 0x0000, 0x0000, 0x0000, 0x0000, 0x0000, 0x0000,
  0x0000, 0x0000, 0x0000, 0x0000, 0x0000, 0x0000, 0x0000, 0x0000, 0x0000, 0x0000, 0x0000, 0x52A0,
  0x0000, 0x5142, 0xE5F2, 0xFFFD, 0xFFBF, 0xFE1C, 0xFCB8, 0xFC57, 0xFDBA, 0xF5DA, 0x88C8, 0x0000,
  0x0000, 0x0000, 0x7804, 0xB849, 0xF88D, 0xF80B, 0xF8CD, 0xFEBD, 0xFCD7, 0xF80C, 0xD02A, 0x7805,
  0x0000, 0x7807, 0x0000, 0x0000, 0x0000, 0x0000, 0x0000, 0x0000, 0x0000, 0x0000, 0x0000, 0x0000,
  0x0000, 0x0000, 0x0000, 0x0000, 0x0000, 0x0000, 0x0000, 0x0000, 0x0000, 0x0000, 0x0000, 0x0000,
  0x0000, 0x0000, 0x0000, 0x0000, 0x0000, 0x0000, 0x0000, 0x0000, 0x0000, 0x0000, 0x0000, 0x0000,
  0x0000, 0x7800, 0x07FF, 0x3800, 0xBB71, 0xFE9D, 0xFC17, 0xFC37, 0xFE3B, 0xFF7E, 0xFFFF, 0xFFBF,
  0xB92B, 0x6803, 0x50E5, 0x6000, 0x0000, 0x5844, 0xC829, 0xFAB2, 0xFF1D, 0xFC16, 0xF80B, 0xD02A,
  0x8025, 0x0000, 0xA80A, 0x0000, 0x0000, 0x0000, 0x0000, 0x0000, 0x0000, 0x0000, 0x0000, 0x0000,
  0x0000, 0x0000, 0x0000, 0x0000, 0x0000, 0x0000, 0x0000, 0x0000, 0x0000, 0x0000, 0x0000, 0x0000,
  0x0000, 0x0000, 0x0000, 0x0000, 0x0000, 0x0000, 0x0000, 0x0000, 0x0000, 0x0000, 0x0000, 0x0000,
  0x0000, 0x0000, 0x0000, 0x0000, 0xF80F, 0x0000, 0x9868, 0xFBF6, 0xFE5C, 0xFFBF, 0xFFFF, 0xFFFF,
  0xFE5B, 0xFA71, 0xFA11, 0xD92D, 0xB008, 0xC1CD, 0xC1ED, 0x9847, 0x8025, 0xDC35, 0xFAD3, 0xF80A,
  0xC029, 0x7825, 0x0000, 0xF80F, 0xF800, 0x0000, 0x0000, 0x0000, 0x0000, 0x0000, 0x0000, 0x0000,
  0x0000, 0x0000, 0x0000, 0x0000, 0x0000, 0x0000, 0x0000, 0x0000, 0x0000, 0x0000, 0x0000, 0x0000,
  0x0000, 0x0000, 0x0000, 0x0000, 0x0000, 0x0000, 0x0000, 0x0000, 0x0000, 0x0000, 0x0000, 0x0000,
  0x0000, 0x0000, 0x0000, 0x0000, 0x0000, 0x0000, 0xA80A, 0x0000, 0x5000, 0xCBB3, 0xFFFF, 0xFFFF,
  0xFF9E, 0xFCB7, 0xF86C, 0xFA51, 0xFC77, 0xFA52, 0xFC36, 0xFFFF, 0xFFFF, 0xFBB4, 0x9806, 0x8805,
  0xB808, 0xA027, 0x7025, 0x0000, 0xF800, 0x0000, 0x0000, 0x0000, 0x0000, 0x0000, 0x0000, 0x0000,
  0x0000, 0x0000, 0x0000, 0x0000, 0x0000, 0x0000, 0x0000, 0x0000, 0x0000, 0x0000, 0x0000, 0x0000,
  0x0000, 0x0000, 0x0000, 0x0000, 0x0000, 0x0000, 0x0000, 0x0000, 0x0000, 0x0000, 0x0000, 0x0000,
  0x0000, 0x0000, 0x0000, 0x0000, 0x0000, 0x0000, 0x0000, 0x0000, 0x0000, 0xFFFF, 0x0180, 0x98E9,
  0xFCB8, 0xFB74, 0xF98F, 0xF84C, 0xF88C, 0xF8AD, 0xF98F, 0xFA51, 0xFFFF, 0xFEDC, 0xFDB9, 0xFF1D,
  0xD94D, 0x7043, 0x5126, 0x0000, 0x0000, 0x780F, 0x0000, 0x0000, 0x0000, 0x0000, 0x0000, 0x0000,
  0x0000, 0x0000, 0x0000, 0x0000, 0x0000, 0x0000, 0x0000, 0x0000, 0x0000, 0x0000, 0x0000, 0x0000,
  0x0000, 0x0000, 0x0000, 0x0000, 0x0000, 0x0000, 0x0000, 0x0000, 0x0000, 0x0000, 0x0000, 0x0000,
  0x0000, 0x0000, 0x0000, 0x0000, 0x0000, 0x0000, 0x0000, 0x0000, 0x0000, 0x0000, 0x0000, 0x7807,
  0x0000, 0x8025, 0xE80A, 0xF80B, 0xF84C, 0xF8CD, 0xF8CD, 0xF8AC, 0xF80A, 0xF94E, 0xFDDA, 0xFDBA,
  0xFEDC, 0xFC98, 0xD049, 0x6824, 0x0000, 0xF80F, 0xA80A, 0x0000, 0x0000, 0x0000, 0x0000, 0x0000,
  0x0000, 0x0000, 0x0000, 0x0000, 0x0000, 0x0000, 0x0000, 0x0000, 0x0000, 0x0000, 0x0000, 0x0000,
  0x0000, 0x0000, 0x0000, 0x0000, 0x0000, 0x0000, 0x0000, 0x0000, 0x0000, 0x0000, 0x0000, 0x0000,
  0x0000, 0x0000, 0x0000, 0x0000, 0x0000, 0x0000, 0x0000, 0x0000, 0x0000, 0x0000, 0x0000, 0x0000,
  0x0000, 0x7800, 0x0000, 0x5023, 0xB848, 0xF8AD, 0xF86C, 0xF82B, 0xF80B, 0xF88C, 0xFA92, 0xFDDA,
  0xFF1D, 0xFD59, 0xF9B0, 0xE009, 0x8005, 0x2120, 0x7807, 0x0000, 0x0000, 0x0000, 0x0000, 0x0000,
  0x0000, 0x0000, 0x0000, 0x0000, 0x0000, 0x0000, 0x0000, 0x0000, 0x0000, 0x0000, 0x0000, 0x0000,
  0x0000, 0x0000, 0x0000, 0x0000, 0x0000, 0x0000, 0x0000, 0x0000, 0x0000, 0x0000, 0x0000, 0x0000,
  0x0000, 0x0000, 0x0000, 0x0000, 0x0000, 0x0000, 0x0000, 0x0000, 0x0000, 0x0000, 0x0000, 0x0000,
  0x0000, 0x0000, 0x0000, 0x0000, 0xF80F, 0x0000, 0x9826, 0xF88C, 0xF88C, 0xF9D0, 0xFC77, 0xFEFD,
  0xFF1D, 0xFCB7, 0xF990, 0xF80B, 0xC008, 0x8046, 0x2082, 0x0000, 0xF800, 0x0000, 0x0000, 0x0000,
  0x0000, 0x0000, 0x0000, 0x0000, 0x0000, 0x0000, 0x0000, 0x0000, 0x0000, 0x0000, 0x0000, 0x0000,
  0x0000, 0x0000, 0x0000, 0x0000, 0x0000, 0x0000, 0x0000, 0x0000, 0x0000, 0x0000, 0x0000, 0x0000,
  0x0000, 0x0000, 0x0000, 0x0000, 0x0000, 0x0000, 0x0000, 0x0000, 0x0000, 0x0000, 0x0000, 0x0000,
  0x0000, 0x0000, 0x0000, 0x0000, 0x0000, 0x0000, 0x7807, 0x0000, 0x7003, 0xE270, 0xFEDD, 0xFEFD,
  0xFDBA, 0xFAD3, 0xF86C, 0xE809, 0xC008, 0x9847, 0x6885, 0x0000, 0x0000, 0x0000, 0x0000, 0x0000,
  0x0000, 0x0000, 0x0000, 0x0000, 0x0000, 0x0000, 0x0000, 0x0000, 0x0000, 0x0000, 0x0000, 0x0000,
  0x0000, 0x0000, 0x0000, 0x0000, 0x0000, 0x0000, 0x0000, 0x0000, 0x0000, 0x0000, 0x0000, 0x0000,
  0x0000, 0x0000, 0x0000, 0x0000, 0x0000, 0x0000, 0x0000, 0x0000, 0x0000, 0x0000, 0x0000, 0x0000,
  0x0000, 0x0000, 0x0000, 0x0000, 0x0000, 0x0000, 0x0000, 0x0000, 0x7800, 0x07E0, 0x3800, 0xA0A8,
  0xF9F0, 0xF08C, 0xE809, 0xD009, 0xA808, 0x8046, 0x6065, 0x0000, 0x0000, 0x7800, 0x0000, 0x0000,
  0x0000, 0x0000, 0x0000, 0x0000, 0x0000, 0x0000, 0x0000, 0x0000, 0x0000, 0x0000, 0x0000, 0x0000,
  0x0000, 0x0000, 0x0000, 0x0000, 0x0000, 0x0000, 0x0000, 0x0000, 0x0000, 0x0000, 0x0000, 0x0000,
  0x0000, 0x0000, 0x0000, 0x0000, 0x0000, 0x0000, 0x0000, 0x0000, 0x0000, 0x0000, 0x0000, 0x0000,
  0x0000, 0x0000, 0x0000, 0x0000, 0x0000, 0x0000, 0x0000, 0x0000, 0x0000, 0x0000, 0x0000, 0x7800,
  0x0000, 0x7003, 0x9005, 0x9806, 0x8846, 0x7866, 0x28A4, 0x0000, 0x0000, 0xF80F, 0x500A, 0x0000,
  0x0000, 0x0000, 0x0000, 0x0000, 0x0000, 0x0000, 0x0000, 0x0000, 0x0000, 0x0000, 0x0000, 0x0000,
  0x0000, 0x0000, 0x0000, 0x0000, 0x0000, 0x0000, 0x0000, 0x0000, 0x0000, 0x0000, 0x0000, 0x0000,
  0x0000, 0x0000, 0x0000, 0x0000, 0x0000, 0x0000, 0x0000, 0x0000, 0x0000, 0x0000, 0x0000, 0x0000,
  0x0000, 0x0000, 0x0000, 0x0000, 0x0000, 0x0000, 0x0000, 0x0000, 0x0000, 0x0000, 0x0000, 0x0000,
  0x0000, 0x0000, 0x0000, 0x0000, 0x0000, 0x0000, 0x0000, 0x0000, 0x0000, 0x0000, 0x0000, 0x0000,
  0x0000, 0x0000, 0x0000, 0x0000, 0x0000, 0x0000, 0x0000, 0x0000, 0x0000, 0x0000, 0x0000, 0x0000,
  0x0000, 0x0000, 0x0000, 0x0000, 0x0000, 0x0000,
};
const uint8_t V54_PINK_JUMP_1_MASK[] PROGMEM = {
  0x00, 0x00, 0x00, 0x00, 0x00, 0x00, 0x00, 0x00, 0x00, 0x00, 0x00, 0x7F, 0xF0, 0x00, 0x00, 0x00, 0x00, 0x18, 0x01, 0xFF,
  0xFC, 0x06, 0x00, 0x00, 0x00, 0x3C, 0x07, 0xFF, 0xFF, 0x1F, 0x00, 0x00, 0x00, 0x3E, 0x0F, 0xFF, 0xFF, 0xBF, 0x80, 0x00,
  0x00, 0x3E, 0x1F, 0xFF, 0xFF, 0xFF, 0x80, 0x00, 0x00, 0x1F, 0x3F, 0xFF, 0xFF, 0xFF, 0xC0, 0x00, 0x00, 0x0F, 0x7F, 0xFF,
  0xFF, 0xFF, 0xC0, 0x00, 0x00, 0x03, 0xFF, 0xFF, 0xFF, 0xFF, 0xC0, 0x00, 0x00, 0xF1, 0xFF, 0xFF, 0xFF, 0xFF, 0x80, 0x00,
  0x01, 0xF9, 0xFF, 0xFF, 0xFF, 0xFF, 0x80, 0x00, 0x01, 0xFF, 0xFF, 0xFF, 0xFF, 0xFF, 0x80, 0x00, 0x00, 0xFF, 0xFF, 0xFF,
  0xFF, 0xFF, 0x00, 0x00, 0x00, 0x07, 0xFF, 0xFF, 0xFF, 0xFE, 0x00, 0x00, 0x00, 0x07, 0xFF, 0xFF, 0xFF, 0xFE, 0x00, 0x00,
  0x00, 0x07, 0xFF, 0xFF, 0xFF, 0xFE, 0x00, 0x00, 0x00, 0x0F, 0xFF, 0xFF, 0xFF, 0xFE, 0x00, 0x00, 0x00, 0x0F, 0xFF, 0xFF,
  0xFF, 0xFF, 0x00, 0x00, 0x00, 0x0F, 0xFF, 0xFF, 0xFF, 0xFF, 0xC0, 0x00, 0x00, 0x0F, 0xFF, 0xFF, 0xFF, 0xFF, 0xF0, 0x00,
  0x00, 0x0F, 0xFF, 0xFF, 0xFF, 0xFF, 0xF8, 0x00, 0x00, 0x0F, 0xFF, 0xFF, 0xFF, 0xFF, 0xFC, 0x00, 0x00, 0x1F, 0xFF, 0xFF,
  0xFF, 0xFF, 0xFC, 0x00, 0x00, 0x7F, 0xFF, 0xFF, 0xFF, 0xFF, 0xFC, 0x00, 0x00, 0xFF, 0xFF, 0xFF, 0xFF, 0xFF, 0xFC, 0x00,
  0x01, 0xFF, 0xFF, 0xFF, 0xFF, 0xFF, 0xF8, 0x00, 0x03, 0xFF, 0xFF, 0xFF, 0xFF, 0xDF, 0xF0, 0x00, 0x07, 0xFF, 0xFF, 0xFF,
  0xFF, 0x8F, 0xF0, 0x00, 0x07, 0xFF, 0xFF, 0xFF, 0xFF, 0xE3, 0xFE, 0x00, 0x07, 0xFF, 0xFF, 0xFF, 0xFF, 0xFB, 0xFE, 0x00,
  0x07, 0xFF, 0x9F, 0xFF, 0xFF, 0xFF, 0xFE, 0x00, 0x07, 0xFF, 0x01, 0xFF, 0xFF, 0xFF, 0xFE, 0x00, 0x01, 0xFF, 0xE3, 0xFF,
  0xFF, 0xFF, 0xFE, 0x00, 0x01, 0xFC, 0xFF, 0xFF, 0xFF, 0xFF, 0xFE, 0x00, 0x00, 0x79, 0xFF, 0xFF, 0xFF, 0xFF, 0xFE, 0x00,
  0x00, 0x03, 0xFF, 0xFF, 0xFF, 0xFF, 0xFC, 0x00, 0x00, 0x07, 0xFF, 0xFF, 0xFF, 0xFC, 0x00, 0x00, 0x00, 0x03, 0xFF, 0xFF,
  0xFF, 0xFC, 0x00, 0x00, 0x00, 0x07, 0xFF, 0xFF, 0xFF, 0xFE, 0x00, 0x00, 0x00, 0x07, 0xFF, 0xFF, 0xFF, 0xFF, 0x00, 0x00,
  0x00, 0x03, 0xFC, 0x7F, 0xFF, 0xFF, 0x00, 0x00, 0x00, 0x01, 0xF8, 0xFF, 0xFF, 0xFF, 0x80, 0x00, 0x00, 0x00, 0xC1, 0xFF,
  0xFF, 0xFF, 0x80, 0x00, 0x00, 0x00, 0x03, 0xFF, 0xFF, 0xFF, 0x1C, 0x00, 0x00, 0x00, 0x03, 0xFF, 0xFF, 0xFE, 0x7E, 0x00,
  0x00, 0x00, 0x07, 0xFF, 0xFF, 0xFF, 0xFF, 0x00, 0x00, 0x00, 0x07, 0xFF, 0xFF, 0xFF, 0xFF, 0x00, 0x00, 0x00, 0x03, 0xFF,
  0xFF, 0xFF, 0xFF, 0x00, 0x00, 0x00, 0x00, 0xFF, 0xFF, 0xFF, 0xFF, 0x00, 0x00, 0x00, 0x00, 0x03, 0xFF, 0x7F, 0xFE, 0x00,
  0x00, 0x00, 0x00, 0x03, 0xFF, 0x9F, 0xFE, 0x00, 0x00, 0x00, 0x00, 0x01, 0xFF, 0x8F, 0xFC, 0x00, 0x00, 0x00, 0x00, 0x00,
  0xFF, 0xC7, 0xF8, 0x00, 0x00, 0x00, 0x00, 0x00, 0xFF, 0xFF, 0xF0, 0x00, 0x00, 0x00, 0x00, 0x00, 0xFF, 0xFF, 0xE0, 0x00,
  0x00, 0x00, 0x00, 0x00, 0x7F, 0xFF, 0x00, 0x00, 0x00, 0x00, 0x00, 0x00, 0x7F, 0xFF, 0x00, 0x00, 0x00, 0x00, 0x00, 0x00,
  0x3F, 0xFE, 0x00, 0x00, 0x00, 0x00, 0x00, 0x00, 0x3F, 0xFC, 0x00, 0x00, 0x00, 0x00, 0x00, 0x00, 0x3F, 0xF8, 0x00, 0x00,
  0x00, 0x00, 0x00, 0x00, 0x1F, 0xE0, 0x00, 0x00, 0x00, 0x00, 0x00, 0x00, 0x1F, 0x00, 0x00, 0x00, 0x00, 0x00, 0x00, 0x00,
  0x00, 0x00, 0x00, 0x00,
};
const Sprite565 V54_PINK_JUMP_1 = { V54_PINK_JUMP_1_BITMAP, V54_PINK_JUMP_1_MASK, 62, 63 };

const uint16_t V54_PINK_HIT_0_BITMAP[] PROGMEM = {
  0x0000, 0x0000, 0x0000, 0x0000, 0x0000, 0x0000, 0x0000, 0x0000, 0x0000, 0x0000, 0x0000, 0x0000,
  0x0000, 0x0000, 0x0000, 0x0000, 0x0000, 0x0000, 0x0000, 0x0000, 0x0000, 0x0000, 0x0000, 0x0000,
  0x0000, 0x0000, 0x0000, 0x0000, 0x0000, 0x0000, 0x0000, 0x0000, 0x0000, 0x0000, 0x0000, 0x0000,
  0x0000, 0x0000, 0x0000, 0x0000, 0x0000, 0x0000, 0x0000, 0x0000, 0x0000, 0x0000, 0x0000, 0x0000,
  0x0000, 0x0000, 0x0000, 0x0000, 0x0000, 0x0000, 0x0000, 0x0000, 0x0000, 0x0000, 0x0000, 0x0000,
  0x0000, 0x0000, 0x0000, 0x0000, 0x0000, 0x0000, 0x0000, 0x0000, 0x0000, 0x0000, 0x0000, 0x0000,
  0x0000, 0x0000, 0x0000, 0x0000, 0x0000, 0x0000, 0x0000, 0x0000, 0x0000, 0x0000, 0x0000, 0x0000,
  0x0000, 0x0000, 0x0000, 0x0000, 0x0000, 0x0000, 0x0000, 0x7800, 0x7BE0, 0xBBE0, 0xFFE0, 0xFFE0,
  0xBBE0, 0x0000, 0x0000, 0x0000, 0x89E0, 0xAB80, 0x8AC0, 0xFFE0, 0x9240, 0x0000, 0x0000, 0x0000,
  0x0000, 0x0000, 0x0000, 0x0000, 0x0000, 0x0000, 0x0000, 0x0000, 0x0000, 0x0000, 0x0000, 0x0000,
  0x0000, 0x0000, 0x0000, 0x0000, 0x0000, 0x0000, 0x0000, 0x0000, 0x0000, 0x0000, 0x0000, 0x0000,
  0x0000, 0x0000, 0x0000, 0x0000, 0x0000, 0x0000, 0x0000, 0x0000, 0x0000, 0x0000, 0x0000, 0x0000,
  0x0000, 0x0000, 0x0000, 0x0000, 0x0000, 0x0000, 0x0000, 0x0000, 0x7BE0, 0x0000, 0x0000, 0x0000,
  0x0000, 0x0000, 0x0000, 0x50E0, 0x8AA0, 0x8240, 0x9B20, 0xFEA0, 0x9B60, 0x0000, 0x0000, 0x0000,
  0x0000, 0x0000, 0x0000, 0x0000, 0x0000, 0x0000, 0x0000, 0x0000, 0x0000, 0x0000, 0x0000, 0x0000,
  0x0000, 0x0000, 0x0000, 0x0000, 0x0000, 0x0000, 0x0000, 0x0000, 0x0000, 0x0000, 0x0000, 0x0000,
  0x0000, 0x0000, 0x0000, 0x0000, 0x0000, 0x0000, 0x0000, 0x0000, 0x0000, 0x0000, 0x0000, 0x0000,
  0x0000, 0x0000, 0x0000, 0x0000, 0x0000, 0x0000, 0x0000, 0x0000, 0x0000, 0x0000, 0x0000, 0x3000,
  0x8280, 0xA380, 0xABC0, 0xA3A0, 0xABC0, 0x9B00, 0xDD00, 0xF640, 0xEDE0, 0xFEC0, 0xCCE0, 0x92E0,
  0x8AC0, 0x6180, 0x0000, 0x0000, 0x0000, 0x0000, 0x0000, 0x0000, 0x0000, 0x0000, 0x0000, 0x0000,
  0x0000, 0x0000, 0x0000, 0x0000, 0x0000, 0x0000, 0x0000, 0x0000, 0x0000, 0x0000, 0x0000, 0x0000,
  0x0000, 0x0000, 0x0000, 0x0000, 0x0000, 0x0000, 0x0000, 0x0000, 0x0000, 0x0000, 0x0000, 0x0000,
  0x0000, 0x0000, 0x0000, 0x0000, 0x0000, 0x0000, 0x0000, 0x0000, 0x0000, 0x0000, 0x7BE0, 0x0000,
  0x7200, 0xBC20, 0xEDA0, 0xD4E0, 0xBC60, 0xB400, 0xB400, 0xABA0, 0xA380, 0xF640, 0xFE80, 0xFE60,
  0xFEC1, 0xFE81, 0xB3E0, 0x69C0, 0xFFE0, 0x7BE0, 0x0000, 0xF800, 0x52A0, 0x0000, 0x0000, 0x0000,
  0x0000, 0x0000, 0x0000, 0x0000, 0x0000, 0x0000, 0x0000, 0x0000, 0x0000, 0x0000, 0x0000, 0x0000,
  0x0000, 0x0000, 0x0000, 0x0000, 0x0000, 0x0000, 0x0000, 0x0000, 0x0000, 0x0000, 0x0000, 0x0000,
  0x0000, 0x0000, 0x0000, 0x0000, 0x0000, 0x0000, 0x0000, 0x0000, 0x0000, 0x0000, 0x0000, 0x0000,
  0xBBE0, 0x0000, 0x8AC0, 0xFEC0, 0xCCA0, 0x2000, 0x0000, 0x0000, 0x0000, 0x0000, 0x8B00, 0xF620,
  0xFEC0, 0xFE60, 0xEE00, 0xBC00, 0x8AA0, 0x0000, 0x0000, 0x7BE0, 0x52A0, 0x0000, 0x0000, 0x0000,
  0x0000, 0x0000, 0x0000, 0x0000, 0x0000, 0x0000, 0x0000, 0x0000, 0x0000, 0x0000, 0x0000, 0x0000,
  0x0000, 0x0000, 0x0000, 0x0000, 0x0000, 0x0000, 0x0000, 0x0000, 0x0000, 0x0000, 0x0000, 0x0000,
  0x0000, 0x0000, 0x0000, 0x0000, 0x0000, 0x0000, 0x0000, 0x0000, 0x0000, 0x0000, 0x0000, 0x0000,
  0x0000, 0x0000, 0x7BE0, 0x0000, 0x69E0, 0xBC40, 0xF5C0, 0xABC0, 0x0000, 0x0000, 0xFFE0, 0x61A0,
  0xB420, 0xF600, 0xD500, 0xFE80, 0xD520, 0x9B00, 0xB400, 0xB3E0, 0x7A40, 0x0000, 0x0000, 0x4100,
  0x69C0, 0x0000, 0x0000, 0x0000, 0x0000, 0x0000, 0x0000, 0x0000, 0x0000, 0x0000, 0x0000, 0x0000,
  0x0000, 0x0000, 0x0000, 0x0000, 0x0000, 0x0000, 0x0000, 0x0000, 0x0000, 0x0000, 0x0000, 0x0000,
  0x0000, 0x0000, 0x0000, 0x0000, 0x0000, 0x0000, 0x0000, 0x0000, 0x0000, 0x0000, 0x0000, 0x0000,
  0x0000, 0x0000, 0x0000, 0x0000, 0x0000, 0x3180, 0x0000, 0x5140, 0xB400, 0xE560, 0xC440, 0xAB60,
  0xFBE0, 0x7A60, 0x8AE0, 0x7A60, 0x61A0, 0xC480, 0xDD40, 0x6140, 0x82A0, 0xBC40, 0xC460, 0x8240,
  0x50E0, 0xA360, 0xABC0, 0x5100, 0x52A0, 0x7800, 0x0000, 0x0000, 0x0000, 0x0000, 0x0000, 0x0000,
  0x0000, 0x0000, 0x0000, 0x0000, 0x0000, 0x0000, 0x0000, 0x0000, 0x0000, 0x0000, 0x0000, 0x0000,
  0x0000, 0x0000, 0x0000, 0x0000, 0x0000, 0x0000, 0x0000, 0x0000, 0x0000, 0x0000, 0x0000, 0x0000,
  0x0000, 0x0000, 0x0000, 0x0000, 0x0000, 0x5000, 0x0000, 0x0000, 0x0000, 0x0000, 0x0000, 0x59A0,
  0x8AE0, 0x9320, 0x7A20, 0x0000, 0x0000, 0x0000, 0x0000, 0x7A60, 0x8AC0, 0x61E0, 0x0000, 0x48E0,
  0xBC00, 0xEDC0, 0xB420, 0xF620, 0xDD40, 0x6160, 0x0000, 0xAAA0, 0x0000, 0x0000, 0x0000, 0x0000,
  0x0000, 0x0000, 0x0000, 0x0000, 0x0000, 0x0000, 0x0000, 0x0000, 0x0000, 0x0000, 0x0000, 0x0000,
  0x0000, 0x0000, 0x0000, 0x0000, 0x0000, 0x0000, 0x0000, 0x0000, 0x0000, 0x0000, 0x0000, 0x0000,
  0x0000, 0x0000, 0x0000, 0x0000, 0x0000, 0x0000, 0x0000, 0x0000, 0x1800, 0x2040, 0x28A1, 0x4102,
  0x4102, 0x30C2, 0x28A2, 0x30C2, 0x3902, 0x4102, 0x38E1, 0x30A1, 0x38C0, 0x0000, 0x0000, 0x0000,
  0x7AA0, 0x0000, 0x8AA0, 0xE5C0, 0xFEC0, 0xFEA0, 0xEDE1, 0x9B20, 0x69E0, 0xF800, 0xF800, 0x0000,
  0x0000, 0x0000, 0x0000, 0x0000, 0x0000, 0x0000, 0x0000, 0x0000, 0x0000, 0x0000, 0x0000, 0x0000,
  0x0000, 0x0000, 0x0000, 0x0000, 0x0000, 0x0000, 0x0000, 0x0000, 0x0000, 0x0000, 0x0000, 0x0000,
  0x0000, 0x0000, 0x0000, 0x0000, 0x0000, 0x0000, 0x5000, 0x0000, 0x1800, 0x2881, 0x30C2, 0x3903,
  0x4943, 0x5164, 0x4964, 0x4964, 0x4964, 0x4964, 0x4944, 0x4944, 0x4944, 0x4123, 0x3902, 0x30C1,
  0x20A0, 0x0000, 0x5140, 0x0000, 0x69C0, 0xDD40, 0xFEA0, 0xFE40, 0xFEA0, 0xFE60, 0xA380, 0x5980,
  0x0000, 0x0000, 0x0000, 0x0000, 0x0000, 0x0000, 0x0000, 0x0000, 0x0000, 0x0000, 0x0000, 0x0000,
  0x0000, 0x0000, 0x0000, 0x0000, 0x0000, 0x0000, 0x0000, 0x0000, 0x0000, 0x0000, 0x0000, 0x0000,
  0x0000, 0x0000, 0x0000, 0x0000, 0x0000, 0x0000, 0x0000, 0x5000, 0x0000, 0x2060, 0x30A1, 0x4103,
  0x4944, 0x5164, 0x4964, 0x4964, 0x59A5, 0x6A06, 0x59C5, 0x4964, 0x4944, 0x4944, 0x4944, 0x4944,
  0x4944, 0x4923, 0x38E2, 0x28A1, 0x0000, 0x5960, 0xBC40, 0xFEA0, 0xFE60, 0xFEC0, 0xD540, 0x9B40,
  0x82A0, 0x69E0, 0x0000, 0x0000, 0x0000, 0x0000, 0x0000, 0x0000, 0x0000, 0x0000, 0x0000, 0x0000,
  0x0000, 0x0000, 0x0000, 0x0000, 0x0000, 0x0000, 0x0000, 0x0000, 0x0000, 0x0000, 0x0000, 0x0000,
  0x0000, 0x0000, 0x0000, 0x0000, 0x0000, 0x0000, 0x0000, 0x0000, 0x5000, 0x0000, 0x2861, 0x38E2,
  0x4944, 0x4944, 0x4944, 0x4964, 0x59C5, 0x6A06, 0x7247, 0x6A06, 0x5164, 0x4944, 0x4944, 0x4944,
  0x4944, 0x4944, 0x4144, 0x4944, 0x4944, 0x4103, 0x2881, 0x7220, 0x9B60, 0x9B40, 0xA3A0, 0xFE80,
  0xB400, 0x0000, 0x0000, 0x0000, 0x0000, 0x0000, 0x0000, 0x0000, 0x0000, 0x0000, 0x0000, 0x0000,
  0x0000, 0x0000, 0x0000, 0x0000, 0x0000, 0x0000, 0x0000, 0x0000, 0x0000, 0x0000, 0x0000, 0x0000,
  0x0000, 0x0000, 0x0000, 0x0000, 0x0000, 0x0000, 0x0000, 0x0000, 0x0000, 0x5000, 0x0000, 0x2881,
  0x38E3, 0x4944, 0x4944, 0x4944, 0x4944, 0x4964, 0x5184, 0x61E6, 0x7A47, 0x6A07, 0x5184, 0x4964,
  0x4944, 0x4944, 0x4944, 0x4944, 0x4944, 0x4944, 0x4944, 0x4964, 0x4923, 0x30A2, 0x0000, 0x0000,
  0x4060, 0xA380, 0x9B20, 0x0000, 0x9B20, 0x0000, 0x0000, 0x0000, 0x0000, 0x0000, 0x0000, 0x0000,
  0x0000, 0x0000, 0x0000, 0x0000, 0x0000, 0x0000, 0x0000, 0x0000, 0x0000, 0x0000, 0x0000, 0x0000,
  0x0000, 0x0000, 0x0000, 0x0000, 0x0000, 0x0000, 0x0000, 0x0000, 0x0000, 0x0000, 0x5000, 0x0000,
  0x2861, 0x38E2, 0x4944, 0x4944, 0x4944, 0x4944, 0x4944, 0x4944, 0x4944, 0x6A06, 0x7247, 0x7247,
  0x7227, 0x5184, 0x4944, 0x4944, 0x4944, 0x4944, 0x4944, 0x4944, 0x4944, 0x4944, 0x4964, 0x4943,
  0x38E2, 0x0000, 0x0000, 0x61A0, 0x71E0, 0x0000, 0x7800, 0x0000, 0x0000, 0x0000, 0x0000, 0x0000,
  0x0000, 0x0000, 0x0000, 0x0000, 0x0000, 0x0000, 0x0000, 0x0000, 0x0000, 0x0000, 0x0000, 0x0000,
  0x0000, 0x0000, 0x0000, 0x0000, 0x0000, 0x0000, 0x0000, 0x0000, 0x5000, 0x3800, 0x3800, 0x3000,
  0x0000, 0x2881, 0x30C2, 0x4944, 0x4944, 0x4944, 0x4944, 0x4944, 0x4944, 0x4944, 0x4964, 0x5185,
  0x61E6, 0x7A67, 0x7227, 0x61C6, 0x4964, 0x4964, 0x4944, 0x4944, 0x4944, 0x4944, 0x4944, 0x4123,
  0x5904, 0x5124, 0x4123, 0x3081, 0x0000, 0x0000, 0x0000, 0x0000, 0xF800, 0x0000, 0x0000, 0x0000,
  0x0000, 0x0000, 0x0000, 0x0000, 0x0000, 0x0000, 0x0000, 0x0000, 0x0000, 0x0000, 0x0000, 0x0000,
  0x0000, 0x0000, 0x0000, 0x0000, 0x0000, 0x0000, 0x0000, 0x0000, 0x7800, 0x0000, 0x0000, 0x0000,
  0x0000, 0x0000, 0x0000, 0x2881, 0x4923, 0x4944, 0x4944, 0x4944, 0x4944, 0x4944, 0x4944, 0x4944,
  0x4944, 0x5164, 0x61C5, 0x61E6, 0x61E6, 0x6A06, 0x59A5, 0x5164, 0x4944, 0x4944, 0x4944, 0x4944,
  0x4123, 0xA96B, 0xF293, 0xD20F, 0x5104, 0x28A2, 0x7800, 0x7945, 0xA945, 0x0000, 0x0000, 0x0000,
  0x7800, 0x0000, 0x0000, 0x0000, 0x0000, 0x0000, 0x0000, 0x0000, 0x0000, 0x0000, 0x0000, 0x0000,
  0x0000, 0x0000, 0x0000, 0x0000, 0x0000, 0x0000, 0x0000, 0x0000, 0x5000, 0x0000, 0x0000, 0x1820,
  0x2861, 0x2881, 0x2881, 0x2061, 0x1820, 0x30C2, 0x4944, 0x4944, 0x4944, 0x4944, 0x4944, 0x4944,
  0x4944, 0x4944, 0x4944, 0x4964, 0x4964, 0x5184, 0x59A5, 0x5185, 0x5185, 0x4964, 0x4944, 0x4944,
  0x4944, 0x4143, 0x9969, 0xFAD4, 0xFAF4, 0xFAF5, 0xC9AE, 0x38C2, 0x3082, 0x0000, 0x0000, 0x0000,
  0x3000, 0x0000, 0x0000, 0x0000, 0x0000, 0x0000, 0x0000, 0x0000, 0x0000, 0x0000, 0x0000, 0x0000,
  0x0000, 0x0000, 0x0000, 0x0000, 0x0000, 0x0000, 0x0000, 0x0000, 0x0000, 0x5000, 0x0000, 0x2060,
  0x30A1, 0x38E2, 0x4123, 0x4923, 0x4923, 0x4123, 0x30C2, 0x4123, 0x4944, 0x4944, 0x4944, 0x4944,
  0x4944, 0x4944, 0x4944, 0x4944, 0x4944, 0x4944, 0x4964, 0x4123, 0x4944, 0x61E6, 0x4944, 0x4964,
  0x4944, 0x4944, 0x4164, 0x5104, 0xEA31, 0xFAF3, 0xFAB3, 0xFAB3, 0xFAB4, 0x8127, 0x2880, 0x8804,
  0x9827, 0xA8AA, 0xB8EB, 0x9847, 0x6003, 0x0000, 0x0000, 0x0000, 0x0000, 0x0000, 0x0000, 0x0000,
  0x0000, 0x0000, 0x0000, 0x0000, 0x0000, 0x0000, 0x0000, 0x0000, 0x0000, 0x0000, 0x0000, 0x0000,
  0x2081, 0x38E2, 0x4944, 0x4964, 0x4944, 0x4964, 0x4964, 0x4964, 0x4964, 0x4944, 0x4944, 0x4944,
  0x4944, 0x4944, 0x4944, 0x4944, 0x4944, 0x4944, 0x4964, 0x4964, 0x4103, 0x4964, 0xC4EE, 0xB46D,
  0x3903, 0x4964, 0x4944, 0x4944, 0x3943, 0x8948, 0xFAB4, 0xFAD2, 0xFAB3, 0xFAB3, 0xFA92, 0xEA0F,
  0xC18C, 0xD10C, 0xFA12, 0xFA52, 0xFA93, 0xF1F0, 0x9046, 0x0000, 0x0000, 0x0000, 0x0000, 0x0000,
  0x0000, 0x0000, 0x0000, 0x0000, 0x0000, 0x0000, 0x0000, 0x0000, 0x0000, 0x0000, 0x0000, 0x0000,
  0x0000, 0x2861, 0x38E2, 0x4964, 0x4964, 0x4944, 0x4944, 0x4944, 0x4944, 0x4944, 0x4944, 0x4944,
  0x4944, 0x4964, 0x4944, 0x4964, 0x4964, 0x4944, 0x4964, 0x4964, 0x4124, 0x3903, 0x7AC8, 0xEDF3,
  0xFED5, 0xDD70, 0x4944, 0x4944, 0x4944, 0x4964, 0x4123, 0xB1AC, 0xFAD4, 0xFAB2, 0xFAB3, 0xFAD3,
  0xE9F0, 0xFA93, 0xFAB3, 0xF1D0, 0xFA72, 0xFA72, 0xFA72, 0xFA73, 0xA088, 0x0000, 0x0000, 0x0000,
  0x0000, 0x0000, 0x0000, 0x0000, 0x0000, 0x0000, 0x0000, 0x0000, 0x0000, 0x0000, 0x0000, 0x0000,
  0x0000, 0x0000, 0x0000, 0x30A1, 0x4944, 0x4944, 0x4944, 0x4944, 0x4944, 0x4944, 0x4944, 0x4944,
  0x4944, 0x4944, 0x4944, 0x4103, 0x4103, 0x3903, 0x4123, 0x5164, 0x4944, 0x38E3, 0x59E5, 0xBCAE,
  0xFE73, 0xF5D1, 0xE570, 0xFE94, 0x934A, 0x4103, 0x5184, 0x4964, 0x4123, 0xC9CE, 0xFAD4, 0xF2B2,
  0xFAD3, 0xFAF4, 0xFA72, 0xFAB3, 0xFA31, 0xF1B0, 0xFA52, 0xFA72, 0xFA72, 0xFA32, 0x9847, 0x0000,
  0x0000, 0x0000, 0x0000, 0x0000, 0x0000, 0x0000, 0x0000, 0x0000, 0x0000, 0x0000, 0x0000, 0x0000,
  0x0000, 0x0000, 0x0000, 0x0000, 0x0000, 0x30C2, 0x5164, 0x4944, 0x4944, 0x4944, 0x4944, 0x4944,
  0x4944, 0x4944, 0x4944, 0x4944, 0x4123, 0x8309, 0xC4EF, 0xB44D, 0x61E6, 0x4103, 0x59C5, 0xA40C,
  0xF633, 0xFE74, 0xFE33, 0xDD4F, 0xA347, 0xD50E, 0xF653, 0x61E6, 0x4103, 0x5164, 0x3943, 0xA9AB,
  0xFAB4, 0xFAB3, 0xFA93, 0xD1AE, 0xB94B, 0xFA72, 0xE98F, 0xFA32, 0xFA73, 0xFA52, 0xFA93, 0xE9CF,
  0x8005, 0x0000, 0x0000, 0x0000, 0x0000, 0x0000, 0x0000, 0x0000, 0x0000, 0x0000, 0x0000, 0x0000,
  0x0000, 0x0000, 0x0000, 0x0000, 0x0000, 0x0000, 0x0000, 0x30A1, 0x38E2, 0x4944, 0x4944, 0x4944,
  0x4944, 0x4944, 0x4944, 0x4944, 0x4964, 0x4103, 0x938B, 0xFEB4, 0xFE53, 0xFE94, 0xE590, 0x6A26,
  0xE5B0, 0xFEB4, 0xFE33, 0xFDF2, 0xFE32, 0xFE94, 0xFE53, 0xF5F1, 0xFE53, 0xE5B1, 0x59E5, 0x40E3,
  0x4144, 0xCCCE, 0x9168, 0x88C7, 0x68A5, 0x40A2, 0x28A1, 0x6044, 0xF1F1, 0xFA93, 0xFA72, 0xFA72,
  0xFA93, 0xB0AA, 0x6002, 0x0000, 0x0000, 0x0000, 0x0000, 0x0000, 0x0000, 0x0000, 0x0000, 0x0000,
  0x0000, 0x0000, 0x0000, 0x0000, 0x0000, 0x0000, 0x0000, 0x0000, 0x0000, 0x0000, 0x2881, 0x4944,
  0x4964, 0x4944, 0x4944, 0x4944, 0x4944, 0x4964, 0x4123, 0x5163, 0xBC4C, 0xDD0E, 0xF5F2, 0xFE12,
  0xFE12, 0xF5F2, 0xFE32, 0xF612, 0xFE33, 0xF5F2, 0x3143, 0xB48E, 0xFE94, 0xFE32, 0xFE12, 0xFE53,
  0xF5F2, 0x8B29, 0x6206, 0xFE94, 0x8B8A, 0x30C2, 0x3943, 0x4123, 0x4123, 0x2881, 0xC16D, 0xFAD4,
  0xF272, 0xFAB4, 0xE98F, 0x7804, 0x0000, 0x0000, 0x0000, 0x0000, 0x0000, 0x0000, 0x0000, 0x0000,
  0x0000, 0x0000, 0x0000, 0x0000, 0x0000, 0x0000, 0x0000, 0x0000, 0x0000, 0x0000, 0x0000, 0x0000,
  0x2881, 0x4103, 0x4964, 0x4944, 0x4964, 0x4964, 0x4964, 0x38E2, 0x8AE6, 0xE590, 0xED90, 0xD50E,
  0xC46B, 0xF5F1, 0xFE32, 0xFE53, 0xFE32, 0xFE32, 0xFE12, 0xFEB5, 0x93CC, 0x1081, 0xDD70, 0xFE52,
  0xFE32, 0xFE32, 0xFE33, 0xFE53, 0xF613, 0xD52F, 0xA347, 0x5123, 0x4123, 0x4123, 0x4123, 0x4123,
  0x5083, 0xE9D0, 0xFA93, 0xF1AF, 0x9027, 0x3080, 0x780F, 0x0000, 0x0000, 0x0000, 0x0000, 0x0000,
  0x0000, 0x0000, 0x0000, 0x0000, 0x0000, 0x0000, 0x0000, 0x0000, 0x0000, 0x0000, 0x0000, 0x0000,
  0x0000, 0x0000, 0x0000, 0x28A1, 0x30C2, 0x38E3, 0x3903, 0x38E3, 0x2881, 0x82C6, 0xFE53, 0xFE33,
  0xFE33, 0xFEB5, 0xDD2F, 0xD4ED, 0xFE74, 0xFE12, 0xFE32, 0xFE73, 0xC4CE, 0x3123, 0x41C5, 0x0000,
  0x5A26, 0xFE94, 0xFE12, 0xFE33, 0xFE32, 0xF5F2, 0xFE33, 0xFE53, 0xFE32, 0xBC6D, 0x38E3, 0x4923,
  0x4944, 0x4944, 0x3903, 0x58A4, 0x98A8, 0x8806, 0x3001, 0x0000, 0xF800, 0x0000, 0x0000, 0x0000,
  0x0000, 0x0000, 0x0000, 0x0000, 0x0000, 0x0000, 0x0000, 0x0000, 0x0000, 0x0000, 0x0000, 0x0000,
  0x0000, 0x0000, 0x0000, 0x0000, 0x0000, 0x0000, 0x0000, 0x2881, 0x2880, 0x1861, 0x48E0, 0xD4ED,
  0xFE94, 0xFE12, 0xFE33, 0xFE12, 0xFE12, 0xBC0A, 0xEDD1, 0xFE53, 0xFE32, 0xFE32, 0xEDD1, 0xAC4D,
  0xAC2C, 0xB4AE, 0xD570, 0xFE53, 0xFE32, 0xFE12, 0xFE33, 0xFE94, 0xFE94, 0xF633, 0xEDF2, 0xFE73,
  0xAC0C, 0x4944, 0x4944, 0x4144, 0x4964, 0x3903, 0x0800, 0x0000, 0x0000, 0x0000, 0x0000, 0x0000,
  0x0000, 0x0000, 0x0000, 0x0000, 0x0000, 0x0000, 0x0000, 0x0000, 0x0000, 0x0000, 0x0000, 0x0000,
  0x0000, 0x0000, 0x0000, 0x0000, 0x0000, 0x0000, 0x0000, 0x5000, 0x0000, 0x0000, 0x0000, 0x0000,
  0x61A2, 0xED8F, 0xFE53, 0xFE32, 0xFE32, 0xFE53, 0xF5F2, 0x5942, 0xCCEE, 0xFE73, 0xFE12, 0xFE12,
  0xFE53, 0xFE93, 0xFE73, 0xFE73, 0xFE33, 0xFE12, 0xFE12, 0xFDF2, 0xFE53, 0x8B8B, 0x49E5, 0x2923,
  0x3123, 0xE5B1, 0xFED5, 0x7288, 0x3903, 0x4944, 0x4944, 0x30A2, 0xF80F, 0x6006, 0x0000, 0x0000,
  0x0000, 0x0000, 0x0000, 0x0000, 0x0000, 0x0000, 0x0000, 0x0000, 0x0000, 0x0000, 0x0000, 0x0000,
  0x0000, 0x0000, 0x0000, 0x0000, 0x0000, 0x0000, 0x0000, 0x0000, 0x0000, 0x0000, 0x0000, 0x0000,
  0x5145, 0x0000, 0x6182, 0xE56F, 0xFE53, 0xFE12, 0xFE32, 0xFE53, 0xD4CD, 0x5984, 0x8AC7, 0xFE93,
  0xF612, 0xFE32, 0xFE12, 0xFE12, 0xFE53, 0xFE53, 0xFE52, 0xFE53, 0xFD4F, 0xF5B0, 0xFE94, 0x834A,
  0x0000, 0x9BEB, 0xEDD1, 0xF633, 0xFE94, 0x7AA7, 0x30C2, 0x5164, 0x3903, 0x2881, 0x0000, 0x5000,
  0x0000, 0x0000, 0x0000, 0x0000, 0x0000, 0x0000, 0x0000, 0x0000, 0x0000, 0x0000, 0x0000, 0x0000,
  0x0000, 0x0000, 0x0000, 0x0000, 0x0000, 0x0000, 0x0000, 0x0000, 0x0000, 0x0000, 0x0000, 0x0000,
  0x0000, 0x0000, 0x52A0, 0x0000, 0x3060, 0xBC4B, 0xFE73, 0xFE12, 0xFE32, 0xFE32, 0xF5F1, 0xBC8F,
  0x834B, 0xDD0D, 0xFE74, 0xFE12, 0xFE33, 0xFE32, 0xFAAA, 0xFA69, 0xFC2D, 0xFDD2, 0xFEB4, 0xFE33,
  0xFE32, 0xFEB4, 0x8329, 0x1881, 0xDD91, 0xFE53, 0xF5D1, 0xE50D, 0x82A7, 0x4103, 0x30C2, 0x0000,
  0x5000, 0x0000, 0x0000, 0x0000, 0x0000, 0x0000, 0x0000, 0x0000, 0x0000, 0x0000, 0x0000, 0x0000,
  0x0000, 0x0000, 0x0000, 0x0000, 0x0000, 0x0000, 0x0000, 0x0000, 0x0000, 0x0000, 0x0000, 0x0000,
  0x0000, 0x0000, 0x0000, 0x0000, 0x0000, 0xFBEF, 0x0000, 0x8285, 0xFE32, 0xFE32, 0xFE32, 0xFE12,
  0xFDF1, 0xCDD5, 0xEF5D, 0xB46E, 0xED90, 0xFE74, 0xFE12, 0xFE12, 0xFAA9, 0xF966, 0xF8A4, 0xFA8A,
  0xFC2E, 0xFD91, 0xFE32, 0xFE12, 0xFE73, 0x9C0C, 0xDD50, 0xFE53, 0xED2E, 0xFE32, 0xDD2E, 0x3080,
  0x0000, 0x39E0, 0x0000, 0x0000, 0x0000, 0x0000, 0x0000, 0x0000, 0x0000, 0x0000, 0x0000, 0x0000,
  0x0000, 0x0000, 0x0000, 0x0000, 0x0000, 0x0000, 0x0000, 0x0000, 0x0000, 0x0000, 0x0000, 0x0000,
  0x0000, 0x0000, 0x0000, 0x0000, 0x0000, 0x0000, 0x0000, 0x5000, 0x0000, 0x3080, 0xB40A, 0xFE94,
  0xFE12, 0xFE53, 0xD530, 0xDEBA, 0xFFFF, 0xFFDF, 0xC490, 0xDD4E, 0xFE73, 0xFE33, 0xFE53, 0xFDD1,
  0xFB8B, 0xFA49, 0xF844, 0xFBAC, 0xFE73, 0xFE12, 0xFE12, 0xFE94, 0xFE94, 0xF5B0, 0xF54E, 0xFED5,
  0xB40B, 0x3080, 0x3122, 0x0000, 0x0000, 0x0000, 0x0000, 0x0000, 0x0000, 0x0000, 0x0000, 0x0000,
  0x0000, 0x0000, 0x0000, 0x0000, 0x0000, 0x0000, 0x0000, 0x0000, 0x0000, 0x0000, 0x0000, 0x0000,
  0x0000, 0x0000, 0x0000, 0x0000, 0x0000, 0x0000, 0x0000, 0x0000, 0x0000, 0x0000, 0x52A0, 0x0000,
  0x5982, 0xCC8C, 0xFE32, 0xDD91, 0xCE38, 0xFFFF, 0xFFBF, 0xFFFF, 0xF4F8, 0xC909, 0xD46D, 0xEE32,
  0xFE53, 0xFE32, 0xFE73, 0xFDF2, 0xFC0D, 0xFDB1, 0xFE52, 0xFE12, 0xFE33, 0xFE54, 0xE591, 0xBBEA,
  0xE52E, 0xABCA, 0x5163, 0x4944, 0x30C2, 0x0000, 0x7800, 0x0000, 0x0000, 0x0000, 0x0000, 0x0000,
  0x0000, 0x0000, 0x0000, 0x0000, 0x0000, 0x0000, 0x0000, 0x0000, 0x0000, 0x0000, 0x0000, 0x0000,
  0x0000, 0x0000, 0x0000, 0x0000, 0x0000, 0x0000, 0x0000, 0x0000, 0x0000, 0x0000, 0x0000, 0x0000,
  0x7BEF, 0xFFE0, 0x520B, 0x7AEA, 0xCD72, 0xD69A, 0xFFDF, 0xFFDF, 0xFFDF, 0xFFFF, 0xEDFA, 0xF950,
  0xE96E, 0xCA0B, 0xC40B, 0xDD6E, 0xF5F1, 0xFE12, 0xFE93, 0xFE73, 0xFE53, 0xFE12, 0xEDB1, 0xCC8C,
  0xC46B, 0xEDD1, 0xEDD1, 0x7245, 0x38E3, 0x4944, 0x4123, 0x2881, 0x0000, 0x7800, 0x0000, 0x0000,
  0x0000, 0x0000, 0x0000, 0x0000, 0x0000, 0x0000, 0x0000, 0x0000, 0x0000, 0x0000, 0x0000, 0x0000,
  0x0000, 0x0000, 0x0000, 0x0000, 0x0000, 0x0000, 0x0000, 0x0000, 0x0000, 0x0000, 0x0000, 0x0000,
  0x0000, 0x0000, 0x0000, 0x7BEF, 0x7800, 0x62AB, 0xB555, 0xFFFF, 0xFFFF, 0xFFFF, 0xFFFF, 0xFFFF,
  0xF6FC, 0xE9CF, 0xF9F0, 0xFA32, 0xEA4F, 0xD20C, 0xD38E, 0xC4EF, 0xCCCE, 0xCCEF, 0xC48C, 0xCC8C,
  0xCCAD, 0xDD4E, 0xFE32, 0xFE33, 0xFEB5, 0xC46D, 0x38E2, 0x4144, 0x4944, 0x4103, 0x2061, 0x0000,
  0x5000, 0x0000, 0x0000, 0x0000, 0x0000, 0x0000, 0x0000, 0x0000, 0x0000, 0x0000, 0x0000, 0x0000,
  0x0000, 0x0000, 0x0000, 0x0000, 0x0000, 0x0000, 0x0000, 0x0000, 0x0000, 0x0000, 0x0000, 0x0000,
  0x0000, 0x0000, 0x0000, 0x0000, 0x0000, 0x0000, 0x6186, 0x0000, 0x5207, 0x8C30, 0xD69A, 0xE71C,
  0xEF5D, 0xFFFF, 0xF7BE, 0xEA10, 0xF12F, 0xF6BC, 0xFFDF, 0xFE3C, 0xFF1E, 0xF7DF, 0xEF3C, 0xDEFC,
  0xC552, 0xFE32, 0xFE74, 0xFE53, 0xFDF2, 0xF5F2, 0xFE94, 0xABCA, 0x4103, 0x4944, 0x4944, 0x4944,
  0x30A1, 0x0000, 0x5000, 0x0000, 0x0000, 0x0000, 0x0000, 0x0000, 0x0000, 0x0000, 0x0000, 0x0000,
  0x0000, 0x0000, 0x0000, 0x0000, 0x0000, 0x0000, 0x0000, 0x0000, 0x0000, 0x0000, 0x0000, 0x0000,
  0x0000, 0x0000, 0x0000, 0x0000, 0x0000, 0x0000, 0x7800, 0xF81F, 0x0000, 0x0000, 0x5803, 0xA068,
  0xD2F1, 0xE75C, 0xF79E, 0xFFBF, 0xFFFF, 0xEBB4, 0xF10E, 0xF5D9, 0xFDFB, 0xFCD8, 0xFC16, 0xFEDD,
  0xEF9D, 0xE71C, 0xCD94, 0xFE32, 0xFE12, 0xFE33, 0xFE74, 0xFE73, 0xDD0E, 0x5984, 0x4124, 0x4944,
  0x4944, 0x4944, 0x30C2, 0x0000, 0x0000, 0x0000, 0x0000, 0x0000, 0x0000, 0x0000, 0x0000, 0x0000,
  0x0000, 0x0000, 0x0000, 0x0000, 0x0000, 0x0000, 0x0000, 0x0000, 0x0000, 0x0000, 0x0000, 0x0000,
  0x0000, 0x0000, 0x0000, 0x0000, 0x0000, 0x0000, 0x0000, 0x0000, 0x0000, 0x0000, 0x8005, 0xB089,
  0xD10C, 0xF9D0, 0xF12E, 0xDC14, 0xFFFF, 0xFFFF, 0xFFFF, 0xECF7, 0xF12F, 0xF476, 0xFE3B, 0xFAB4,
  0xFBF6, 0xFFDF, 0xE77D, 0xDF1B, 0xCE58, 0xEDB0, 0xFE93, 0xFE32, 0xC46C, 0x9B28, 0x5183, 0x4123,
  0x4944, 0x4144, 0x4944, 0x5164, 0x30A2, 0x0000, 0x0000, 0x0000, 0x0000, 0x0000, 0x0000, 0x0000,
  0x0000, 0x0000, 0x0000, 0x0000, 0x0000, 0x0000, 0x0000, 0x0000, 0x0000, 0x0000, 0x0000, 0x0000,
  0x0000, 0x0000, 0x0000, 0x0000, 0x0000, 0x0000, 0x0000, 0x0000, 0xF800, 0xF800, 0x8026, 0xA868,
  0xE14D, 0xF9D0, 0xF9B0, 0xF9B0, 0xF9D0, 0xE90D, 0xDB11, 0xF6FC, 0xFFFF, 0xF65A, 0xF10E, 0xF2F2,
  0xFFFF, 0xFDFB, 0xFE7C, 0xFF3D, 0xE4D6, 0xEA70, 0xD4B5, 0xACD0, 0x9B28, 0x7225, 0x40E2, 0x4103,
  0x4944, 0x4944, 0x4944, 0x4944, 0x4103, 0x30C2, 0x2041, 0x0000, 0x0000, 0x0000, 0x0000, 0x0000,
  0x0000, 0x0000, 0x0000, 0x0000, 0x0000, 0x0000, 0x0000, 0x0000, 0x0000, 0x0000, 0x0000, 0x0000,
  0x0000, 0x0000, 0x0000, 0x0000, 0x0000, 0x0000, 0x0000, 0x0000, 0x0000, 0x0000, 0xA80A, 0x0000,
  0xA067, 0xF9B0, 0xF9D1, 0xF9B0, 0xF9B0, 0xF9B0, 0xF9B0, 0xF9B0, 0xF0CD, 0xD98E, 0xDBF4, 0xE5D8,
  0xE9CF, 0xFA31, 0xF5B9, 0xF211, 0xF211, 0xF1D0, 0xF12E, 0xF9D1, 0xE12D, 0x7968, 0x0000, 0x0000,
  0x30C2, 0x4103, 0x4944, 0x4944, 0x4944, 0x4103, 0x2881, 0x0000, 0x0000, 0x0000, 0x0000, 0x0000,
  0x0000, 0x0000, 0x0000, 0x0000, 0x0000, 0x0000, 0x0000, 0x0000, 0x0000, 0x0000, 0x0000, 0x0000,
  0x0000, 0x0000, 0x0000, 0x0000, 0x0000, 0x0000, 0x0000, 0x0000, 0x0000, 0x0000, 0x0000, 0x0000,
  0x500A, 0x0000, 0x8025, 0xC90B, 0xF9D0, 0xF98F, 0xF9B0, 0xF9B0, 0xF9B0, 0xF90E, 0xF990, 0xF9D0,
  0xF12E, 0xE12D, 0xD90C, 0xF90F, 0xF353, 0xFA11, 0xF9D0, 0xF18F, 0xF230, 0xFA11, 0xFBD5, 0xD10B,
  0x8862, 0xFFFF, 0x0000, 0x38C2, 0x38C2, 0x30C2, 0x30C2, 0x2861, 0x0000, 0xF800, 0x0000, 0x0000,
  0x0000, 0x0000, 0x0000, 0x0000, 0x0000, 0x0000, 0x0000, 0x0000, 0x0000, 0x0000, 0x0000, 0x0000,
  0x0000, 0x0000, 0x0000, 0x0000, 0x0000, 0x0000, 0x0000, 0x0000, 0x0000, 0x0000, 0x0000, 0x0000,
  0x0000, 0x0000, 0x0000, 0xA80A, 0x0000, 0x8805, 0xE94E, 0xF9D0, 0xF98F, 0xF9B0, 0xF94E, 0xF96F,
  0xF9B0, 0xF9B0, 0xF9F0, 0xF990, 0xD8AC, 0xF14F, 0xFF5E, 0xF476, 0xF313, 0xF61A, 0xFDBA, 0xFBD5,
  0xFFFF, 0xFCD8, 0xA006, 0x04C0, 0x7807, 0x0000, 0x0000, 0x0000, 0x0000, 0x0000, 0x0000, 0x0000,
  0x0000, 0x0000, 0x0000, 0x0000, 0x0000, 0x0000, 0x0000, 0x0000, 0x0000, 0x0000, 0x0000, 0x0000,
  0x0000, 0x0000, 0x0000, 0x0000, 0x0000, 0x0000, 0x0000, 0x0000, 0x0000, 0x0000, 0x0000, 0x0000,
  0x0000, 0x0000, 0x0000, 0x0000, 0x0000, 0x0000, 0xA80A, 0x0000, 0x9826, 0xF16F, 0xF9D1, 0xF94E,
  0xF92E, 0xF9D0, 0xF9B0, 0xF9B0, 0xF9D0, 0xF96F, 0xE10D, 0xE9B0, 0xFF7E, 0xFFFF, 0xFFFF, 0xFD79,
  0xFA12, 0xFB54, 0xFEBC, 0xFF9F, 0xD8CC, 0x6803, 0x0000, 0x6006, 0x3800, 0x5000, 0x3800, 0x5000,
  0x0000, 0x0000, 0x0000, 0x0000, 0x0000, 0x0000, 0x0000, 0x0000, 0x0000, 0x0000, 0x0000, 0x0000,
  0x0000, 0x0000, 0x0000, 0x0000, 0x0000, 0x0000, 0x0000, 0x0000, 0x0000, 0x0000, 0x0000, 0x0000,
  0x0000, 0x0000, 0x0000, 0x0000, 0x0000, 0x0000, 0x0000, 0x0000, 0x0000, 0xF80F, 0x0000, 0x9826,
  0xD92D, 0xF94F, 0xF9D0, 0xF9B0, 0xF9D0, 0xF9D0, 0xF9B0, 0xF94F, 0xE94E, 0xE8ED, 0xFE9C, 0xFFFF,
  0xFFFF, 0xFDB9, 0xFE5B, 0xFC97, 0xFBD5, 0xFFFF, 0xFAD2, 0x9004, 0x0000, 0xA80A, 0x0000, 0x0000,
  0x0000, 0x0000, 0x0000, 0x0000, 0x0000, 0x0000, 0x0000, 0x0000, 0x0000, 0x0000, 0x0000, 0x0000,
  0x0000, 0x0000, 0x0000, 0x0000, 0x0000, 0x0000, 0x0000, 0x0000, 0x0000, 0x0000, 0x0000, 0x0000,
  0x0000, 0x0000, 0x0000, 0x0000, 0x0000, 0x0000, 0x0000, 0x0000, 0x0000, 0x0000, 0x7800, 0x0000,
  0x7803, 0x9827, 0x9827, 0xB889, 0xE0ED, 0xF96F, 0xF9F0, 0xF9F0, 0xF9B0, 0xF94E, 0xF1AF, 0xE06B,
  0xFD59, 0xFFFF, 0xFEBC, 0xF82C, 0xFC36, 0xFAF3, 0xFD38, 0xFFFF, 0xFAF3, 0x9805, 0x0000, 0xF80F,
  0x0000, 0x0000, 0x0000, 0x0000, 0x0000, 0x0000, 0x0000, 0x0000, 0x0000, 0x0000, 0x0000, 0x0000,
  0x0000, 0x0000, 0x0000, 0x0000, 0x0000, 0x0000, 0x0000, 0x0000, 0x0000, 0x0000, 0x0000, 0x0000,
  0x0000, 0x0000, 0x0000, 0x0000, 0x0000, 0x0000, 0x0000, 0x0000, 0x0000, 0x0000, 0x0000, 0xF800,
  0xFBEF, 0x1860, 0xA909, 0xFCD8, 0xF0CD, 0xD82A, 0xD311, 0xD22E, 0xD8EC, 0xF14F, 0xF9B0, 0xF92E,
  0xFA11, 0xE92D, 0xFAB3, 0xFFFF, 0xFFFF, 0xFD59, 0xFF9E, 0xFFFF, 0xFF9F, 0xFC97, 0xE06B, 0x7825,
  0x0000, 0xA80A, 0x0000, 0x0000, 0x0000, 0x0000, 0x0000, 0x0000, 0x0000, 0x0000, 0x0000, 0x0000,
  0x0000, 0x0000, 0x0000, 0x0000, 0x0000, 0x0000, 0x0000, 0x0000, 0x0000, 0x0000, 0x0000, 0x0000,
  0x0000, 0x0000, 0x0000, 0x0000, 0x0000, 0x0000, 0x0000, 0x0000, 0x0000, 0x0000, 0x0000, 0x0000,
  0x0000, 0xA80A, 0x0000, 0x7804, 0xF4B7, 0xFB13, 0xF80B, 0xFA10, 0xFFFF, 0xFD5A, 0xE555, 0xD30B,
  0xDA8C, 0xD9CC, 0xD98C, 0xD9AD, 0xD8AC, 0xF1D1, 0xFC98, 0xFD7A, 0xFC57, 0xFA72, 0xE8ED, 0xC008,
  0x8806, 0x03E0, 0x7800, 0x0000, 0x0000, 0x0000, 0x0000, 0x0000, 0x0000, 0x0000, 0x0000, 0x0000,
  0x0000, 0x0000, 0x0000, 0x0000, 0x0000, 0x0000, 0x0000, 0x0000, 0x0000, 0x0000, 0x0000, 0x0000,
  0x0000, 0x0000, 0x0000, 0x0000, 0x0000, 0x0000, 0x0000, 0x0000, 0x0000, 0x0000, 0x0000, 0x0000,
  0x0000, 0x0000, 0x7800, 0x0000, 0x5000, 0xB9AC, 0xFD9A, 0xF82B, 0xF82B, 0xFA71, 0xFFFF, 0xFD3A,
  0xFF5C, 0xFE10, 0xFE11, 0xF5F2, 0xF54F, 0xDC6C, 0xB308, 0xD26B, 0xD16B, 0xD96B, 0xB908, 0x8805,
  0x7805, 0x4105, 0x0000, 0x0000, 0x0000, 0x0000, 0x0000, 0x0000, 0x0000, 0x0000, 0x0000, 0x0000,
  0x0000, 0x0000, 0x0000, 0x0000, 0x0000, 0x0000, 0x0000, 0x0000, 0x0000, 0x0000, 0x0000, 0x0000,
  0x0000, 0x0000, 0x0000, 0x0000, 0x0000, 0x0000, 0x0000, 0x0000, 0x0000, 0x0000, 0x0000, 0x0000,
  0x0000, 0x0000, 0x0000, 0x0000, 0x7807, 0x0000, 0x8002, 0xF476, 0xFC16, 0xF84B, 0xF8CD, 0xF8CD,
  0xFF3D, 0xFEBD, 0xFE7D, 0xFF17, 0xFE53, 0xFEB4, 0xF653, 0xBC09, 0xED0D, 0xFE52, 0xF631, 0xFE10,
  0xC48B, 0x28A0, 0x0000, 0x0000, 0xA80A, 0x0000, 0x0000, 0x0000, 0x0000, 0x0000, 0x0000, 0x0000,
  0x0000, 0x0000, 0x0000, 0x0000, 0x0000, 0x0000, 0x0000, 0x0000, 0x0000, 0x0000, 0x0000, 0x0000,
  0x0000, 0x0000, 0x0000, 0x0000, 0x0000, 0x0000, 0x0000, 0x0000, 0x0000, 0x0000, 0x0000, 0x0000,
  0x0000, 0x0000, 0x0000, 0x0000, 0x0000, 0x0000, 0xF80F, 0x0000, 0x9806, 0xFD9A, 0xF9D0, 0xF80A,
  0xFA71, 0xFAD2, 0xFA11, 0xDC14, 0xBA6F, 0xCBD1, 0xB3CB, 0x9329, 0x79E5, 0xE5D3, 0xFE93, 0xFE53,
  0xFEB5, 0xFF79, 0xED77, 0x8005, 0x7807, 0x7805, 0x0000, 0x0000, 0x0000, 0x0000, 0x0000, 0x0000,
  0x0000, 0x0000, 0x0000, 0x0000, 0x0000, 0x0000, 0x0000, 0x0000, 0x0000, 0x0000, 0x0000, 0x0000,
  0x0000, 0x0000, 0x0000, 0x0000, 0x0000, 0x0000, 0x0000, 0x0000, 0x0000, 0x0000, 0x0000, 0x0000,
  0x0000, 0x0000, 0x0000, 0x0000, 0x0000, 0x0000, 0x0000, 0x0000, 0x0000, 0x0000, 0xB048, 0xFDDA,
  0xFA71, 0xFA51, 0xFA72, 0xFB94, 0xF990, 0x9004, 0x3000, 0x5800, 0x3800, 0x0000, 0x7003, 0xE496,
  0xFE9C, 0xFE7B, 0xFE5C, 0xFD7B, 0xFD1A, 0xA12A, 0x0000, 0xFAB5, 0x0000, 0x0000, 0x0000, 0x0000,
  0x0000, 0x0000, 0x0000, 0x0000, 0x0000, 0x0000, 0x0000, 0x0000, 0x0000, 0x0000, 0x0000, 0x0000,
  0x0000, 0x0000, 0x0000, 0x0000, 0x0000, 0x0000, 0x0000, 0x0000, 0x0000, 0x0000, 0x0000, 0x0000,
  0x0000, 0x0000, 0x0000, 0x0000, 0x0000, 0x0000, 0x0000, 0x0000, 0x0000, 0x0000, 0x0000, 0x0000,
  0xA047, 0xFD79, 0xFE7C, 0xFFFF, 0xFE5B, 0xFA11, 0xD84B, 0x7885, 0x0000, 0x0000, 0x0000, 0x0000,
  0x2860, 0xCAD1, 0xFEDD, 0xFE1C, 0xFE1C, 0xFEDD, 0xFF7E, 0xA12A, 0x0000, 0x0000, 0x0000, 0x0000,
  0x0000, 0x0000, 0x0000, 0x0000, 0x0000, 0x0000, 0x0000, 0x0000, 0x0000, 0x0000, 0x0000, 0x0000,
  0x0000, 0x0000, 0x0000, 0x0000, 0x0000, 0x0000, 0x0000, 0x0000, 0x0000, 0x0000, 0x0000, 0x0000,
  0x0000, 0x0000, 0x0000, 0x0000, 0x0000, 0x0000, 0x0000, 0x0000, 0x0000, 0x0000, 0x0000, 0x0000,
  0xA80A, 0x0000, 0x8004, 0xFBD4, 0xFEDD, 0xFFFF, 0xFFFF, 0xFA92, 0x8804, 0x06AA, 0x7807, 0x7800,
  0x5000, 0xFFFF, 0x01E0, 0xA8EA, 0xFD18, 0xFEBC, 0xFEBC, 0xFDFA, 0xFA92, 0xC809, 0x5023, 0x0000,
  0xA800, 0x0000, 0x0000, 0x0000, 0x0000, 0x0000, 0x0000, 0x0000, 0x0000, 0x0000, 0x0000, 0x0000,
  0x0000, 0x0000, 0x0000, 0x0000, 0x0000, 0x0000, 0x0000, 0x0000, 0x0000, 0x0000, 0x0000, 0x0000,
  0x0000, 0x0000, 0x0000, 0x0000, 0x0000, 0x0000, 0x0000, 0x0000, 0x0000, 0x0000, 0x0000, 0x0000,
  0x0000, 0x0000, 0x7800, 0x0000, 0x5062, 0xA067, 0xF333, 0xFC36, 0xF2B2, 0xA027, 0x4062, 0x0000,
  0x7800, 0x0000, 0x0000, 0x0000, 0x0000, 0xB028, 0xF80B, 0xF8ED, 0xFB94, 0xFB94, 0xFA10, 0xF80B,
  0x9847, 0x0000, 0xF80F, 0x0000, 0x0000, 0x0000, 0x0000, 0x0000, 0x0000, 0x0000, 0x0000, 0x0000,
  0x0000, 0x0000, 0x0000, 0x0000, 0x0000, 0x0000, 0x0000, 0x0000, 0x0000, 0x0000, 0x0000, 0x0000,
  0x0000, 0x0000, 0x0000, 0x0000, 0x0000, 0x0000, 0x0000, 0x0000, 0x0000, 0x0000, 0x0000, 0x0000,
  0x0000, 0x0000, 0x0000, 0x0000, 0x0000, 0xF800, 0x0000, 0x4001, 0x9005, 0xA807, 0x8804, 0x2841,
  0x0000, 0x7800, 0x0000, 0x0000, 0xF800, 0x0000, 0x1861, 0xB028, 0xF84C, 0xF8CC, 0xFB94, 0xFCD7,
  0xFC76, 0xF94E, 0xC008, 0x4843, 0x0000, 0x7800, 0x0000, 0x0000, 0x0000, 0x0000, 0x0000, 0x0000,
  0x0000, 0x0000, 0x0000, 0x0000, 0x0000, 0x0000, 0x0000, 0x0000, 0x0000, 0x0000, 0x0000, 0x0000,
  0x0000, 0x0000, 0x0000, 0x0000, 0x0000, 0x0000, 0x0000, 0x0000, 0x0000, 0x0000, 0x0000, 0x0000,
  0x0000, 0x0000, 0x0000, 0x0000, 0x0000, 0x0000, 0x0000, 0x0000, 0xF800, 0x0000, 0x0000, 0x0000,
  0x0000, 0x0000, 0x7800, 0x0000, 0x0000, 0x0000, 0xF800, 0x0000, 0x1000, 0xB8CA, 0xF92E, 0xFB53,
  0xFFBF, 0xFFFF, 0xFFFF, 0xFE5B, 0xE98E, 0x7805, 0x0000, 0x7807, 0x0000, 0x0000, 0x0000, 0x0000,
  0x0000, 0x0000, 0x0000, 0x0000, 0x0000, 0x0000, 0x0000, 0x0000, 0x0000, 0x0000, 0x0000, 0x0000,
  0x0000, 0x0000, 0x0000, 0x0000, 0x0000, 0x0000, 0x0000, 0x0000, 0x0000, 0x0000, 0x0000, 0x0000,
  0x0000, 0x0000, 0x0000, 0x0000, 0x0000, 0x0000, 0x0000, 0x0000, 0x0000, 0x0000, 0x0000, 0x7800,
  0xA80A, 0xF81F, 0xA80A, 0xF800, 0x0000, 0x0000, 0x0000, 0x0000, 0xF800, 0x0000, 0x0080, 0xA8A9,
  0xFDBA, 0xFEBC, 0xFE7B, 0xFE7B, 0xFE5B, 0xFF3E, 0xF353, 0x7803, 0x0000, 0x7807, 0x0000, 0x0000,
  0x0000, 0x0000, 0x0000, 0x0000, 0x0000, 0x0000, 0x0000, 0x0000, 0x0000, 0x0000, 0x0000, 0x0000,
  0x0000, 0x0000, 0x0000, 0x0000, 0x0000, 0x0000, 0x0000, 0x0000, 0x0000, 0x0000, 0x0000, 0x0000,
  0x0000, 0x0000, 0x0000, 0x0000, 0x0000, 0x0000, 0x0000, 0x0000, 0x0000, 0x0000, 0x0000, 0x0000,
  0x0000, 0x0000, 0x0000, 0x0000, 0x0000, 0x0000, 0x0000, 0x0000, 0x0000, 0x0000, 0x0000, 0xA80A,
  0x0000, 0x8004, 0xC8CB, 0xF354, 0xFCB7, 0xFD18, 0xFCF8, 0xFAF3, 0xA807, 0x5843, 0x0000, 0x7800,
  0x0000, 0x0000, 0x0000, 0x0000, 0x0000, 0x0000, 0x0000, 0x0000, 0x0000, 0x0000, 0x0000, 0x0000,
  0x0000, 0x0000, 0x0000, 0x0000, 0x0000, 0x0000, 0x0000, 0x0000, 0x0000, 0x0000, 0x0000, 0x0000,
  0x0000, 0x0000, 0x0000, 0x0000, 0x0000, 0x0000, 0x0000, 0x0000, 0x0000, 0x0000, 0x0000, 0x0000,
  0x0000, 0x0000, 0x0000, 0x0000, 0x0000, 0x0000, 0x0000, 0x0000, 0x0000, 0x0000, 0x0000, 0x0000,
  0x0000, 0x0000, 0x0000, 0x0000, 0x5001, 0x7803, 0x9806, 0xA807, 0xA806, 0x8804, 0x5844, 0x0000,
  0xF800, 0x0000, 0x0000, 0x0000, 0x0000, 0x0000, 0x0000, 0x0000, 0x0000, 0x0000, 0x0000, 0x0000,
  0x0000, 0x0000, 0x0000, 0x0000, 0x0000, 0x0000, 0x0000, 0x0000, 0x0000, 0x0000, 0x0000, 0x0000,
  0x0000, 0x0000, 0x0000, 0x0000, 0x0000, 0x0000, 0x0000, 0x0000, 0x0000, 0x0000, 0x0000, 0x0000,
  0x0000, 0x0000, 0x0000, 0x0000, 0x0000, 0x0000, 0x0000, 0x0000, 0x0000, 0x0000, 0x0000, 0x0000,
  0x0000, 0x0000, 0x0000, 0x0000, 0x0000, 0x0000, 0x0000, 0x0000, 0x0000, 0x0000, 0x0000, 0x0000,
  0x0000, 0x0000, 0x0000, 0x0000, 0x0000, 0x0000, 0x0000, 0x0000, 0x0000, 0x0000, 0x0000, 0x0000,
  0x0000, 0x0000, 0x0000, 0x0000, 0x0000, 0x0000, 0x0000, 0x0000, 0x0000, 0x0000, 0x0000, 0x0000,
  0x0000, 0x0000,
};
const uint8_t V54_PINK_HIT_0_MASK[] PROGMEM = {
  0x00, 0x00, 0x00, 0x00, 0x00, 0x00, 0x00, 0x00, 0x00, 0x00, 0x00, 0x00, 0x01, 0x80, 0x00, 0x00, 0x00, 0x00, 0x00, 0x00,
  0x0F, 0x80, 0x00, 0x00, 0x00, 0x00, 0x00, 0x03, 0xFF, 0xE0, 0x00, 0x00, 0x00, 0x00, 0x00, 0x0F, 0xFF, 0xF0, 0x00, 0x00,
  0x00, 0x00, 0x00, 0x0F, 0x0F, 0xE0, 0x00, 0x00, 0x00, 0x00, 0x00, 0x0F, 0x0F, 0xF0, 0x80, 0x00, 0x00, 0x00, 0x00, 0x07,
  0xCF, 0xFF, 0x80, 0x00, 0x00, 0x00, 0x00, 0x01, 0xE1, 0x8F, 0xC0, 0x00, 0x00, 0x00, 0x00, 0x1F, 0xFC, 0x0F, 0xE0, 0x00,
  0x00, 0x00, 0x00, 0x7F, 0xFF, 0x0F, 0xE0, 0x00, 0x00, 0x00, 0x01, 0xFF, 0xFF, 0xDF, 0xE0, 0x00, 0x00, 0x00, 0x03, 0xFF,
  0xFF, 0xFF, 0x80, 0x00, 0x00, 0x00, 0x07, 0xFF, 0xFF, 0xF1, 0x80, 0x00, 0x00, 0x00, 0x0F, 0xFF, 0xFF, 0xF9, 0x80, 0x00,
  0x00, 0x00, 0x0F, 0xFF, 0xFF, 0xFC, 0x00, 0x00, 0x00, 0x00, 0x1F, 0xFF, 0xFF, 0xFC, 0x00, 0x00, 0x00, 0x03, 0xFF, 0xFF,
  0xFF, 0xFE, 0x00, 0x00, 0x00, 0x0F, 0xFF, 0xFF, 0xFF, 0xFF, 0xF0, 0x00, 0x00, 0x3F, 0xFF, 0xFF, 0xFF, 0xFF, 0xF8, 0x00,
  0x00, 0x7F, 0xFF, 0xFF, 0xFF, 0xFF, 0xF8, 0x00, 0x00, 0x7F, 0xFF, 0xFF, 0xFF, 0xFF, 0xF8, 0x00, 0x00, 0x7F, 0xFF, 0xFF,
  0xFF, 0xFF, 0xF8, 0x00, 0x00, 0x7F, 0xFF, 0xFF, 0xFF, 0xFF, 0xF8, 0x00, 0x00, 0x3F, 0xFF, 0xFF, 0xFF, 0xFF, 0xF0, 0x00,
  0x00, 0x3F, 0xFF, 0xFF, 0xFF, 0xFF, 0xE0, 0x00, 0x00, 0x1F, 0xFF, 0xFF, 0xFF, 0xFF, 0xC0, 0x00, 0x00, 0x00, 0xFF, 0xFF,
  0xFF, 0xFF, 0x80, 0x00, 0x00, 0x00, 0xFF, 0xFF, 0xFF, 0xFF, 0x00, 0x00, 0x00, 0x00, 0xFF, 0xFF, 0xFF, 0xFF, 0x00, 0x00,
  0x00, 0x00, 0xFF, 0xFF, 0xFF, 0xFE, 0x00, 0x00, 0x00, 0x00, 0x7F, 0xFF, 0xFF, 0xFC, 0x00, 0x00, 0x00, 0x00, 0x7F, 0xFF,
  0xFF, 0xFC, 0x00, 0x00, 0x00, 0x00, 0x3F, 0xFF, 0xFF, 0xFE, 0x00, 0x00, 0x00, 0x00, 0x1F, 0xFF, 0xFF, 0xFF, 0x00, 0x00,
  0x00, 0x00, 0x1F, 0xFF, 0xFF, 0xFF, 0x80, 0x00, 0x00, 0x00, 0x0F, 0xFF, 0xFF, 0xFF, 0x80, 0x00, 0x00, 0x00, 0x0F, 0xFF,
  0xFF, 0xFF, 0x80, 0x00, 0x00, 0x00, 0x3F, 0xFF, 0xFF, 0xFF, 0x80, 0x00, 0x00, 0x00, 0xFF, 0xFF, 0xFF, 0xFF, 0x00, 0x00,
  0x00, 0x00, 0xFF, 0xFF, 0xFC, 0xFE, 0x00, 0x00, 0x00, 0x00, 0xFF, 0xFF, 0xFE, 0x3C, 0x00, 0x00, 0x00, 0x00, 0x7F, 0xFF,
  0xFE, 0x00, 0x00, 0x00, 0x00, 0x00, 0x3F, 0xFF, 0xFF, 0x00, 0x00, 0x00, 0x00, 0x00, 0x1F, 0xFF, 0xFF, 0x00, 0x00, 0x00,
  0x00, 0x00, 0x1F, 0xFF, 0xFF, 0x00, 0x00, 0x00, 0x00, 0x00, 0x3F, 0xFF, 0xFF, 0x00, 0x00, 0x00, 0x00, 0x00, 0x7F, 0xFF,
  0xFE, 0x00, 0x00, 0x00, 0x00, 0x00, 0x7F, 0xFF, 0xF8, 0x00, 0x00, 0x00, 0x00, 0x00, 0xFF, 0xFF, 0xF0, 0x00, 0x00, 0x00,
  0x00, 0x00, 0xFF, 0xFF, 0xF0, 0x00, 0x00, 0x00, 0x00, 0x00, 0xFF, 0x8F, 0xF0, 0x00, 0x00, 0x00, 0x00, 0x00, 0xFF, 0x07,
  0xF0, 0x00, 0x00, 0x00, 0x00, 0x00, 0xFE, 0x07, 0xF8, 0x00, 0x00, 0x00, 0x00, 0x00, 0x7C, 0x07, 0xF8, 0x00, 0x00, 0x00,
  0x00, 0x00, 0x38, 0x07, 0xF8, 0x00, 0x00, 0x00, 0x00, 0x00, 0x00, 0x07, 0xFC, 0x00, 0x00, 0x00, 0x00, 0x00, 0x00, 0x07,
  0xFC, 0x00, 0x00, 0x00, 0x00, 0x00, 0x00, 0x07, 0xF8, 0x00, 0x00, 0x00, 0x00, 0x00, 0x00, 0x03, 0xF8, 0x00, 0x00, 0x00,
  0x00, 0x00, 0x00, 0x00, 0x00, 0x00, 0x00, 0x00,
};
const Sprite565 V54_PINK_HIT_0 = { V54_PINK_HIT_0_BITMAP, V54_PINK_HIT_0_MASK, 62, 61 };

const uint16_t V54_PINK_HIT_1_BITMAP[] PROGMEM = {
  0x0000, 0x0000, 0x0000, 0x0000, 0x0000, 0x0000, 0x0000, 0x0000, 0x0000, 0x0000, 0x0000, 0x0000,
  0x0000, 0x0000, 0x0000, 0x0000, 0x0000, 0x0000, 0x0000, 0x0000, 0x0000, 0x0000, 0x0000, 0x0000,
  0x0000, 0x0000, 0x0000, 0x0000, 0x0000, 0x0000, 0x0000, 0x0000, 0x0000, 0x0000, 0x0000, 0x0000,
  0x0000, 0x0000, 0x0000, 0x0000, 0x0000, 0x0000, 0x0000, 0x0000, 0x0000, 0x0000, 0x0000, 0x0000,
  0x0000, 0x0000, 0x0000, 0x0000, 0x0000, 0x0000, 0x0000, 0x0000, 0x0000, 0x0000, 0x0000, 0x0000,
  0x0000, 0x0000, 0x0000, 0x0000, 0x0000, 0x0000, 0x0000, 0x0000, 0x0000, 0x0000, 0x0000, 0x0000,
  0x0000, 0x0000, 0x0000, 0x0000, 0x0000, 0x0000, 0x0000, 0x0000, 0x0000, 0x0000, 0x0000, 0x0000,
  0x0000, 0x0000, 0x0000, 0x0000, 0x0000, 0x0000, 0x0000, 0x0000, 0x0000, 0x0000, 0x0000, 0x0000,
  0x0000, 0x0000, 0x0000, 0x0000, 0x0000, 0x0000, 0x0000, 0x0000, 0x0000, 0x0000, 0x0000, 0x0000,
  0x0000, 0x0000, 0x0000, 0x0000, 0x0000, 0x0000, 0x0000, 0x0000, 0x0000, 0x0000, 0x0000, 0x0000,
  0x0000, 0x0000, 0x0000, 0x0000, 0x0000, 0x0000, 0x0000, 0x0000, 0x0000, 0x0000, 0x0000, 0x0000,
  0x0000, 0x0000, 0x0000, 0x0000, 0x0000, 0x0000, 0x0000, 0x0000, 0x0000, 0x0000, 0x0000, 0x0000,
  0x0000, 0x0000, 0x0000, 0x0000, 0x0000, 0x0000, 0x0000, 0x0000, 0x0000, 0x0000, 0x0000, 0x0000,
  0x0000, 0x0000, 0x0000, 0x0000, 0x0000, 0x0000, 0x0000, 0x0000, 0x0000, 0x0000, 0x0000, 0x0000,
  0x0000, 0x0000, 0x0000, 0x0000, 0x0000, 0x0000, 0x0000, 0x0000, 0x0000, 0x0000, 0x0000, 0x0000,
  0x0000, 0x0000, 0x0000, 0x0000, 0x0000, 0x0000, 0x0000, 0x0000, 0x0000, 0x0000, 0x0000, 0x0000,
  0x0000, 0x0000, 0x0000, 0x0000, 0x0000, 0x0000, 0x0000, 0x0000, 0x0000, 0x0000, 0x0000, 0x0000,
  0x0000, 0x0000, 0x0000, 0x0000, 0x0000, 0x0000, 0x0000, 0x0000, 0x0000, 0x0000, 0x0000, 0x0000,
  0x0000, 0x0000, 0x0000, 0x0000, 0x0000, 0x0000, 0x0000, 0x0000, 0x0000, 0x0000, 0x0000, 0x0000,
  0x0000, 0x0000, 0x0000, 0x0000, 0x0000, 0x0000, 0x0000, 0x0000, 0x0000, 0x0000, 0x0000, 0x0000,
  0x0000, 0x0000, 0x0000, 0x0000, 0x5000, 0x0000, 0x0000, 0x0000, 0x2040, 0x2861, 0x2861, 0x2881,
  0x2881, 0x30A1, 0x3081, 0x2881, 0x2881, 0x2860, 0x2061, 0x1841, 0x0000, 0x0000, 0x0000, 0x5000,
  0x0000, 0x0000, 0x0000, 0x0000, 0x0000, 0x0000, 0x0000, 0x0000, 0x0000, 0x0000, 0x0000, 0x0000,
  0x0000, 0x0000, 0x0000, 0x0000, 0x0000, 0x0000, 0x0000, 0x0000, 0x0000, 0x0000, 0x0000, 0x0000,
  0x0000, 0x0000, 0x0000, 0x0000, 0x0000, 0x0000, 0x0000, 0x0000, 0x0000, 0x0000, 0x0000, 0x0000,
  0x0000, 0x2881, 0x2881, 0x28A1, 0x38C2, 0x4103, 0x4123, 0x4123, 0x4123, 0x4944, 0x4944, 0x4944,
  0x4123, 0x4103, 0x38E2, 0x30C2, 0x28A1, 0x2881, 0x3803, 0x0000, 0x0000, 0x0000, 0x0000, 0x0000,
  0x0000, 0x0000, 0x0000, 0x0000, 0x0000, 0x0000, 0x0000, 0x0000, 0x0000, 0x0000, 0x0000, 0x0000,
  0x0000, 0x0000, 0x0000, 0x0000, 0x0000, 0x0000, 0x0000, 0x0000, 0x0000, 0x0000, 0x0000, 0x0000,
  0x0000, 0x0000, 0x0000, 0x0000, 0x0000, 0x5000, 0x0000, 0x2061, 0x2881, 0x30C2, 0x4123, 0x4944,
  0x4964, 0x4944, 0x4944, 0x4944, 0x4944, 0x4944, 0x4944, 0x4944, 0x4944, 0x4944, 0x4944, 0x4944,
  0x4923, 0x40E3, 0x30A1, 0x2861, 0x0000, 0x0000, 0x5000, 0x0000, 0x0000, 0x0000, 0x0000, 0x0000,
  0x0000, 0x0000, 0x0000, 0x0000, 0x0000, 0x0000, 0x0000, 0x0000, 0x0000, 0x0000, 0x0000, 0x0000,
  0x0000, 0x0000, 0x0000, 0x0000, 0x0000, 0x0000, 0x0000, 0x0000, 0x0000, 0x0000, 0x0000, 0x0000,
  0x0000, 0x0000, 0x2061, 0x28A1, 0x4103, 0x4944, 0x4964, 0x4944, 0x4944, 0x4964, 0x4964, 0x5184,
  0x4964, 0x4944, 0x4944, 0x4944, 0x4944, 0x4944, 0x4944, 0x4944, 0x4944, 0x4944, 0x4944, 0x38E2,
  0x3081, 0x2841, 0x0000, 0x5000, 0x0000, 0x0000, 0x0000, 0x0000, 0x0000, 0x0000, 0x0000, 0x0000,
  0x0000, 0x0000, 0x0000, 0x0000, 0x0000, 0x0000, 0x0000, 0x0000, 0x0000, 0x0000, 0x0000, 0x0000,
  0x0000, 0x0000, 0x0000, 0x0000, 0x0000, 0x0000, 0x0000, 0x0000, 0x0000, 0x2061, 0x30C2, 0x4123,
  0x4964, 0x4944, 0x4944, 0x5184, 0x6A06, 0x7227, 0x7247, 0x61E6, 0x5164, 0x4944, 0x4944, 0x4944,
  0x4944, 0x4944, 0x4944, 0x4944, 0x4944, 0x4944, 0x4944, 0x4944, 0x4924, 0x30A2, 0x2841, 0x0000,
  0x3800, 0x0000, 0x0000, 0x0000, 0x0000, 0x0000, 0x0000, 0x0000, 0x0000, 0x0000, 0x0000, 0x0000,
  0x0000, 0x0000, 0x0000, 0x0000, 0x0000, 0x0000, 0x0000, 0x0000, 0x0000, 0x0000, 0x0000, 0x0000,
  0x0000, 0x0000, 0x0000, 0x3800, 0x2861, 0x38E2, 0x4944, 0x4944, 0x4944, 0x4944, 0x51A5, 0x7227,
  0x7227, 0x6A07, 0x5185, 0x4964, 0x4944, 0x4964, 0x4944, 0x4944, 0x4944, 0x4944, 0x4944, 0x4944,
  0x4944, 0x4944, 0x4944, 0x4143, 0x4123, 0x3923, 0x30C2, 0x3882, 0x0000, 0x5000, 0x0000, 0x0000,
  0x0000, 0xA80A, 0x7807, 0x7807, 0x0000, 0x0000, 0x0000, 0x0000, 0x0000, 0x0000, 0x0000, 0x0000,
  0x0000, 0x0000, 0x0000, 0x0000, 0x0000, 0x0000, 0x0000, 0x0000, 0x0000, 0x5000, 0x5000, 0x2861,
  0x38E2, 0x4944, 0x4944, 0x4944, 0x4944, 0x4944, 0x5184, 0x59C5, 0x7227, 0x7227, 0x6A06, 0x5185,
  0x5184, 0x4964, 0x4944, 0x4944, 0x4944, 0x4944, 0x4944, 0x4944, 0x4944, 0x4944, 0x4923, 0x8127,
  0xB9AC, 0x9149, 0x4903, 0x30C2, 0x3021, 0x0000, 0x7800, 0xA80A, 0x0000, 0x0000, 0x0000, 0x0000,
  0x0000, 0x0000, 0x0000, 0x0000, 0x0000, 0x0000, 0x0000, 0x0000, 0x0000, 0x0000, 0x0000, 0x0000,
  0x0000, 0x0000, 0x0000, 0x0000, 0x5000, 0x0000, 0x2061, 0x38E2, 0x4944, 0x4944, 0x4944, 0x4944,
  0x4944, 0x4944, 0x5164, 0x7227, 0x7247, 0x6A07, 0x6A27, 0x7227, 0x59A5, 0x4964, 0x4964, 0x4944,
  0x4944, 0x4944, 0x4944, 0x4944, 0x4944, 0x4143, 0x8928, 0xFA73, 0xFAF5, 0xFAB4, 0xC98D, 0x48E3,
  0x2882, 0x7805, 0x5000, 0x0000, 0x1000, 0x6803, 0x7804, 0x7804, 0x60C3, 0x0000, 0xF800, 0x0000,
  0x0000, 0x0000, 0x0000, 0x0000, 0x0000, 0x0000, 0x0000, 0x0000, 0x0000, 0x0000, 0x0000, 0x5000,
  0x0000, 0x2061, 0x30C2, 0x4944, 0x4944, 0x4944, 0x4944, 0x4944, 0x4944, 0x4944, 0x5184, 0x61E6,
  0x51A5, 0x61C6, 0x7A47, 0x7227, 0x6A06, 0x59C5, 0x4964, 0x4944, 0x4944, 0x4944, 0x4944, 0x4944,
  0x4144, 0x5104, 0xE210, 0xFAD4, 0xF2B3, 0xFAB3, 0xFAB4, 0xB96B, 0x4103, 0x28C2, 0x0000, 0x7004,
  0xA048, 0xD14D, 0xE9F0, 0xD94D, 0x8805, 0x18E0, 0xF800, 0x0000, 0x0000, 0x0000, 0x0000, 0x0000,
  0x0000, 0x0000, 0x0000, 0x0000, 0x0000, 0x0000, 0x0000, 0x0000, 0x2080, 0x2881, 0x4924, 0x4944,
  0x4944, 0x4944, 0x4944, 0x4944, 0x4944, 0x4944, 0x4964, 0x4964, 0x5164, 0x6A06, 0x61E6, 0x61E6,
  0x7227, 0x61C6, 0x5184, 0x4964, 0x4944, 0x4944, 0x4944, 0x4944, 0x4143, 0x8928, 0xFAB4, 0xFAB3,
  0xFAB3, 0xFAB3, 0xFAD3, 0xFAB3, 0x8907, 0x5083, 0x8806, 0xC90C, 0xFA72, 0xFAF4, 0xFAD3, 0xFAF5,
  0xD12C, 0x6003, 0x0000, 0x0000, 0x0000, 0x0000, 0x0000, 0x0000, 0x0000, 0x0000, 0x0000, 0x0000,
  0x0000, 0x0000, 0x3800, 0x0000, 0x2861, 0x38E2, 0x4964, 0x4944, 0x4944, 0x4944, 0x4944, 0x4944,
  0x4944, 0x4944, 0x4944, 0x4944, 0x5164, 0x5184, 0x5184, 0x59C5, 0x59C5, 0x59A5, 0x5184, 0x4964,
  0x4944, 0x4944, 0x4944, 0x4944, 0x4103, 0xC1AD, 0xFAF4, 0xFAB2, 0xFAB3, 0xFAB3, 0xFAD3, 0xF231,
  0xF1D0, 0xF231, 0xE14E, 0xFA94, 0xFAB3, 0xFA72, 0xFA72, 0xFAB3, 0xF211, 0x8005, 0x0000, 0x0000,
  0x0000, 0x0000, 0x0000, 0x0000, 0x0000, 0x0000, 0x0000, 0x0000, 0x0000, 0x0000, 0x0000, 0x1800,
  0x28A1, 0x4123, 0x4944, 0x4944, 0x4944, 0x4944, 0x4944, 0x4944, 0x4944, 0x4944, 0x4944, 0x4944,
  0x4944, 0x4944, 0x5184, 0x5184, 0x4944, 0x5164, 0x5164, 0x4964, 0x4944, 0x4944, 0x4944, 0x4964,
  0x5103, 0xD9EF, 0xFAD3, 0xFAB3, 0xFAB3, 0xFAB3, 0xFAD3, 0xE96E, 0xFA52, 0xFAF4, 0xFA92, 0xF272,
  0xFA93, 0xFA72, 0xFA92, 0xFAB3, 0xF211, 0x8805, 0x0000, 0x0000, 0x0000, 0x0000, 0x0000, 0x0000,
  0x0000, 0x0000, 0x0000, 0x0000, 0x0000, 0x5000, 0x0000, 0x2060, 0x38E2, 0x4944, 0x4944, 0x4944,
  0x4944, 0x4944, 0x4944, 0x4944, 0x4944, 0x4944, 0x4944, 0x4944, 0x4944, 0x4944, 0x4964, 0x3903,
  0x9BAB, 0x82E9, 0x4103, 0x4964, 0x4944, 0x4944, 0x4944, 0x4964, 0x5904, 0xEA10, 0xFAD3, 0xFAB3,
  0xFAD3, 0xFAD3, 0xF2B2, 0xF1F0, 0xFA52, 0xFA92, 0xF271, 0xF252, 0xFA93, 0xFA92, 0xFA93, 0xFAB3,
  0xE9AF, 0x7804, 0x0000, 0x0000, 0x0000, 0x0000, 0x0000, 0x0000, 0x0000, 0x0000, 0x0000, 0x0000,
  0x0000, 0x3800, 0x0000, 0x2881, 0x4123, 0x4944, 0x4944, 0x4944, 0x4944, 0x4944, 0x4944, 0x4944,
  0x4944, 0x4944, 0x4944, 0x4944, 0x4944, 0x4944, 0x38E3, 0x936A, 0xFEB4, 0xC4AE, 0x38E3, 0x4964,
  0x4944, 0x4944, 0x4944, 0x4164, 0x5104, 0xEA51, 0xFAD3, 0xFAB2, 0xFAB3, 0xFAF3, 0xFAF3, 0xF1D0,
  0xFA93, 0xFA72, 0xE96F, 0xFA93, 0xFA93, 0xFA93, 0xFA72, 0xFAB3, 0xD92D, 0x6803, 0x0000, 0x0000,
  0x0000, 0x0000, 0x0000, 0x0000, 0x0000, 0x0000, 0x0000, 0x0000, 0x0000, 0x0000, 0x0000, 0x28A1,
  0x4944, 0x4944, 0x4944, 0x4944, 0x4944, 0x4944, 0x4944, 0x4944, 0x4944, 0x4944, 0x4944, 0x4964,
  0x4123, 0x3903, 0xAC2D, 0xFE94, 0xF5F1, 0xFE33, 0x7288, 0x38E2, 0x5164, 0x4964, 0x4944, 0x4964,
  0x4103, 0xB94C, 0xFB15, 0xFAD3, 0xFAD3, 0xFA93, 0xC12C, 0x6865, 0xC14C, 0xE98F, 0xF232, 0xFA93,
  0xFA93, 0xFA92, 0xFA72, 0xFA72, 0xA068, 0x4801, 0x0000, 0x0000, 0x0000, 0x0000, 0x0000, 0x0000,
  0x0000, 0x0000, 0x0000, 0x3800, 0x3800, 0x0000, 0x1860, 0x30A2, 0x4944, 0x4944, 0x4944, 0x4944,
  0x4944, 0x4944, 0x4944, 0x4944, 0x4944, 0x4944, 0x4964, 0x38E3, 0x4964, 0xC4EE, 0xFE93, 0xFE32,
  0xFE73, 0xFE94, 0xEDB1, 0x51C5, 0x4123, 0x5184, 0x4944, 0x4944, 0x3903, 0xA2AA, 0xC9AD, 0xC96D,
  0xB12A, 0x6885, 0x40A2, 0x3923, 0x2880, 0x88C7, 0xFAB3, 0xF272, 0xFA92, 0xFA92, 0xFAB3, 0xE18F,
  0x7804, 0x0000, 0x780F, 0x0000, 0x0000, 0x0000, 0x0000, 0x0000, 0x0000, 0x5000, 0x0000, 0x0000,
  0x0000, 0x0000, 0x1820, 0x30C2, 0x4944, 0x4944, 0x4944, 0x4944, 0x4944, 0x4944, 0x4944, 0x4944,
  0x4964, 0x4964, 0x38E3, 0x6A67, 0xE5B1, 0xFE73, 0xFE32, 0xDD0E, 0x9B47, 0xBC0A, 0xFE52, 0xE5F2,
  0x6A47, 0x38E3, 0x4144, 0x4964, 0x4123, 0xE5B1, 0xA3AA, 0x3061, 0x4123, 0x3923, 0x4144, 0x5144,
  0x4964, 0x3081, 0xC12C, 0xFAD4, 0xFA93, 0xFA53, 0xE18F, 0x8806, 0x3802, 0x0000, 0x3800, 0x0000,
  0x0000, 0x0000, 0x0000, 0x0000, 0x0000, 0x0000, 0x1840, 0x2881, 0x28A1, 0x30C2, 0x28A1, 0x38E2,
  0x4964, 0x4944, 0x4944, 0x4964, 0x4964, 0x4964, 0x4944, 0x4944, 0x4944, 0x4123, 0x9BCB, 0xFE73,
  0xFE53, 0xFE12, 0xFE33, 0xE590, 0xCCCD, 0xC44B, 0xF5F1, 0xFE73, 0xF633, 0x9BAB, 0x4964, 0x38E3,
  0x4123, 0xE570, 0xFEB5, 0x72C9, 0x4944, 0x5164, 0x4944, 0x4144, 0x4944, 0x4143, 0x4883, 0xC94D,
  0xD22E, 0xB2EA, 0xAB6A, 0x9B28, 0x71E3, 0x2800, 0x0000, 0x0000, 0x0000, 0x0000, 0x0000, 0x0000,
  0x2080, 0x2881, 0x30C2, 0x4103, 0x4944, 0x4944, 0x4944, 0x4944, 0x4944, 0x4944, 0x4944, 0x3903,
  0x3903, 0x40E3, 0x4123, 0x4944, 0x4964, 0xC4CE, 0xFE93, 0xFE12, 0xFE12, 0xFE32, 0xFE12, 0xFE32,
  0xFE94, 0xFE73, 0xFE12, 0xFE12, 0xFE32, 0xFE73, 0xEDB1, 0xB42C, 0x8B29, 0xEDD1, 0xD4ED, 0xA368,
  0x4102, 0x4123, 0x4964, 0x4144, 0x4944, 0x4964, 0x4144, 0x5943, 0xCC8C, 0xF631, 0xFE93, 0xFE94,
  0xEDB0, 0x7A24, 0x0800, 0x0000, 0x0000, 0x0000, 0x0000, 0x2020, 0x28A1, 0x4123, 0x4944, 0x4964,
  0x4944, 0x4944, 0x4944, 0x4944, 0x4944, 0x4944, 0x4123, 0x82E9, 0xB44D, 0xAC2C, 0x7267, 0x38C2,
  0xB46D, 0xFEB4, 0xF5F1, 0xFE32, 0xFE32, 0xFE32, 0xFE32, 0xFE53, 0xEDF2, 0xFE73, 0xFE32, 0xFE12,
  0xFE12, 0xFE12, 0xFE32, 0xFE93, 0xFE74, 0xFE33, 0xDD0E, 0xCC8C, 0xBC4B, 0x59E6, 0x30C2, 0x4944,
  0x4964, 0x4964, 0x4103, 0xABCA, 0xFEB4, 0xFE12, 0xFE12, 0xF612, 0xFE94, 0xD4CD, 0x38C1, 0x0000,
  0x0000, 0x0000, 0x2060, 0x30A1, 0x4944, 0x4964, 0x4944, 0x4944, 0x4944, 0x4944, 0x4944, 0x4944,
  0x4964, 0x4103, 0xA3EC, 0xFEB4, 0xFE53, 0xFE93, 0xF633, 0x8B49, 0xEDF2, 0xFE32, 0xFE12, 0xFE32,
  0xFE32, 0xFE33, 0xF633, 0x5226, 0x1081, 0x93AB, 0xFE73, 0xFE12, 0xFE12, 0xFE32, 0xFE12, 0xFE12,
  0xFE32, 0xFE33, 0xFE53, 0xFE73, 0xFEB4, 0xEDF2, 0x8309, 0x4964, 0x5164, 0x4964, 0x4922, 0xDCEE,
  0xFE53, 0xFE12, 0xFE32, 0xFE12, 0xFE12, 0xF5F1, 0x61E4, 0x0000, 0x0000, 0x2000, 0x2881, 0x4944,
  0x4964, 0x4944, 0x4944, 0x4944, 0x4944, 0x4944, 0x4944, 0x4964, 0x4123, 0x59C5, 0xF612, 0xFE32,
  0xF612, 0xFE12, 0xFE32, 0xFE32, 0xFE32, 0xFE32, 0xFE32, 0xFE32, 0xF612, 0xFE94, 0x8B8B, 0x0000,
  0x0000, 0x20C2, 0xF633, 0xFE32, 0xFE32, 0xFE32, 0xFE32, 0xFE32, 0xFE32, 0xFE73, 0xFEB4, 0xFE33,
  0xEE12, 0xFE74, 0xFEB5, 0xC4AE, 0x4103, 0x5963, 0xC44B, 0xFE12, 0xFE12, 0xFE32, 0xFE32, 0xFE12,
  0xFE33, 0xF612, 0x69E4, 0x0000, 0x0000, 0x2081, 0x4103, 0x4964, 0x4944, 0x4944, 0x4944, 0x4944,
  0x4944, 0x4944, 0x4944, 0x4964, 0x4103, 0x7A88, 0xFE53, 0xFE12, 0xFE32, 0xFE32, 0xFE12, 0xFE12,
  0xFE32, 0xFE32, 0xFE32, 0xFE32, 0xF612, 0xFEB4, 0x72E9, 0x0000, 0x0000, 0x3164, 0xFE53, 0xFE32,
  0xFE32, 0xFE32, 0xFE32, 0xFE12, 0xFE32, 0xE5B1, 0x836B, 0x18A2, 0x5A67, 0xFE73, 0xFE32, 0xE590,
  0x5963, 0xCCAC, 0xFEB4, 0xFE12, 0xFE32, 0xFE33, 0xFE32, 0xFE12, 0xFEB5, 0xD50E, 0x48E0, 0x0000,
  0x0000, 0x30A1, 0x4944, 0x4944, 0x4944, 0x4944, 0x4944, 0x4944, 0x4944, 0x4944, 0x4944, 0x4944,
  0x4123, 0x6206, 0xFE33, 0xFE12, 0xF612, 0xFE12, 0xFE12, 0xFE12, 0xFE12, 0xFE32, 0xFE32, 0xFE32,
  0xFE32, 0xFE53, 0xDD90, 0x3984, 0x2903, 0xC4EE, 0xFE53, 0xFE12, 0xFE12, 0xFE32, 0xFE12, 0xFE93,
  0xB46D, 0x0000, 0x20C2, 0x93AA, 0xDD70, 0xFE32, 0xFE53, 0xED90, 0xD4AC, 0xFE73, 0xFE12, 0xFE32,
  0xFE32, 0xFE32, 0xFE94, 0xFE73, 0xE54F, 0x7204, 0x0800, 0x0000, 0x0000, 0x30A1, 0x4964, 0x4944,
  0x4944, 0x4944, 0x4944, 0x4944, 0x4944, 0x4944, 0x4944, 0x4944, 0x5164, 0x4103, 0xA3CB, 0xFE94,
  0xFE52, 0xFE73, 0xFE53, 0xFE32, 0xFE32, 0xFE32, 0xFE32, 0xFE32, 0xFE32, 0xFE12, 0xFE53, 0xFE32,
  0xFE12, 0xFE52, 0xFE72, 0xFE52, 0xFE32, 0xFD90, 0xFDF2, 0xFE73, 0xDD70, 0x3964, 0x18A1, 0xB46D,
  0xFE94, 0xFE33, 0xFE53, 0xE570, 0xED90, 0xFE33, 0xFE12, 0xFE32, 0xFE32, 0xFE73, 0xBC2B, 0x8AC6,
  0x4921, 0x0000, 0x0000, 0x0000, 0x0000, 0x2861, 0x38E2, 0x4123, 0x4944, 0x4944, 0x4944, 0x4944,
  0x4944, 0x4944, 0x4944, 0x4964, 0x4123, 0x30C2, 0x38E2, 0x82C8, 0xBC6D, 0xC48D, 0x82C8, 0xB42B,
  0xFE94, 0xFE12, 0xFE32, 0xFE32, 0xFE32, 0xFE32, 0xFE12, 0xFE12, 0xFE32, 0xFE32, 0xFC4E, 0xFD2F,
  0xFE53, 0xFE73, 0xFE94, 0xFE32, 0xFE32, 0xFE12, 0x6AA8, 0x0000, 0xC50F, 0xFE73, 0xFE33, 0xCC8C,
  0xF5D1, 0xFE33, 0xFE12, 0xFE12, 0xFE94, 0xCCAC, 0x4900, 0x0000, 0x0000, 0x0000, 0x0000, 0x0000,
  0x0000, 0x0000, 0x1840, 0x30C2, 0x4944, 0x4144, 0x4944, 0x4944, 0x4944, 0x4964, 0x4964, 0x3903,
  0x28A2, 0x0000, 0x30C2, 0x30A2, 0x4923, 0x4124, 0x4103, 0x69C4, 0xEDB0, 0xFE73, 0xFE12, 0xFE32,
  0xFE32, 0xFE32, 0xFE32, 0xFE12, 0xFE53, 0xFCF0, 0xF8E5, 0xF946, 0xF9E8, 0xFB6C, 0xFC4E, 0xFDD1,
  0xFE12, 0xFE32, 0xFE94, 0xDD70, 0xF5F1, 0xFE53, 0xE54F, 0xCCAC, 0xFE74, 0xFE32, 0xFE33, 0xFE74,
  0xBC2B, 0x5120, 0x0000, 0x0000, 0x52A0, 0x0000, 0x0000, 0x0000, 0x0000, 0x0000, 0x0000, 0x28A1,
  0x4923, 0x4964, 0x4944, 0x4944, 0x4964, 0x4943, 0x38C2, 0x2881, 0x0000, 0x5000, 0x0000, 0x59A4,
  0x4103, 0x3903, 0x4964, 0x5164, 0x7204, 0xED8F, 0xFE74, 0xFE12, 0xFE32, 0xFE32, 0xFE32, 0xFE12,
  0xFE73, 0xFBCC, 0xFA08, 0xFA8A, 0xF9C8, 0xF8E5, 0xF9A7, 0xFE12, 0xFE32, 0xFE32, 0xFE32, 0xFE52,
  0xFE53, 0xF612, 0xB3EA, 0xF5F2, 0xFE33, 0xFE32, 0xFE94, 0xBC2B, 0x3880, 0x0000, 0xAAAA, 0x0000,
  0x0000, 0x0000, 0x0000, 0x0000, 0x0000, 0x7800, 0x5000, 0x2060, 0x30A2, 0x3903, 0x4103, 0x38E2,
  0x38C2, 0x30A1, 0x2060, 0x0000, 0x5000, 0x0000, 0x5000, 0x0000, 0x0000, 0x0000, 0x2080, 0x4964,
  0x3103, 0x69E4, 0xD4ED, 0xFEB4, 0xFE53, 0xFE12, 0xFE12, 0xFE12, 0xFE53, 0xFD10, 0xFA49, 0xFA8A,
  0xFAAA, 0xF9E8, 0xFC8E, 0xFE73, 0xFE12, 0xFE32, 0xFE32, 0xFE53, 0xF612, 0xBC0A, 0xE570, 0xFE32,
  0xFE33, 0xFE53, 0xA348, 0x38C1, 0x18C6, 0x0000, 0x0000, 0x0000, 0x0000, 0x0000, 0x0000, 0x0000,
  0x0000, 0x0000, 0x0000, 0x0000, 0x0000, 0x2881, 0x2881, 0x2881, 0x2080, 0x0000, 0x0000, 0x5000,
  0x0000, 0x0000, 0x79E7, 0x0000, 0x0000, 0x49E7, 0x83AE, 0xACF3, 0xBDB6, 0xCE59, 0xC553, 0xC40C,
  0xDDB0, 0xFE72, 0xFE73, 0xFE33, 0xFE32, 0xFE32, 0xFBAC, 0xFA49, 0xFACA, 0xFCAF, 0xFE53, 0xFE12,
  0xFE33, 0xFE53, 0xFE52, 0xE590, 0xBC2B, 0xE590, 0xFE33, 0xFE53, 0xF5F1, 0x8AA6, 0x4102, 0x4144,
  0x38C2, 0x3082, 0x0000, 0x0000, 0x0000, 0x0000, 0x0000, 0x0000, 0x0000, 0x0000, 0x0000, 0x0000,
  0x0000, 0x0000, 0x0000, 0x0000, 0x0000, 0x5000, 0x0000, 0x0000, 0x52A0, 0x0000, 0x0000, 0x39A7,
  0x83CF, 0xC5F7, 0xF77E, 0xFFFF, 0xFFFF, 0xFFFF, 0xFFFF, 0xDB11, 0xB8C7, 0xB32A, 0xD52E, 0xEE31,
  0xFE12, 0xFE32, 0xFE73, 0xFE12, 0xFE12, 0xFE73, 0xFE53, 0xFE53, 0xF5B0, 0xD4CD, 0xB42C, 0xB44C,
  0xF612, 0xFE53, 0xFE53, 0xDD4F, 0x7204, 0x4103, 0x4964, 0x4964, 0x4923, 0x30A2, 0x0000, 0x5000,
  0x0000, 0x0000, 0x0000, 0x0000, 0x0000, 0x0000, 0x0000, 0x0000, 0x0000, 0x5000, 0x5000, 0x5000,
  0x0000, 0x0000, 0x7800, 0x0000, 0x0000, 0x0000, 0x4100, 0x82E8, 0xC595, 0xFFFF, 0xFFFF, 0xFFDF,
  0xFFDF, 0xFFBF, 0xFFFF, 0xED98, 0xF0EE, 0xE94E, 0xD92B, 0xC22A, 0xB40A, 0xC48B, 0xCC8D, 0xD4EE,
  0xD4EE, 0xCC8C, 0xC4AD, 0xC48D, 0xB48F, 0xCDB5, 0xEF5D, 0xC595, 0xFDF1, 0xFE32, 0xB3EA, 0x5163,
  0x4123, 0x4964, 0x4944, 0x4944, 0x4964, 0x38E3, 0x2040, 0x0000, 0x0000, 0x0000, 0x0000, 0x0000,
  0x0000, 0x0000, 0x0000, 0x0000, 0x0000, 0x0000, 0x0000, 0x0000, 0x0000, 0x52A0, 0x0000, 0x0000,
  0x4900, 0x8AE7, 0xD50E, 0xFE53, 0xDD91, 0xC618, 0xFFFF, 0xFFDF, 0xFFDF, 0xFFDF, 0xFFFF, 0xF7BE,
  0xEAB1, 0xFA11, 0xF18F, 0xF8CF, 0xF24E, 0xEAAE, 0xE10C, 0xE270, 0xE659, 0xDEDA, 0xD658, 0xF77D,
  0xFFFF, 0xFFFF, 0xFFFF, 0xE75D, 0xBCAF, 0x7A65, 0x4102, 0x4144, 0x4964, 0x4944, 0x4944, 0x4944,
  0x4944, 0x4944, 0x2881, 0x0000, 0x3800, 0x0000, 0x0000, 0x0000, 0x0000, 0x0000, 0x0000, 0x0000,
  0x0000, 0x0000, 0x0000, 0x0000, 0x52A0, 0x0000, 0x2000, 0x7A44, 0xD4CD, 0xFE53, 0xFE73, 0xFE32,
  0xFE53, 0xBD32, 0xEF7E, 0xFFFF, 0xFFFF, 0xFFDF, 0xFFDF, 0xFFFF, 0xE455, 0xF10E, 0xF18F, 0xF4F8,
  0xFE9C, 0xFE3C, 0xFD39, 0xFF5F, 0xFFFF, 0xFFFF, 0xEF5D, 0xDEDB, 0xFFFF, 0xFFFF, 0xFFFF, 0xE71C,
  0x7B2C, 0x4103, 0x4964, 0x4944, 0x4944, 0x4944, 0x4944, 0x4944, 0x4944, 0x5164, 0x38C2, 0x0000,
  0x0000, 0x0000, 0x0000, 0x0000, 0x0000, 0x0000, 0x0000, 0x0000, 0x0000, 0x0000, 0x0000, 0x7BE0,
  0x0000, 0x40E0, 0x9B68, 0xFE12, 0xFE73, 0xFE12, 0xFE12, 0xFE32, 0xFE32, 0xDD50, 0xD679, 0xFFFF,
  0xFFDF, 0xFFFF, 0xFFDF, 0xFFFF, 0xEE9B, 0xE94E, 0xF94F, 0xED37, 0xFFFF, 0xFF7E, 0xFF3D, 0xFE3B,
  0xFC57, 0xFF7E, 0xFFDF, 0xCE18, 0xFFFF, 0xFFDF, 0xB575, 0x5A28, 0x4103, 0x4964, 0x4944, 0x4944,
  0x4944, 0x4944, 0x4944, 0x4944, 0x4944, 0x4964, 0x30C2, 0x0000, 0x0000, 0x0000, 0x0000, 0x0000,
  0x0000, 0x0000, 0x0000, 0x0000, 0x0000, 0x0000, 0x7BE0, 0x0000, 0x4921, 0xBC4B, 0xFE93, 0xFE33,
  0xFE12, 0xFE32, 0xFE32, 0xFE32, 0xFE32, 0xF5D1, 0xC5F7, 0xFFFF, 0xFFFF, 0xE71C, 0xEF3C, 0xFFFF,
  0xFFFF, 0xE332, 0xF9B0, 0xF271, 0xF7BE, 0xFD39, 0xFAD3, 0xFB95, 0xFAF4, 0xFEFD, 0xFFFF, 0xC638,
  0xAD54, 0x7BCF, 0x4966, 0x0000, 0x30C2, 0x4123, 0x4964, 0x4944, 0x4944, 0x4944, 0x4944, 0x4944,
  0x4123, 0x4103, 0x2881, 0x0000, 0x5000, 0x0000, 0x0000, 0x0000, 0x0000, 0x0000, 0x0000, 0x0000,
  0x0000, 0x52A0, 0x0000, 0x3880, 0xB40A, 0xFEB4, 0xFE12, 0xFE12, 0xFE32, 0xFE32, 0xFE12, 0xFE73,
  0xFE93, 0xEDB0, 0xB595, 0xD6BA, 0xB4D3, 0xDEBA, 0xFFDF, 0xFFDF, 0xFFFF, 0xEDB9, 0xF18F, 0xF14E,
  0xF578, 0xFF9F, 0xFCD8, 0xFAF4, 0xFD7A, 0xFFFF, 0xFFFF, 0xCC13, 0xB98C, 0x7803, 0x0000, 0xB9EF,
  0x0000, 0x30A1, 0x4103, 0x4944, 0x4944, 0x4944, 0x5164, 0x4944, 0x28A1, 0x2061, 0x5000, 0x0000,
  0x0000, 0x0000, 0x0000, 0x0000, 0x0000, 0x0000, 0x0000, 0x0000, 0x0000, 0xFBEF, 0x0000, 0x6A03,
  0xFE32, 0xFE53, 0xFE12, 0xFE32, 0xFE32, 0xFE32, 0xFE53, 0xED90, 0x9B48, 0x7B08, 0x9410, 0xA22C,
  0xE5B9, 0xFFFF, 0xFFBF, 0xFFDF, 0xFFFF, 0xF7BE, 0xE230, 0xF94F, 0xF312, 0xFFFF, 0xFFFF, 0xFF3E,
  0xFFFF, 0xFF1D, 0xEBB3, 0xF990, 0xFA12, 0xB8CA, 0x6865, 0x0000, 0x7807, 0x0000, 0x2881, 0x30C2,
  0x38E3, 0x4923, 0x4123, 0x30C2, 0x2061, 0x0000, 0x0000, 0x0000, 0x0000, 0x0000, 0x0000, 0x0000,
  0x0000, 0x0000, 0x0000, 0x0000, 0x0000, 0x0000, 0x0000, 0x8B07, 0xFE53, 0xFE32, 0xFE32, 0xFE12,
  0xFE12, 0xFE53, 0xB42B, 0x61C3, 0x0000, 0x7804, 0xC92C, 0xE92E, 0xD311, 0xF77E, 0xFFFF, 0xFFDF,
  0xFFBE, 0xFFFF, 0xECF6, 0xF18F, 0xF1F0, 0xF5FA, 0xFFDF, 0xF3D4, 0xF354, 0xF1B0, 0xF0CE, 0xF9B0,
  0xF9B0, 0xF0CD, 0xA006, 0x3104, 0xF800, 0x3800, 0x0000, 0x0000, 0x2841, 0x3081, 0x2861, 0x1000,
  0x0000, 0x3800, 0x0000, 0x0000, 0x0000, 0x0000, 0x0000, 0x0000, 0x0000, 0x0000, 0x0000, 0x0000,
  0x0000, 0xFFFF, 0x0000, 0x7A65, 0xFE53, 0xFE32, 0xFE12, 0xF612, 0xFE53, 0xF5F2, 0x69E2, 0x5800,
  0x9847, 0xE14D, 0xFA11, 0xF9F1, 0xF14E, 0xD1EE, 0xE598, 0xFFFF, 0xFFFF, 0xFFFF, 0xFFBE, 0xEA50,
  0xF90F, 0xF2F2, 0xF517, 0xF8EE, 0xFA12, 0xF16F, 0xF0CE, 0xF1CF, 0xF271, 0xFD99, 0xF2B2, 0x8805,
  0x0000, 0xA80A, 0x5000, 0x0000, 0x0000, 0x0000, 0x0000, 0x0000, 0x0000, 0x0000, 0x0000, 0x0000,
  0x0000, 0x0000, 0x0000, 0x0000, 0x0000, 0x0000, 0x0000, 0x0000, 0x0000, 0x39E0, 0x0000, 0x48E0,
  0xBC4C, 0xFE94, 0xFE74, 0xFE74, 0xFE73, 0x9327, 0x7023, 0xC0CA, 0xF9B0, 0xFA11, 0xF9F0, 0xF9D0,
  0xF9D0, 0xF96F, 0xE10D, 0xD26F, 0xDC54, 0xE5F9, 0xF75D, 0xDC54, 0xF0EE, 0xF94F, 0xF435, 0xFA52,
  0xF970, 0xF1F0, 0xF599, 0xFF5D, 0xFDDA, 0xFFFF, 0xFF7F, 0xD92D, 0x7824, 0x0000, 0xA80A, 0x0000,
  0x0000, 0x3800, 0x5000, 0x0000, 0x0000, 0x0000, 0x0000, 0x0000, 0x0000, 0x0000, 0x0000, 0x0000,
  0x0000, 0x0000, 0x0000, 0x0000, 0x0000, 0x0000, 0x7800, 0x0000, 0x4921, 0x9B48, 0xBC6C, 0xB42B,
  0x8286, 0x7023, 0xD10C, 0xF9F1, 0xF9F0, 0xF9D0, 0xF9F1, 0xF96F, 0xF96F, 0xF9D0, 0xF9F1, 0xF9B0,
  0xE8AC, 0xD8ED, 0xD96E, 0xD16D, 0xD8EC, 0xF98F, 0xFEDC, 0xFE3B, 0xF313, 0xFE5B, 0xFDB9, 0xFA10,
  0xF970, 0xFCF8, 0xFFFF, 0xFD59, 0xB007, 0x4104, 0x0000, 0x7800, 0x0000, 0x0000, 0x0000, 0x0000,
  0x0000, 0x0000, 0x0000, 0x0000, 0x0000, 0x0000, 0x0000, 0x0000, 0x0000, 0x0000, 0x0000, 0x0000,
  0x0000, 0x0000, 0x0000, 0xF800, 0x0000, 0x0000, 0x2800, 0x2800, 0x9006, 0xE92E, 0xF9D0, 0xF9D0,
  0xF9B0, 0xF9F0, 0xF96F, 0xF96F, 0xF9D0, 0xF9B0, 0xF9B0, 0xF98F, 0xF98F, 0xF9F1, 0xF9D0, 0xF9B1,
  0xE12D, 0xF0CD, 0xFD9A, 0xFFFF, 0xFFFF, 0xFFFF, 0xFCF8, 0xFBF5, 0xFFBF, 0xFB53, 0xFF5E, 0xFFFF,
  0xE96E, 0x7803, 0x0000, 0x7807, 0x0000, 0x0000, 0x0000, 0x0000, 0x0000, 0x0000, 0x0000, 0x0000,
  0x0000, 0x0000, 0x0000, 0x0000, 0x0000, 0x0000, 0x0000, 0x0000, 0x0000, 0x0000, 0x0000, 0x0000,
  0x52A0, 0x0000, 0x0000, 0xA067, 0xF18F, 0xF9D0, 0xF9B0, 0xF9B0, 0xF9B0, 0xF96F, 0xF94E, 0xF9D0,
  0xF9B0, 0xF9B0, 0xF9B0, 0xF94F, 0xF9AF, 0xF9D0, 0xF1D0, 0xF9F0, 0xE94E, 0xE06B, 0xFB54, 0xFFFF,
  0xFFBF, 0xFFFF, 0xFEDC, 0xFBF6, 0xFD59, 0xF80B, 0xFE3B, 0xFFFF, 0xFB54, 0xA806, 0x07E0, 0x0000,
  0x0000, 0x0000, 0x0000, 0x0000, 0x0000, 0x0000, 0x0000, 0x0000, 0x0000, 0x0000, 0x0000, 0x0000,
  0x0000, 0x0000, 0x0000, 0x0000, 0x0000, 0x0000, 0x0000, 0x0000, 0x0000, 0x7807, 0x5000, 0x8825,
  0xE94E, 0xF9D0, 0xF9AF, 0xF9B0, 0xF96F, 0xF92E, 0xF9D0, 0xF9D0, 0xF9B0, 0xF9D0, 0xF9B0, 0xF96F,
  0xF9D1, 0xF9B1, 0xF990, 0xF9B0, 0xF9B0, 0xE0CB, 0xF9B0, 0xFEFD, 0xFFFF, 0xFFDF, 0xF9B0, 0xF86D,
  0xFE7B, 0xFD39, 0xFFFF, 0xFFFF, 0xFA52, 0xA006, 0x05E0, 0x0000, 0x0000, 0x0000, 0x0000, 0x0000,
  0x0000, 0x0000, 0x0000, 0x0000, 0x0000, 0x0000, 0x0000, 0x0000, 0x0000, 0x0000, 0x0000, 0x0000,
  0x0000, 0x0000, 0x0000, 0x0000, 0x0000, 0x0000, 0x780F, 0x0000, 0x9826, 0xF96E, 0xF9D1, 0xF9B0,
  0xF0ED, 0xF98F, 0xF9D0, 0xF9D0, 0xF9D0, 0xF9F1, 0xF990, 0xF12F, 0xD1AC, 0xC20B, 0xC20B, 0xD18C,
  0xF990, 0xF14E, 0xE8EC, 0xFC36, 0xFFFF, 0xFFDF, 0xFD38, 0xFD79, 0xFFFF, 0xFFFF, 0xFF3E, 0xFB75,
  0xE84B, 0x8066, 0x0000, 0xA80A, 0x0000, 0x0000, 0x0000, 0x0000, 0x0000, 0x0000, 0x0000, 0x0000,
  0x0000, 0x0000, 0x0000, 0x0000, 0x0000, 0x0000, 0x0000, 0x0000, 0x0000, 0x0000, 0x0000, 0x0000,
  0x0000, 0x0000, 0xF800, 0x0000, 0x4800, 0x9826, 0xE12D, 0xF970, 0xF94F, 0xF9D0, 0xF9D0, 0xFA11,
  0xF9F1, 0xE98F, 0xD1AB, 0xBB2B, 0xD50D, 0xE5D0, 0xE5F0, 0xD54E, 0xB2C9, 0xE96E, 0xE96E, 0xF98F,
  0xFD79, 0xFFFF, 0xFFFF, 0xFFFF, 0xFEBC, 0xFC36, 0xF90E, 0xC809, 0x8867, 0x03E0, 0x7800, 0x0000,
  0x0000, 0x0000, 0x0000, 0x0000, 0x0000, 0x0000, 0x0000, 0x0000, 0x0000, 0x0000, 0x0000, 0x0000,
  0x0000, 0x0000, 0x0000, 0x0000, 0x0000, 0x0000, 0x0000, 0x0000, 0x0000, 0x0000, 0x0000, 0xF800,
  0x0000, 0x0000, 0x7825, 0xA848, 0xD92D, 0xF1B0, 0xF9D0, 0xE94E, 0xD1AD, 0xC3EE, 0xDD8F, 0xFE73,
  0xFE53, 0xFE33, 0xFE33, 0xFE74, 0xEE31, 0xBACA, 0xF96F, 0xE0CB, 0xF0CE, 0xFAD3, 0xFB75, 0xF9F1,
  0xF8EF, 0xD84A, 0x9027, 0x58A5, 0x0000, 0xF800, 0x0000, 0x0000, 0x0000, 0x0000, 0x0000, 0x0000,
  0x0000, 0x0000, 0x0000, 0x0000, 0x0000, 0x0000, 0x0000, 0x0000, 0x0000, 0x0000, 0x0000, 0x0000,
  0x0000, 0x0000, 0x0000, 0x0000, 0x0000, 0x0000, 0x0000, 0x0000, 0x7800, 0x0000, 0x7801, 0x7804,
  0x8846, 0xA827, 0xC16C, 0xD2D1, 0xED9A, 0xFF58, 0xFE32, 0xFE33, 0xFE32, 0xFE32, 0xFE12, 0xFE12,
  0xFE74, 0xD4AD, 0xE8EC, 0xF8AE, 0xE90D, 0xD80B, 0xC80A, 0xD12A, 0x9926, 0x70A6, 0x0326, 0x0000,
  0xA80A, 0x0000, 0x0000, 0x0000, 0x0000, 0x0000, 0x0000, 0x0000, 0x0000, 0x0000, 0x0000, 0x0000,
  0x0000, 0x0000, 0x0000, 0x0000, 0x0000, 0x0000, 0x0000, 0x0000, 0x0000, 0x0000, 0x0000, 0x0000,
  0x0000, 0x0000, 0x0000, 0x7800, 0x07E0, 0x8805, 0xE312, 0xE9AF, 0xE84B, 0xF0ED, 0xF6DC, 0xFD7B,
  0xFE3D, 0xFF17, 0xFE12, 0xFE33, 0xFE33, 0xFE33, 0xFE33, 0xFE12, 0xFE94, 0xCCAE, 0xB8E9, 0xD10B,
  0xD20B, 0xD32C, 0xE46D, 0xED0C, 0x61E3, 0x0000, 0xFFFF, 0x500A, 0x0000, 0x0000, 0x0000, 0x0000,
  0x0000, 0x0000, 0x0000, 0x0000, 0x0000, 0x0000, 0x0000, 0x0000, 0x0000, 0x0000, 0x0000, 0x0000,
  0x0000, 0x0000, 0x0000, 0x0000, 0x0000, 0x0000, 0x0000, 0x0000, 0x0000, 0x0000, 0xA80A, 0x0000,
  0x6802, 0xD24F, 0xFE3C, 0xF88D, 0xF84C, 0xFAD2, 0xFFFF, 0xFCB8, 0xFDDB, 0xFF9A, 0xFE12, 0xFE33,
  0xFE33, 0xFE33, 0xFE32, 0xFE33, 0xFE53, 0xC44B, 0xED2F, 0xED4E, 0xF5D0, 0xFE31, 0xFE93, 0xDCCD,
  0x40C1, 0xA80A, 0x3180, 0x0000, 0x0000, 0x0000, 0x0000, 0x0000, 0x0000, 0x0000, 0x0000, 0x0000,
  0x0000, 0x0000, 0x0000, 0x0000, 0x0000, 0x0000, 0x0000, 0x0000, 0x0000, 0x0000, 0x0000, 0x0000,
  0x0000, 0x0000, 0x0000, 0x0000, 0x0000, 0x0000, 0xF800, 0x05E7, 0x9805, 0xFD79, 0xFAD3, 0xF82B,
  0xF86C, 0xFB13, 0xFFFF, 0xFE1B, 0xFC58, 0xFFBE, 0xFE53, 0xFE12, 0xFE33, 0xFE53, 0xFE94, 0xFE12,
  0xBC0A, 0xDD4F, 0xFE94, 0xFE32, 0xFE12, 0xFDF2, 0xFE94, 0xA369, 0x2000, 0x0000, 0x7800, 0x0000,
  0x0000, 0x0000, 0x0000, 0x0000, 0x0000, 0x0000, 0x0000, 0x0000, 0x0000, 0x0000, 0x0000, 0x0000,
  0x0000, 0x0000, 0x0000, 0x0000, 0x0000, 0x0000, 0x0000, 0x0000, 0x0000, 0x0000, 0x0000, 0x0000,
  0x0000, 0x7800, 0x0000, 0x5002, 0xB8CA, 0xFE9C, 0xF94E, 0xF88C, 0xF86C, 0xF96F, 0xFFDF, 0xFFDF,
  0xFCB8, 0xFD5A, 0xFFBD, 0xFEF7, 0xFE53, 0xED6F, 0xCCAC, 0xAC0C, 0xD4EE, 0xFE73, 0xFE12, 0xFE32,
  0xF612, 0xFE94, 0xDCEE, 0x5121, 0x0000, 0x52A0, 0x0000, 0x0000, 0x0000, 0x0000, 0x0000, 0x0000,
  0x0000, 0x0000, 0x0000, 0x0000, 0x0000, 0x0000, 0x0000, 0x0000, 0x0000, 0x0000, 0x0000, 0x0000,
  0x0000, 0x0000, 0x0000, 0x0000, 0x0000, 0x0000, 0x0000, 0x0000, 0x0000, 0x7807, 0x0000, 0x7803,
  0xE22F, 0xFE7C, 0xF88D, 0xF8AD, 0xF8AD, 0xF80B, 0xFB54, 0xFFFF, 0xFFDF, 0xF497, 0xDC16, 0xCC52,
  0xBC4D, 0xBCD0, 0xD3D2, 0xF69C, 0xFF78, 0xFDD0, 0xFE32, 0xFE74, 0xFEB5, 0xE54F, 0x61A3, 0x1000,
  0x7800, 0x0000, 0x0000, 0x0000, 0x0000, 0x0000, 0x0000, 0x0000, 0x0000, 0x0000, 0x0000, 0x0000,
  0x0000, 0x0000, 0x0000, 0x0000, 0x0000, 0x0000, 0x0000, 0x0000, 0x0000, 0x0000, 0x0000, 0x0000,
  0x0000, 0x0000, 0x0000, 0x0000, 0x0000, 0x7807, 0x0000, 0x9003, 0xEB12, 0xFE3C, 0xF82C, 0xF8AD,
  0xF8CD, 0xFAD3, 0xF9F0, 0xFA11, 0xDA4F, 0xC94C, 0xD84A, 0xE809, 0xF395, 0xFFFF, 0xFEFE, 0xFCB8,
  0xFEDD, 0xFF39, 0xFE32, 0xDD4F, 0xA389, 0x6182, 0x1000, 0x0000, 0x0000, 0x0000, 0x0000, 0x0000,
  0x0000, 0x0000, 0x0000, 0x0000, 0x0000, 0x0000, 0x0000, 0x0000, 0x0000, 0x0000, 0x0000, 0x0000,
  0x0000, 0x0000, 0x0000, 0x0000, 0x0000, 0x0000, 0x0000, 0x0000, 0x0000, 0x0000, 0x0000, 0x0000,
  0x0000, 0x7807, 0x0000, 0x8803, 0xEAF2, 0xFE5C, 0xF80B, 0xF84B, 0xFA31, 0xFBB5, 0xFB54, 0xF06C,
  0xB0CA, 0xF92E, 0xF88D, 0xF88D, 0xF80B, 0xFC36, 0xFFFF, 0xFEFD, 0xEB74, 0xBA6F, 0x8227, 0x4921,
  0x0800, 0x0000, 0x0000, 0x0000, 0x0000, 0x0000, 0x0000, 0x0000, 0x0000, 0x0000, 0x0000, 0x0000,
  0x0000, 0x0000, 0x0000, 0x0000, 0x0000, 0x0000, 0x0000, 0x0000, 0x0000, 0x0000, 0x0000, 0x0000,
  0x0000, 0x0000, 0x0000, 0x0000, 0x0000, 0x0000, 0x0000, 0x0000, 0x0000, 0x7807, 0x0000, 0x7802,
  0xE270, 0xFE9C, 0xFA92, 0xFC97, 0xFBB5, 0xFA72, 0xFA52, 0xC849, 0xCB11, 0xF90E, 0xF8AC, 0xF94E,
  0xFA72, 0xF8AD, 0xF98F, 0xB18B, 0x8025, 0x5800, 0x0000, 0x0000, 0x0000, 0x7BE0, 0x0000, 0x0000,
  0x0000, 0x0000, 0x0000, 0x0000, 0x0000, 0x0000, 0x0000, 0x0000, 0x0000, 0x0000, 0x0000, 0x0000,
  0x0000, 0x0000, 0x0000, 0x0000, 0x0000, 0x0000, 0x0000, 0x0000, 0x0000, 0x0000, 0x0000, 0x0000,
  0x0000, 0x0000, 0x0000, 0x0000, 0x0000, 0xA80A, 0x0000, 0x5801, 0xC10B, 0xFEDD, 0xFE3B, 0xFFFF,
  0xFFFF, 0xFE9C, 0xF8EE, 0xC14C, 0xF4B7, 0xF80B, 0xF84C, 0xFA92, 0xFB74, 0xFA51, 0xD80A, 0x7803,
  0x0000, 0x0000, 0xFFFF, 0x79E0, 0x7800, 0x0000, 0x0000, 0x0000, 0x0000, 0x0000, 0x0000, 0x0000,
  0x0000, 0x0000, 0x0000, 0x0000, 0x0000, 0x0000, 0x0000, 0x0000, 0x0000, 0x0000, 0x0000, 0x0000,
  0x0000, 0x0000, 0x0000, 0x0000, 0x0000, 0x0000, 0x0000, 0x0000, 0x0000, 0x0000, 0x0000, 0x0000,
  0x0000, 0x0000, 0xF800, 0x02E3, 0x9805, 0xFCD8, 0xFE7B, 0xFEFD, 0xFFFF, 0xFFFF, 0xD16D, 0xCB10,
  0xFDDA, 0xFBB5, 0xFD18, 0xFBB4, 0xFA30, 0xF94F, 0xA827, 0x5124, 0x7807, 0x6006, 0x0000, 0x0000,
  0x0000, 0x0000, 0x0000, 0x0000, 0x0000, 0x0000, 0x0000, 0x0000, 0x0000, 0x0000, 0x0000, 0x0000,
  0x0000, 0x0000, 0x0000, 0x0000, 0x0000, 0x0000, 0x0000, 0x0000, 0x0000, 0x0000, 0x0000, 0x0000,
  0x0000, 0x0000, 0x0000, 0x0000, 0x0000, 0x0000, 0x0000, 0x0000, 0x0000, 0x0000, 0xA80A, 0x0000,
  0x5843, 0xB889, 0xFCB8, 0xFD59, 0xFD59, 0xF2F3, 0x9005, 0xCA6E, 0xFE7C, 0xFF3D, 0xFFFF, 0xFFFF,
  0xFCF7, 0xF00A, 0x8866, 0x0000, 0xA80A, 0x0000, 0x0000, 0x0000, 0x0000, 0x0000, 0x0000, 0x0000,
  0x0000, 0x0000, 0x0000, 0x0000, 0x0000, 0x0000, 0x0000, 0x0000, 0x0000, 0x0000, 0x0000, 0x0000,
  0x0000, 0x0000, 0x0000, 0x0000, 0x0000, 0x0000, 0x0000, 0x0000, 0x0000, 0x0000, 0x0000, 0x0000,
  0x0000, 0x0000, 0x0000, 0x0000, 0x0000, 0x0000, 0x0000, 0x7800, 0x0000, 0x6003, 0xA807, 0xC0CB,
  0xB007, 0x9005, 0x7927, 0xA868, 0xFD59, 0xFE7B, 0xFFFF, 0xFFFF, 0xFC57, 0xA006, 0x5143, 0x7800,
  0x7800, 0x0000, 0x0000, 0x0000, 0x0000, 0x0000, 0x0000, 0x0000, 0x0000, 0x0000, 0x0000, 0x0000,
  0x0000, 0x0000, 0x0000, 0x0000, 0x0000, 0x0000, 0x0000, 0x0000, 0x0000, 0x0000, 0x0000, 0x0000,
  0x0000, 0x0000, 0x0000, 0x0000, 0x0000, 0x0000, 0x0000, 0x0000, 0x0000, 0x0000, 0x0000, 0x0000,
  0x0000, 0x0000, 0x0000, 0x0000, 0xF800, 0x0000, 0x01A2, 0x5803, 0x40E4, 0x0000, 0x0000, 0x6804,
  0xB8EA, 0xFBB4, 0xFBF5, 0xF291, 0xA807, 0x5823, 0x0000, 0x500A, 0x0000, 0x0000, 0x0000, 0x0000,
  0x0000, 0x0000, 0x0000, 0x0000, 0x0000, 0x0000, 0x0000, 0x0000, 0x0000, 0x0000, 0x0000, 0x0000,
  0x0000, 0x0000, 0x0000, 0x0000, 0x0000, 0x0000, 0x0000, 0x0000, 0x0000, 0x0000, 0x0000, 0x0000,
  0x0000, 0x0000, 0x0000, 0x0000, 0x0000, 0x0000, 0x0000, 0x0000, 0x0000, 0x0000, 0x0000, 0x0000,
  0x0000, 0xA800, 0x0000, 0x0000, 0x0000, 0xF800, 0x6006, 0x0000, 0x6003, 0x9806, 0xB007, 0x8804,
  0x5824, 0x0000, 0x500A, 0x0000, 0x0000, 0x0000, 0x0000, 0x0000, 0x0000, 0x0000, 0x0000, 0x0000,
  0x0000, 0x0000, 0x0000, 0x0000, 0x0000, 0x0000, 0x0000, 0x0000, 0x0000, 0x0000, 0x0000, 0x0000,
  0x0000, 0x0000, 0x0000, 0x0000, 0x0000, 0x0000, 0x0000, 0x0000, 0x0000, 0x0000, 0x0000, 0x0000,
  0x0000, 0x0000, 0x0000, 0x0000, 0x0000, 0x0000, 0x0000, 0x0000, 0x0000, 0x0000, 0x0000, 0x0000,
  0x0000, 0x0000, 0x0000, 0x0000, 0x0000, 0x0000, 0x0000, 0x0000, 0x0000, 0x0000, 0x0000, 0x0000,
  0x0000, 0x0000, 0x0000, 0x0000, 0x0000, 0x0000, 0x0000, 0x0000, 0x0000, 0x0000, 0x0000, 0x0000,
  0x0000, 0x0000, 0x0000, 0x0000, 0x0000, 0x0000, 0x0000, 0x0000, 0x0000, 0x0000, 0x0000, 0x0000,
  0x0000, 0x0000, 0x0000, 0x0000, 0x0000, 0x0000, 0x0000, 0x0000, 0x0000, 0x0000, 0x0000, 0x0000,
  0x0000, 0x0000, 0x0000, 0x0000, 0x0000, 0x0000, 0x0000, 0x0000, 0x0000, 0x0000, 0x0000, 0x0000,
  0x0000, 0x0000, 0x0000, 0x0000, 0x0000, 0x0000, 0x0000, 0x0000, 0x0000, 0x0000, 0x0000, 0x0000,
  0x0000, 0x0000, 0x0000, 0x0000, 0x0000, 0x0000, 0x0000, 0x0000, 0x0000, 0x0000, 0x0000, 0x0000,
  0x0000, 0x0000, 0x0000, 0x0000, 0x0000, 0x0000, 0x0000, 0x0000, 0x0000, 0x0000, 0x0000, 0x0000,
  0x0000, 0x0000, 0x0000, 0x0000, 0x0000, 0x0000, 0x0000, 0x0000, 0x0000, 0x0000, 0x0000, 0x0000,
  0x0000, 0x0000, 0x0000, 0x0000, 0x0000, 0x0000, 0x0000, 0x0000, 0x0000, 0x0000, 0x0000, 0x0000,
  0x0000, 0x0000, 0x0000, 0x0000, 0x0000, 0x0000, 0x0000, 0x0000, 0x0000, 0x0000, 0x0000, 0x0000,
  0x0000, 0x0000, 0x0000, 0x0000, 0x0000, 0x0000, 0x0000, 0x0000, 0x0000, 0x0000, 0x0000, 0x0000,
  0x0000, 0x0000, 0x0000, 0x0000, 0x0000, 0x0000, 0x0000, 0x0000, 0x0000, 0x0000, 0x0000, 0x0000,
  0x0000, 0x0000, 0x0000, 0x0000, 0x0000, 0x0000, 0x0000, 0x0000, 0x0000, 0x0000, 0x0000, 0x0000,
  0x0000, 0x0000, 0x0000, 0x0000, 0x0000, 0x0000, 0x0000, 0x0000, 0x0000, 0x0000, 0x0000, 0x0000,
  0x0000, 0x0000, 0x0000, 0x0000, 0x0000, 0x0000, 0x0000, 0x0000, 0x0000, 0x0000, 0x0000, 0x0000,
  0x0000, 0x0000, 0x0000, 0x0000, 0x0000, 0x0000, 0x0000, 0x0000, 0x0000, 0x0000, 0x0000, 0x0000,
  0x0000, 0x0000, 0x0000, 0x0000, 0x0000, 0x0000, 0x0000, 0x0000, 0x0000, 0x0000, 0x0000, 0x0000,
  0x0000, 0x0000, 0x0000, 0x0000, 0x0000, 0x0000, 0x0000, 0x0000, 0x0000, 0x0000, 0x0000, 0x0000,
  0x0000, 0x0000, 0x0000, 0x0000, 0x0000, 0x0000, 0x0000, 0x0000, 0x0000, 0x0000, 0x0000, 0x0000,
  0x0000, 0x0000, 0x0000, 0x0000, 0x0000, 0x0000, 0x0000, 0x0000, 0x0000, 0x0000, 0x0000, 0x0000,
  0x0000, 0x0000, 0x0000, 0x0000, 0x0000, 0x0000, 0x0000, 0x0000, 0x0000, 0x0000, 0x0000, 0x0000,
};
const uint8_t V54_PINK_HIT_1_MASK[] PROGMEM = {
  0x00, 0x00, 0x00, 0x00, 0x00, 0x00, 0x00, 0x00, 0x00, 0x00, 0x00, 0x00, 0x00, 0x00, 0x00, 0x00, 0x00, 0x00, 0x00, 0x00,
  0x00, 0x00, 0x00, 0x00, 0x00, 0x00, 0x00, 0x00, 0x00, 0x00, 0x00, 0x7F, 0xE0, 0x00, 0x00, 0x00, 0x00, 0x03, 0xFF, 0xFC,
  0x00, 0x00, 0x00, 0x00, 0x0F, 0xFF, 0xFF, 0x00, 0x00, 0x00, 0x00, 0x3F, 0xFF, 0xFF, 0x80, 0x00, 0x00, 0x00, 0x7F, 0xFF,
  0xFF, 0xE0, 0x00, 0x00, 0x00, 0xFF, 0xFF, 0xFF, 0xF0, 0x00, 0x00, 0x01, 0xFF, 0xFF, 0xFF, 0xF0, 0x00, 0x00, 0x03, 0xFF,
  0xFF, 0xFF, 0xF8, 0x70, 0x00, 0x07, 0xFF, 0xFF, 0xFF, 0xFD, 0xF8, 0x00, 0x07, 0xFF, 0xFF, 0xFF, 0xFF, 0xFC, 0x00, 0x0F,
  0xFF, 0xFF, 0xFF, 0xFF, 0xFC, 0x00, 0x0F, 0xFF, 0xFF, 0xFF, 0xFF, 0xFC, 0x00, 0x1F, 0xFF, 0xFF, 0xFF, 0xFF, 0xFC, 0x00,
  0x1F, 0xFF, 0xFF, 0xFF, 0xFF, 0xFC, 0x00, 0x1F, 0xFF, 0xFF, 0xFF, 0xFF, 0xF8, 0x00, 0x1F, 0xFF, 0xFF, 0xFF, 0xFF, 0xF8,
  0x00, 0x1F, 0xFF, 0xFF, 0xFF, 0xFF, 0xF0, 0x01, 0xFF, 0xFF, 0xFF, 0xFF, 0xFF, 0xF8, 0x07, 0xFF, 0xFF, 0xFF, 0xFF, 0xFF,
  0xFC, 0x0F, 0xFF, 0xFF, 0xFF, 0xFF, 0xFF, 0xFE, 0x1F, 0xFF, 0xFF, 0xFF, 0xFF, 0xFF, 0xFE, 0x3F, 0xFF, 0xFF, 0xFF, 0xFF,
  0xFF, 0xFE, 0x7F, 0xFF, 0xFF, 0xFF, 0xFF, 0xFF, 0xFE, 0x7F, 0xFF, 0xFF, 0xFF, 0xFF, 0xFF, 0xFC, 0x7F, 0xFF, 0xFF, 0xFF,
  0xFF, 0xFF, 0xF8, 0x7F, 0xFF, 0xFF, 0xFF, 0xFF, 0xFF, 0xE0, 0x3F, 0xFB, 0xFF, 0xFF, 0xFF, 0xFF, 0xC0, 0x1F, 0xF0, 0xFF,
  0xFF, 0xFF, 0xFF, 0x80, 0x0F, 0xC0, 0x3F, 0xFF, 0xFF, 0xFF, 0x00, 0x07, 0x00, 0x7F, 0xFF, 0xFF, 0xFF, 0x80, 0x00, 0x01,
  0xFF, 0xFF, 0xFF, 0xFF, 0xC0, 0x00, 0x03, 0xFF, 0xFF, 0xFF, 0xFF, 0xC0, 0x00, 0x0F, 0xFF, 0xFF, 0xFF, 0xFF, 0xE0, 0x00,
  0x3F, 0xFF, 0xFF, 0xFF, 0xFF, 0xE0, 0x00, 0x7F, 0xFF, 0xFF, 0xFF, 0xFF, 0xE0, 0x00, 0xFF, 0xFF, 0xFF, 0xFE, 0xFF, 0xE0,
  0x01, 0xFF, 0xFF, 0xFF, 0xFC, 0x7F, 0xC0, 0x01, 0xFF, 0xFF, 0xFF, 0xFE, 0x3F, 0x80, 0x01, 0xFF, 0x7F, 0xFF, 0xFE, 0x0E,
  0x00, 0x01, 0xFE, 0xFF, 0xFF, 0xFF, 0x00, 0x00, 0x01, 0xFF, 0xFF, 0xFF, 0xFF, 0x80, 0x00, 0x00, 0xFF, 0xFF, 0xFF, 0xFF,
  0x80, 0x00, 0x00, 0x3F, 0xFF, 0xFF, 0xFF, 0xC0, 0x00, 0x00, 0x1F, 0xFF, 0xFF, 0xFF, 0xC0, 0x00, 0x00, 0x1F, 0xFF, 0xFF,
  0xFF, 0xC0, 0x00, 0x00, 0x0F, 0xFF, 0xFF, 0xFF, 0xC0, 0x00, 0x00, 0x07, 0xFF, 0xFF, 0xFF, 0x80, 0x00, 0x00, 0x03, 0xFF,
  0xFF, 0xFF, 0x00, 0x00, 0x00, 0x03, 0xFF, 0xFF, 0xFC, 0x00, 0x00, 0x00, 0x07, 0xFF, 0xFF, 0xF8, 0x00, 0x00, 0x00, 0x0F,
  0xFF, 0xFF, 0xF8, 0x00, 0x00, 0x00, 0x0F, 0xFF, 0xFF, 0xF0, 0x00, 0x00, 0x00, 0x0F, 0xFF, 0xFF, 0xF0, 0x00, 0x00, 0x00,
  0x1F, 0xFF, 0xFF, 0xE0, 0x00, 0x00, 0x00, 0x1F, 0xFF, 0xFF, 0xC0, 0x00, 0x00, 0x00, 0x1F, 0xFF, 0xFF, 0x00, 0x00, 0x00,
  0x00, 0x1F, 0xFF, 0xF8, 0x00, 0x00, 0x00, 0x00, 0x1F, 0xFF, 0xF0, 0x00, 0x00, 0x00, 0x00, 0x0F, 0xFF, 0xE0, 0x00, 0x00,
  0x00, 0x00, 0x0F, 0xFF, 0xE0, 0x00, 0x00, 0x00, 0x00, 0x07, 0xFF, 0xC0, 0x00, 0x00, 0x00, 0x00, 0x01, 0x1F, 0xC0, 0x00,
  0x00, 0x00, 0x00, 0x00, 0x0F, 0x80, 0x00, 0x00, 0x00, 0x00, 0x00, 0x00, 0x00, 0x00, 0x00, 0x00, 0x00, 0x00, 0x00, 0x00,
  0x00, 0x00, 0x00, 0x00, 0x00, 0x00, 0x00, 0x00, 0x00, 0x00, 0x00, 0x00, 0x00, 0x00, 0x00, 0x00, 0x00, 0x00, 0x00, 0x00,
  0x00, 0x00, 0x00, 0x00,
};
const Sprite565 V54_PINK_HIT_1 = { V54_PINK_HIT_1_BITMAP, V54_PINK_HIT_1_MASK, 56, 72 };

const uint16_t V54_PINK_FALL_0_BITMAP[] PROGMEM = {
  0x0000, 0x0000, 0x0000, 0x0000, 0x0000, 0x0000, 0x0000, 0x0000, 0x0000, 0x0000, 0x0000, 0x0000,
  0x0000, 0x0000, 0x0000, 0x0000, 0x0000, 0x0000, 0x0000, 0x0000, 0x0000, 0x0000, 0x0000, 0x0000,
  0x0000, 0x0000, 0x0000, 0x0000, 0x0000, 0x0000, 0x0000, 0x0000, 0x0000, 0x0000, 0x0000, 0x0000,
  0x0000, 0x0000, 0x0000, 0x0000, 0x0000, 0x0000, 0x0000, 0x0000, 0x0000, 0x0000, 0x0000, 0x0000,
  0x0000, 0x0000, 0x0000, 0x0000, 0x0000, 0x0000, 0x0000, 0x0000, 0x0000, 0x0000, 0x0000, 0x0000,
  0x0000, 0x0000, 0x0000, 0x0000, 0x0000, 0x0000, 0x0000, 0x0000, 0x0000, 0x0000, 0x0000, 0x0000,
  0x0000, 0x0000, 0x0000, 0x0000, 0x0000, 0x0000, 0x0000, 0x0000, 0x0000, 0x0000, 0x0000, 0x0000,
  0x0000, 0x0000, 0x0000, 0x0000, 0x2060, 0x2881, 0x2881, 0x28A1, 0x30A2, 0x30A2, 0x30A2, 0x30A1,
  0x28A1, 0x2881, 0x2881, 0x2061, 0x0000, 0x0000, 0x0000, 0x5000, 0x0000, 0x0000, 0x0000, 0x0000,
  0x0000, 0x0000, 0x0000, 0x0000, 0x0000, 0x0000, 0x0000, 0x0000, 0x0000, 0x0000, 0x0000, 0x0000,
  0x0000, 0x0000, 0x0000, 0x0000, 0x0000, 0x0000, 0x0000, 0x0000, 0x0000, 0x0000, 0x0000, 0x0000,
  0x0000, 0x0000, 0x0000, 0x0000, 0x0000, 0x0000, 0x0000, 0x0000, 0x0000, 0x0000, 0x0000, 0x0000,
  0x0000, 0x5000, 0x0000, 0x0000, 0x2860, 0x2881, 0x30C2, 0x3903, 0x4123, 0x4923, 0x4944, 0x4944,
  0x4944, 0x4944, 0x4123, 0x4123, 0x4103, 0x38C2, 0x30A2, 0x2881, 0x2040, 0x0000, 0x0000, 0x0000,
  0x0000, 0x0000, 0x0000, 0x0000, 0x0000, 0x0000, 0x0000, 0x0000, 0x0000, 0x0000, 0x0000, 0x0000,
  0x0000, 0x0000, 0x0000, 0x0000, 0x0000, 0x0000, 0x0000, 0x0000, 0x0000, 0x0000, 0x0000, 0x0000,
  0x0000, 0x0000, 0x0000, 0x0000, 0x0000, 0x0000, 0x0000, 0x0000, 0x0000, 0x0000, 0x0000, 0x0000,
  0x0000, 0x0000, 0x5000, 0x0000, 0x2041, 0x2881, 0x38E2, 0x4123, 0x4944, 0x4944, 0x4944, 0x4943,
  0x4944, 0x4144, 0x4944, 0x4944, 0x4944, 0x4944, 0x4944, 0x4944, 0x4944, 0x4123, 0x30C2, 0x2881,
  0x1800, 0x0000, 0x5000, 0x0000, 0x0000, 0x0000, 0x0000, 0x0000, 0x0000, 0x0000, 0x0000, 0x0000,
  0x0000, 0x0000, 0x0000, 0x0000, 0x0000, 0x0000, 0x0000, 0x0000, 0x0000, 0x0000, 0x0000, 0x0000,
  0x0000, 0x0000, 0x0000, 0x0000, 0x0000, 0x0000, 0x0000, 0x0000, 0x0000, 0x0000, 0x0000, 0x0000,
  0x0000, 0x0000, 0x0000, 0x0000, 0x0000, 0x2061, 0x30A1, 0x4123, 0x4964, 0x4944, 0x4944, 0x4124,
  0x4964, 0x59A5, 0x61E6, 0x61C5, 0x5164, 0x4944, 0x4944, 0x4944, 0x4944, 0x4944, 0x4944, 0x4944,
  0x4944, 0x4103, 0x30A1, 0x2861, 0x0000, 0x0000, 0x0000, 0x0000, 0x0000, 0x0000, 0x0000, 0x0000,
  0x0000, 0x0000, 0x0000, 0x0000, 0x0000, 0x0000, 0x0000, 0x0000, 0x0000, 0x0000, 0x0000, 0x0000,
  0x0000, 0x0000, 0x0000, 0x0000, 0x0000, 0x0000, 0x0000, 0x0000, 0x0000, 0x0000, 0x0000, 0x0000,
  0x0000, 0x0000, 0x0000, 0x0000, 0x5000, 0x0000, 0x2061, 0x30C2, 0x4944, 0x4964, 0x4944, 0x4944,
  0x4944, 0x61C5, 0x7247, 0x6A27, 0x6A06, 0x59A5, 0x4964, 0x4944, 0x4944, 0x4944, 0x4944, 0x4944,
  0x4944, 0x4944, 0x4944, 0x4944, 0x4944, 0x38E2, 0x2861, 0x0000, 0x0000, 0x0000, 0x0000, 0x0000,
  0x0000, 0x0000, 0x0000, 0x0000, 0x0000, 0x0000, 0x0000, 0x0000, 0x0000, 0x0000, 0x0000, 0x0000,
  0x0000, 0x0000, 0x0000, 0x0000, 0x0000, 0x0000, 0x0000, 0x0000, 0x0000, 0x0000, 0x0000, 0x0000,
  0x0000, 0x0000, 0x0000, 0x0000, 0x0000, 0x5000, 0x0000, 0x2081, 0x38E2, 0x4964, 0x4944, 0x4944,
  0x4944, 0x4944, 0x5164, 0x59A5, 0x61E5, 0x7227, 0x61E6, 0x4964, 0x4944, 0x4944, 0x4944, 0x4944,
  0x4944, 0x4944, 0x4944, 0x4944, 0x4944, 0x4144, 0x4143, 0x4163, 0x3903, 0x2881, 0x0000, 0x3800,
  0x0000, 0x0000, 0x0000, 0xA80A, 0x7807, 0x7807, 0xA80A, 0x0000, 0x0000, 0x0000, 0x0000, 0x0000,
  0x0000, 0x0000, 0x0000, 0x0000, 0x0000, 0x0000, 0x0000, 0x0000, 0x0000, 0x0000, 0x0000, 0x0000,
  0x0000, 0x0000, 0x0000, 0x0000, 0x0000, 0x0000, 0x5000, 0x0000, 0x2040, 0x30C2, 0x4964, 0x4944,
  0x4944, 0x4944, 0x4944, 0x4944, 0x4944, 0x5185, 0x7A47, 0x8288, 0x7247, 0x59A5, 0x4964, 0x4964,
  0x4944, 0x4944, 0x4944, 0x4944, 0x4944, 0x4944, 0x4144, 0x5124, 0x9148, 0x8147, 0x4923, 0x38E3,
  0x3061, 0x0000, 0x5000, 0x7800, 0x0000, 0x0000, 0x0000, 0x0000, 0x0000, 0xF800, 0x0000, 0x0000,
  0x0000, 0x0000, 0x0000, 0x0000, 0x0000, 0x0000, 0x0000, 0x0000, 0x0000, 0x0000, 0x0000, 0x0000,
  0x0000, 0x0000, 0x0000, 0x0000, 0x0000, 0x0000, 0x0000, 0x0000, 0x0000, 0x2861, 0x28A1, 0x4943,
  0x4944, 0x4944, 0x4944, 0x4944, 0x4944, 0x4944, 0x4944, 0x61C5, 0x6A27, 0x61E6, 0x6A27, 0x7247,
  0x59A5, 0x4964, 0x4944, 0x4944, 0x4944, 0x4944, 0x4944, 0x4944, 0x4904, 0xC9CD, 0xFAF4, 0xFAB4,
  0xC18D, 0x5904, 0x30C2, 0x3821, 0xF81F, 0x0000, 0x0000, 0x6803, 0x8005, 0x8005, 0x7004, 0x0000,
  0x0000, 0x0000, 0x0000, 0x0000, 0x0000, 0x0000, 0x0000, 0x0000, 0x0000, 0x0000, 0x0000, 0x0000,
  0x0000, 0x0000, 0x0000, 0x0000, 0x3800, 0x3800, 0x3800, 0x3800, 0x5000, 0x3000, 0x0000, 0x2881,
  0x4103, 0x4964, 0x4944, 0x4944, 0x4944, 0x4944, 0x4944, 0x4944, 0x4944, 0x4964, 0x4964, 0x6A06,
  0x7227, 0x7227, 0x7247, 0x5185, 0x4944, 0x4944, 0x4944, 0x4944, 0x4944, 0x4123, 0x9949, 0xFAD5,
  0xFAB3, 0xFAB3, 0xFAD4, 0xD1AD, 0x5124, 0x30C2, 0x0000, 0x6802, 0x9827, 0xC92C, 0xE9F0, 0xE9F0,
  0xB089, 0x7004, 0x0000, 0x0000, 0x0000, 0x0000, 0x0000, 0x0000, 0x0000, 0x0000, 0x0000, 0x0000,
  0x0000, 0x0000, 0x0000, 0x0000, 0x5000, 0x0000, 0x0000, 0x0000, 0x0000, 0x0000, 0x0000, 0x0000,
  0x2080, 0x30A1, 0x4944, 0x4944, 0x4944, 0x4944, 0x4944, 0x4944, 0x4944, 0x4944, 0x4944, 0x4944,
  0x5164, 0x59C5, 0x61C5, 0x7227, 0x69E6, 0x5184, 0x4964, 0x4944, 0x4944, 0x4944, 0x4944, 0x5103,
  0xD9EF, 0xFAD4, 0xFA93, 0xFAB3, 0xFAD3, 0xFB15, 0xA96A, 0x40A2, 0x7004, 0xB8EB, 0xFA72, 0xFAF4,
  0xFAD4, 0xFB15, 0xF252, 0x8806, 0x0000, 0x0000, 0x0000, 0x0000, 0x0000, 0x0000, 0x0000, 0x0000,
  0x0000, 0x0000, 0x0000, 0x0000, 0x0000, 0x0000, 0x0000, 0x1840, 0x2060, 0x2881, 0x28A1, 0x2881,
  0x2061, 0x1000, 0x2081, 0x3903, 0x4944, 0x4944, 0x4944, 0x4944, 0x4944, 0x4944, 0x4944, 0x4944,
  0x4944, 0x4944, 0x4964, 0x4964, 0x5164, 0x5185, 0x5184, 0x5164, 0x4964, 0x4944, 0x4944, 0x4944,
  0x4143, 0x6906, 0xFA73, 0xFAB3, 0xFAB3, 0xFAD3, 0xFAF3, 0xF2B3, 0xE18F, 0xE9F0, 0xE14E, 0xFA53,
  0xFAD3, 0xFA93, 0xFAB3, 0xFAB3, 0xFA93, 0xA068, 0x0000, 0x0000, 0x0000, 0x0000, 0x0000, 0x0000,
  0x0000, 0x0000, 0x0000, 0x0000, 0x0000, 0x0000, 0x0000, 0x0000, 0x2881, 0x30A2, 0x4103, 0x4123,
  0x4944, 0x4923, 0x4103, 0x30C2, 0x2881, 0x4143, 0x4944, 0x4944, 0x4944, 0x4944, 0x4944, 0x4944,
  0x4944, 0x4944, 0x4944, 0x4944, 0x4944, 0x4944, 0x4964, 0x4944, 0x4123, 0x4964, 0x4944, 0x4944,
  0x4944, 0x4944, 0x3923, 0x8928, 0xFAB4, 0xFAB3, 0xFAD3, 0xFAD3, 0xFAF3, 0xE9AF, 0xF211, 0xFAF4,
  0xFA92, 0xF231, 0xFAB3, 0xFA93, 0xFAB3, 0xFAB3, 0xFA52, 0x9847, 0x0000, 0x0000, 0x0000, 0x0000,
  0x0000, 0x0000, 0x0000, 0x0000, 0x0000, 0x0000, 0x0000, 0x0000, 0x0000, 0x2881, 0x4103, 0x4944,
  0x4944, 0x4944, 0x4944, 0x4964, 0x4964, 0x4944, 0x4123, 0x4944, 0x4944, 0x4944, 0x4944, 0x4944,
  0x4944, 0x4944, 0x4944, 0x4944, 0x4944, 0x4944, 0x4944, 0x4944, 0x4124, 0x4123, 0x6206, 0x4944,
  0x4944, 0x4944, 0x4944, 0x4944, 0x3923, 0xA14A, 0xFAD4, 0xFAD3, 0xFAD3, 0xFAD3, 0xFAD3, 0xE9AF,
  0xFA92, 0xFAB3, 0xFA72, 0xF211, 0xFAB3, 0xFAB3, 0xFAB3, 0xFAD4, 0xF231, 0x8805, 0x0000, 0x0000,
  0x0000, 0x0000, 0x0000, 0x0000, 0x0000, 0x0000, 0x0000, 0x0000, 0x0000, 0x0000, 0x2861, 0x4103,
  0x4964, 0x4944, 0x4944, 0x4944, 0x4944, 0x4944, 0x4944, 0x4944, 0x4944, 0x4944, 0x4944, 0x4944,
  0x4944, 0x4944, 0x4944, 0x4944, 0x4944, 0x4944, 0x4944, 0x4944, 0x4964, 0x4123, 0x3903, 0xB44D,
  0xD50F, 0x4103, 0x4964, 0x4944, 0x4944, 0x4944, 0x4143, 0xA16A, 0xFAD4, 0xF2B2, 0xFAD3, 0xFAD3,
  0xFB14, 0xF1D0, 0xFAB3, 0xFAD3, 0xE9B0, 0xFA52, 0xFAB3, 0xFAB3, 0xFAB3, 0xFAF4, 0xD96E, 0x7003,
  0x0000, 0x0000, 0x0000, 0x0000, 0x0000, 0x0000, 0x0000, 0x0000, 0x0000, 0x0000, 0x0000, 0x0000,
  0x30A2, 0x4944, 0x4944, 0x4944, 0x4944, 0x4944, 0x4944, 0x4944, 0x4944, 0x4944, 0x4944, 0x4944,
  0x4944, 0x4944, 0x4964, 0x4964, 0x4964, 0x4944, 0x4964, 0x4944, 0x4964, 0x4964, 0x38E3, 0x4984,
  0xC4CE, 0xFE73, 0xF612, 0x6206, 0x4103, 0x4944, 0x4944, 0x4944, 0x4143, 0x8107, 0xFAB3, 0xFAF4,
  0xFAF3, 0xFAF4, 0xD9AE, 0x7065, 0xB14B, 0xE18E, 0xF211, 0xFAB3, 0xFAB3, 0xFAB3, 0xFAB3, 0xFAB3,
  0xA869, 0x4800, 0x0000, 0x0000, 0x0000, 0x0000, 0x0000, 0x0000, 0x0000, 0x0000, 0x0000, 0x0000,
  0x0000, 0x0000, 0x2881, 0x4123, 0x4944, 0x4944, 0x4944, 0x4944, 0x4944, 0x4944, 0x4944, 0x4944,
  0x4944, 0x4944, 0x4944, 0x4123, 0x38E3, 0x38E3, 0x4123, 0x4964, 0x4944, 0x5164, 0x4123, 0x4103,
  0x8309, 0xEDB0, 0xFE52, 0xFE53, 0xFEB4, 0xC48E, 0x38E3, 0x4964, 0x4944, 0x4944, 0x4144, 0x5985,
  0xD24E, 0xE1EF, 0xC96D, 0x88C8, 0x3862, 0x28E2, 0x30C2, 0x6064, 0xFA73, 0xFAD3, 0xFA93, 0xFA93,
  0xFAD4, 0xD94E, 0x7004, 0x0000, 0x0000, 0x0000, 0x0000, 0x0000, 0x0000, 0x0000, 0x0000, 0x0000,
  0x0000, 0x0000, 0x0000, 0x0000, 0x1860, 0x2881, 0x4123, 0x4944, 0x4944, 0x4944, 0x4944, 0x4944,
  0x4944, 0x4944, 0x4944, 0x4964, 0x4103, 0x59E6, 0xA3EC, 0xAC0C, 0x6A26, 0x4123, 0x4944, 0x3903,
  0x6A47, 0xCCEE, 0xFE73, 0xFE32, 0xF5B0, 0xC44C, 0xCCCD, 0xFE73, 0xA3CB, 0x38E2, 0x4964, 0x5164,
  0x4123, 0x6A87, 0xD530, 0x3062, 0x3082, 0x28E2, 0x4143, 0x4944, 0x4964, 0x30C2, 0x88A7, 0xFAB3,
  0xFAB3, 0xFAF4, 0xF1F1, 0x8005, 0x4061, 0x7800, 0x0000, 0x0000, 0x0000, 0x0000, 0x0000, 0x0000,
  0x0000, 0x0000, 0x0000, 0x0000, 0x0000, 0x0000, 0x0000, 0x2861, 0x4123, 0x4944, 0x4944, 0x4944,
  0x4944, 0x4944, 0x4944, 0x4944, 0x4964, 0x4123, 0x6206, 0xEDF2, 0xFE94, 0xFE93, 0xFE53, 0x6A67,
  0x4944, 0xBCAE, 0xFE53, 0xFE53, 0xFE12, 0xFE12, 0xF5D1, 0xC46B, 0xA368, 0xED90, 0xFE94, 0x9B8B,
  0x4123, 0x4123, 0x4103, 0x7288, 0xFEB4, 0x6A87, 0x38E2, 0x5164, 0x4944, 0x4143, 0x4124, 0x4123,
  0x30A2, 0x90A8, 0xE9D0, 0xE9D0, 0x9847, 0x5001, 0x0000, 0x7800, 0x0000, 0x0000, 0x0000, 0x0000,
  0x0000, 0x0000, 0x0000, 0x0000, 0x0000, 0x0000, 0x0000, 0x0000, 0x0000, 0x2060, 0x30C2, 0x4944,
  0x4944, 0x4944, 0x4964, 0x4964, 0x4964, 0x4944, 0x38E3, 0x38C2, 0xBC6D, 0xFE94, 0xF5F2, 0xF5F2,
  0xFE73, 0xC4CE, 0xB46D, 0xFEB4, 0xFE12, 0xFE12, 0xFE12, 0xFE73, 0xFE93, 0xFE73, 0xFE53, 0xFE12,
  0xFE12, 0xFE73, 0xCD0F, 0x7AC8, 0x4123, 0x8B2A, 0xFED5, 0xDD30, 0x5184, 0x4123, 0x4944, 0x4123,
  0x4143, 0x4944, 0x4964, 0x38E2, 0x4863, 0x7005, 0x1800, 0x0000, 0x7800, 0x0000, 0x0000, 0x0000,
  0x0000, 0x0000, 0x0000, 0x0000, 0x0000, 0x0000, 0x0000, 0x0000, 0x0000, 0x0000, 0x0000, 0x0000,
  0x2861, 0x30A2, 0x38E3, 0x4123, 0x4123, 0x4123, 0x38E3, 0x28A2, 0x1081, 0x2881, 0xCCEF, 0xFE73,
  0xF612, 0xFE32, 0xFE32, 0xFE33, 0xFE53, 0xFE12, 0xFE32, 0xFE12, 0xFE53, 0x8B6A, 0xAC4C, 0xFEB4,
  0xF612, 0xFE12, 0xFE12, 0xFE12, 0xFE53, 0xFE73, 0xE591, 0xE5B1, 0xCCAC, 0x9B26, 0x9B48, 0x4944,
  0x4103, 0x4944, 0x4944, 0x4944, 0x4944, 0x4964, 0x28C2, 0x0000, 0x0000, 0x5000, 0x0000, 0x0000,
  0x0000, 0x0000, 0x0000, 0x0000, 0x0000, 0x0000, 0x0000, 0x0000, 0x0000, 0x0000, 0x0000, 0x0000,
  0x0000, 0x0000, 0x0000, 0x0000, 0x2861, 0x3081, 0x3082, 0x3082, 0x00C0, 0x3000, 0x7824, 0x3001,
  0x82E8, 0xFE93, 0xFE32, 0xFE32, 0xFE33, 0xFE32, 0xFE32, 0xFE12, 0xFE12, 0xFE12, 0xFEB4, 0x836B,
  0x0000, 0xC4CE, 0xFE93, 0xFE12, 0xFE12, 0xFE12, 0xFE12, 0xFE12, 0xFE32, 0xFE32, 0xF5D1, 0xF5F2,
  0xF632, 0xCD0F, 0x4964, 0x38E3, 0x4944, 0x4944, 0x4944, 0x4123, 0x2881, 0xF80F, 0x3000, 0x0000,
  0x0000, 0x0000, 0x0000, 0x0000, 0x0000, 0x0000, 0x0000, 0x0000, 0x0000, 0x0000, 0x0000, 0x0000,
  0x0000, 0x0000, 0x0000, 0x0000, 0x0000, 0x0000, 0x0000, 0x0000, 0x0000, 0x0000, 0x8805, 0xB048,
  0xD08B, 0xC86A, 0x8045, 0x938A, 0xEE53, 0xFE74, 0xF612, 0xFE12, 0xFE32, 0xFE32, 0xFE12, 0xFE32,
  0xF612, 0xFE94, 0x5A47, 0x0840, 0xD550, 0xFE53, 0xFE12, 0xFE32, 0xFE12, 0xFE12, 0xFE12, 0xF612,
  0xFE53, 0xFE73, 0xFE73, 0xFE53, 0xE590, 0x6A47, 0x4123, 0x4944, 0x4944, 0x38E2, 0x2020, 0x0000,
  0x0000, 0x0000, 0x0000, 0x0000, 0x0000, 0x0000, 0x0000, 0x0000, 0x0000, 0x0000, 0x0000, 0x0000,
  0x0000, 0x0000, 0x0000, 0x0000, 0x0000, 0x0000, 0x0000, 0x0000, 0x7807, 0x0000, 0x3801, 0x9827,
  0xF0CD, 0xF92F, 0xF8CE, 0xF88D, 0xF8EE, 0xB089, 0x6186, 0x5226, 0x7A86, 0xFE11, 0xFE12, 0xFE32,
  0xFE53, 0xEDB1, 0x2903, 0x1061, 0x20E2, 0x0020, 0x938A, 0xFE93, 0xF612, 0xFE32, 0xFE32, 0xFE12,
  0xFE53, 0xFE74, 0xEE13, 0xBC8E, 0xB46D, 0xFE12, 0xFE94, 0xBC8E, 0x30C2, 0x4964, 0x4923, 0x30A2,
  0x0000, 0x5000, 0x0000, 0x0000, 0x0000, 0x0000, 0x0000, 0x0000, 0x0000, 0x0000, 0x0000, 0x0000,
  0x0000, 0x0000, 0x0000, 0x0000, 0x0000, 0x0000, 0x0000, 0x0000, 0x0000, 0x7800, 0xF80F, 0x4987,
  0x9847, 0xF90F, 0xF990, 0xF94F, 0xF92E, 0xF94F, 0xE94D, 0xF96F, 0xE94F, 0x88E8, 0x50E3, 0xC44B,
  0xFE94, 0xFE12, 0xFE32, 0xFE12, 0xBCAE, 0xBCAE, 0xD52F, 0xE5B1, 0xFE12, 0xFE12, 0xFE12, 0xFE32,
  0xFE12, 0xFE73, 0xBC8D, 0x41A5, 0x2903, 0x0840, 0x5226, 0xFE32, 0xFE53, 0xE570, 0x8266, 0x4103,
  0x30A2, 0x3882, 0x0000, 0x0000, 0x0000, 0x0000, 0x0000, 0x0000, 0x0000, 0x0000, 0x0000, 0x0000,
  0x0000, 0x0000, 0x0000, 0x0000, 0x0000, 0x0000, 0x0000, 0x0000, 0x0000, 0x0000, 0x0000, 0xF80F,
  0x0000, 0x7804, 0xD0CB, 0xD96D, 0xE8ED, 0xF96F, 0xF92F, 0xF353, 0xE1EE, 0xF92E, 0xF96F, 0xF9D1,
  0xF1F0, 0xAA8A, 0xDD6E, 0xFE74, 0xFE12, 0xFE32, 0xFE74, 0xFE73, 0xFE53, 0xFE73, 0xFE93, 0xFE52,
  0xFE32, 0xFD6F, 0xFDD0, 0xFE73, 0xB48E, 0x0000, 0x4184, 0xF633, 0xFE53, 0xFE12, 0xFE12, 0xF5AF,
  0xFE53, 0x7A66, 0x0000, 0x0000, 0x0000, 0x0000, 0x0000, 0x0000, 0x0000, 0x0000, 0x0000, 0x0000,
  0x0000, 0x0000, 0x0000, 0x0000, 0x0000, 0x0000, 0x0000, 0x0000, 0x0000, 0x0000, 0x0000, 0x0000,
  0x7800, 0x0000, 0x8004, 0xD290, 0xF67B, 0xEA91, 0xD029, 0xD8EC, 0xF9D0, 0xDA0F, 0xF14F, 0xF990,
  0xF96F, 0xF94F, 0xDA50, 0xD6BB, 0xC511, 0xDD0D, 0xFE73, 0xFE12, 0xF612, 0xFE12, 0xFE12, 0xFD51,
  0xFBAD, 0xFD50, 0xFE33, 0xFE73, 0xFE12, 0xFDF2, 0xFE94, 0xC4CE, 0x1061, 0x5A47, 0xFE74, 0xFE33,
  0xF5D1, 0xE4ED, 0xFE93, 0xABCA, 0x2820, 0x0000, 0x5000, 0x0000, 0x0000, 0x0000, 0x0000, 0x0000,
  0x0000, 0x0000, 0x0000, 0x0000, 0x0000, 0x0000, 0x0000, 0x0000, 0x0000, 0x0000, 0x0000, 0x0000,
  0x0000, 0xA80A, 0x0000, 0x8805, 0xE393, 0xFF3E, 0xF9F0, 0xF82C, 0xF88D, 0xE86B, 0xD8CC, 0xE0CC,
  0xF9B0, 0xF9D0, 0xF9F0, 0xF18F, 0xBCB4, 0xFFFF, 0xFFDF, 0xBCF1, 0xCC8C, 0xFE52, 0xFE53, 0xFE12,
  0xFE12, 0xF9A8, 0xF865, 0xF906, 0xF9E8, 0xFC2E, 0xFD71, 0xFE32, 0xFE12, 0xFE94, 0xCD0F, 0x8329,
  0xFE33, 0xFE95, 0xED90, 0xFE12, 0xFE52, 0x8286, 0x38E2, 0x2881, 0x0000, 0x5000, 0x0000, 0x0000,
  0x0000, 0x0000, 0x0000, 0x0000, 0x0000, 0x0000, 0x0000, 0x0000, 0x0000, 0x0000, 0x0000, 0x0000,
  0x0000, 0x0000, 0x7807, 0x0000, 0x7003, 0xE352, 0xFF5E, 0xF90E, 0xF82B, 0xF8CD, 0xF8AC, 0xF84C,
  0xD82A, 0xE14D, 0xF9D0, 0xF9D0, 0xF9D0, 0xDA0F, 0xCE9A, 0xFFFF, 0xFFDF, 0xFFFF, 0xCDD6, 0xBC4C,
  0xEDD0, 0xFE94, 0xFE53, 0xFB0A, 0xFA49, 0xF9E8, 0xF8C5, 0xF844, 0xFACA, 0xFE73, 0xFDF2, 0xF5F2,
  0xFE33, 0xFE73, 0xFE73, 0xD4EE, 0xDD2F, 0xE590, 0x9B08, 0x4943, 0x4964, 0x38E2, 0x2040, 0x0000,
  0x5000, 0x0000, 0x0000, 0x0000, 0x0000, 0x0000, 0x0000, 0x0000, 0x0000, 0x0000, 0x0000, 0x0000,
  0x0000, 0x0000, 0x0000, 0x0000, 0x0000, 0x5801, 0xC18C, 0xFF7F, 0xF9B0, 0xF82C, 0xF8CD, 0xF8AD,
  0xF82B, 0xFAD2, 0xE455, 0xE92D, 0xF9F0, 0xF9B0, 0xF94F, 0xCA2F, 0xDF5C, 0xFFFF, 0xFFDF, 0xFFFF,
  0xFFFF, 0xEF5D, 0xB38E, 0xC38B, 0xDDAF, 0xFE72, 0xFE73, 0xFE54, 0xFD51, 0xFB0A, 0xFCF0, 0xFE74,
  0xFE33, 0xFE53, 0xFE53, 0xF5D0, 0xABA9, 0x5143, 0x5183, 0x5163, 0x4123, 0x4944, 0x4944, 0x5164,
  0x38C2, 0x2000, 0x0000, 0x0000, 0x0000, 0x0000, 0x0000, 0x0000, 0x0000, 0x0000, 0x0000, 0x0000,
  0x0000, 0x0000, 0x0000, 0x0000, 0x0000, 0x0000, 0x3183, 0xA047, 0xFE7C, 0xFB94, 0xF80B, 0xF8CD,
  0xF88C, 0xF84C, 0xFA31, 0xFFFF, 0xE557, 0xE8AC, 0xF96F, 0xF96F, 0xF92F, 0xC28F, 0xEFBE, 0xFFFF,
  0xF79E, 0xEF7E, 0xEF7E, 0xFFFF, 0xDC55, 0xE08C, 0xC9EC, 0xCB0B, 0xCC6C, 0xD4EE, 0xE5B0, 0xEDF0,
  0xED8F, 0xEDB0, 0xE56F, 0xD4AC, 0xABA9, 0x61C4, 0x4103, 0x4144, 0x4124, 0x4944, 0x4964, 0x4944,
  0x4944, 0x4964, 0x4923, 0x2881, 0x0000, 0x3800, 0x0000, 0x0000, 0x0000, 0x0000, 0x0000, 0x0000,
  0x0000, 0x0000, 0x0000, 0x0000, 0x0000, 0x0000, 0x0000, 0x0000, 0x7002, 0xDB11, 0xFE3C, 0xF80A,
  0xF8AC, 0xF8AC, 0xF90D, 0xF8AC, 0xFEBC, 0xFFBF, 0xE333, 0xE90D, 0xF9B0, 0xF9AF, 0xF990, 0xCAF0,
  0xD6FB, 0xC5B6, 0xC594, 0xCD93, 0xC553, 0xC616, 0xBC54, 0xF10E, 0xFAF3, 0xFCB8, 0xEAB1, 0xDBB2,
  0xD636, 0xC512, 0xC532, 0xCD93, 0xCDD5, 0xD637, 0x9430, 0x4124, 0x4964, 0x4944, 0x4944, 0x4944,
  0x4944, 0x4944, 0x4944, 0x4944, 0x4944, 0x30A2, 0x0000, 0x7800, 0x0000, 0x0000, 0x0000, 0x0000,
  0x0000, 0x0000, 0x0000, 0x0000, 0x0000, 0x0000, 0x0000, 0x0000, 0x0000, 0x0000, 0x9005, 0xFD99,
  0xFC36, 0xFA92, 0xF94F, 0xFA92, 0xFAD3, 0xFA92, 0xFFFF, 0xFD3A, 0xECB7, 0xE1CE, 0xF9B0, 0xF98F,
  0xF990, 0xDA70, 0x93CD, 0xEDD1, 0xFE73, 0xFE53, 0xFE52, 0xDD6F, 0x9A8C, 0xF8ED, 0xF3F5, 0xFFFF,
  0xFEDD, 0xFE9D, 0xEE5B, 0xE75D, 0xFFFF, 0xFFFF, 0xFFFF, 0xFFFF, 0xE71C, 0x72EB, 0x4944, 0x4964,
  0x4944, 0x4944, 0x4944, 0x4944, 0x4944, 0x4944, 0x5164, 0x38A2, 0x0000, 0x0000, 0x0000, 0x0000,
  0x0000, 0x0000, 0x0000, 0x0000, 0x0000, 0x0000, 0x0000, 0x0000, 0x0000, 0x0000, 0x0000, 0x0000,
  0xA068, 0xFDBA, 0xFE5B, 0xFFFF, 0xFDFA, 0xFB54, 0xFAB2, 0xFB54, 0xFFBF, 0xFC78, 0xFFBD, 0xD26E,
  0xF92F, 0xF9AF, 0xF9B0, 0xF970, 0xCA6A, 0xF652, 0xFE33, 0xFE12, 0xFE12, 0xF652, 0xC26B, 0xF0AD,
  0xF1D0, 0xFA30, 0xFA10, 0xF9F0, 0xD16D, 0xE75C, 0xFFDF, 0xFFFF, 0xEF5D, 0xBDB5, 0xDDF4, 0xBC6D,
  0x38C2, 0x4144, 0x4944, 0x4944, 0x4944, 0x4944, 0x4944, 0x4944, 0x4123, 0x3081, 0x0000, 0x5000,
  0x0000, 0x0000, 0x0000, 0x0000, 0x0000, 0x0000, 0x0000, 0x0000, 0x0000, 0x0000, 0x0000, 0x0000,
  0x0000, 0x0000, 0x9026, 0xFD79, 0xFF1D, 0xFFFF, 0xFFFF, 0xFC15, 0xF86C, 0xD90C, 0xFE7B, 0xFE1C,
  0xFFDC, 0xDC2D, 0xD8AC, 0xF9B0, 0xF14E, 0xF9B1, 0xC22C, 0xE5B0, 0xFE33, 0xFE12, 0xFE12, 0xFE73,
  0xC38C, 0xE86C, 0xF313, 0xFDFA, 0xFCF8, 0xFD18, 0xE271, 0xD577, 0xFFFF, 0xE73C, 0xCD93, 0xF612,
  0xFE53, 0xFE52, 0x8B07, 0x30A1, 0x4944, 0x4944, 0x4964, 0x4964, 0x5144, 0x30A2, 0x2881, 0x38A2,
  0x0000, 0x0000, 0x0000, 0x0000, 0x0000, 0x0000, 0x0000, 0x0000, 0x0000, 0x0000, 0x0000, 0x0000,
  0x0000, 0x0000, 0x0000, 0x0000, 0x6803, 0xDA2F, 0xFDBA, 0xFF9F, 0xFF1E, 0xF990, 0xB007, 0x7024,
  0xA94A, 0xE394, 0xFEBA, 0xFEB3, 0xDAED, 0xF10E, 0xF9D0, 0xF9B1, 0xC96B, 0xD50E, 0xFE53, 0xFE12,
  0xFE12, 0xFE73, 0xC46D, 0xD86B, 0xFAD3, 0xFFFF, 0xF333, 0xFCB7, 0xF436, 0xAAEE, 0xD71B, 0xD5F5,
  0xFE33, 0xFE33, 0xFE12, 0xFE12, 0xFE12, 0x8AC6, 0x2881, 0x38E2, 0x4123, 0x4923, 0x30C2, 0x2881,
  0x0000, 0x0000, 0x0000, 0x0000, 0x0000, 0x0000, 0x0000, 0x0000, 0x0000, 0x0000, 0x0000, 0x0000,
  0x0000, 0x0000, 0x0000, 0x0000, 0x0000, 0x0000, 0x01C3, 0x7804, 0xC88A, 0xE12D, 0xC8AA, 0xA007,
  0x68C6, 0x0000, 0x0000, 0x7002, 0x8126, 0x9329, 0x9B48, 0xA8E8, 0xF990, 0xF9B1, 0xD92C, 0xC44C,
  0xFE73, 0xFE12, 0xFE12, 0xFE53, 0xDD8F, 0xC92A, 0xF8EE, 0xFC98, 0xFBB5, 0xFD7A, 0xE26F, 0xA38E,
  0x83AF, 0xB40B, 0xFE32, 0xFE12, 0xFE12, 0xFE12, 0xFE53, 0xED90, 0x69C3, 0x38A0, 0x40C0, 0x2000,
  0x0000, 0x0000, 0x3800, 0x0000, 0x0000, 0x0000, 0x0000, 0x0000, 0x0000, 0x0000, 0x0000, 0x0000,
  0x0000, 0x0000, 0x0000, 0x0000, 0x0000, 0x0000, 0x0000, 0x0000, 0x0000, 0x0000, 0x6003, 0x7804,
  0x7004, 0x0540, 0x0000, 0x7807, 0x0000, 0x0000, 0x0000, 0x0000, 0x1800, 0x5841, 0xA848, 0xE94E,
  0xF96F, 0xBB2A, 0xFE52, 0xFE12, 0xFE12, 0xFE32, 0xF672, 0xC26A, 0xD08A, 0xC8A9, 0xD1AC, 0xB108,
  0x9A4A, 0x0000, 0xCB2C, 0x4902, 0xA389, 0xFE73, 0xFE32, 0xFE12, 0xFE12, 0xFE33, 0xE56F, 0xD4EE,
  0xCCAD, 0x82C6, 0x38C0, 0x0000, 0x52A0, 0x0000, 0x0000, 0x0000, 0x0000, 0x0000, 0x0000, 0x0000,
  0x0000, 0x0000, 0x0000, 0x0000, 0x0000, 0x0000, 0x0000, 0x0000, 0x0000, 0x0000, 0x0000, 0xF800,
  0x0000, 0x0000, 0x0000, 0x0000, 0x780F, 0x0000, 0x0000, 0xA80A, 0xFBEF, 0x0000, 0x0000, 0x0000,
  0x0000, 0x8024, 0xB8AA, 0xB1A9, 0xE5D0, 0xFE33, 0xFE32, 0xFE32, 0xFE53, 0xD4AD, 0xC44B, 0xDD8F,
  0xE5B0, 0xD56F, 0x9308, 0x2800, 0x07E0, 0x0000, 0x3880, 0xB3EA, 0xFE93, 0xFE12, 0xFE32, 0xFE12,
  0xFE52, 0xFE73, 0xFE31, 0xB3C9, 0x4900, 0x0000, 0x39E0, 0x0000, 0x0000, 0x0000, 0x0000, 0x0000,
  0x0000, 0x0000, 0x0000, 0x0000, 0x0000, 0x0000, 0x0000, 0x0000, 0x0000, 0x0000, 0x0000, 0x0000,
  0x0000, 0x0000, 0x500A, 0x7807, 0xA80A, 0x0000, 0x0000, 0x0000, 0x0000, 0x0000, 0x0000, 0x0000,
  0x7800, 0x5000, 0x0000, 0x0000, 0x1800, 0x6042, 0xC46C, 0xFE74, 0xFE12, 0xFE12, 0xFE12, 0xFE33,
  0xFE73, 0xFE53, 0xFE33, 0xFE53, 0xE56F, 0x4922, 0x0000, 0x6266, 0x0000, 0x48E0, 0xC46B, 0xFE73,
  0xFE12, 0xFE12, 0xFDF1, 0xFDF1, 0xFDF1, 0xFEB4, 0x9B48, 0x0000, 0x0000, 0x0000, 0x0000, 0x0000,
  0x0000, 0x0000, 0x0000, 0x0000, 0x0000, 0x0000, 0x0000, 0x0000, 0x0000, 0x0000, 0x0000, 0x0000,
  0x0000, 0x0000, 0x0000, 0x0000, 0x0000, 0x0000, 0x0000, 0x0000, 0x0000, 0x0000, 0x0000, 0x0000,
  0x0000, 0x0000, 0x0000, 0x0000, 0x0000, 0x7807, 0x0000, 0x0000, 0x7A45, 0xFE12, 0xFE32, 0xFE12,
  0xFE32, 0xFE33, 0xFE32, 0xF5D1, 0xF58F, 0xFE73, 0xBC4C, 0x38E1, 0x0000, 0x39E0, 0x9B26, 0x0000,
  0x69C3, 0xED90, 0xFE32, 0xFE32, 0xFE74, 0xFE53, 0xDD2E, 0xB42B, 0x7A66, 0x0000, 0x07E0, 0x0000,
  0x0000, 0x0000, 0x0000, 0x0000, 0x0000, 0x0000, 0x0000, 0x0000, 0x0000, 0x0000, 0x0000, 0x0000,
  0x0000, 0x0000, 0x0000, 0x0000, 0x0000, 0x0000, 0x0000, 0x0000, 0x0000, 0x0000, 0x0000, 0x0000,
  0x0000, 0x0000, 0x0000, 0x0000, 0x0000, 0x0000, 0x0000, 0x0000, 0x7800, 0xFBEF, 0x2020, 0xA389,
  0xFEB4, 0xFE33, 0xFE32, 0xFE32, 0xFE33, 0xFE32, 0xF5D0, 0xF5AF, 0x8AC7, 0x0000, 0xFFFF, 0x0000,
  0x7800, 0xFFFF, 0x1000, 0xABCA, 0xFEB4, 0xE590, 0xC48D, 0xFE73, 0xFEB4, 0x7224, 0x0000, 0x0000,
  0x0000, 0x0000, 0x0000, 0x0000, 0x0000, 0x0000, 0x0000, 0x0000, 0x0000, 0x0000, 0x0000, 0x0000,
  0x0000, 0x0000, 0x0000, 0x0000, 0x0000, 0x0000, 0x0000, 0x0000, 0x0000, 0x0000, 0x0000, 0x0000,
  0x0000, 0x0000, 0x0000, 0x0000, 0x0000, 0x0000, 0x0000, 0x0000, 0x0000, 0x0000, 0x0000, 0x52A0,
  0x0000, 0x4901, 0xB42B, 0xFE53, 0xFE53, 0xFE53, 0xFE32, 0xFE73, 0xE54F, 0x7A24, 0x4901, 0x0000,
  0x7800, 0x0000, 0x0000, 0x7BEF, 0x0000, 0x6A23, 0xEDB0, 0xDD2E, 0x40C0, 0x8AC7, 0xABAA, 0x69E4,
  0xFFFF, 0x7BE0, 0x0000, 0x0000, 0x0000, 0x0000, 0x0000, 0x0000, 0x0000, 0x0000, 0x0000, 0x0000,
  0x0000, 0x0000, 0x0000, 0x0000, 0x0000, 0x0000, 0x0000, 0x0000, 0x0000, 0x0000, 0x0000, 0x0000,
  0x0000, 0x0000, 0x0000, 0x0000, 0x0000, 0x0000, 0x0000, 0x0000, 0x0000, 0x0000, 0x0000, 0x0000,
  0x0000, 0x0000, 0x5000, 0x0000, 0x40C0, 0x8285, 0x9B68, 0x9B48, 0x82C6, 0x82C6, 0x61C3, 0x0800,
  0x0000, 0x0000, 0x0000, 0x0000, 0x0000, 0x0000, 0x0000, 0x2840, 0x7224, 0x7224, 0x28E2, 0x0000,
  0x0000, 0x0000, 0x0000, 0x0000, 0x0000, 0x0000, 0x0000, 0x0000, 0x0000, 0x0000, 0x0000, 0x0000,
  0x0000, 0x0000, 0x0000, 0x0000, 0x0000, 0x0000, 0x0000, 0x0000, 0x0000, 0x0000, 0x0000, 0x0000,
  0x0000, 0x0000, 0x0000, 0x0000, 0x0000, 0x0000, 0x0000, 0x0000, 0x0000, 0x0000, 0x0000, 0x0000,
  0x0000, 0x0000, 0x0000, 0x0000, 0x0000, 0x0000, 0x0000, 0x0000, 0x0000, 0x0000, 0x0000, 0x0000,
  0x0000, 0x0000, 0x0000, 0x0000, 0x0000, 0x0000, 0x0000, 0x0000, 0x0000, 0x0000, 0x0000, 0x0000,
  0x0000, 0x0000, 0x0000, 0x0000, 0x0000, 0x0000, 0x0000, 0x0000, 0x0000, 0x0000, 0x0000, 0x0000,
  0x0000, 0x0000, 0x0000, 0x0000, 0x0000, 0x0000,
};
const uint8_t V54_PINK_FALL_0_MASK[] PROGMEM = {
  0x00, 0x00, 0x00, 0x00, 0x00, 0x00, 0x00, 0x00, 0x00, 0x00, 0x00, 0x1F, 0xFC, 0x00, 0x00, 0x00, 0x00, 0x00, 0x00, 0xFF,
  0xFF, 0x00, 0x00, 0x00, 0x00, 0x00, 0x01, 0xFF, 0xFF, 0xC0, 0x00, 0x00, 0x00, 0x00, 0x07, 0xFF, 0xFF, 0xF0, 0x00, 0x00,
  0x00, 0x00, 0x0F, 0xFF, 0xFF, 0xF8, 0x00, 0x00, 0x00, 0x00, 0x1F, 0xFF, 0xFF, 0xFC, 0x00, 0x00, 0x00, 0x00, 0x3F, 0xFF,
  0xFF, 0xFE, 0x00, 0x00, 0x00, 0x00, 0x3F, 0xFF, 0xFF, 0xFE, 0x1E, 0x00, 0x00, 0x00, 0x7F, 0xFF, 0xFF, 0xFF, 0x7F, 0x00,
  0x00, 0x00, 0x7F, 0xFF, 0xFF, 0xFF, 0xFF, 0x00, 0x00, 0x3E, 0xFF, 0xFF, 0xFF, 0xFF, 0xFF, 0x00, 0x00, 0xFF, 0xFF, 0xFF,
  0xFF, 0xFF, 0xFF, 0x00, 0x01, 0xFF, 0xFF, 0xFF, 0xFF, 0xFF, 0xFF, 0x00, 0x03, 0xFF, 0xFF, 0xFF, 0xFF, 0xFF, 0xFF, 0x00,
  0x03, 0xFF, 0xFF, 0xFF, 0xFF, 0xFF, 0xFE, 0x00, 0x03, 0xFF, 0xFF, 0xFF, 0xFF, 0xFF, 0xFE, 0x00, 0x01, 0xFF, 0xFF, 0xFF,
  0xFF, 0xFF, 0xFC, 0x00, 0x01, 0xFF, 0xFF, 0xFF, 0xFF, 0xFF, 0xF8, 0x00, 0x00, 0xFF, 0xFF, 0xFF, 0xFF, 0xFF, 0xF0, 0x00,
  0x00, 0xFF, 0x7F, 0xFF, 0xFF, 0xFF, 0xE0, 0x00, 0x00, 0x3C, 0x7F, 0xFF, 0xFF, 0xFF, 0xE0, 0x00, 0x00, 0x03, 0xFF, 0xFF,
  0xFF, 0xFF, 0xC0, 0x00, 0x00, 0x07, 0xFF, 0xFF, 0xFF, 0xFF, 0xC0, 0x00, 0x00, 0x0F, 0xFF, 0xFF, 0xFF, 0xFF, 0x80, 0x00,
  0x00, 0x1F, 0xFF, 0xFF, 0xFF, 0xFF, 0x00, 0x00, 0x00, 0x3F, 0xFF, 0xFF, 0xFF, 0xFF, 0x80, 0x00, 0x00, 0x7F, 0xFF, 0xFF,
  0xFF, 0xFF, 0xC0, 0x00, 0x00, 0xFF, 0xFF, 0xFF, 0xFF, 0xFF, 0xE0, 0x00, 0x01, 0xFF, 0xFF, 0xFF, 0xFF, 0xFF, 0xE0, 0x00,
  0x01, 0xFF, 0xFF, 0xFF, 0xFF, 0xFF, 0xF0, 0x00, 0x03, 0xFF, 0xFF, 0xFF, 0xFF, 0xFF, 0xF0, 0x00, 0x03, 0xFF, 0xFF, 0xFF,
  0xFF, 0xFF, 0xF0, 0x00, 0x03, 0xFF, 0xFF, 0xFF, 0xFF, 0xFF, 0xF0, 0x00, 0x03, 0xFF, 0xFF, 0xFF, 0xFF, 0xFF, 0xE0, 0x00,
  0x03, 0xFF, 0xFF, 0xFF, 0xFF, 0xFF, 0x80, 0x00, 0x01, 0xF9, 0xFF, 0xFF, 0xFF, 0xFF, 0x00, 0x00, 0x00, 0xE0, 0x1F, 0xFF,
  0xE7, 0xFF, 0x80, 0x00, 0x00, 0x00, 0x07, 0xFF, 0xE3, 0xFF, 0x80, 0x00, 0x00, 0x00, 0x01, 0xFF, 0xF1, 0xFF, 0x80, 0x00,
  0x00, 0x00, 0x00, 0xFF, 0xF0, 0xFF, 0x80, 0x00, 0x00, 0x00, 0x00, 0xFF, 0xE0, 0x7F, 0x00, 0x00, 0x00, 0x00, 0x00, 0x7F,
  0xE0, 0x7F, 0x00, 0x00, 0x00, 0x00, 0x00, 0x3F, 0x80, 0x30, 0x00, 0x00, 0x00, 0x00, 0x00, 0x00, 0x00, 0x00, 0x00, 0x00,
};
const Sprite565 V54_PINK_FALL_0 = { V54_PINK_FALL_0_BITMAP, V54_PINK_FALL_0_MASK, 62, 45 };

const uint16_t V54_PINK_FALL_1_BITMAP[] PROGMEM = {
  0x0000, 0x0000, 0x0000, 0x0000, 0x0000, 0x0000, 0x0000, 0x0000, 0x0000, 0x0000, 0x0000, 0x0000,
  0x0000, 0x0000, 0x0000, 0x0000, 0x0000, 0x0000, 0x0000, 0x0000, 0x0000, 0x0000, 0x0000, 0x0000,
  0x0000, 0x0000, 0x0000, 0x0000, 0x0000, 0x0000, 0x0000, 0x0000, 0x0000, 0x0000, 0x0000, 0x0000,
  0x0000, 0x0000, 0x0000, 0x0000, 0x0000, 0x0000, 0x0000, 0x0000, 0x0000, 0x0000, 0x0000, 0x0000,
  0x0000, 0x0000, 0x0000, 0x0000, 0x0000, 0x0000, 0x0000, 0x0000, 0x0000, 0x0000, 0x0000, 0x0000,
  0x0000, 0x0000, 0x0000, 0x0000, 0x0000, 0x0000, 0x0000, 0x0000, 0x0000, 0x0000, 0x0000, 0x0000,
  0x0000, 0x0000, 0x0000, 0x0000, 0x0000, 0x0000, 0x0000, 0x0000, 0x0000, 0x0000, 0x0000, 0x0000,
  0x0000, 0x0000, 0x0000, 0x0000, 0x0000, 0x0000, 0x5000, 0x0000, 0x0000, 0x1000, 0x2060, 0x2881,
  0x30A1, 0x30A2, 0x30A2, 0x30C2, 0x30A2, 0x30A1, 0x28A1, 0x2061, 0x2020, 0x0000, 0x0000, 0x7800,
  0x0000, 0x0000, 0x0000, 0x0000, 0x0000, 0x0000, 0x0000, 0x0000, 0x0000, 0x0000, 0x0000, 0x0000,
  0x0000, 0x0000, 0x0000, 0x0000, 0x0000, 0x0000, 0x0000, 0x0000, 0x0000, 0x0000, 0x0000, 0x0000,
  0x0000, 0x0000, 0x0000, 0x0000, 0x0000, 0x0000, 0x0000, 0x0000, 0x0000, 0x0000, 0x0000, 0x0000,
  0x0000, 0x0000, 0x0000, 0x0000, 0x0000, 0x0000, 0x0000, 0x0000, 0x0000, 0x2040, 0x2881, 0x30C2,
  0x38E2, 0x4123, 0x4944, 0x4944, 0x4944, 0x4944, 0x4944, 0x4944, 0x4923, 0x4103, 0x30C2, 0x28A1,
  0x2040, 0x0000, 0x0000, 0x0000, 0x0000, 0x0000, 0x0000, 0x0000, 0x0000, 0x0000, 0x0000, 0x0000,
  0x0000, 0x0000, 0x0000, 0x0000, 0x0000, 0x0000, 0x0000, 0x0000, 0x0000, 0x0000, 0x0000, 0x0000,
  0x0000, 0x0000, 0x0000, 0x0000, 0x0000, 0x0000, 0x0000, 0x0000, 0x0000, 0x0000, 0x0000, 0x0000,
  0x0000, 0x0000, 0x0000, 0x0000, 0x0000, 0x0000, 0x0000, 0x0000, 0x0000, 0x0000, 0x2061, 0x30A1,
  0x4103, 0x4944, 0x4944, 0x4944, 0x4944, 0x4964, 0x4964, 0x4944, 0x4944, 0x4944, 0x4944, 0x4944,
  0x4944, 0x4943, 0x38E2, 0x2881, 0x2040, 0x0000, 0x5000, 0x0000, 0x0000, 0x0000, 0x0000, 0x0000,
  0x0000, 0x0000, 0x0000, 0x0000, 0x0000, 0x0000, 0x0000, 0x0000, 0x0000, 0x0000, 0x0000, 0x0000,
  0x0000, 0x0000, 0x0000, 0x0000, 0x0000, 0x0000, 0x0000, 0x0000, 0x0000, 0x0000, 0x0000, 0x0000,
  0x0000, 0x0000, 0x0000, 0x0000, 0x0000, 0x0000, 0x0000, 0x0000, 0x0000, 0x0000, 0x1860, 0x2881,
  0x38E3, 0x4944, 0x4944, 0x4944, 0x4944, 0x59A5, 0x61E6, 0x7227, 0x7207, 0x59C5, 0x4964, 0x4944,
  0x4944, 0x4944, 0x4944, 0x4944, 0x4944, 0x4923, 0x30C2, 0x2061, 0x0000, 0x3800, 0x0000, 0x0000,
  0x0000, 0x0000, 0x0000, 0x0000, 0x0000, 0x0000, 0x0000, 0x0000, 0x0000, 0x0000, 0x0000, 0x0000,
  0x0000, 0x0000, 0x0000, 0x0000, 0x0000, 0x0000, 0x0000, 0x0000, 0x0000, 0x0000, 0x0000, 0x0000,
  0x0000, 0x0000, 0x0000, 0x0000, 0x0000, 0x0000, 0x0000, 0x0000, 0x0000, 0x0000, 0x0000, 0x1840,
  0x2881, 0x4123, 0x4964, 0x4944, 0x4944, 0x4944, 0x5164, 0x59C5, 0x59C6, 0x7227, 0x59C5, 0x4964,
  0x4944, 0x4944, 0x4944, 0x4944, 0x4944, 0x4944, 0x4944, 0x4944, 0x4944, 0x38E3, 0x2861, 0x0000,
  0x3800, 0x0000, 0x0000, 0x0000, 0x0000, 0x0000, 0x0000, 0x0000, 0x0000, 0x0000, 0x0000, 0x0000,
  0x0000, 0x0000, 0x0000, 0x0000, 0x0000, 0x0000, 0x0000, 0x0000, 0x0000, 0x0000, 0x0000, 0x0000,
  0x0000, 0x0000, 0x0000, 0x0000, 0x0000, 0x0000, 0x0000, 0x0000, 0x0000, 0x0000, 0x0000, 0x0000,
  0x1861, 0x2881, 0x4123, 0x4964, 0x4944, 0x4944, 0x4944, 0x4944, 0x4944, 0x5184, 0x6A27, 0x7247,
  0x6A06, 0x5184, 0x4964, 0x4944, 0x4944, 0x4944, 0x4944, 0x4944, 0x4944, 0x4944, 0x4944, 0x4143,
  0x3903, 0x3081, 0x0000, 0x5000, 0x0000, 0x0000, 0x7807, 0xF80F, 0xF81F, 0xA80A, 0x0000, 0x0000,
  0x0000, 0x0000, 0x0000, 0x0000, 0x0000, 0x0000, 0x0000, 0x0000, 0x0000, 0x0000, 0x0000, 0x0000,
  0x0000, 0x0000, 0x0000, 0x0000, 0x0000, 0x0000, 0x3800, 0x5000, 0x0000, 0x5000, 0x3800, 0x0000,
  0x5000, 0x0000, 0x2881, 0x4123, 0x4964, 0x4944, 0x4944, 0x4944, 0x4944, 0x4944, 0x4944, 0x61C5,
  0x6A06, 0x69E6, 0x7227, 0x6A06, 0x5184, 0x4944, 0x4944, 0x4944, 0x4944, 0x4944, 0x4944, 0x4143,
  0x5124, 0x7947, 0x5124, 0x30C2, 0x2821, 0x0000, 0x5005, 0x0000, 0x0000, 0x0000, 0x0000, 0x0000,
  0x0000, 0x0000, 0x0000, 0x0000, 0x0000, 0x0000, 0x0000, 0x0000, 0x0000, 0x0000, 0x0000, 0x0000,
  0x0000, 0x0000, 0x0000, 0x0000, 0x0000, 0x0000, 0x0000, 0x0000, 0x0000, 0x0000, 0x0000, 0x0000,
  0x0000, 0x0000, 0x0000, 0x2040, 0x38E2, 0x4944, 0x4944, 0x4944, 0x4944, 0x4944, 0x4944, 0x4944,
  0x4944, 0x5164, 0x5164, 0x69E6, 0x7247, 0x7227, 0x61C6, 0x4144, 0x4944, 0x4944, 0x4944, 0x4944,
  0x4144, 0x5104, 0xD1CF, 0xFAD4, 0xD9EF, 0x58E4, 0x30A2, 0x9007, 0x0000, 0x0000, 0x8004, 0xA068,
  0xA048, 0x7805, 0x0000, 0x0000, 0x0000, 0x0000, 0x0000, 0x0000, 0x0000, 0x0000, 0x0000, 0x0000,
  0x0000, 0x0000, 0x0000, 0x0000, 0x0000, 0x0000, 0x0000, 0x0000, 0x0000, 0x1820, 0x2881, 0x30A2,
  0x30C2, 0x30A2, 0x2881, 0x2040, 0x0000, 0x28A1, 0x4944, 0x4944, 0x4944, 0x4944, 0x4944, 0x4944,
  0x4944, 0x4944, 0x4944, 0x4944, 0x4964, 0x59C5, 0x59C5, 0x6206, 0x59A5, 0x4964, 0x4944, 0x4944,
  0x4944, 0x4944, 0x4103, 0xB16B, 0xFAD4, 0xF292, 0xFAD4, 0xE1EF, 0x5103, 0x20A1, 0x8805, 0xA888,
  0xE18F, 0xFA72, 0xFA53, 0xC0CB, 0x6803, 0x0000, 0x0000, 0x0000, 0x0000, 0x0000, 0x0000, 0x0000,
  0x0000, 0x0000, 0x0000, 0x0000, 0x0000, 0x0000, 0x0000, 0x0000, 0x7800, 0x0000, 0x2881, 0x38C2,
  0x4123, 0x4944, 0x4944, 0x4944, 0x4943, 0x38E2, 0x2881, 0x38E2, 0x4964, 0x4944, 0x4944, 0x4944,
  0x4944, 0x4944, 0x4944, 0x4944, 0x4944, 0x4944, 0x4964, 0x5164, 0x5184, 0x4964, 0x4964, 0x5164,
  0x4944, 0x4944, 0x4944, 0x4143, 0x6105, 0xF251, 0xFAB3, 0xFA92, 0xFAB2, 0xFAF4, 0xA129, 0x6864,
  0xC10C, 0xFAB3, 0xFAB4, 0xFA93, 0xFAB3, 0xFA32, 0x8826, 0x0000, 0x0000, 0x0000, 0x0000, 0x0000,
  0x0000, 0x0000, 0x0000, 0x0000, 0x0000, 0x0000, 0x0000, 0x0000, 0x0000, 0x7805, 0xFFFF, 0x3061,
  0x4103, 0x5164, 0x4944, 0x4944, 0x4944, 0x4944, 0x4964, 0x4964, 0x4143, 0x4144, 0x4944, 0x4944,
  0x4944, 0x4944, 0x4944, 0x4944, 0x4944, 0x4944, 0x4944, 0x4944, 0x4944, 0x4964, 0x4944, 0x4943,
  0x5184, 0x4964, 0x4944, 0x4944, 0x4944, 0x3923, 0x9169, 0xFAB4, 0xFA92, 0xFAB3, 0xFAD3, 0xF231,
  0xF1D0, 0xFA72, 0xF231, 0xFAB3, 0xFA92, 0xFA73, 0xFA93, 0xFA72, 0x9847, 0x0000, 0x0000, 0x0000,
  0x0000, 0x0000, 0x0000, 0x0000, 0x0000, 0x0000, 0x0000, 0x0000, 0x0000, 0x7800, 0x0000, 0x0000,
  0x0000, 0x2081, 0x4944, 0x4944, 0x4944, 0x4944, 0x4944, 0x4944, 0x4944, 0x4944, 0x4944, 0x4944,
  0x4944, 0x4944, 0x4944, 0x4944, 0x4944, 0x4944, 0x4944, 0x4944, 0x4944, 0x4944, 0x4964, 0x3903,
  0x4964, 0xC4EF, 0x6A67, 0x4123, 0x4944, 0x4944, 0x4944, 0x4123, 0xB9AC, 0xFAD4, 0xFA93, 0xFAB3,
  0xFAB3, 0xE9B0, 0xFA72, 0xFAD3, 0xF210, 0xF252, 0xFAB3, 0xFA93, 0xFAB3, 0xF211, 0x8826, 0x0000,
  0x0000, 0x0000, 0x0000, 0x0000, 0x0000, 0x0000, 0x0000, 0x0000, 0x0000, 0x0000, 0x7800, 0x0000,
  0x0000, 0x8005, 0xB14B, 0x8866, 0x40E3, 0x4123, 0x4944, 0x4944, 0x4944, 0x4944, 0x4944, 0x4944,
  0x4944, 0x4944, 0x4944, 0x4944, 0x4964, 0x4964, 0x4944, 0x4944, 0x4944, 0x4944, 0x4964, 0x4944,
  0x38E3, 0x6A47, 0xDD50, 0xFEB4, 0xA3CC, 0x38E3, 0x4964, 0x4944, 0x4944, 0x4123, 0xC9EE, 0xFAD4,
  0xFA93, 0xFA93, 0xFA93, 0xF1D1, 0xFAB3, 0xFAB3, 0xF1AF, 0xFA72, 0xFAB3, 0xFA93, 0xFAD4, 0xD96E,
  0x6803, 0x0000, 0x0000, 0x0000, 0x0000, 0x0000, 0x0000, 0x0000, 0x0000, 0x0000, 0x0000, 0x780F,
  0x0000, 0x5000, 0xA8E9, 0xF4F7, 0xFC57, 0xF970, 0x98C7, 0x3923, 0x4944, 0x4944, 0x4944, 0x4944,
  0x4944, 0x4944, 0x4944, 0x4944, 0x4944, 0x4944, 0x3903, 0x4103, 0x4944, 0x4964, 0x4964, 0x4944,
  0x4103, 0x4984, 0xA40C, 0xFE53, 0xFE74, 0xFE74, 0xF633, 0x51A5, 0x4103, 0x4964, 0x4944, 0x4123,
  0xB9AD, 0xFAD4, 0xFAB3, 0xFAD4, 0xFAB3, 0xC90C, 0xE1D0, 0xF1F0, 0xF211, 0xFAB3, 0xFAB2, 0xFAB3,
  0xFAB3, 0xA068, 0x3000, 0x0000, 0x0000, 0x0000, 0x0000, 0x0000, 0x0000, 0x0000, 0x0000, 0x0000,
  0x7800, 0xFFFF, 0x5101, 0xB9AB, 0xFE3C, 0xFAB3, 0xF86C, 0xF970, 0xB0CA, 0x28C1, 0x5164, 0x4944,
  0x4944, 0x4944, 0x4944, 0x4944, 0x4944, 0x4944, 0x4944, 0x4944, 0x82E9, 0x936A, 0x59C5, 0x4123,
  0x4123, 0x4964, 0x8B4A, 0xE5B1, 0xFE73, 0xFE33, 0xD4CD, 0xC46C, 0xFE53, 0xCD0F, 0x4144, 0x4944,
  0x5164, 0x3943, 0x8167, 0xF252, 0xFA72, 0xE1AF, 0x90C8, 0x40C3, 0x3861, 0xA90A, 0xFAF4, 0xF292,
  0xFA72, 0xFAF4, 0xE18E, 0x7804, 0x0000, 0x0000, 0x0000, 0x0000, 0x0000, 0x0000, 0x0000, 0x0000,
  0x0000, 0x0000, 0xF81F, 0x07E0, 0x8003, 0xEB12, 0xF313, 0xF86C, 0xF8ED, 0xF8CD, 0xF4F8, 0x6AAA,
  0x30E1, 0x4143, 0x4944, 0x4944, 0x4944, 0x4143, 0x3923, 0x3923, 0x5164, 0xC4AE, 0xFE93, 0xFE94,
  0xEDF2, 0x6206, 0x6A47, 0xE5D1, 0xFE73, 0xFE53, 0xFE12, 0xFE32, 0xDD4F, 0xB3E9, 0xDD0E, 0xFEB5,
  0xC4EF, 0x4964, 0x3903, 0x30C2, 0xA40B, 0xAAEB, 0x6064, 0x48A3, 0x3102, 0x4964, 0x3943, 0x4883,
  0xE1D0, 0xFAD4, 0xFAD4, 0xF1F1, 0x9026, 0x5082, 0x7800, 0x0000, 0x0000, 0x0000, 0x0000, 0x0000,
  0x0000, 0x0000, 0xF800, 0xF80F, 0x0540, 0x8804, 0xE3F4, 0xF4D7, 0xE06B, 0xE90C, 0xF0ED, 0xFDBA,
  0xFF5F, 0xE314, 0x98E8, 0x6125, 0x4103, 0x4103, 0x4103, 0x4904, 0x8128, 0xA0E9, 0x7AC8, 0xFEB4,
  0xFDF2, 0xF5F1, 0xFE73, 0xD550, 0xE591, 0xFE73, 0xF612, 0xFE32, 0xF612, 0xF612, 0xFE73, 0xFE53,
  0xFE32, 0xFE12, 0xFE73, 0xE591, 0x82E9, 0x4143, 0xCCEE, 0xD54F, 0x3102, 0x4143, 0x4944, 0x4124,
  0x4944, 0x3903, 0x5864, 0xD18E, 0xE18E, 0x9027, 0x3801, 0x0000, 0x7800, 0x0000, 0x0000, 0x0000,
  0x0000, 0x0000, 0x0000, 0x0000, 0xA80A, 0x0000, 0x8804, 0xEC76, 0xFE3C, 0xF8EE, 0xF8CD, 0xF08C,
  0xD84A, 0xDC75, 0xF4F8, 0xD2F0, 0xF950, 0xF9D1, 0xE1AF, 0xD98E, 0xD98E, 0xF1AF, 0xF9F1, 0xF970,
  0xA208, 0xFE52, 0xFE33, 0xFE32, 0xFE12, 0xFE32, 0xFE33, 0xFE32, 0xFE32, 0xFE53, 0xCCEE, 0x18C2,
  0xDD4F, 0xFE52, 0xFE12, 0xFE33, 0xFE12, 0xFE53, 0xFE73, 0xEDF2, 0xEDD2, 0xB3EA, 0x69E4, 0x3903,
  0x4944, 0x4144, 0x4123, 0x4944, 0x3923, 0x4082, 0x6803, 0x0000, 0x0000, 0x7800, 0x0000, 0x0000,
  0x0000, 0x0000, 0x0000, 0x0000, 0x0000, 0x500A, 0x0000, 0x8003, 0xEB93, 0xFE7C, 0xF84C, 0xF86C,
  0xF86C, 0xF96E, 0xFD9A, 0xE476, 0xDC53, 0xCACD, 0xF96F, 0xF9B0, 0xF9B0, 0xF990, 0xF990, 0xF98F,
  0xF98F, 0xF1F0, 0xCCF4, 0xCC8C, 0xFE12, 0xFE33, 0xFE53, 0xFE12, 0xFE12, 0xFE32, 0xFE32, 0xFE53,
  0xFEF5, 0x7B2A, 0x2903, 0xE5D2, 0xFE53, 0xFE12, 0xFE32, 0xFE32, 0xFE12, 0xFE32, 0xFE33, 0xFE32,
  0xFE32, 0xA3CB, 0x38C2, 0x4123, 0x4144, 0x4123, 0x5164, 0x3903, 0x07E0, 0x0000, 0x5000, 0x0000,
  0x0000, 0x0000, 0x0000, 0x0000, 0x0000, 0x0000, 0x0000, 0x0000, 0x5801, 0xC9AD, 0xFEFE, 0xF8EE,
  0xF86C, 0xF8AC, 0xF8ED, 0xFF1D, 0xFEFE, 0xFCDA, 0xFF7B, 0xD26C, 0xF92F, 0xF96F, 0xF96F, 0xF98F,
  0xF98F, 0xF9D0, 0xE8CD, 0xE435, 0xFFFF, 0xD5F6, 0xCD94, 0xCDB4, 0xD530, 0xFE32, 0xFE32, 0xFE12,
  0xFE73, 0xBCCE, 0x5226, 0x6267, 0x0000, 0x49E6, 0xFE73, 0xFE12, 0xFE12, 0xFE32, 0xFE33, 0xFE73,
  0xFE73, 0xEDD2, 0xE5B1, 0xFE94, 0xA3CB, 0x4144, 0x4944, 0x4944, 0x5144, 0x30A2, 0xF81F, 0x3800,
  0x0000, 0x0000, 0x0000, 0x0000, 0x0000, 0x0000, 0x0000, 0x0000, 0x0000, 0x03E0, 0xA006, 0xFE3B,
  0xFB54, 0xF82B, 0xF8ED, 0xF82B, 0xFB94, 0xFFFF, 0xFC38, 0xFE9C, 0xFEF5, 0xD26B, 0xF12F, 0xF9D0,
  0xF9B0, 0xF9D0, 0xF9B0, 0xF9D1, 0xD90C, 0xEE9B, 0xFFFF, 0xFFFF, 0xFFFF, 0xF79E, 0xD6BA, 0xD5B4,
  0xFE32, 0xFE12, 0xFE53, 0xC4EF, 0x6AA8, 0x834A, 0x9BCB, 0xC4CE, 0xFE32, 0xFE12, 0xFE32, 0xFE32,
  0xFE12, 0x93AB, 0x5206, 0x1081, 0x4A06, 0xFE33, 0xFE93, 0x8B09, 0x3903, 0x5185, 0x4103, 0x2860,
  0x7800, 0x5000, 0x0000, 0x0000, 0x0000, 0x0000, 0x0000, 0x0000, 0x0000, 0x0000, 0x0000, 0x7002,
  0xDAD1, 0xFE7C, 0xF84C, 0xF8AC, 0xF8CD, 0xF80B, 0xFD18, 0xFF7E, 0xFCF9, 0xFF7C, 0xFE93, 0xD32C,
  0xE90E, 0xF9B0, 0xF9AF, 0xF9B0, 0xF9B0, 0xF98F, 0xD9AD, 0xEF5D, 0xFFFF, 0xFFDF, 0xFFDF, 0xFFFF,
  0xEF9E, 0xCE9A, 0xC552, 0xFE53, 0xFE53, 0xFE52, 0xFEB4, 0xFEF5, 0xFED4, 0xFEB3, 0xFE52, 0xFE32,
  0xFDB0, 0xFE32, 0xFE53, 0x2903, 0x0840, 0xC4CD, 0xF611, 0xFDF2, 0xFE53, 0xA3AA, 0x4922, 0x4103,
  0x30C2, 0x2060, 0x0000, 0x0000, 0x0000, 0x0000, 0x0000, 0x0000, 0x0000, 0x0000, 0x0000, 0x0000,
  0x0000, 0x9805, 0xFDB9, 0xFBF6, 0xF86C, 0xF90E, 0xFB33, 0xF9D0, 0xFCD7, 0xFFBF, 0xFD5A, 0xFF3A,
  0xFE72, 0xDC0D, 0xE12D, 0xF9D0, 0xF9AF, 0xF9AF, 0xF96E, 0xF92E, 0xD1CD, 0xDEFB, 0xFFFF, 0xFFFF,
  0xF79E, 0xBD94, 0xCD51, 0xDD91, 0xB46D, 0xCCEE, 0xEDD1, 0xFE32, 0xF5F2, 0xE5B1, 0xE4EF, 0xF209,
  0xFBAD, 0xFE33, 0xFE73, 0xFE94, 0xFE53, 0xEDF2, 0x41A5, 0x3143, 0xE5B1, 0xFE53, 0xF612, 0xE54F,
  0xE54F, 0x82A6, 0x4123, 0x4103, 0x2881, 0x0000, 0x0000, 0x0000, 0x0000, 0x0000, 0x0000, 0x0000,
  0x0000, 0x0000, 0x0000, 0xB088, 0xFE5B, 0xFE5B, 0xFF3E, 0xFC36, 0xFBB4, 0xFB94, 0xF1EF, 0xED58,
  0xFD5B, 0xFFBB, 0xFE52, 0xED70, 0xD14C, 0xF990, 0xF94E, 0xF92E, 0xF98F, 0xF9F1, 0xC90C, 0xCDD8,
  0xFFFF, 0xFFDF, 0xC595, 0xEDD1, 0xFE52, 0xFE32, 0xFE32, 0xE590, 0xCCAC, 0xC44B, 0xC48C, 0xCCEE,
  0xCC6C, 0xBA46, 0xE105, 0xF9C8, 0xFBCD, 0xFD0F, 0xFE32, 0xFE32, 0xF613, 0x6288, 0xCD0F, 0xFE94,
  0xF5B0, 0xED6F, 0xFE53, 0xFE73, 0x8AC7, 0x4923, 0x4123, 0x2881, 0x0000, 0x5000, 0x0000, 0x0000,
  0x0000, 0x0000, 0x0000, 0x0000, 0x0000, 0xA047, 0xFDBA, 0xFEDD, 0xFFFF, 0xFFDF, 0xFA72, 0xF0CD,
  0x9806, 0x8005, 0xB1AC, 0xD473, 0xF5B1, 0xFEB3, 0xDAED, 0xF0CD, 0xF98F, 0xF9B0, 0xF9D0, 0xF9D0,
  0xF12E, 0xBC93, 0xFFFF, 0xDEBB, 0xD530, 0xFE52, 0xFE32, 0xFE12, 0xFE12, 0xFE53, 0xFE52, 0xED90,
  0xF632, 0xFE74, 0xFE53, 0xFE93, 0xBBEA, 0xEA69, 0xF844, 0xFA08, 0xFE52, 0xFE12, 0xFE33, 0xFE73,
  0xFE53, 0xF612, 0xD4AC, 0xFE12, 0xF5F2, 0xFE73, 0xD4EE, 0x4103, 0x4964, 0x30C2, 0x2000, 0x0000,
  0x0000, 0x0000, 0x0000, 0x0000, 0x0000, 0x0000, 0x0000, 0x7804, 0xE250, 0xFE1B, 0xFFBF, 0xFE9C,
  0xD8AC, 0x8805, 0x3A67, 0x0000, 0x0000, 0x5000, 0x69A4, 0x9328, 0xA2E8, 0xD12C, 0xFA11, 0xF9D0,
  0xF9B0, 0xF9B0, 0xF98F, 0xC1ED, 0xDEDA, 0xE71C, 0xEDD2, 0xFE73, 0xFE12, 0xFE12, 0xFE12, 0xFE12,
  0xFE12, 0xFE53, 0xFE53, 0xFE32, 0xFE12, 0xFE53, 0xE5D1, 0xCCAD, 0xFC0D, 0xFD0F, 0xFE12, 0xFE12,
  0xFE32, 0xFE33, 0xEDD1, 0xBC2B, 0xE570, 0xFE32, 0xFE12, 0xFE53, 0xE550, 0x4943, 0x4944, 0x4103,
  0x2040, 0x0000, 0x3800, 0x0000, 0x0000, 0x0000, 0x0000, 0x0000, 0x0000, 0x10A2, 0x9006, 0xD10C,
  0xD94D, 0xB889, 0x7805, 0x07E0, 0x0000, 0x9806, 0x0000, 0x0000, 0x0000, 0x0000, 0x0800, 0x9867,
  0xF990, 0xF16F, 0xC0CA, 0xA068, 0x9867, 0x7804, 0x72CB, 0xD679, 0xBCF0, 0xF5D1, 0xFE73, 0xFE73,
  0xFE32, 0xFE32, 0xFE32, 0xFE32, 0xFE32, 0xFE32, 0xFE32, 0xFE53, 0xEDB1, 0xC46C, 0xFED4, 0xFE73,
  0xFE74, 0xFE53, 0xFE12, 0xD50E, 0xBC2B, 0xF5D1, 0xFE74, 0xFE12, 0xFE32, 0xFE94, 0xABCA, 0x4103,
  0x4964, 0x4103, 0x2861, 0x0000, 0x3800, 0x0000, 0x0000, 0x0000, 0x0000, 0x0000, 0x0000, 0x0000,
  0x07FF, 0x6804, 0x7003, 0x5822, 0x0000, 0x0000, 0x7800, 0x0000, 0x0000, 0x5000, 0x79E7, 0xFFFF,
  0x0000, 0x6803, 0x9867, 0x9047, 0x5001, 0x0000, 0x0000, 0x0000, 0x1800, 0x72AA, 0x72EB, 0x7246,
  0xA3A9, 0xDD4F, 0xFE12, 0xFE94, 0xFE74, 0xFE73, 0xFE53, 0xFE32, 0xFE32, 0xFE94, 0xD4ED, 0x8AA6,
  0xBC2B, 0xBC2B, 0xABEB, 0x9348, 0x6A04, 0x82A6, 0xC46C, 0xD4AD, 0xFDF2, 0xFE74, 0xFDF1, 0xBC2B,
  0x5163, 0x4944, 0x5164, 0x38E2, 0x2040, 0x0000, 0x0000, 0x0000, 0x0000, 0x0000, 0x0000, 0x0000,
  0x0000, 0x0000, 0x0000, 0x0000, 0x0000, 0x0000, 0x7800, 0x0000, 0x0000, 0x0000, 0x0000, 0x0000,
  0x0000, 0x0000, 0x7800, 0x0000, 0x0000, 0x0000, 0x0000, 0xF81F, 0x7807, 0x7807, 0x0000, 0x0000,
  0x2800, 0x0000, 0x0000, 0x4921, 0x7245, 0x9B48, 0xA3AA, 0xB3EA, 0xF5F1, 0xFE53, 0xFE73, 0xEDB0,
  0x7A65, 0x0000, 0x0000, 0x1000, 0x0000, 0x0000, 0x0000, 0x30C1, 0x2840, 0x38A0, 0x7245, 0x9308,
  0x69E4, 0x30A1, 0x4123, 0x4923, 0x38E3, 0x3081, 0x0000, 0x0000, 0x0000, 0x0000, 0x0000, 0x0000,
  0x0000, 0x0000, 0x0000, 0x0000, 0x0000, 0xA80A, 0x7807, 0x5000, 0x0000, 0x0000, 0x0000, 0x0000,
  0x0000, 0x0000, 0x0000, 0x0000, 0x0000, 0xF800, 0xF81F, 0xB807, 0x7800, 0x0000, 0x0000, 0x0000,
  0x0000, 0xAD55, 0x0000, 0x0000, 0x0000, 0x0000, 0x0000, 0x0000, 0x0000, 0x3080, 0x7244, 0x9B48,
  0x9B28, 0x61E3, 0x0000, 0x0000, 0x0000, 0x0000, 0x0000, 0x0000, 0x0000, 0x0000, 0x0000, 0x0000,
  0x0000, 0x0000, 0x0000, 0x30E3, 0x28A1, 0x30A1, 0x2860, 0x0000, 0x0000, 0x0000, 0x0000, 0x0000,
  0x0000, 0x0000, 0x0000, 0x0000, 0x0000, 0x0000, 0x0000, 0x0000, 0x0000, 0x0000, 0x0000, 0x0000,
  0x0000, 0x0000, 0x0000, 0x0000, 0x0000, 0x0000, 0x0000, 0x0000, 0x0000, 0x0000, 0x0000, 0x0000,
  0x0000, 0x0000, 0x0000, 0x0000, 0x0000, 0x0000, 0x0000, 0x0000, 0x0000, 0x0000, 0x0000, 0x0000,
  0x0000, 0x0000, 0x0000, 0x0000, 0x0000, 0x0000, 0x0000, 0x0000, 0x0000, 0x0000, 0x0000, 0x0000,
  0x0000, 0x0000, 0x0000, 0x0000, 0x0000, 0x0000, 0x0000, 0x0000, 0x0000, 0x0000, 0x0000, 0x0000,
  0x0000, 0x0000, 0x0000, 0x0000,
};
const uint8_t V54_PINK_FALL_1_MASK[] PROGMEM = {
  0x00, 0x00, 0x00, 0x00, 0x00, 0x00, 0x00, 0x00, 0x00, 0x00, 0x00, 0x00, 0xFF, 0xC0, 0x00, 0x00, 0x00, 0x00, 0x00, 0x03,
  0xFF, 0xF8, 0x00, 0x00, 0x00, 0x00, 0x00, 0x0F, 0xFF, 0xFC, 0x00, 0x00, 0x00, 0x00, 0x00, 0x1F, 0xFF, 0xFF, 0x00, 0x00,
  0x00, 0x00, 0x00, 0x3F, 0xFF, 0xFF, 0x80, 0x00, 0x00, 0x00, 0x00, 0x7F, 0xFF, 0xFF, 0xC0, 0x00, 0x00, 0x00, 0x00, 0xFF,
  0xFF, 0xFF, 0xE0, 0x00, 0x00, 0x00, 0x01, 0xFF, 0xFF, 0xFF, 0xE3, 0xC0, 0x00, 0x00, 0xFD, 0xFF, 0xFF, 0xFF, 0xFF, 0xE0,
  0x00, 0x03, 0xFF, 0xFF, 0xFF, 0xFF, 0xFF, 0xE0, 0x00, 0x07, 0xFF, 0xFF, 0xFF, 0xFF, 0xFF, 0xE0, 0x00, 0x07, 0xFF, 0xFF,
  0xFF, 0xFF, 0xFF, 0xE0, 0x00, 0x1F, 0xFF, 0xFF, 0xFF, 0xFF, 0xFF, 0xE0, 0x00, 0x3F, 0xFF, 0xFF, 0xFF, 0xFF, 0xFF, 0xC0,
  0x00, 0x7F, 0xFF, 0xFF, 0xFF, 0xFF, 0xFF, 0xC0, 0x00, 0xFF, 0xFF, 0xFF, 0xFF, 0xFF, 0xFF, 0x80, 0x01, 0xFF, 0xFF, 0xFF,
  0xFF, 0xFF, 0xFF, 0x00, 0x03, 0xFF, 0xFF, 0xFF, 0xFF, 0xFF, 0xFE, 0x00, 0x07, 0xFF, 0xFF, 0xFF, 0xFF, 0xFF, 0xFC, 0x00,
  0x0F, 0xFF, 0xFF, 0xFF, 0xFF, 0xFF, 0xFC, 0x00, 0x0F, 0xFF, 0xFF, 0xFF, 0xFF, 0xFF, 0xF8, 0x00, 0x1F, 0xFF, 0xFF, 0xFF,
  0xFF, 0xFF, 0xFC, 0x00, 0x1F, 0xFF, 0xFF, 0xFF, 0xFF, 0xFF, 0xFE, 0x00, 0x1F, 0xFF, 0xFF, 0xFF, 0xFF, 0xFF, 0xFF, 0x00,
  0x1F, 0xFF, 0xFF, 0xFF, 0xFF, 0xFF, 0xFF, 0x00, 0x1F, 0xC7, 0xFF, 0xFF, 0xFF, 0xFF, 0xFF, 0x80, 0x0F, 0x80, 0x7F, 0xFF,
  0xFF, 0xFF, 0xFF, 0x80, 0x07, 0x00, 0x30, 0x7F, 0xFF, 0xFF, 0xFF, 0x00, 0x00, 0x00, 0x00, 0x07, 0xFE, 0x03, 0xFF, 0x00,
  0x00, 0x00, 0x00, 0x00, 0x7C, 0x00, 0x0C, 0x00, 0x00, 0x00, 0x00, 0x00, 0x00, 0x00, 0x00, 0x00,
};
const Sprite565 V54_PINK_FALL_1 = { V54_PINK_FALL_1_BITMAP, V54_PINK_FALL_1_MASK, 62, 32 };

const uint16_t V54_PINK_CHEER_0_BITMAP[] PROGMEM = {
  0x0000, 0x0000, 0x0000, 0x0000, 0x0000, 0x0000, 0x0000, 0x0000, 0x0000, 0x0000, 0x0000, 0x0000,
  0x0000, 0x0000, 0x0000, 0x0000, 0x0000, 0x0000, 0x0000, 0x0000, 0x0000, 0x0000, 0x0000, 0x0000,
  0x0000, 0x0000, 0x0000, 0x0000, 0x0000, 0x0000, 0x0000, 0x0000, 0x0000, 0x0000, 0x0000, 0x0000,
  0x0000, 0x0000, 0x0000, 0x0000, 0x0000, 0x0000, 0x0000, 0x0000, 0x0000, 0x0000, 0x0000, 0x0000,
  0x0000, 0x0000, 0x0000, 0x0000, 0x0000, 0x0000, 0x0000, 0x0000, 0x0000, 0x0000, 0x0000, 0x0000,
  0x0000, 0x0000, 0x0000, 0x0000, 0x0000, 0x0000, 0x0000, 0x0000, 0x0000, 0x0000, 0x0000, 0x0000,
  0x0000, 0x0000, 0x0000, 0x0000, 0x0000, 0x0000, 0x0000, 0x0000, 0x0000, 0x0000, 0x0000, 0x0000,
  0x0000, 0x0000, 0x0000, 0x0000, 0x0000, 0x0000, 0x0000, 0x0000, 0x0000, 0x0000, 0x0000, 0x0000,
  0x0000, 0x0000, 0x0000, 0x0000, 0x0000, 0x0000, 0x0000, 0x0000, 0x0000, 0x0000, 0x0000, 0x0000,
  0x0000, 0x0000, 0x0000, 0x0000, 0x0000, 0x0000, 0x0000, 0x0000, 0x0000, 0x0000, 0x0000, 0x0000,
  0x0000, 0x0000, 0x0000, 0x0000, 0x0000, 0x0000, 0x0000, 0x0000, 0x0000, 0x0000, 0x0000, 0x0000,
  0x0000, 0x0000, 0x0000, 0x0000, 0x0000, 0x0000, 0x0000, 0x0000, 0x0000, 0x0000, 0x0000, 0x0000,
  0x0000, 0x0000, 0x0000, 0x0000, 0x0000, 0x0000, 0x0000, 0x0000, 0x0000, 0x0000, 0x0000, 0x0000,
  0x0000, 0x0000, 0x0000, 0x0000, 0x0000, 0x0000, 0x0000, 0x0000, 0x0000, 0x0000, 0x0000, 0x0000,
  0x0000, 0x0000, 0x0000, 0x0000, 0x0000, 0x0000, 0x0000, 0x0000, 0x0000, 0x0000, 0x0000, 0x0000,
  0x0000, 0x0000, 0x0000, 0x0000, 0x0000, 0x0000, 0x0000, 0x0000, 0x0000, 0x0000, 0x0000, 0x0000,
  0x0000, 0x0000, 0x0000, 0x0000, 0x0000, 0x0000, 0x0000, 0x0000, 0x0000, 0x0000, 0x0000, 0x0000,
  0x0000, 0x0000, 0x0000, 0x0000, 0x0000, 0x0000, 0x0000, 0x0000, 0x0000, 0x0000, 0x0000, 0x0000,
  0x0000, 0x0000, 0x0000, 0x0000, 0x0000, 0x0000, 0x0000, 0x0000, 0x0000, 0x0000, 0x0000, 0x0000,
  0x0000, 0x0000, 0x0000, 0x0000, 0x0000, 0x0000, 0x0000, 0x0000, 0x0000, 0x0000, 0x0000, 0x0000,
  0x0000, 0x0000, 0x0000, 0x0000, 0x0000, 0x0000, 0x0000, 0x0000, 0x0000, 0x0000, 0x0000, 0x0000,
  0x0000, 0x0000, 0x0000, 0x0000, 0x0000, 0x0000, 0x0000, 0x0000, 0x0000, 0x0000, 0x0000, 0x0000,
  0x0000, 0x0000, 0x0000, 0x0000, 0x0000, 0x0000, 0x0000, 0x0000, 0x0000, 0x0000, 0x0000, 0x0000,
  0x0000, 0x0000, 0x0000, 0x0000, 0x0000, 0x0000, 0x0000, 0x0000, 0x0000, 0x0000, 0x0000, 0x0000,
  0x0000, 0x0000, 0x0000, 0x0000, 0x0000, 0x0000, 0x0000, 0x0000, 0x0000, 0x0000, 0x0000, 0x0000,
  0x0000, 0x0000, 0x0000, 0x0000, 0x0000, 0x0000, 0x0000, 0x0000, 0x0000, 0x0000, 0x0000, 0x0000,
  0x0000, 0x0000, 0x0000, 0x0000, 0x0000, 0x0000, 0x0000, 0x0000, 0x0000, 0x0000, 0x0000, 0x0000,
  0x0000, 0x0000, 0x0000, 0x0000, 0x0000, 0x0000, 0x0000, 0x3800, 0x0000, 0x0000, 0x0000, 0x2040,
  0x2061, 0x2881, 0x30A1, 0x30A2, 0x30A2, 0x30A1, 0x2881, 0x2881, 0x2861, 0x2841, 0x0000, 0x0000,
  0x0000, 0x5000, 0x0000, 0x0000, 0x0000, 0x0000, 0x0000, 0x0000, 0x0000, 0x0000, 0x0000, 0x0000,
  0x0000, 0x0000, 0x0000, 0x0000, 0x0000, 0x0000, 0x0000, 0x0000, 0x0000, 0x0000, 0x0000, 0x0000,
  0x0000, 0x0000, 0x0000, 0x0000, 0x0000, 0x0000, 0x0000, 0x0000, 0x0000, 0x0000, 0x0000, 0x0000,
  0x2841, 0x2881, 0x30A2, 0x38C2, 0x4103, 0x4123, 0x4944, 0x4944, 0x4944, 0x4944, 0x4123, 0x4123,
  0x4103, 0x38C2, 0x30A2, 0x2881, 0x2800, 0x0000, 0x0000, 0x0000, 0x0000, 0x0000, 0x0000, 0x0000,
  0x0000, 0x0000, 0x0000, 0x0000, 0x0000, 0x0000, 0x0000, 0x0000, 0x0000, 0x0000, 0x0000, 0x0000,
  0x0000, 0x0000, 0x0000, 0x0000, 0x0000, 0x0000, 0x0000, 0x0000, 0x0000, 0x0000, 0x0000, 0x0000,
  0x5000, 0x0000, 0x3000, 0x2061, 0x30A2, 0x4123, 0x4944, 0x4944, 0x4944, 0x4944, 0x4944, 0x4944,
  0x4944, 0x4944, 0x4944, 0x4944, 0x4944, 0x4964, 0x4944, 0x4103, 0x30A2, 0x2861, 0x5000, 0x0000,
  0x5000, 0x0000, 0x0000, 0x0000, 0x0000, 0x7800, 0x7807, 0x7807, 0x7800, 0x0000, 0x0000, 0x0000,
  0x0000, 0x0000, 0x0000, 0x0000, 0x0000, 0x0000, 0x0000, 0x0000, 0x0000, 0x0000, 0x0000, 0x0000,
  0x0000, 0x0000, 0x0000, 0x3800, 0x0000, 0x2861, 0x2881, 0x38E2, 0x4944, 0x4944, 0x4944, 0x5184,
  0x59A5, 0x59A5, 0x4964, 0x4944, 0x4944, 0x4944, 0x4944, 0x4944, 0x4944, 0x4944, 0x4944, 0x4964,
  0x4944, 0x4123, 0x30A2, 0x3061, 0x0000, 0x5000, 0x0000, 0x0000, 0xA80A, 0x0000, 0x0000, 0x0000,
  0x0000, 0x7800, 0x0000, 0x0000, 0x0000, 0x0000, 0x0000, 0x0000, 0x0000, 0x0000, 0x0000, 0x0000,
  0x0000, 0x0000, 0x0000, 0x0000, 0x0000, 0x0000, 0x3800, 0x0000, 0x2061, 0x30A2, 0x4923, 0x4964,
  0x4944, 0x5164, 0x7206, 0x7A47, 0x7227, 0x59C5, 0x5164, 0x4944, 0x4944, 0x4944, 0x4944, 0x4944,
  0x4944, 0x4944, 0x4944, 0x4944, 0x4123, 0x5924, 0x3902, 0x28A1, 0x3042, 0x0000, 0x3800, 0xF800,
  0x0000, 0x5801, 0x8004, 0x7804, 0x5003, 0x0000, 0x7800, 0x0000, 0x0000, 0x0000, 0x0000, 0x0000,
  0x0000, 0x0000, 0x0000, 0x0000, 0x0000, 0x0000, 0x0000, 0x0000, 0x0000, 0x3800, 0x0000, 0x2061,
  0x38E2, 0x4944, 0x4944, 0x4944, 0x5164, 0x6A06, 0x7227, 0x7227, 0x5185, 0x5164, 0x4964, 0x4944,
  0x4944, 0x4944, 0x4944, 0x4944, 0x4944, 0x4944, 0x4944, 0x4903, 0xB18B, 0xE231, 0xB18C, 0x5104,
  0x30C2, 0x4062, 0x0000, 0x0000, 0x7804, 0xA889, 0xD98E, 0xD98E, 0x9847, 0x6003, 0x0000, 0x0000,
  0x0000, 0x0000, 0x0000, 0x0000, 0x0000, 0x0000, 0x0000, 0x0000, 0x0000, 0x0000, 0x0000, 0x0000,
  0x5000, 0x0000, 0x2061, 0x30C2, 0x4964, 0x4944, 0x4944, 0x4964, 0x4964, 0x5164, 0x6206, 0x7A67,
  0x6A27, 0x51A5, 0x4964, 0x4944, 0x4944, 0x4944, 0x4944, 0x4944, 0x4944, 0x4944, 0x4123, 0xA14A,
  0xFAB4, 0xFAF4, 0xFAD4, 0xE1F0, 0x6125, 0x28A1, 0x1841, 0x8805, 0xD92D, 0xFA73, 0xFAD4, 0xFB15,
  0xF211, 0x8005, 0x0180, 0x0000, 0x0000, 0x0000, 0x0000, 0x0000, 0x0000, 0x0000, 0x0000, 0x0000,
  0x0000, 0x0000, 0x0000, 0x5000, 0x0000, 0x2861, 0x30C2, 0x4944, 0x4944, 0x4944, 0x4944, 0x4944,
  0x4944, 0x61C5, 0x8288, 0x6A27, 0x6A06, 0x6A07, 0x59A5, 0x5184, 0x4944, 0x4944, 0x4944, 0x4944,
  0x4944, 0x4144, 0x5904, 0xEA31, 0xFAD3, 0xFAB3, 0xF2B2, 0xFAD4, 0xD1CE, 0x58A4, 0x7025, 0xD98E,
  0xFAF4, 0xFA93, 0xFA72, 0xFA92, 0xFAD4, 0xA8A9, 0x4801, 0x0000, 0x0000, 0x0000, 0x0000, 0x0000,
  0x0000, 0x0000, 0x0000, 0x0000, 0x0000, 0x0000, 0x0000, 0x0000, 0x2800, 0x2881, 0x4944, 0x4944,
  0x4944, 0x4944, 0x4944, 0x4944, 0x4944, 0x59A5, 0x59A5, 0x59A5, 0x7227, 0x6A27, 0x7247, 0x61C5,
  0x4964, 0x4944, 0x4944, 0x4944, 0x4944, 0x4143, 0x8127, 0xFA93, 0xFAD3, 0xFAB3, 0xFAB3, 0xFAF3,
  0xF231, 0xE9B0, 0xFA31, 0xF210, 0xFAB3, 0xFA92, 0xFA93, 0xFA93, 0xFAD4, 0xC10B, 0x5803, 0x0000,
  0x0000, 0x0000, 0x0000, 0x0000, 0x0000, 0x0000, 0x0000, 0x0000, 0x0000, 0x0000, 0x5000, 0x0000,
  0x2061, 0x4103, 0x4964, 0x4944, 0x4944, 0x4944, 0x4944, 0x4944, 0x4944, 0x4944, 0x4944, 0x59C5,
  0x61E6, 0x61E6, 0x7227, 0x59A5, 0x5164, 0x4944, 0x4944, 0x4944, 0x4944, 0x4123, 0xA16A, 0xFAB4,
  0xFAB3, 0xFAB3, 0xFAD3, 0xFAD3, 0xE9AF, 0xFAB3, 0xFAD3, 0xE9D0, 0xFA52, 0xFAB3, 0xFAB3, 0xFA93,
  0xFAD4, 0xC90C, 0x6002, 0x0000, 0x0000, 0x0000, 0x0000, 0x0000, 0x0000, 0x0000, 0x0000, 0x0000,
  0x0000, 0x0000, 0x0000, 0x2860, 0x30A1, 0x4944, 0x4944, 0x4944, 0x4944, 0x4944, 0x4944, 0x4944,
  0x4944, 0x4944, 0x4964, 0x5184, 0x5184, 0x59A5, 0x5184, 0x5164, 0x4964, 0x4944, 0x4944, 0x4944,
  0x4944, 0x4123, 0xB1AB, 0xFAD4, 0xFA93, 0xFAB3, 0xFAD3, 0xF292, 0xE98F, 0xFAB3, 0xFAF3, 0xF1D0,
  0xF211, 0xFAB3, 0xFAB3, 0xFA93, 0xFAB4, 0xB0CA, 0x5001, 0x0000, 0x0000, 0x0000, 0x0000, 0x0000,
  0x0000, 0x0000, 0x0000, 0x0000, 0x0000, 0x3800, 0x0000, 0x2861, 0x4103, 0x4964, 0x4944, 0x4944,
  0x4944, 0x4944, 0x4944, 0x4944, 0x4944, 0x4944, 0x4944, 0x4944, 0x4964, 0x4944, 0x59C5, 0x51A5,
  0x4944, 0x4944, 0x4944, 0x4944, 0x4944, 0x4123, 0xB1AB, 0xFAD4, 0xF293, 0xFAB3, 0xFAD3, 0xFAF4,
  0xF1B0, 0xFA73, 0xFAB3, 0xE9D0, 0xFA73, 0xFA93, 0xFAB3, 0xFAB3, 0xFA93, 0x9847, 0x3000, 0x0000,
  0x0000, 0x0000, 0x0000, 0x0000, 0x0000, 0x0000, 0x0000, 0x0000, 0x0000, 0x7800, 0x0000, 0x28A1,
  0x4944, 0x4944, 0x4944, 0x4944, 0x4944, 0x4944, 0x4944, 0x4944, 0x4944, 0x4944, 0x4944, 0x4944,
  0x4944, 0x3903, 0xD52F, 0xA3CB, 0x38C2, 0x5164, 0x4944, 0x4944, 0x4944, 0x4143, 0x9128, 0xFA94,
  0xFAD3, 0xFAD3, 0xFAF4, 0xF211, 0x8086, 0x88C7, 0xB8CB, 0xFA92, 0xFAB3, 0xFA93, 0xFA93, 0xFAF4,
  0xF1D0, 0x8005, 0x0000, 0x0000, 0x0000, 0x0000, 0x0000, 0x0000, 0x0000, 0x0000, 0x0000, 0x0000,
  0x0000, 0x0000, 0x2000, 0x30C2, 0x4944, 0x4944, 0x4944, 0x4944, 0x4944, 0x4944, 0x4944, 0x4944,
  0x4944, 0x4944, 0x4964, 0x4964, 0x38E3, 0xAC2C, 0xFE73, 0xF5F2, 0x6A47, 0x4103, 0x4964, 0x4944,
  0x4944, 0x4944, 0x5944, 0xD9CE, 0xFA73, 0xF211, 0xB10A, 0x5063, 0x3902, 0x3102, 0x3041, 0xC94D,
  0xFAF4, 0xFAB3, 0xFA93, 0xFA93, 0xB089, 0x5802, 0x0000, 0x0000, 0x0000, 0x0000, 0x0000, 0x0000,
  0x0000, 0x0000, 0x0000, 0x3800, 0x0000, 0x0000, 0x2040, 0x30C2, 0x4964, 0x4944, 0x4944, 0x4944,
  0x4944, 0x4944, 0x4944, 0x4944, 0x4944, 0x4964, 0x4964, 0x38E3, 0xA3EC, 0xFE73, 0xFE33, 0xFE74,
  0xEDB1, 0x59E5, 0x38E3, 0x5164, 0x5184, 0x4123, 0x5A06, 0xED91, 0x7967, 0x5063, 0x30C2, 0x3923,
  0x5164, 0x4944, 0x4143, 0x4863, 0xC12C, 0xFA93, 0xFAB4, 0xD0EC, 0x6804, 0x0000, 0x5000, 0x0000,
  0x0000, 0x0000, 0x0000, 0x0000, 0x0000, 0x5000, 0x0000, 0x0000, 0x0000, 0x0000, 0x2040, 0x38E3,
  0x4944, 0x4944, 0x4944, 0x4944, 0x4944, 0x4944, 0x4944, 0x4944, 0x4964, 0x4944, 0x3903, 0xAC2C,
  0xFE73, 0xFE12, 0xD4EE, 0xD4AC, 0xFE32, 0xF612, 0x8309, 0x4103, 0x3903, 0x4103, 0x61E6, 0xFED5,
  0xCD70, 0x4144, 0x4144, 0x4944, 0x4944, 0x4944, 0x4944, 0x3923, 0x3882, 0x8086, 0x9888, 0x7004,
  0x07E0, 0x5000, 0x0000, 0x0000, 0x0000, 0x0000, 0x0000, 0x0000, 0x0000, 0x0000, 0x1820, 0x2861,
  0x2881, 0x30A1, 0x30A2, 0x4123, 0x4964, 0x4944, 0x4964, 0x4944, 0x4944, 0x4944, 0x4944, 0x4964,
  0x4103, 0x4944, 0xC4AD, 0xFE73, 0xFE12, 0xF5F1, 0xBC4B, 0xB3EA, 0xEDB0, 0xFE73, 0xFE74, 0xCCEF,
  0x8309, 0x59E5, 0x6A67, 0xF5F2, 0xCCAC, 0x7A65, 0x38C2, 0x4123, 0x4944, 0x4944, 0x4943, 0x4944,
  0x4144, 0x3923, 0x28A1, 0x10A0, 0x0000, 0x5000, 0x0000, 0x0000, 0x0000, 0x0000, 0x0000, 0x0000,
  0x2041, 0x2881, 0x30C2, 0x4103, 0x4923, 0x4944, 0x4944, 0x4964, 0x4964, 0x4944, 0x4103, 0x5163,
  0x59A3, 0x5143, 0x4944, 0x4123, 0x59E5, 0xDD50, 0xFE73, 0xFE12, 0xFE12, 0xFE12, 0xFE94, 0xFE94,
  0xFE32, 0xFE12, 0xFE12, 0xFE73, 0xFE93, 0xF633, 0xEDF2, 0xF5D1, 0xCC8C, 0xCCAD, 0xB44C, 0x6206,
  0x30C2, 0x4123, 0x4944, 0x4944, 0x4944, 0x5164, 0x38E2, 0x3001, 0x0000, 0x0000, 0x0000, 0x0000,
  0x0000, 0x0000, 0x0000, 0x2061, 0x30A1, 0x4923, 0x4964, 0x4964, 0x4944, 0x4944, 0x4944, 0x4944,
  0x4944, 0x5963, 0xB3CA, 0xE56F, 0xEDB0, 0xD50E, 0x7A45, 0x6205, 0xF612, 0xFE32, 0xF5F2, 0xFE33,
  0xFE33, 0xFE73, 0xF5F2, 0xFE33, 0xFE32, 0xFE12, 0xFE32, 0xFE32, 0xFE12, 0xFE32, 0xFE33, 0xFE32,
  0xFE53, 0xFE74, 0xFEB4, 0xF5F1, 0x9BAB, 0x5184, 0x4123, 0x4964, 0x4964, 0x5164, 0x30C2, 0x0000,
  0x0000, 0x0000, 0x0000, 0x0000, 0x0000, 0x0000, 0x2061, 0x30C2, 0x4944, 0x4964, 0x4944, 0x4944,
  0x4944, 0x4944, 0x4944, 0x4944, 0x4923, 0xC44B, 0xFEB4, 0xFE33, 0xFE33, 0xFEB5, 0xEDB1, 0xBC2B,
  0xFE94, 0xFE12, 0xFE32, 0xFE12, 0xFE74, 0xBCAE, 0x20C2, 0x49E5, 0xF612, 0xFE32, 0xFE32, 0xFE33,
  0xFE33, 0xFE33, 0xFE32, 0xFE12, 0xFE73, 0xFE74, 0xDD71, 0xFDF1, 0xFE73, 0xEDF2, 0x59C5, 0x4944,
  0x4964, 0x4103, 0x2061, 0x0000, 0x3800, 0x0000, 0x0000, 0x0000, 0x0000, 0x2041, 0x30A2, 0x4944,
  0x4964, 0x4944, 0x4944, 0x4944, 0x4944, 0x4944, 0x4964, 0x4123, 0x7225, 0xFE32, 0xFE12, 0xFE32,
  0xFE32, 0xFE12, 0xFE53, 0xD4CC, 0xE570, 0xFE73, 0xFE12, 0xFE32, 0xF633, 0x2923, 0x0000, 0x0000,
  0xB48D, 0xFE93, 0xFE12, 0xFE32, 0xFE32, 0xFE33, 0xFE53, 0xFE53, 0xAC4C, 0x3143, 0x18A2, 0xE5B1,
  0xFE12, 0xFE74, 0x9328, 0x4902, 0x4124, 0x28A2, 0x1840, 0x0000, 0x0000, 0x0000, 0x0000, 0x0000,
  0x0000, 0x2081, 0x4103, 0x4944, 0x4944, 0x4944, 0x4944, 0x4944, 0x4944, 0x4944, 0x4964, 0x4103,
  0x8AE7, 0xFE53, 0xFE12, 0xFE33, 0xFE33, 0xFE32, 0xFE53, 0xE52F, 0xD4ED, 0xFE73, 0xFE12, 0xFE32,
  0xEDF2, 0x1081, 0x0000, 0x0000, 0xC4CE, 0xFE73, 0xFE12, 0xFE32, 0xFE32, 0xFE32, 0xF612, 0x3144,
  0x0000, 0x72C8, 0xDD70, 0xFE32, 0xFE33, 0xFDF1, 0xED6F, 0xD50E, 0x5163, 0x2061, 0x0000, 0x2800,
  0x0000, 0x0000, 0x0000, 0x0000, 0x0000, 0x30A2, 0x4944, 0x4944, 0x4944, 0x4944, 0x4944, 0x4944,
  0x4944, 0x4944, 0x4964, 0x4123, 0x8286, 0xFE73, 0xFE12, 0xFE33, 0xFE33, 0xFE33, 0xFE74, 0xDD50,
  0xE56F, 0xFE32, 0xFE32, 0xFE12, 0xFE74, 0x938B, 0x18C2, 0x6AA8, 0xFE53, 0xFE12, 0xFE12, 0xFDD1,
  0xFDB0, 0xFE33, 0xF612, 0x72E8, 0x1081, 0x5A47, 0xD52F, 0xFE12, 0xFE32, 0xFDF2, 0xED6F, 0xFEB4,
  0xABAA, 0x2860, 0x28A1, 0x0000, 0x0000, 0x0000, 0x0000, 0x0000, 0x0000, 0x30A2, 0x4964, 0x4944,
  0x4944, 0x4944, 0x4944, 0x4944, 0x4944, 0x4944, 0x4944, 0x4964, 0x5143, 0xD4EE, 0xFEB4, 0xFE32,
  0xFE33, 0xFE33, 0xFE54, 0xE590, 0xCC6C, 0xFE32, 0xFE12, 0xFE33, 0xFE32, 0xFE53, 0xF5F2, 0xFE33,
  0xFE32, 0xFE53, 0xFE73, 0xFE52, 0xFDF1, 0xFE73, 0xFE32, 0xFE94, 0xD570, 0x3143, 0x49C5, 0xFE32,
  0xFE12, 0xED4F, 0xED90, 0xFE74, 0xABA9, 0x38E2, 0x4103, 0x28A1, 0x1800, 0x0000, 0x0000, 0x0000,
  0x0000, 0x2061, 0x38C2, 0x4103, 0x4144, 0x4944, 0x4944, 0x4944, 0x4944, 0x4944, 0x4964, 0x4964,
  0x30C2, 0x5982, 0xBC2B, 0xF5F1, 0xF5F2, 0xFE32, 0xFE12, 0xFE74, 0xCC8C, 0xD4CD, 0xFE53, 0xFE12,
  0xFE12, 0xFE12, 0xFE12, 0xFE52, 0xFCCF, 0xFA28, 0xFB2A, 0xFC0D, 0xFCAF, 0xFD70, 0xFE53, 0xFE12,
  0xFE53, 0xFE32, 0xEDD1, 0xFE13, 0xFE12, 0xED2E, 0xFE74, 0xED90, 0x61A4, 0x4123, 0x4964, 0x4924,
  0x30A1, 0x2000, 0x0000, 0x0000, 0x0000, 0x0000, 0x1800, 0x30C2, 0x4944, 0x4124, 0x4944, 0x4944,
  0x4944, 0x4964, 0x4944, 0x30C2, 0x2881, 0x0000, 0x3860, 0x9B27, 0xFE32, 0xFE32, 0xFE32, 0xFE12,
  0xFE74, 0xC46B, 0xEDB1, 0xFE73, 0xFE12, 0xFE32, 0xFE12, 0xFE73, 0xFB8C, 0xF946, 0xF9E8, 0xF966,
  0xF8A4, 0xFB4B, 0xFE73, 0xFE12, 0xFE12, 0xFDF2, 0xFE12, 0xFEB5, 0xC44C, 0xAB89, 0xABCA, 0x61A4,
  0x4123, 0x4944, 0x4944, 0x4964, 0x4923, 0x2881, 0x0000, 0x0000, 0x0000, 0x3000, 0x0000, 0x2881,
  0x4923, 0x4964, 0x4944, 0x4944, 0x4944, 0x38E3, 0x30A1, 0x28A1, 0x0000, 0x6A44, 0x0000, 0x5141,
  0xD50E, 0xFE74, 0xFE12, 0xFE32, 0xFE53, 0xF612, 0xB42B, 0xDD91, 0xFE32, 0xFE12, 0xFE12, 0xFE53,
  0xFCAE, 0xFA8A, 0xFAEB, 0xFAAA, 0xF9A7, 0xFD30, 0xFE52, 0xFE12, 0xFE12, 0xFE32, 0xFE94, 0xC48C,
  0x5142, 0x3903, 0x38E3, 0x4123, 0x4944, 0x4944, 0x4944, 0x4144, 0x4964, 0x4103, 0x2861, 0x0000,
  0x0000, 0x0000, 0x0000, 0x2861, 0x3081, 0x38C2, 0x38C2, 0x30A2, 0x2881, 0x2061, 0x0000, 0x0000,
  0x0000, 0x0000, 0x7BE7, 0x0000, 0x7A44, 0xFE12, 0xFE32, 0xFE32, 0xFE32, 0xFE73, 0xCD31, 0xB576,
  0xDD70, 0xFE73, 0xFE33, 0xFE12, 0xFE12, 0xFB2B, 0xFA09, 0xFA8A, 0xFCCF, 0xFE53, 0xFE12, 0xFE32,
  0xFE33, 0xE570, 0xABA9, 0x4922, 0x3924, 0x4964, 0x4964, 0x4944, 0x4944, 0x4944, 0x4944, 0x4944,
  0x4944, 0x4944, 0x30A1, 0x0000, 0x0000, 0x0000, 0x0000, 0x0000, 0x0000, 0x1800, 0x2000, 0x0000,
  0x0000, 0x0000, 0x0000, 0x0000, 0x0000, 0x0000, 0x5000, 0x0000, 0x2840, 0xAB89, 0xFE94, 0xFE33,
  0xFE73, 0xF5F2, 0xC5B6, 0xFFFF, 0xCE17, 0xD4EE, 0xEE11, 0xFE51, 0xFE52, 0xFDF1, 0xFD30, 0xFDD1,
  0xFEB4, 0xFE53, 0xFE32, 0xDD2E, 0xBC2B, 0xBC0A, 0xB3EA, 0x7A66, 0x4103, 0x4964, 0x4944, 0x4944,
  0x4944, 0x4944, 0x4944, 0x4944, 0x4944, 0x4944, 0x30C2, 0x0000, 0x0000, 0x0000, 0x0000, 0x0000,
  0x5000, 0x0000, 0x0000, 0x0000, 0x5000, 0x5000, 0x0000, 0x0000, 0x0000, 0x0000, 0x0000, 0x52A0,
  0x0000, 0x5121, 0xDD0E, 0xFEB4, 0xF5F1, 0xBD12, 0xEF5D, 0xFFFF, 0xFFFF, 0xDB11, 0xC98A, 0xBACA,
  0xC42B, 0xD54E, 0xD58F, 0xD4ED, 0xD40C, 0xCCCF, 0xBC2C, 0xA367, 0xEDB0, 0xFE73, 0xFE53, 0xFDF1,
  0x8AC6, 0x4103, 0x4944, 0x4144, 0x4144, 0x4944, 0x4944, 0x4944, 0x4944, 0x38E3, 0x2881, 0x0000,
  0x0000, 0x0000, 0x0000, 0x0000, 0x0000, 0x0000, 0x0000, 0x0000, 0x0000, 0x0000, 0x0000, 0x0000,
  0x0000, 0x0000, 0x0000, 0xAAAA, 0xF800, 0x732D, 0xA3EC, 0xCD0F, 0xBD53, 0xE73D, 0xFFFF, 0xFFDF,
  0xFFFF, 0xF4F7, 0xF88E, 0xE8AD, 0xE92D, 0xE38D, 0xE42D, 0xE1AD, 0xE8EE, 0xF73E, 0xC531, 0xED90,
  0xFE53, 0xFE12, 0xF5F2, 0xFE53, 0xE56F, 0x4922, 0x4123, 0x4944, 0x4944, 0x4944, 0x4944, 0x4964,
  0x38C2, 0x2040, 0x0000, 0x0000, 0x0000, 0x0000, 0x0000, 0x0000, 0x0000, 0x0000, 0x0000, 0x0000,
  0x0000, 0x0000, 0x0000, 0x0000, 0x0000, 0x0000, 0x0000, 0x7BEF, 0x0000, 0x6B0C, 0xC5F8, 0xDEDB,
  0xF7BE, 0xFFFF, 0xFFDF, 0xFFDF, 0xFFFF, 0xEE5A, 0xF12E, 0xF1CF, 0xFAF3, 0xFBD6, 0xFB74, 0xFAF4,
  0xFE5C, 0xFFFF, 0xB44D, 0xF612, 0xFE33, 0xFE12, 0xFE12, 0xFE32, 0xFE32, 0x82A6, 0x30A1, 0x4103,
  0x4123, 0x4123, 0x4123, 0x38E2, 0x2881, 0x0000, 0x5000, 0x0000, 0x0000, 0x0000, 0x0000, 0x0000,
  0x0000, 0x0000, 0x0000, 0x0000, 0x0000, 0x0000, 0x0000, 0x0000, 0x0000, 0x0000, 0x0000, 0x0000,
  0xF800, 0x30A2, 0x8BCF, 0xFFBE, 0xFFFF, 0xFFFF, 0xFFFF, 0xFFFF, 0xFFFF, 0xF7BE, 0xEA50, 0xF14E,
  0xF5D9, 0xFFFF, 0xFE7C, 0xFEFD, 0xFEDC, 0xFFFF, 0xB48E, 0xED90, 0xFE53, 0xFE32, 0xFE32, 0xFE33,
  0xFE53, 0x8AA5, 0x0000, 0x4142, 0x30A1, 0x28A1, 0x2881, 0x2081, 0x0000, 0x3800, 0x0000, 0x0000,
  0x0000, 0x0000, 0x0000, 0x0000, 0x0000, 0x0000, 0x0000, 0x0000, 0x0000, 0x0000, 0x0000, 0x0000,
  0x0000, 0x0000, 0x0000, 0x0000, 0x7BEF, 0x0000, 0x3061, 0x838E, 0xD679, 0xEF9D, 0xF77E, 0xEF7D,
  0xFFBF, 0xFFFF, 0xE414, 0xF8CE, 0xF435, 0xFEFD, 0xFAB4, 0xFB76, 0xFB75, 0xFFBF, 0xD658, 0xB3CA,
  0xFE52, 0xFE32, 0xFE33, 0xFE32, 0xFE53, 0xC44B, 0x40E1, 0x0000, 0x0000, 0x0000, 0x0000, 0x0000,
  0x0000, 0x0000, 0x0000, 0x0000, 0x0000, 0x0000, 0x0000, 0x0000, 0x0000, 0x0000, 0x0000, 0x0000,
  0x0000, 0x0000, 0x0000, 0x0000, 0x0000, 0x0000, 0x0000, 0x0000, 0x0000, 0x7BEF, 0x0000, 0x0000,
  0x6AAA, 0xB412, 0xD679, 0xEF7D, 0xFFDF, 0xFFFF, 0xEDB9, 0xF12E, 0xF291, 0xFF9E, 0xFD7A, 0xFAF4,
  0xFCD8, 0xFFFF, 0xEF3D, 0xABED, 0xD4ED, 0xFE53, 0xFE12, 0xFE12, 0xFE32, 0xFE53, 0x82A6, 0x0000,
  0x9B2C, 0x3000, 0x3800, 0x0000, 0x0000, 0x0000, 0x0000, 0x0000, 0x0000, 0x0000, 0x0000, 0x0000,
  0x0000, 0x0000, 0x0000, 0x0000, 0x0000, 0x0000, 0x0000, 0x0000, 0x0000, 0x0000, 0x0000, 0x0000,
  0x7800, 0x0000, 0x0000, 0x5023, 0x9868, 0xE271, 0xFFBE, 0xFFFF, 0xFFBF, 0xFFDF, 0xF75D, 0xEA10,
  0xF12E, 0xEDF9, 0xFFFF, 0xFF3D, 0xFFDF, 0xF6FC, 0xEB73, 0xD22D, 0xCCCD, 0xFE53, 0xFDF2, 0xFE12,
  0xFE12, 0xFE74, 0xA389, 0x0000, 0x0000, 0xF800, 0x0000, 0x0000, 0x0000, 0x0000, 0x0000, 0x0000,
  0x0000, 0x0000, 0x0000, 0x0000, 0x0000, 0x0000, 0x0000, 0x0000, 0x0000, 0x0000, 0x0000, 0x0000,
  0x0000, 0x0000, 0x0000, 0xA80A, 0x0000, 0x0000, 0x8005, 0xB089, 0xF18F, 0xF18F, 0xD20F, 0xE5D9,
  0xFFFF, 0xFFFF, 0xFFFF, 0xE373, 0xF86D, 0xEBD4, 0xFFBF, 0xF3F5, 0xF353, 0xF1B0, 0xF90E, 0xF9B0,
  0xCB2B, 0xFE93, 0xFE12, 0xFDF2, 0xFDF1, 0xFE73, 0x9307, 0x0000, 0x0000, 0x0000, 0x0000, 0x0000,
  0x0000, 0x0000, 0x0000, 0x0000, 0x0000, 0x0000, 0x0000, 0x0000, 0x0000, 0x0000, 0x0000, 0x0000,
  0x0000, 0x0000, 0x0000, 0x0000, 0x0000, 0x0000, 0x7800, 0x0000, 0x6003, 0xA047, 0xE12D, 0xF9B0,
  0xF9B0, 0xF9D0, 0xF92E, 0xD8AC, 0xDAD1, 0xE557, 0xF75D, 0xDD36, 0xF0EE, 0xF292, 0xF3D4, 0xF92F,
  0xF9D0, 0xF96F, 0xF10D, 0xF950, 0xDAAF, 0xC4AC, 0xFE94, 0xFE53, 0xFE73, 0xD4CD, 0x5121, 0x0000,
  0x52A0, 0x0000, 0x0000, 0x0000, 0x0000, 0x0000, 0x0000, 0x0000, 0x0000, 0x0000, 0x0000, 0x0000,
  0x0000, 0x0000, 0x0000, 0x0000, 0x0000, 0x0000, 0x0000, 0x0000, 0x0000, 0x780F, 0x0000, 0x7003,
  0xB089, 0xF9B0, 0xF9D0, 0xF98F, 0xF9AF, 0xF96F, 0xF92E, 0xF9D0, 0xF94F, 0xE8ED, 0xD92D, 0xD1CD,
  0xE96E, 0xFA31, 0xF579, 0xF9D0, 0xF90E, 0xF435, 0xFE7B, 0xFC16, 0xFF7F, 0xD473, 0xAAA8, 0xBC6C,
  0xA389, 0x5962, 0x0000, 0x0000, 0x0000, 0x0000, 0x0000, 0x0000, 0x0000, 0x0000, 0x0000, 0x0000,
  0x0000, 0x0000, 0x0000, 0x0000, 0x0000, 0x0000, 0x0000, 0x0000, 0x0000, 0x0000, 0x0000, 0x0000,
  0xA80A, 0x0000, 0x6802, 0xC0AA, 0xF990, 0xF98F, 0xF98F, 0xF9AF, 0xF9AF, 0xF92E, 0xF98F, 0xF9AF,
  0xF9D0, 0xF98F, 0xF92E, 0xF94F, 0xD8AB, 0xF1D0, 0xFFFF, 0xFE3B, 0xF538, 0xFE7B, 0xFA92, 0xF1D0,
  0xFE7B, 0xFFDF, 0xE14D, 0x6022, 0x0000, 0x0000, 0x0000, 0x0000, 0x0000, 0x0000, 0x0000, 0x0000,
  0x0000, 0x0000, 0x0000, 0x0000, 0x0000, 0x0000, 0x0000, 0x0000, 0x0000, 0x0000, 0x0000, 0x0000,
  0x0000, 0x0000, 0x0000, 0x0000, 0xF800, 0xF800, 0x6002, 0xA889, 0xF990, 0xF98F, 0xF98F, 0xF9D0,
  0xF94E, 0xF96F, 0xF9D0, 0xF98F, 0xF9B0, 0xF12E, 0xF98F, 0xF9B0, 0xD8CC, 0xF0EE, 0xFEBD, 0xFFFF,
  0xFFFF, 0xFEBC, 0xFD38, 0xFE7C, 0xFBB4, 0xFFFF, 0xFC57, 0xB007, 0x37EC, 0xAAAA, 0x7800, 0x0000,
  0x0000, 0x0000, 0x0000, 0x0000, 0x0000, 0x0000, 0x0000, 0x0000, 0x0000, 0x0000, 0x0000, 0x0000,
  0x0000, 0x0000, 0x0000, 0x0000, 0x0000, 0x0000, 0x0000, 0x0000, 0x0000, 0x500A, 0x0000, 0x6803,
  0xB8A9, 0xF9B0, 0xF9B0, 0xF96F, 0xF94E, 0xF9D0, 0xF9AF, 0xF98F, 0xF98F, 0xF90E, 0xF98F, 0xF9B0,
  0xE92D, 0xE88C, 0xFD79, 0xFFFF, 0xFFDF, 0xFD18, 0xFC96, 0xFBF5, 0xF94F, 0xFFFF, 0xFE1B, 0xC829,
  0x5083, 0x0000, 0x5000, 0x0000, 0x0000, 0x0000, 0x0000, 0x0000, 0x0000, 0x0000, 0x0000, 0x0000,
  0x0000, 0x0000, 0x0000, 0x0000, 0x0000, 0x0000, 0x0000, 0x0000, 0x0000, 0x0000, 0x0000, 0x0000,
  0x0000, 0x0000, 0x5000, 0x0000, 0x6803, 0xB0A9, 0xF96F, 0xF94F, 0xF9D0, 0xF9B0, 0xF9AF, 0xF9AF,
  0xF96F, 0xF92E, 0xF98F, 0xF98F, 0xF98F, 0xE08C, 0xFB54, 0xFFFF, 0xFF9E, 0xF8EE, 0xFA91, 0xFF1D,
  0xFF1D, 0xFFFF, 0xFC57, 0xB808, 0x48E3, 0x0000, 0x7800, 0x0000, 0x0000, 0x0000, 0x0000, 0x0000,
  0x0000, 0x0000, 0x0000, 0x0000, 0x0000, 0x0000, 0x0000, 0x0000, 0x0000, 0x0000, 0x0000, 0x0000,
  0x0000, 0x0000, 0x0000, 0x0000, 0x0000, 0x0000, 0x0000, 0xA80A, 0x0000, 0x6803, 0x9826, 0xC8AB,
  0xF14F, 0xF9B0, 0xF9B0, 0xF9CF, 0xF94E, 0xF94E, 0xF9AF, 0xF98F, 0xF9B0, 0xE0ED, 0xF0ED, 0xFDDA,
  0xFFFF, 0xFF9E, 0xFFFF, 0xFFFF, 0xFE9C, 0xFB55, 0xE06C, 0x8046, 0x07E0, 0x780F, 0x0000, 0x0000,
  0x0000, 0x0000, 0x0000, 0x0000, 0x0000, 0x0000, 0x0000, 0x0000, 0x0000, 0x0000, 0x0000, 0x0000,
  0x0000, 0x0000, 0x0000, 0x0000, 0x0000, 0x0000, 0x0000, 0x0000, 0x0000, 0x0000, 0x0000, 0x0000,
  0x9800, 0x0000, 0x2800, 0x9267, 0xCAAB, 0xC90B, 0xE92E, 0xF990, 0xF92E, 0xF98F, 0xF9B0, 0xF9B0,
  0xF9D0, 0xF94E, 0xE0AC, 0xF90F, 0xFBD6, 0xFCB8, 0xFB34, 0xF190, 0xE08C, 0xB008, 0x7845, 0x02A0,
  0x0000, 0x0000, 0x0000, 0x0000, 0x0000, 0x0000, 0x0000, 0x0000, 0x0000, 0x0000, 0x0000, 0x0000,
  0x0000, 0x0000, 0x0000, 0x0000, 0x0000, 0x0000, 0x0000, 0x0000, 0x0000, 0x0000, 0x0000, 0x0000,
  0x0000, 0x0000, 0x0000, 0x0000, 0xAAA0, 0x3807, 0x69C4, 0xF5F1, 0xFE51, 0xE4CD, 0xCB2B, 0xC9EB,
  0xD0EB, 0xE12D, 0xF18F, 0xF98F, 0xF98F, 0xF96F, 0xE0CC, 0xC88A, 0xD0CA, 0xD90B, 0xD16A, 0xE30D,
  0xC3CB, 0x4941, 0x0000, 0xAAAA, 0x0000, 0x0000, 0x0000, 0x0000, 0x0000, 0x0000, 0x0000, 0x0000,
  0x0000, 0x0000, 0x0000, 0x0000, 0x0000, 0x0000, 0x0000, 0x0000, 0x0000, 0x0000, 0x0000, 0x0000,
  0x0000, 0x0000, 0x0000, 0x0000, 0x0000, 0x0000, 0x0000, 0x39E0, 0x0000, 0x48A0, 0xCCAC, 0xFE94,
  0xFDF2, 0xFE12, 0xFE51, 0xF5D0, 0xED0E, 0xDC4D, 0x8965, 0x9047, 0x9066, 0x8085, 0xCB4A, 0xE4CE,
  0xEDB0, 0xF611, 0xF693, 0xFEB3, 0xFE52, 0x8265, 0x0000, 0xAAAA, 0x0000, 0x0000, 0x0000, 0x0000,
  0x0000, 0x0000, 0x0000, 0x0000, 0x0000, 0x0000, 0x0000, 0x0000, 0x0000, 0x0000, 0x0000, 0x0000,
  0x0000, 0x0000, 0x0000, 0x0000, 0x0000, 0x0000, 0x0000, 0x0000, 0x0000, 0x0000, 0x5000, 0x0000,
  0x4000, 0xA34D, 0xFEF6, 0xFDF1, 0xFE33, 0xFE12, 0xFE12, 0xFE12, 0xFE32, 0x92E7, 0x18E0, 0x0000,
  0x0000, 0x0040, 0x9B47, 0xFE93, 0xFE32, 0xFE32, 0xFE32, 0xFDF2, 0xFE52, 0xC48D, 0x4862, 0x0000,
  0x5000, 0x0000, 0x0000, 0x0000, 0x0000, 0x0000, 0x0000, 0x0000, 0x0000, 0x0000, 0x0000, 0x0000,
  0x0000, 0x0000, 0x0000, 0x0000, 0x0000, 0x0000, 0x0000, 0x0000, 0x0000, 0x0000, 0x0000, 0x0000,
  0x0000, 0xF800, 0xAAAA, 0x3800, 0xA0E9, 0xFC99, 0xFFBE, 0xFEF6, 0xFDF1, 0xFDF1, 0xFDF2, 0xFE73,
  0xA389, 0x2800, 0x0000, 0x7945, 0xA945, 0x0000, 0x50A1, 0xD4CE, 0xFE73, 0xFDF1, 0xFDF1, 0xFDD0,
  0xFED5, 0xFF7D, 0xA12B, 0x5000, 0x7BEF, 0xF800, 0x0000, 0x0000, 0x0000, 0x0000, 0x0000, 0x0000,
  0x0000, 0x0000, 0x0000, 0x0000, 0x0000, 0x0000, 0x0000, 0x0000, 0x0000, 0x0000, 0x0000, 0x0000,
  0x0000, 0x0000, 0x0000, 0x0000, 0x0000, 0x980C, 0x0000, 0x9887, 0xF5BA, 0xFD7A, 0xFCB8, 0xFF5E,
  0xFF7B, 0xFEF7, 0xFF37, 0xD48E, 0x40A1, 0x0000, 0x6180, 0x0000, 0x0000, 0xAAAA, 0x0000, 0x8246,
  0xFE95, 0xFEF6, 0xFEF6, 0xFF7A, 0xFF5E, 0xFD5A, 0xEB95, 0x9047, 0x0000, 0x9806, 0x0000, 0x0000,
  0x0000, 0x0000, 0x0000, 0x0000, 0x0000, 0x0000, 0x0000, 0x0000, 0x0000, 0x0000, 0x0000, 0x0000,
  0x0000, 0x0000, 0x0000, 0x0000, 0x0000, 0x0000, 0x0000, 0x0000, 0x9806, 0x0000, 0x6002, 0xD24F,
  0xFFFF, 0xFFBE, 0xFD59, 0xFBF6, 0xFD19, 0xFE5D, 0xF59A, 0x90A8, 0x0000, 0x79E7, 0x0000, 0x0000,
  0x0000, 0xA80A, 0x0000, 0x6801, 0xD414, 0xFEFE, 0xFDBB, 0xFCD9, 0xFC58, 0xFDBA, 0xFFFF, 0xAA4D,
  0x1040, 0x0000, 0x7807, 0x0000, 0x0000, 0x0000, 0x0000, 0x0000, 0x0000, 0x0000, 0x0000, 0x0000,
  0x0000, 0x0000, 0x0000, 0x0000, 0x0000, 0x0000, 0x0000, 0x0000, 0x0000, 0x0000, 0x0000, 0x7807,
  0x0000, 0x6825, 0xB828, 0xF84C, 0xFD59, 0xFFFF, 0xFFFF, 0xFF3E, 0xFE5C, 0xFCB9, 0xA889, 0x5800,
  0xFBEF, 0x7800, 0x0000, 0x0000, 0x0000, 0x0000, 0xA80A, 0x0000, 0xA0A9, 0xFC58, 0xFCF9, 0xFDBA,
  0xFF5E, 0xFFFF, 0xFFBF, 0xE96E, 0x9805, 0x6126, 0x0000, 0x7807, 0x0000, 0x0000, 0x0000, 0x0000,
  0x0000, 0x0000, 0x0000, 0x0000, 0x0000, 0x0000, 0x0000, 0x0000, 0x0000, 0x0000, 0x0000, 0x0000,
  0x0000, 0x0000, 0x7807, 0x0000, 0x68A5, 0xC08A, 0xFA11, 0xFB33, 0xFA31, 0xFC36, 0xFEBC, 0xFF7E,
  0xFE5B, 0xC20E, 0x6802, 0x0000, 0x500A, 0x0000, 0x0000, 0x0000, 0x0000, 0x0000, 0xA80A, 0x0000,
  0x7002, 0xD3B3, 0xFFFF, 0xFFFF, 0xFFFF, 0xFE3B, 0xFA0F, 0xFA31, 0xFA11, 0xA827, 0x60A5, 0x0000,
  0x7807, 0x0000, 0x0000, 0x0000, 0x0000, 0x0000, 0x0000, 0x0000, 0x0000, 0x0000, 0x0000, 0x0000,
  0x0000, 0x0000, 0x0000, 0x0000, 0x0000, 0x500A, 0x0000, 0x6824, 0xC007, 0xF92F, 0xFB53, 0xFB74,
  0xFB34, 0xF92E, 0xF86C, 0xF8EE, 0xF82C, 0x8805, 0x0000, 0xF800, 0x0000, 0x0000, 0x0000, 0x0000,
  0x0000, 0x0000, 0x0000, 0x0000, 0x0120, 0x9806, 0xFA11, 0xFB33, 0xFA51, 0xF84B, 0xFA91, 0xFBD5,
  0xFB13, 0xF9D0, 0xB807, 0x6803, 0x0000, 0x5000, 0x0000, 0x0000, 0x0000, 0x0000, 0x0000, 0x0000,
  0x0000, 0x0000, 0x0000, 0x0000, 0x0000, 0x0000, 0x0000, 0x0000, 0xA80A, 0x0000, 0x6024, 0xB869,
  0xFB95, 0xFD18, 0xFC76, 0xFB33, 0xF98F, 0xF86C, 0xF8AD, 0xF84C, 0xE82A, 0x7825, 0x7800, 0x7807,
  0x0000, 0x0000, 0x0000, 0x0000, 0x0000, 0x0000, 0x0000, 0x0000, 0x0000, 0xA027, 0xF82C, 0xF82C,
  0xF86C, 0xF88C, 0xF90D, 0xFA51, 0xFC36, 0xFDDA, 0xFCD8, 0xC0CA, 0x6003, 0x0000, 0xA800, 0x0000,
  0x0000, 0x0000, 0x0000, 0x0000, 0x0000, 0x0000, 0x0000, 0x0000, 0x0000, 0x0000, 0x0000, 0x0000,
  0xF800, 0x07EA, 0x9005, 0xFB13, 0xFFFF, 0xFFFF, 0xFFFF, 0xFF5E, 0xF9AF, 0xF82B, 0xF80A, 0xF9AF,
  0xE22F, 0x7003, 0x0000, 0x7807, 0x0000, 0x0000, 0x0000, 0x0000, 0x0000, 0x0000, 0x0000, 0xF81F,
  0x0000, 0xA868, 0xF90E, 0xF80B, 0xF82B, 0xF88C, 0xF84B, 0xFD38, 0xFFFF, 0xFFFF, 0xFFFF, 0xFBD5,
  0x9806, 0x31A5, 0x0000, 0xF800, 0x0000, 0x0000, 0x0000, 0x0000, 0x0000, 0x0000, 0x0000, 0x0000,
  0x0000, 0x0000, 0x0000, 0xF800, 0x0000, 0x2061, 0xA848, 0xFD38, 0xFDDA, 0xFE5B, 0xFE9C, 0xFEBC,
  0xFB74, 0xF9D0, 0xFCD7, 0xFF5E, 0xDA2F, 0x6802, 0x0000, 0x7807, 0x0000, 0x0000, 0x0000, 0x0000,
  0x0000, 0x0000, 0x0000, 0xF80F, 0x0000, 0x9826, 0xFD59, 0xFD59, 0xFAB2, 0xF94E, 0xF96E, 0xFE7C,
  0xFE7C, 0xFDFA, 0xF579, 0xFE1B, 0xC8EB, 0x5802, 0x0000, 0x7800, 0x0000, 0x0000, 0x0000, 0x0000,
  0x0000, 0x0000, 0x0000, 0x0000, 0x0000, 0x0000, 0x0000, 0x0000, 0xF800, 0x03E5, 0x9805, 0xFBB5,
  0xFF5E, 0xFF1D, 0xFF1D, 0xFEDD, 0xFF5E, 0xFF9F, 0xFDDB, 0xF9B0, 0xA007, 0x58A5, 0xF800, 0x7800,
  0x0000, 0x0000, 0x0000, 0x0000, 0x0000, 0x0000, 0x0000, 0xA80A, 0x0000, 0x7824, 0xD90C, 0xFCB8,
  0xFEFD, 0xFF5E, 0xFF1D, 0xFEDD, 0xFF1D, 0xFF3D, 0xFF5E, 0xFBF6, 0xA827, 0x40A3, 0x0000, 0x7800,
  0x0000, 0x0000, 0x0000, 0x0000, 0x0000, 0x0000, 0x0000, 0x0000, 0x0000, 0x0000, 0x0000, 0x0000,
  0x500A, 0x0000, 0x7044, 0xB007, 0xE94E, 0xFB54, 0xFBB5, 0xFBB4, 0xFA92, 0xE8EC, 0xC007, 0x9805,
  0x6885, 0x0000, 0x7800, 0x0000, 0x0000, 0x0000, 0x0000, 0x0000, 0x0000, 0x0000, 0x0000, 0x0000,
  0x7800, 0x01E7, 0x8005, 0xB807, 0xE02A, 0xF12D, 0xFA51, 0xFB33, 0xFB33, 0xF292, 0xF10D, 0xB807,
  0x7004, 0x0000, 0x7800, 0x0000, 0x0000, 0x0000, 0x0000, 0x0000, 0x0000, 0x0000, 0x0000, 0x0000,
  0x0000, 0x0000, 0x0000, 0x0000, 0x0000, 0x7800, 0x0000, 0x58A5, 0x8805, 0xA005, 0xA806, 0xA005,
  0x9805, 0x8004, 0x60A5, 0x0000, 0x0000, 0x7800, 0x0000, 0x0000, 0x0000, 0x0000, 0x0000, 0x0000,
  0x0000, 0x0000, 0x0000, 0x0000, 0x0000, 0x0000, 0x0000, 0x5926, 0x8025, 0x9005, 0x9805, 0xA805,
  0xA005, 0x9805, 0x8805, 0x6085, 0x0000, 0xF800, 0x0000, 0x0000, 0x0000, 0x0000, 0x0000, 0x0000,
  0x0000, 0x0000, 0x0000, 0x0000, 0x0000, 0x0000, 0x0000, 0x0000, 0x0000, 0x0000, 0x0000, 0x0000,
  0x0000, 0x0000, 0x0000, 0x0000, 0x0000, 0x0000, 0x0000, 0x0000, 0x0000, 0x0000, 0x0000, 0x0000,
  0x0000, 0x0000, 0x0000, 0x0000, 0x0000, 0x0000, 0x0000, 0x0000, 0x0000, 0x0000, 0x0000, 0x0000,
  0x0000, 0x0000, 0x0000, 0x0000, 0x0000, 0x0000, 0x0000, 0x0000, 0x0000, 0x0000, 0x0000, 0x0000,
  0x0000, 0x0000, 0x0000, 0x0000, 0x0000, 0x0000, 0x0000, 0x0000, 0x0000, 0x0000, 0x0000, 0x0000,
  0x0000, 0x0000, 0x0000, 0x0000, 0x0000, 0x0000, 0x0000, 0x0000, 0x0000, 0x0000, 0x0000, 0x0000,
  0x0000, 0x0000, 0x0000, 0x0000, 0x0000, 0x0000, 0x0000, 0x0000, 0x0000, 0x0000, 0x0000, 0x0000,
  0x0000, 0x0000, 0x0000, 0x0000, 0x0000, 0x0000, 0x0000, 0x0000, 0x0000, 0x0000, 0x0000, 0x0000,
  0x0000, 0x0000, 0x0000, 0x0000, 0x0000, 0x0000, 0x0000, 0x0000, 0x0000, 0x0000, 0x0000, 0x0000,
  0x0000, 0x0000, 0x0000, 0x0000, 0x0000, 0x0000, 0x0000, 0x0000, 0x0000, 0x0000, 0x0000, 0x0000,
  0x0000, 0x0000, 0x0000, 0x0000, 0x0000, 0x0000, 0x0000, 0x0000, 0x0000, 0x0000, 0x0000, 0x0000,
  0x0000, 0x0000, 0x0000, 0x0000, 0x0000, 0x0000, 0x0000, 0x0000, 0x0000, 0x0000, 0x0000, 0x0000,
  0x0000, 0x0000, 0x0000, 0x0000, 0x0000, 0x0000, 0x0000, 0x0000, 0x0000, 0x0000, 0x0000, 0x0000,
  0x0000, 0x0000, 0x0000, 0x0000, 0x0000, 0x0000, 0x0000, 0x0000, 0x0000, 0x0000, 0x0000, 0x0000,
  0x0000, 0x0000, 0x0000, 0x0000, 0x0000, 0x0000, 0x0000, 0x0000, 0x0000, 0x0000, 0x0000, 0x0000,
  0x0000, 0x0000, 0x0000, 0x0000, 0x0000, 0x0000, 0x0000, 0x0000, 0x0000, 0x0000, 0x0000, 0x0000,
  0x0000, 0x0000, 0x0000, 0x0000, 0x0000, 0x0000, 0x0000, 0x0000, 0x0000, 0x0000, 0x0000, 0x0000,
  0x0000, 0x0000, 0x0000, 0x0000, 0x0000, 0x0000, 0x0000, 0x0000, 0x0000, 0x0000, 0x0000, 0x0000,
  0x0000, 0x0000, 0x0000, 0x0000, 0x0000, 0x0000, 0x0000, 0x0000, 0x0000, 0x0000, 0x0000, 0x0000,
  0x0000, 0x0000, 0x0000, 0x0000, 0x0000, 0x0000, 0x0000, 0x0000, 0x0000, 0x0000, 0x0000, 0x0000,
  0x0000, 0x0000, 0x0000, 0x0000, 0x0000, 0x0000, 0x0000, 0x0000, 0x0000, 0x0000, 0x0000, 0x0000,
  0x0000, 0x0000, 0x0000, 0x0000, 0x0000, 0x0000, 0x0000, 0x0000, 0x0000, 0x0000, 0x0000, 0x0000,
  0x0000, 0x0000, 0x0000, 0x0000, 0x0000, 0x0000, 0x0000, 0x0000, 0x0000, 0x0000, 0x0000, 0x0000,
  0x0000, 0x0000, 0x0000, 0x0000, 0x0000, 0x0000, 0x0000, 0x0000, 0x0000, 0x0000, 0x0000, 0x0000,
  0x0000, 0x0000, 0x0000, 0x0000, 0x0000, 0x0000, 0x0000, 0x0000, 0x0000, 0x0000, 0x0000, 0x0000,
  0x0000, 0x0000, 0x0000, 0x0000, 0x0000, 0x0000, 0x0000, 0x0000, 0x0000, 0x0000, 0x0000, 0x0000,
};
const uint8_t V54_PINK_CHEER_0_MASK[] PROGMEM = {
  0x00, 0x00, 0x00, 0x00, 0x00, 0x00, 0x00, 0x00, 0x00, 0x00, 0x00, 0x00, 0x00, 0x00, 0x00, 0x00, 0x00, 0x00, 0x00, 0x00,
  0x00, 0x00, 0x00, 0x00, 0x00, 0x00, 0x00, 0x00, 0x00, 0x00, 0x00, 0x00, 0x00, 0x00, 0x00, 0x00, 0x00, 0x00, 0x00, 0x00,
  0x00, 0x00, 0x00, 0x00, 0x01, 0xFF, 0x80, 0x00, 0x00, 0x00, 0x00, 0x07, 0xFF, 0xF0, 0x00, 0x00, 0x00, 0x00, 0x1F, 0xFF,
  0xFC, 0x00, 0x00, 0x00, 0x00, 0x7F, 0xFF, 0xFE, 0x00, 0x00, 0x00, 0x00, 0xFF, 0xFF, 0xFF, 0x83, 0x00, 0x00, 0x01, 0xFF,
  0xFF, 0xFF, 0xCF, 0xC0, 0x00, 0x03, 0xFF, 0xFF, 0xFF, 0xFF, 0xC0, 0x00, 0x07, 0xFF, 0xFF, 0xFF, 0xFF, 0xE0, 0x00, 0x07,
  0xFF, 0xFF, 0xFF, 0xFF, 0xE0, 0x00, 0x0F, 0xFF, 0xFF, 0xFF, 0xFF, 0xE0, 0x00, 0x0F, 0xFF, 0xFF, 0xFF, 0xFF, 0xE0, 0x00,
  0x1F, 0xFF, 0xFF, 0xFF, 0xFF, 0xC0, 0x00, 0x1F, 0xFF, 0xFF, 0xFF, 0xFF, 0xC0, 0x00, 0x1F, 0xFF, 0xFF, 0xFF, 0xFF, 0xC0,
  0x00, 0x1F, 0xFF, 0xFF, 0xFF, 0xFF, 0x80, 0x00, 0x3F, 0xFF, 0xFF, 0xFF, 0xFF, 0x00, 0x01, 0xFF, 0xFF, 0xFF, 0xFF, 0xFE,
  0x00, 0x07, 0xFF, 0xFF, 0xFF, 0xFF, 0xFE, 0x00, 0x1F, 0xFF, 0xFF, 0xFF, 0xFF, 0xFE, 0x00, 0x3F, 0xFF, 0xFF, 0xFF, 0xFF,
  0xFE, 0x00, 0x3F, 0xFF, 0xFF, 0xFF, 0xFF, 0xFC, 0x00, 0x7F, 0xFF, 0xFF, 0xFF, 0xFF, 0xFC, 0x00, 0x7F, 0xFF, 0xFF, 0xFF,
  0xFF, 0xFE, 0x00, 0x7F, 0xFF, 0xFF, 0xFF, 0xFF, 0xFF, 0x00, 0x7F, 0xFF, 0xFF, 0xFF, 0xFF, 0xFF, 0x80, 0x1F, 0xF3, 0xFF,
  0xFF, 0xFF, 0xFF, 0xC0, 0x1F, 0xE1, 0xFF, 0xFF, 0xFF, 0xFF, 0xE0, 0x0F, 0xC0, 0xFF, 0xFF, 0xFF, 0xFF, 0xE0, 0x00, 0x00,
  0xFF, 0xFF, 0xFF, 0xFF, 0xE0, 0x00, 0x00, 0x7F, 0xFF, 0xFF, 0xFF, 0xE0, 0x00, 0x00, 0x7F, 0xFF, 0xFF, 0xFF, 0xC0, 0x00,
  0x00, 0x7F, 0xFF, 0xFF, 0xFF, 0x80, 0x00, 0x00, 0x3F, 0xFF, 0xFF, 0xCE, 0x00, 0x00, 0x00, 0x1F, 0xFF, 0xFF, 0xE0, 0x00,
  0x00, 0x00, 0x0F, 0xFF, 0xFF, 0xE0, 0x00, 0x00, 0x00, 0x0F, 0xFF, 0xFF, 0xE0, 0x00, 0x00, 0x00, 0x3F, 0xFF, 0xFF, 0xE0,
  0x00, 0x00, 0x00, 0xFF, 0xFF, 0xFF, 0xE0, 0x00, 0x00, 0x01, 0xFF, 0xFF, 0xFF, 0xC0, 0x00, 0x00, 0x03, 0xFF, 0xFF, 0xFF,
  0x00, 0x00, 0x00, 0x01, 0xFF, 0xFF, 0xFF, 0x00, 0x00, 0x00, 0x01, 0xFF, 0xFF, 0xFF, 0x80, 0x00, 0x00, 0x00, 0xFF, 0xFF,
  0xFF, 0x00, 0x00, 0x00, 0x00, 0x7F, 0xFF, 0xFF, 0x00, 0x00, 0x00, 0x00, 0x3F, 0xFF, 0xFE, 0x00, 0x00, 0x00, 0x00, 0x3F,
  0xFF, 0xFC, 0x00, 0x00, 0x00, 0x00, 0x7F, 0xFF, 0xFC, 0x00, 0x00, 0x00, 0x00, 0x7F, 0xE3, 0xFE, 0x00, 0x00, 0x00, 0x00,
  0xFF, 0xC3, 0xFE, 0x00, 0x00, 0x00, 0x01, 0xFF, 0x81, 0xFF, 0x00, 0x00, 0x00, 0x03, 0xFF, 0x01, 0xFF, 0x00, 0x00, 0x00,
  0x07, 0xFE, 0x00, 0xFF, 0x80, 0x00, 0x00, 0x0F, 0xFE, 0x00, 0xFF, 0xE0, 0x00, 0x00, 0x1F, 0xFC, 0x00, 0x7F, 0xF0, 0x00,
  0x00, 0x3F, 0xFC, 0x00, 0x7F, 0xF8, 0x00, 0x00, 0x3F, 0xFC, 0x00, 0x7F, 0xF8, 0x00, 0x00, 0x3F, 0xFC, 0x00, 0x7F, 0xFC,
  0x00, 0x00, 0x3F, 0xF8, 0x00, 0x7F, 0xF8, 0x00, 0x00, 0x3F, 0xF0, 0x00, 0x3F, 0xF8, 0x00, 0x00, 0x1F, 0xE0, 0x00, 0x0F,
  0xF0, 0x00, 0x00, 0x00, 0x00, 0x00, 0x00, 0x00, 0x00, 0x00, 0x00, 0x00, 0x00, 0x00, 0x00, 0x00, 0x00, 0x00, 0x00, 0x00,
  0x00, 0x00, 0x00, 0x00, 0x00, 0x00, 0x00, 0x00, 0x00, 0x00, 0x00, 0x00, 0x00, 0x00, 0x00, 0x00, 0x00, 0x00, 0x00, 0x00,
  0x00, 0x00, 0x00, 0x00,
};
const Sprite565 V54_PINK_CHEER_0 = { V54_PINK_CHEER_0_BITMAP, V54_PINK_CHEER_0_MASK, 52, 72 };

const uint16_t V54_PINK_CHEER_1_BITMAP[] PROGMEM = {
  0x0000, 0x0000, 0x0000, 0x0000, 0x0000, 0x0000, 0x0000, 0x0000, 0x0000, 0x0000, 0x0000, 0x0000,
  0x0000, 0x0000, 0x0000, 0x0000, 0x0000, 0x0000, 0x0000, 0x0000, 0x0000, 0x0000, 0x0000, 0x0000,
  0x0000, 0x0000, 0x0000, 0x0000, 0x0000, 0x0000, 0x0000, 0x0000, 0x0000, 0x0000, 0x0000, 0x0000,
  0x0000, 0x0000, 0x0000, 0x0000, 0x0000, 0x0000, 0x0000, 0x0000, 0x0000, 0x0000, 0x0000, 0x0000,
  0x0000, 0x0000, 0x0000, 0x0000, 0x0000, 0x0000, 0x0000, 0x0000, 0x0000, 0x0000, 0x0000, 0x0000,
  0x0000, 0x0000, 0x0000, 0x0000, 0x0000, 0x0000, 0x0000, 0x0000, 0x0000, 0x0000, 0x0000, 0x0000,
  0x0000, 0x0000, 0x0000, 0x0000, 0x0000, 0x0000, 0x0000, 0x0000, 0x0000, 0x0000, 0x0000, 0x0000,
  0x3882, 0x2861, 0x2061, 0x2061, 0x2881, 0x3081, 0x30A2, 0x30A1, 0x30A1, 0x2881, 0x2861, 0x2881,
  0x3081, 0x2841, 0x0000, 0x0000, 0x0000, 0x5000, 0x0000, 0x0000, 0x0000, 0x0000, 0x0000, 0x0000,
  0x0000, 0x0000, 0x0000, 0x0000, 0x0000, 0x0000, 0x0000, 0x0000, 0x0000, 0x0000, 0x0000, 0x0000,
  0x0000, 0x0000, 0x0000, 0x0000, 0x0000, 0x0000, 0x0000, 0x0000, 0x0000, 0x0000, 0x0000, 0x0000,
  0x0000, 0x0000, 0x0000, 0x0000, 0x0000, 0x0000, 0x5000, 0x0000, 0x0000, 0x3081, 0x2881, 0x2881,
  0x30C2, 0x3903, 0x4123, 0x4923, 0x4944, 0x4944, 0x4944, 0x4944, 0x4123, 0x4123, 0x4103, 0x38E2,
  0x30C2, 0x2881, 0x2861, 0x4804, 0x0000, 0x0000, 0x0000, 0x0000, 0x0000, 0x0000, 0x0000, 0x0000,
  0x0000, 0x0000, 0x0000, 0x0000, 0x0000, 0x0000, 0x0000, 0x0000, 0x0000, 0x0000, 0x0000, 0x0000,
  0x0000, 0x0000, 0x0000, 0x0000, 0x0000, 0x0000, 0x0000, 0x0000, 0x0000, 0x0000, 0x0000, 0x0000,
  0x0000, 0x0000, 0x0000, 0x0000, 0x0000, 0x0000, 0x2881, 0x2861, 0x30A2, 0x3903, 0x4144, 0x4944,
  0x4964, 0x5164, 0x5144, 0x4944, 0x4944, 0x4944, 0x4944, 0x4944, 0x4944, 0x4944, 0x4964, 0x4944,
  0x4123, 0x38E2, 0x2881, 0x2841, 0x0000, 0x0000, 0x5000, 0x0000, 0x0000, 0x0000, 0x0000, 0x0000,
  0x0000, 0x0000, 0x0000, 0x0000, 0x0000, 0x0000, 0x0000, 0x0000, 0x0000, 0x0000, 0x0000, 0x0000,
  0x0000, 0x0000, 0x0000, 0x0000, 0x0000, 0x0000, 0x0000, 0x0000, 0x0000, 0x0000, 0x0000, 0x0000,
  0x0000, 0x5000, 0x0000, 0x38E3, 0x2861, 0x30A1, 0x4103, 0x4944, 0x4964, 0x4144, 0x4144, 0x4143,
  0x4944, 0x4964, 0x4944, 0x4944, 0x4944, 0x4944, 0x4944, 0x4944, 0x4944, 0x4944, 0x4944, 0x4944,
  0x4944, 0x4944, 0x40E3, 0x3081, 0x3082, 0x0000, 0x0000, 0x0000, 0x0000, 0x0000, 0x0000, 0xA80A,
  0xF800, 0x0000, 0xA80A, 0xF800, 0x0000, 0x0000, 0x0000, 0x0000, 0x0000, 0x0000, 0x0000, 0x0000,
  0x0000, 0x0000, 0x0000, 0x0000, 0x0000, 0x0000, 0x0000, 0x0000, 0x0000, 0x0000, 0x0000, 0x3800,
  0x0000, 0x2882, 0x2881, 0x38C2, 0x4924, 0x4964, 0x4944, 0x4944, 0x5185, 0x61E6, 0x6A06, 0x61E6,
  0x5184, 0x4944, 0x4944, 0x4944, 0x4944, 0x4944, 0x4944, 0x4944, 0x4944, 0x4944, 0x4944, 0x4944,
  0x4143, 0x4963, 0x3923, 0x28A2, 0x2861, 0x0000, 0x3800, 0x0000, 0x7800, 0x0000, 0x0000, 0x0000,
  0x07E0, 0x0000, 0x0000, 0x0000, 0x0000, 0x0000, 0x0000, 0x0000, 0x0000, 0x0000, 0x0000, 0x0000,
  0x0000, 0x0000, 0x0000, 0x0000, 0x0000, 0x0000, 0x0000, 0x0000, 0x0000, 0x3800, 0x0000, 0x2881,
  0x2881, 0x4103, 0x4944, 0x4944, 0x4144, 0x5185, 0x6A07, 0x7247, 0x7248, 0x6A06, 0x5185, 0x4964,
  0x4944, 0x4944, 0x4944, 0x4944, 0x4944, 0x4944, 0x4944, 0x4944, 0x4944, 0x4944, 0x4903, 0x8928,
  0x9969, 0x68E5, 0x38E3, 0x30C2, 0x3882, 0x0000, 0x5000, 0x0000, 0x03E0, 0x7004, 0x8806, 0x9807,
  0x8005, 0x5845, 0x0000, 0x0000, 0x0000, 0x0000, 0x0000, 0x0000, 0x0000, 0x0000, 0x0000, 0x0000,
  0x0000, 0x0000, 0x0000, 0x0000, 0x0000, 0x0000, 0x0000, 0x3800, 0x0000, 0x2861, 0x2881, 0x4123,
  0x4944, 0x4944, 0x4944, 0x4964, 0x69E6, 0x7227, 0x7247, 0x6A06, 0x5184, 0x5185, 0x5184, 0x4944,
  0x4944, 0x4944, 0x4944, 0x4944, 0x4944, 0x4944, 0x4944, 0x4944, 0x4923, 0xB16B, 0xFA94, 0xFAB4,
  0xF252, 0x9929, 0x4903, 0x40E3, 0x5063, 0x0000, 0x5823, 0x8805, 0xC0CB, 0xE9D0, 0xF231, 0xD92D,
  0x8005, 0x5065, 0x0000, 0x0000, 0x0000, 0x0000, 0x0000, 0x0000, 0x0000, 0x0000, 0x0000, 0x0000,
  0x0000, 0x0000, 0x0000, 0x0000, 0x0000, 0x0000, 0x0000, 0x3061, 0x2881, 0x4123, 0x4944, 0x4944,
  0x4944, 0x4944, 0x5164, 0x4964, 0x51A5, 0x7A67, 0x8288, 0x7227, 0x61C5, 0x5185, 0x4964, 0x4964,
  0x4944, 0x4944, 0x4944, 0x4944, 0x4944, 0x4944, 0x4143, 0x7926, 0xFA94, 0xFAB3, 0xF293, 0xFAD4,
  0xFAB4, 0x9928, 0x4123, 0x28C2, 0x5043, 0x9027, 0xE18F, 0xFAD4, 0xFAB4, 0xFAB3, 0xFAD4, 0xC8EB,
  0x6803, 0x0000, 0x0000, 0x0000, 0x0000, 0x0000, 0x0000, 0x0000, 0x0000, 0x0000, 0x0000, 0x0000,
  0x0000, 0x0000, 0x0000, 0x0000, 0x0000, 0x28A2, 0x2861, 0x4103, 0x4964, 0x4944, 0x4944, 0x4944,
  0x4944, 0x4944, 0x5184, 0x7247, 0x7A68, 0x7A47, 0x7227, 0x7227, 0x59A5, 0x5185, 0x4964, 0x4964,
  0x4944, 0x4944, 0x4944, 0x4944, 0x4944, 0x4923, 0xC1AD, 0xFAD4, 0xFA93, 0xFAB3, 0xFAB3, 0xFAD3,
  0xFA72, 0x80C6, 0x68A5, 0x9047, 0xE9F0, 0xFAB4, 0xFA93, 0xFA93, 0xFA72, 0xFAB3, 0xE9F0, 0x8005,
  0x0000, 0x0000, 0x0000, 0x0000, 0x0000, 0x0000, 0x0000, 0x0000, 0x0000, 0x0000, 0x0000, 0x0000,
  0x0000, 0x0000, 0x5000, 0x0000, 0x2861, 0x38E2, 0x4964, 0x4944, 0x4944, 0x4944, 0x4944, 0x4944,
  0x4944, 0x5185, 0x7227, 0x61E6, 0x61C6, 0x7247, 0x7247, 0x7247, 0x61E6, 0x5164, 0x5164, 0x4944,
  0x4944, 0x4944, 0x4944, 0x4164, 0x5904, 0xEA10, 0xFAB4, 0xFAB3, 0xFAB3, 0xFAD3, 0xFAD3, 0xF252,
  0xE94E, 0xFA12, 0xF1D0, 0xF211, 0xFA93, 0xFA93, 0xFA93, 0xFA72, 0xFA93, 0xF231, 0x9026, 0x0000,
  0x0000, 0x0000, 0x0000, 0x0000, 0x0000, 0x0000, 0x0000, 0x0000, 0x0000, 0x0000, 0x0000, 0x0000,
  0x5000, 0x0000, 0x2861, 0x30A2, 0x4944, 0x4944, 0x4944, 0x4944, 0x4944, 0x4944, 0x4944, 0x4964,
  0x5164, 0x5164, 0x4964, 0x6A07, 0x7227, 0x7227, 0x7A47, 0x61C6, 0x5185, 0x5164, 0x4944, 0x4944,
  0x4944, 0x4944, 0x4143, 0x6905, 0xF252, 0xFAB3, 0xFAB3, 0xFAB3, 0xFAB3, 0xFAD4, 0xE9AF, 0xF1F1,
  0xFA93, 0xFA92, 0xE9AF, 0xFA73, 0xFA93, 0xFA73, 0xFA92, 0xFAB3, 0xF231, 0x9026, 0x0000, 0x0000,
  0x0000, 0x0000, 0x0000, 0x0000, 0x0000, 0x0000, 0x0000, 0x0000, 0x0000, 0x0000, 0x0000, 0x0000,
  0x38E3, 0x2881, 0x4123, 0x4944, 0x4944, 0x4944, 0x4944, 0x4944, 0x4944, 0x4944, 0x4944, 0x4944,
  0x4944, 0x5164, 0x61E6, 0x59C5, 0x61E6, 0x61E6, 0x59A5, 0x5184, 0x4964, 0x4944, 0x4944, 0x4944,
  0x4944, 0x4143, 0x7926, 0xFA93, 0xFAB3, 0xFAB3, 0xFAB3, 0xFAB3, 0xFAB3, 0xE9AF, 0xFA72, 0xFA72,
  0xFAB3, 0xF1AF, 0xFA52, 0xFA93, 0xFA92, 0xFA92, 0xFAB3, 0xE9F0, 0x8005, 0x0000, 0x0000, 0x0000,
  0x0000, 0x0000, 0x0000, 0x0000, 0x0000, 0x0000, 0x0000, 0x0000, 0x0000, 0x3800, 0x0000, 0x2861,
  0x38C2, 0x4964, 0x4944, 0x4944, 0x4944, 0x4944, 0x4944, 0x4944, 0x4944, 0x4944, 0x4944, 0x4964,
  0x4964, 0x5184, 0x5185, 0x5185, 0x5184, 0x5184, 0x5164, 0x4944, 0x4944, 0x4944, 0x4944, 0x4944,
  0x4143, 0x8127, 0xFA93, 0xFAB3, 0xFAB3, 0xFA93, 0xFAB3, 0xFAB3, 0xE9D0, 0xFAB3, 0xFA92, 0xFA52,
  0xE96E, 0xFA93, 0xFA72, 0xFA92, 0xFA92, 0xFAD4, 0xD94D, 0x7004, 0x0000, 0x0000, 0x0000, 0x0000,
  0x0000, 0x0000, 0x0000, 0x0000, 0x0000, 0x0000, 0x0000, 0x0000, 0x0000, 0x0000, 0x2881, 0x4123,
  0x4944, 0x4944, 0x4944, 0x4944, 0x4944, 0x4944, 0x4944, 0x4944, 0x4944, 0x4944, 0x4944, 0x4964,
  0x4944, 0x4944, 0x4964, 0x4964, 0x5184, 0x4964, 0x4944, 0x4944, 0x4944, 0x4944, 0x4944, 0x4163,
  0x7906, 0xFA72, 0xFAB3, 0xFA93, 0xFA93, 0xFAB2, 0xFAF4, 0xE9AF, 0xE9D0, 0xFAB3, 0xE96F, 0xF1D0,
  0xFA93, 0xFA93, 0xFA72, 0xFA92, 0xFAB3, 0xB089, 0x5802, 0x0000, 0x0000, 0x0000, 0x0000, 0x0000,
  0x0000, 0x0000, 0x0000, 0x0000, 0x0000, 0x0000, 0x0000, 0x0000, 0x2861, 0x30A1, 0x4944, 0x4944,
  0x4944, 0x4944, 0x4944, 0x4944, 0x4944, 0x4944, 0x4944, 0x4944, 0x4944, 0x4944, 0x4944, 0x4944,
  0x4964, 0x30C2, 0xAC0C, 0x934A, 0x38E2, 0x5164, 0x4944, 0x4944, 0x4944, 0x4944, 0x4964, 0x58E4,
  0xEA10, 0xFB14, 0xFAD3, 0xFAF3, 0xFAF3, 0xE9AF, 0x6845, 0x5084, 0x8087, 0xC90C, 0xFAB3, 0xFA72,
  0xFA93, 0xFA72, 0xFAD3, 0xF211, 0x8805, 0x30C0, 0x0000, 0x0000, 0x0000, 0x0000, 0x0000, 0x0000,
  0x0000, 0x0000, 0x0000, 0x0000, 0x0000, 0x3800, 0x0000, 0x2861, 0x38E2, 0x4964, 0x4944, 0x4944,
  0x4944, 0x4944, 0x4944, 0x4944, 0x4944, 0x4944, 0x4944, 0x4944, 0x4944, 0x4944, 0x4964, 0x38E3,
  0x7AA8, 0xFE52, 0xED91, 0x5184, 0x4123, 0x4964, 0x4944, 0x4944, 0x4944, 0x4944, 0x4123, 0xA989,
  0xF272, 0xFAD3, 0xEA10, 0xB0EA, 0x5063, 0x3102, 0x3923, 0x28E2, 0x5843, 0xE9CF, 0xFAD3, 0xFA72,
  0xFA93, 0xFAD4, 0xC0AA, 0x6003, 0x0000, 0x0000, 0x0000, 0x0000, 0x0000, 0x0000, 0x0000, 0x0000,
  0x0000, 0x0000, 0x0000, 0x0000, 0x0000, 0x0000, 0x2881, 0x4123, 0x4964, 0x4944, 0x4944, 0x4944,
  0x4944, 0x4944, 0x4944, 0x4944, 0x4944, 0x4944, 0x4944, 0x4944, 0x4964, 0x4103, 0x59E6, 0xF612,
  0xFE12, 0xFE32, 0xCD0F, 0x4144, 0x4123, 0x5184, 0x4944, 0x4944, 0x4964, 0x4103, 0xBCCE, 0xCBAD,
  0x7065, 0x58A4, 0x38C2, 0x3943, 0x4944, 0x4944, 0x5164, 0x30E2, 0x6844, 0xE1AF, 0xFA93, 0xFA93,
  0xD10D, 0x7804, 0x39E7, 0x5000, 0x0000, 0x0000, 0x0000, 0x0000, 0x0000, 0x0000, 0x0000, 0x0000,
  0x0000, 0x0000, 0x0000, 0x0000, 0x0000, 0x2881, 0x4944, 0x4944, 0x4944, 0x4944, 0x4944, 0x4944,
  0x4944, 0x4944, 0x4964, 0x4944, 0x4944, 0x4944, 0x4964, 0x4123, 0x4984, 0xE591, 0xFE53, 0xFE53,
  0xFE74, 0xFE94, 0xD530, 0x51C5, 0x38E3, 0x4944, 0x5184, 0x5184, 0x38E3, 0xBC6D, 0xFE93, 0x6A87,
  0x28E2, 0x4964, 0x4944, 0x4944, 0x4944, 0x4944, 0x4964, 0x3102, 0x5043, 0xA8A9, 0xA889, 0x7805,
  0x58E5, 0x0000, 0x7800, 0x0000, 0x0000, 0x0000, 0x0000, 0x0000, 0x0000, 0x0000, 0x0000, 0x0000,
  0x0000, 0x0000, 0x0000, 0x1800, 0x2881, 0x4944, 0x4944, 0x4944, 0x4944, 0x4944, 0x4944, 0x4944,
  0x4944, 0x4944, 0x4944, 0x4944, 0x4964, 0x4123, 0x4964, 0xD550, 0xFE53, 0xFE12, 0xDD4F, 0xD50E,
  0xF612, 0xFE74, 0xEDF2, 0x8B4A, 0x5184, 0x4103, 0x4103, 0x2881, 0xAC0C, 0xFE73, 0xED90, 0x61E5,
  0x38E3, 0x4964, 0x4944, 0x4944, 0x4944, 0x4944, 0x4964, 0x4143, 0x38E2, 0x2861, 0x0000, 0x0000,
  0x0000, 0x0000, 0x0000, 0x0000, 0x0000, 0x0000, 0x0000, 0x0000, 0x0000, 0x0000, 0x0000, 0x0000,
  0x0000, 0x0000, 0x1800, 0x28A1, 0x4944, 0x4944, 0x4944, 0x4944, 0x4944, 0x4944, 0x4944, 0x4944,
  0x4944, 0x4944, 0x4964, 0x4123, 0x4144, 0xD530, 0xFE73, 0xFE33, 0xDD4F, 0xA368, 0xA347, 0xDD2E,
  0xFE53, 0xFE32, 0xFE74, 0xEDD2, 0xBC8E, 0x9BAB, 0x7AE8, 0xD530, 0xE54F, 0x92E6, 0x9AE6, 0x7245,
  0x4123, 0x4103, 0x4944, 0x4944, 0x4944, 0x4944, 0x4944, 0x4944, 0x2881, 0xF800, 0x5000, 0x0000,
  0x0000, 0x0000, 0x0000, 0x0000, 0x0000, 0x0000, 0x0000, 0x0000, 0x0000, 0x0000, 0x0000, 0x0000,
  0x0000, 0x1800, 0x30A2, 0x4944, 0x4944, 0x4944, 0x4944, 0x4944, 0x4944, 0x4944, 0x4944, 0x4944,
  0x4964, 0x4123, 0x4964, 0xD52F, 0xFE73, 0xFE12, 0xFE53, 0xFE33, 0xFE74, 0xFE54, 0xFE32, 0xFE32,
  0xFE32, 0xFE12, 0xFE53, 0xFE73, 0xFE93, 0xFEB4, 0xFE94, 0xF613, 0xF5F1, 0xF5F2, 0xF632, 0xBC6D,
  0x5184, 0x30C2, 0x4944, 0x4964, 0x4944, 0x4944, 0x4123, 0x2881, 0x0000, 0x3800, 0x0000, 0x0000,
  0x0000, 0x0000, 0x0000, 0x0000, 0x0000, 0x0000, 0x0000, 0x0000, 0x0000, 0x0000, 0x0000, 0x0000,
  0x2060, 0x28A1, 0x4944, 0x4944, 0x4944, 0x4944, 0x4944, 0x4944, 0x4944, 0x4944, 0x4964, 0x4123,
  0x51C5, 0xDD70, 0xFE73, 0xFE12, 0xFE32, 0xFE32, 0xFE32, 0xFE73, 0xFE73, 0xFE32, 0xFE33, 0xFE33,
  0xFE33, 0xFE32, 0xFE12, 0xFE12, 0xFE32, 0xFE33, 0xFE53, 0xFE74, 0xFE74, 0xFE53, 0xFE53, 0xF5F1,
  0xAC0C, 0x59C5, 0x4944, 0x4944, 0x4944, 0x38E3, 0x2861, 0x0000, 0x3800, 0x0000, 0x0000, 0x0000,
  0x0000, 0x0000, 0x0000, 0x0000, 0x0000, 0x0000, 0x5000, 0x0000, 0x0000, 0x2061, 0x2881, 0x30A2,
  0x38E2, 0x4944, 0x4944, 0x4944, 0x4944, 0x4964, 0x4944, 0x4123, 0x4944, 0x4144, 0x51A5, 0xE5D2,
  0xFE73, 0xFE12, 0xFE32, 0xFE32, 0xFE32, 0xFE32, 0xA40C, 0xA40C, 0xFE53, 0xFE33, 0xFE33, 0xFE33,
  0xFE33, 0xFE33, 0xFE32, 0xFE32, 0xFE33, 0xFE12, 0xAC4D, 0xC4EF, 0xE5B1, 0xFE12, 0xFE12, 0xFEF5,
  0x938B, 0x40E3, 0x4964, 0x4944, 0x30A2, 0x2061, 0x0000, 0x0000, 0x0000, 0x0000, 0x0000, 0x0000,
  0x0000, 0x0000, 0x0000, 0x0000, 0x0000, 0x0000, 0x2861, 0x2861, 0x30C2, 0x4123, 0x4944, 0x4944,
  0x4944, 0x4944, 0x4944, 0x4944, 0x4123, 0x59C5, 0x59C5, 0x4923, 0x30A2, 0xA3EC, 0xFE94, 0xF612,
  0xFE33, 0xFE33, 0xFE12, 0xFE73, 0x7B09, 0x0000, 0x0000, 0x8B8A, 0xFE94, 0xFE12, 0xFE32, 0xFE32,
  0xFE32, 0xFE32, 0xFE12, 0xFE53, 0x6267, 0x0000, 0x0000, 0xAC6D, 0xFE73, 0xF612, 0xFE74, 0xC48D,
  0x5142, 0x4923, 0x4123, 0x2881, 0x0000, 0x5000, 0x0000, 0x0000, 0x0000, 0x0000, 0x0000, 0x0000,
  0x0000, 0x0000, 0x5000, 0x0000, 0x2861, 0x30A1, 0x4123, 0x4944, 0x4944, 0x4944, 0x4944, 0x4944,
  0x4944, 0x4124, 0x51A5, 0xBCAE, 0xF5F2, 0xF612, 0xCD30, 0x6A67, 0xDD70, 0xFE53, 0xFE32, 0xFE33,
  0xFE32, 0xFE53, 0xE5B1, 0x0841, 0x0000, 0x0000, 0x3984, 0xFE94, 0xFE32, 0xFE32, 0xFE32, 0xFE32,
  0xFE12, 0xFE53, 0xD530, 0x0000, 0x0020, 0x0000, 0x6AA8, 0xFE94, 0xF612, 0xFE53, 0xED4F, 0xED4E,
  0x8AC6, 0x38C2, 0x5186, 0x0000, 0x5000, 0x0000, 0x0000, 0x0000, 0x0000, 0x0000, 0x0000, 0x0000,
  0x7800, 0x0000, 0x2061, 0x30A1, 0x4944, 0x4964, 0x4944, 0x4944, 0x4944, 0x4944, 0x4944, 0x4944,
  0x4123, 0xCCEF, 0xFEB4, 0xFE12, 0xFE33, 0xFE94, 0xF632, 0xF612, 0xFE32, 0xFE32, 0xFE32, 0xFE32,
  0xFE73, 0xDD71, 0x0000, 0x0000, 0x0000, 0x5A47, 0xFE94, 0xF612, 0xFE32, 0xFE32, 0xFE32, 0xFE32,
  0xFE53, 0xCD2F, 0x0000, 0x0000, 0x0000, 0x834A, 0xFE94, 0xF612, 0xFE53, 0xED0E, 0xFE12, 0xF5D0,
  0x61C3, 0x2861, 0x0000, 0x0000, 0x0000, 0x0000, 0x0000, 0x0000, 0x0000, 0x0000, 0x0000, 0x0000,
  0x2081, 0x28A1, 0x4944, 0x4964, 0x4944, 0x4944, 0x4944, 0x4944, 0x4944, 0x4944, 0x4123, 0x6A27,
  0xFE33, 0xFE12, 0xFE12, 0xFE32, 0xFE32, 0xFE32, 0xFE32, 0xFE32, 0xFE32, 0xFE32, 0xFE32, 0xFE32,
  0xFE73, 0x6AA8, 0x0000, 0x20E3, 0xD550, 0xFE32, 0xFE12, 0xFE12, 0xFDF2, 0xFD4F, 0xFE12, 0xFE32,
  0xFE53, 0x6AC8, 0x1061, 0x49E5, 0xEDD2, 0xFE32, 0xFE12, 0xFE12, 0xED4F, 0xFDF2, 0xFE11, 0x7A66,
  0x30C2, 0x30A1, 0x2861, 0x0000, 0x0000, 0x0000, 0x0000, 0x0000, 0x0000, 0x0000, 0x0000, 0x2881,
  0x4103, 0x4964, 0x4944, 0x4944, 0x4944, 0x4944, 0x4944, 0x4944, 0x4964, 0x4103, 0x7AA8, 0xFE53,
  0xFE12, 0xFE12, 0xFE12, 0xFE32, 0xFE32, 0xFE33, 0xFE32, 0xFE32, 0xFE32, 0xFE32, 0xFE32, 0xFE33,
  0xFE33, 0xCD0F, 0xEDD1, 0xFE52, 0xFE52, 0xFE93, 0xFE94, 0xFE73, 0xFE32, 0xFE73, 0xFE53, 0xFE33,
  0xFE73, 0xE5B1, 0xFE33, 0xFE33, 0xFE12, 0xFE33, 0xED6F, 0xED4F, 0xFE74, 0xF5F1, 0x69E4, 0x4144,
  0x4123, 0x30A1, 0x2861, 0x0000, 0x0000, 0x0000, 0x0000, 0x0000, 0x0000, 0x2061, 0x30C2, 0x4944,
  0x4944, 0x4944, 0x4944, 0x4944, 0x4944, 0x4944, 0x4944, 0x4944, 0x4944, 0x59C5, 0xF5F2, 0xFE32,
  0xF5F2, 0xFE12, 0xFE12, 0xFE53, 0xFE33, 0xFE32, 0xFE32, 0xFE32, 0xFE32, 0xFE33, 0xFE32, 0xFE12,
  0xFE73, 0xFE32, 0xFE52, 0xFC8E, 0xFB4B, 0xFC2D, 0xFC4E, 0xFCAF, 0xFCEF, 0xFDD1, 0xFE32, 0xFE12,
  0xFE32, 0xFE12, 0xFE33, 0xFE12, 0xFE32, 0xDCCC, 0xFE32, 0xFE53, 0xA348, 0x4923, 0x4944, 0x4964,
  0x4924, 0x28A1, 0x2000, 0x0000, 0x0000, 0x0000, 0x0000, 0x0000, 0x2881, 0x4103, 0x4944, 0x4944,
  0x4944, 0x4944, 0x4944, 0x4944, 0x4944, 0x4944, 0x4944, 0x4964, 0x4103, 0x8B4A, 0xFE94, 0xFE94,
  0xFE73, 0xFE94, 0xEDD1, 0xFE53, 0xFE33, 0xFE32, 0xFE32, 0xFE33, 0xFE33, 0xFE33, 0xFE33, 0xFE32,
  0xFE32, 0xFE73, 0xFA29, 0xF864, 0xF905, 0xF926, 0xF8E5, 0xF8E5, 0xFD30, 0xFE53, 0xFE12, 0xFE12,
  0xFE32, 0xFE12, 0xFE94, 0xD4EE, 0x92C6, 0xABCA, 0x7225, 0x4923, 0x4944, 0x4944, 0x4944, 0x4964,
  0x4123, 0x2861, 0x0000, 0x0000, 0x0000, 0x0000, 0x0000, 0x30A1, 0x4123, 0x4944, 0x4944, 0x4944,
  0x4944, 0x4944, 0x4944, 0x4944, 0x4944, 0x4944, 0x4944, 0x4964, 0x3903, 0x7287, 0xBC6D, 0xBCAE,
  0x938B, 0x5184, 0xCC8C, 0xFEB4, 0xFE12, 0xFE33, 0xFE33, 0xFE33, 0xFE33, 0xFE33, 0xFE33, 0xFE33,
  0xFE73, 0xFA69, 0xF9C8, 0xFA8A, 0xFACA, 0xF9E8, 0xFA28, 0xFE32, 0xFE12, 0xFE12, 0xFE12, 0xFE12,
  0xFE53, 0xF5F1, 0x7A25, 0x4102, 0x4103, 0x4123, 0x4944, 0x4944, 0x4944, 0x4944, 0x4944, 0x5164,
  0x38C2, 0x2040, 0x0000, 0x0000, 0x0000, 0x0000, 0x30A2, 0x4944, 0x4944, 0x4944, 0x4944, 0x4944,
  0x4944, 0x4944, 0x4944, 0x4944, 0x4944, 0x4944, 0x4964, 0x30E2, 0x2861, 0x30C2, 0x30C2, 0x30C2,
  0x3903, 0x5163, 0xD4CD, 0xFEB4, 0xFE53, 0xFE33, 0xFE33, 0xFE32, 0xFE32, 0xFE33, 0xFE12, 0xFE53,
  0xFC6E, 0xFA4A, 0xFA8A, 0xFA6A, 0xFA09, 0xFC6E, 0xFE53, 0xFE12, 0xFE12, 0xFE12, 0xFE73, 0xEDB1,
  0x8245, 0x4103, 0x4964, 0x4964, 0x4944, 0x4944, 0x4944, 0x4944, 0x4944, 0x4944, 0x4944, 0x4923,
  0x2881, 0x0000, 0x0000, 0x0000, 0x0000, 0x2881, 0x4944, 0x4964, 0x4944, 0x4944, 0x4944, 0x4944,
  0x4944, 0x4944, 0x4944, 0x4944, 0x5184, 0x4123, 0x30A1, 0x0000, 0x7AE7, 0x3903, 0x30C2, 0x3903,
  0x4103, 0x4942, 0xB3EA, 0xF612, 0xFE94, 0xFE74, 0xFE32, 0xFE12, 0xFE32, 0xFE12, 0xFE12, 0xFE12,
  0xFC2E, 0xFAEB, 0xFAAA, 0xFC6E, 0xFE33, 0xFE12, 0xFE32, 0xFE73, 0xFE53, 0xC46C, 0x6183, 0x4923,
  0x4944, 0x4944, 0x4944, 0x4944, 0x4944, 0x4944, 0x4944, 0x4944, 0x4944, 0x4944, 0x4944, 0x30A1,
  0x0000, 0x0000, 0x0000, 0x0000, 0x2061, 0x38E2, 0x4944, 0x4143, 0x4944, 0x4944, 0x4944, 0x4944,
  0x4944, 0x4944, 0x5164, 0x4923, 0x30A1, 0x5000, 0x3000, 0x0000, 0x0000, 0x0000, 0x79E0, 0x4985,
  0x18A2, 0x4922, 0x7A86, 0xC44B, 0xE570, 0xFE74, 0xFE32, 0xF5F1, 0xFE32, 0xFE73, 0xFE32, 0xFE53,
  0xFE12, 0xFDF2, 0xF653, 0xFE53, 0xFE53, 0xED4E, 0xC46B, 0x9B27, 0x5941, 0x2081, 0x4123, 0x4964,
  0x4944, 0x4944, 0x4944, 0x4944, 0x4944, 0x4944, 0x4944, 0x4944, 0x4964, 0x4944, 0x30A2, 0x0000,
  0x0000, 0x0000, 0x0000, 0x0000, 0x2881, 0x30A1, 0x30C2, 0x4944, 0x4944, 0x4944, 0x4944, 0x4944,
  0x4964, 0x4123, 0x28A1, 0x2861, 0x0000, 0x0000, 0x0000, 0x5000, 0x0000, 0x07E0, 0x0000, 0x5A28,
  0x83CF, 0xCE59, 0xDE99, 0xBD11, 0xA347, 0xBC2B, 0xBC2B, 0xBC4B, 0xD4EE, 0xF5F2, 0xF5B0, 0xC48C,
  0xBC2B, 0xBC4C, 0xBC2B, 0xA347, 0xB4AF, 0xAC90, 0x6A68, 0x0000, 0xFFFF, 0x2081, 0x3903, 0x4944,
  0x4944, 0x4944, 0x4944, 0x4944, 0x4944, 0x4944, 0x4944, 0x4123, 0x38E2, 0x2861, 0x0000, 0x0000,
  0x0000, 0x0000, 0x0000, 0x0000, 0x0000, 0x28A1, 0x4123, 0x4944, 0x4944, 0x4944, 0x4944, 0x3903,
  0x28A1, 0x30A2, 0x0000, 0x0000, 0x0000, 0x0000, 0x0000, 0x52AA, 0x0000, 0x4985, 0x8C0F, 0xF79E,
  0xFFFF, 0xFFFF, 0xBCF0, 0xD4EE, 0xF612, 0xFE32, 0xF612, 0xCCCD, 0x9A85, 0xA2C6, 0xD50E, 0xF632,
  0xFE32, 0xF5F1, 0xC46B, 0xBD11, 0xFFFF, 0xC5D7, 0x5A07, 0x0000, 0x4986, 0x2881, 0x4103, 0x4944,
  0x4964, 0x4944, 0x4944, 0x4944, 0x4944, 0x4944, 0x2881, 0x2061, 0x0000, 0x0000, 0x0000, 0x0000,
  0x0000, 0x0000, 0x3000, 0x0000, 0x2881, 0x30A1, 0x38E2, 0x38E3, 0x30C2, 0x30A2, 0x2881, 0x5000,
  0x0000, 0x0000, 0x0000, 0x0000, 0x0000, 0x0000, 0x7BEF, 0x0000, 0x6AEB, 0xF77D, 0xFFFF, 0xFFFF,
  0xBCD0, 0xCC6B, 0xFED5, 0xFE53, 0xFE33, 0xFE32, 0xFE93, 0xC42B, 0xBC4B, 0xFEF5, 0xFE32, 0xFE32,
  0xFE32, 0xFED5, 0xC44B, 0xCDF6, 0xFFFF, 0x9C51, 0x2081, 0x0000, 0x9B2C, 0x30A2, 0x30C2, 0x4123,
  0x4944, 0x4944, 0x4944, 0x4923, 0x30C2, 0x28A1, 0x0000, 0x3800, 0x0000, 0x0000, 0x0000, 0x0000,
  0x0000, 0x0000, 0x0000, 0x0000, 0x3000, 0x2881, 0x2881, 0x2061, 0x28A2, 0x0000, 0x0000, 0x0000,
  0x0000, 0x0000, 0x0000, 0x0000, 0x39E7, 0x0000, 0x4165, 0xB555, 0xFFFF, 0xFFDF, 0xF7BE, 0xB40B,
  0xFE11, 0xFE32, 0xFE33, 0xFE33, 0xFE32, 0xFE12, 0xF5F1, 0xBC2B, 0xFE53, 0xFE32, 0xFE32, 0xFE32,
  0xFE53, 0xEDB0, 0xB4AF, 0xFFFF, 0xE6DB, 0x6269, 0x0000, 0x7BEF, 0x0000, 0x30C2, 0x2881, 0x28A1,
  0x30A2, 0x30A2, 0x28A1, 0x2081, 0x0000, 0x3800, 0x0000, 0x0000, 0x0000, 0x0000, 0x0000, 0x0000,
  0x0000, 0x0000, 0x0000, 0x0000, 0x0000, 0x0000, 0x0000, 0x0000, 0x5000, 0x0000, 0x0000, 0x0000,
  0x0000, 0x0000, 0x0000, 0x7BEF, 0x0000, 0x730C, 0xEF5C, 0xFFFF, 0xFFFF, 0xFFFF, 0xCCCE, 0xFE32,
  0xFE32, 0xFE33, 0xFE33, 0xFE33, 0xFE33, 0xFE33, 0xB3EA, 0xF612, 0xFE32, 0xFE32, 0xFE33, 0xFE53,
  0xED6F, 0xBCD0, 0xFFFF, 0xFFFF, 0x8C0F, 0x0000, 0x0000, 0x3800, 0x0000, 0x0000, 0x0000, 0x0000,
  0x0000, 0x0000, 0x0000, 0x0000, 0x0000, 0x0000, 0x0000, 0x0000, 0x0000, 0x0000, 0x0000, 0x0000,
  0x0000, 0x0000, 0x0000, 0x5000, 0x5000, 0x5000, 0x0000, 0x0000, 0x0000, 0x0000, 0x0000, 0x0000,
  0x0000, 0x0000, 0x0000, 0x0000, 0x9430, 0xFFFF, 0xF79E, 0xD69A, 0xCDB5, 0xDD4F, 0xFE53, 0xFE32,
  0xFE32, 0xFE33, 0xFE32, 0xFE74, 0xEDB1, 0xABA9, 0xFE32, 0xFE32, 0xFE33, 0xFE32, 0xFE32, 0xF5D0,
  0xBC6D, 0xC5F7, 0xEF7E, 0xAD13, 0x28A1, 0x0000, 0x52AA, 0x0000, 0x3800, 0x0000, 0x0000, 0x0000,
  0x3800, 0x0000, 0x0000, 0x0000, 0x0000, 0x0000, 0x0000, 0x0000, 0x0000, 0x0000, 0x0000, 0x0000,
  0x0000, 0x0000, 0x0000, 0x0000, 0x0000, 0x0000, 0x0000, 0x0000, 0x0000, 0x0000, 0x0000, 0x0000,
  0xF800, 0x0000, 0x1800, 0xA4B2, 0xDEFB, 0xB513, 0xBC8D, 0xD4AC, 0xFE73, 0xFE33, 0xFE32, 0xFE32,
  0xFE33, 0xFE53, 0xFE73, 0xB3AA, 0xB349, 0xFE73, 0xFE53, 0xFE32, 0xFE32, 0xFE32, 0xFE53, 0xF612,
  0xCCAD, 0xC531, 0x9C71, 0x51C6, 0x0000, 0x52AA, 0x0000, 0x0000, 0x0000, 0x0000, 0x0000, 0x0000,
  0x0000, 0x0000, 0x0000, 0x0000, 0x0000, 0x0000, 0x0000, 0x0000, 0x0000, 0x0000, 0x0000, 0x0000,
  0x0000, 0x0000, 0x0000, 0x0000, 0x0000, 0x0000, 0x0000, 0x0000, 0x0000, 0x0000, 0x0000, 0x7800,
  0xA80A, 0xFFFF, 0x7BAE, 0xB4D0, 0xFE94, 0xFDF1, 0xFE12, 0xFE12, 0xFE12, 0xFE32, 0xFE12, 0xFE33,
  0xEDB1, 0xBCCD, 0xDCD5, 0xEAF3, 0xC3AB, 0xF632, 0xFE32, 0xFE32, 0xFE32, 0xFE32, 0xFE53, 0xFE94,
  0xDD0E, 0x72A9, 0x62AB, 0x0000, 0x7BEF, 0x0000, 0x0000, 0x0000, 0x0000, 0x0000, 0x0000, 0x0000,
  0x0000, 0x0000, 0x0000, 0x0000, 0x0000, 0x0000, 0x0000, 0x0000, 0x0000, 0x0000, 0x0000, 0x0000,
  0x0000, 0x0000, 0x0000, 0x0000, 0x0000, 0x0000, 0x0000, 0x0000, 0x0000, 0x5000, 0x0000, 0x0000,
  0x7022, 0x80C6, 0xBBCB, 0xFE93, 0xF612, 0xFE12, 0xFE12, 0xFE33, 0xFE33, 0xFE12, 0xFE73, 0xB389,
  0xCC32, 0xFFFF, 0xFE9D, 0xCBD1, 0xD4ED, 0xFE73, 0xFE12, 0xFE32, 0xFE33, 0xFE32, 0xFE74, 0xD50E,
  0x4901, 0x0000, 0x52A0, 0x0000, 0x0000, 0x0000, 0x0000, 0x0000, 0x0000, 0x0000, 0x0000, 0x0000,
  0x0000, 0x0000, 0x0000, 0x0000, 0x0000, 0x0000, 0x0000, 0x0000, 0x0000, 0x0000, 0x0000, 0x0000,
  0x0000, 0x0000, 0x0000, 0x0000, 0x0000, 0x0000, 0x0000, 0x5000, 0x0000, 0x2800, 0x8804, 0xB8C9,
  0xE10E, 0xB309, 0xFE52, 0xFE12, 0xFE33, 0xFE32, 0xFE33, 0xFE33, 0xFE33, 0xF652, 0xAA48, 0xF18F,
  0xFF7E, 0xFFFF, 0xEE5A, 0xB369, 0xFE73, 0xFE33, 0xFE32, 0xFE32, 0xF612, 0xFE94, 0xB40A, 0x2820,
  0x0000, 0x39E0, 0x0000, 0x0000, 0x0000, 0x0000, 0x0000, 0x0000, 0x0000, 0x0000, 0x0000, 0x0000,
  0x0000, 0x0000, 0x0000, 0x0000, 0x0000, 0x0000, 0x0000, 0x0000, 0x0000, 0x0000, 0x0000, 0x0000,
  0x0000, 0x0000, 0x0000, 0x0000, 0x0000, 0xA80A, 0x0000, 0x6804, 0x9026, 0xE10D, 0xF9F1, 0xF9D2,
  0xBA09, 0xE5D0, 0xFE33, 0xFE12, 0xFE12, 0xFE12, 0xFE12, 0xFEB4, 0xBC0B, 0xD92C, 0xF88E, 0xF5DA,
  0xF5B9, 0xF990, 0xD1ED, 0xBC4B, 0xFE94, 0xFE53, 0xFE53, 0xFE93, 0xEDF1, 0x6A04, 0x0000, 0xFFFF,
  0x0000, 0x0000, 0x0000, 0x0000, 0x0000, 0x0000, 0x0000, 0x0000, 0x0000, 0x0000, 0x0000, 0x0000,
  0x0000, 0x0000, 0x0000, 0x0000, 0x0000, 0x0000, 0x0000, 0x0000, 0x0000, 0x0000, 0x0000, 0x0000,
  0x0000, 0x0000, 0x0000, 0x7800, 0x0000, 0x7003, 0xB089, 0xF16F, 0xF9B0, 0xF9AF, 0xF9D0, 0xE9AF,
  0xB36A, 0xF673, 0xFE74, 0xFE54, 0xFE54, 0xFE73, 0xB42A, 0xB410, 0xEA30, 0xF8CE, 0xEA71, 0xEB73,
  0xF9B0, 0xFA33, 0xC909, 0xAAE8, 0xCCCC, 0xD4ED, 0xCC4C, 0x91C5, 0x3880, 0x0000, 0x5000, 0x0000,
  0x0000, 0x0000, 0x0000, 0x0000, 0x0000, 0x0000, 0x0000, 0x0000, 0x0000, 0x0000, 0x0000, 0x0000,
  0x0000, 0x0000, 0x0000, 0x0000, 0x0000, 0x0000, 0x0000, 0x0000, 0x0000, 0x0000, 0x0000, 0x0000,
  0x0000, 0x7800, 0x0000, 0x8005, 0xC8CB, 0xF9B0, 0xF9B0, 0xF98F, 0xF98F, 0xF9D0, 0xF970, 0xE14D,
  0xB329, 0xCCED, 0xDD6F, 0xCCED, 0xAB29, 0xC16B, 0xE9D0, 0xD92C, 0xF12E, 0xF190, 0xF67B, 0xF271,
  0xF8EE, 0xFBF6, 0xEEDC, 0xCCB3, 0xCCD3, 0xE619, 0xD96E, 0x6824, 0x0000, 0x780F, 0x0000, 0x0000,
  0x0000, 0x0000, 0x0000, 0x0000, 0x0000, 0x0000, 0x0000, 0x0000, 0x0000, 0x0000, 0x0000, 0x0000,
  0x0000, 0x0000, 0x0000, 0x0000, 0x0000, 0x0000, 0x0000, 0x0000, 0x0000, 0x0000, 0x0000, 0x0000,
  0x780F, 0x0000, 0x8825, 0xF14E, 0xF9B0, 0xF9AF, 0xF9B0, 0xF9B0, 0xF96F, 0xF92E, 0xF9D0, 0xF1AF,
  0xD18C, 0xC9AB, 0xD12B, 0xF16F, 0xF9D1, 0xF970, 0xE8ED, 0xE08C, 0xF292, 0xFFFF, 0xFEBC, 0xFD79,
  0xFEFC, 0xFAD3, 0xF90E, 0xFBF6, 0xFFFF, 0xFD39, 0xB028, 0x60A4, 0x0000, 0xA80A, 0x0000, 0x0000,
  0x0000, 0x0000, 0x0000, 0x0000, 0x0000, 0x0000, 0x0000, 0x0000, 0x0000, 0x0000, 0x0000, 0x0000,
  0x0000, 0x0000, 0x0000, 0x0000, 0x0000, 0x0000, 0x0000, 0x0000, 0x0000, 0x0000, 0x0000, 0x7800,
  0x0000, 0x5802, 0xA047, 0xF9B0, 0xF9B0, 0xF9B0, 0xF98F, 0xF90E, 0xF9B0, 0xF9AF, 0xF9D0, 0xF9D1,
  0xF991, 0xF90F, 0xF9B0, 0xF98F, 0xF9B0, 0xF98F, 0xE0CC, 0xF9D1, 0xFF3D, 0xFFFF, 0xFFFF, 0xFEFC,
  0xFB33, 0xFF1D, 0xF3D5, 0xFEFD, 0xFFDF, 0xF18E, 0x8005, 0x0000, 0xF800, 0x0000, 0x0000, 0x0000,
  0x0000, 0x0000, 0x0000, 0x0000, 0x0000, 0x0000, 0x0000, 0x0000, 0x0000, 0x0000, 0x0000, 0x0000,
  0x0000, 0x0000, 0x0000, 0x0000, 0x0000, 0x0000, 0x0000, 0x0000, 0x0000, 0x0000, 0x0000, 0xA80A,
  0x0000, 0x7803, 0xC0AA, 0xF9D1, 0xF9D0, 0xF90E, 0xF98F, 0xF9D0, 0xF9B0, 0xF9B0, 0xF9D0, 0xF98F,
  0xF10E, 0xF9B0, 0xF98F, 0xF98F, 0xF9D0, 0xE14D, 0xF0CD, 0xFD59, 0xFFFF, 0xFFBF, 0xFF5E, 0xFC15,
  0xFDFA, 0xF00C, 0xFDFA, 0xFFFF, 0xFB13, 0x9806, 0x1B23, 0x0000, 0xF800, 0x0000, 0x0000, 0x0000,
  0x0000, 0x0000, 0x0000, 0x0000, 0x0000, 0x0000, 0x0000, 0x0000, 0x0000, 0x0000, 0x0000, 0x0000,
  0x0000, 0x0000, 0x0000, 0x0000, 0x0000, 0x0000, 0x0000, 0x0000, 0x0000, 0x0000, 0x0000, 0xA800,
  0x0000, 0x7803, 0xB8AA, 0xF96F, 0xF96F, 0xF9D0, 0xF9B0, 0xF9B0, 0xF9AF, 0xF9D0, 0xF94F, 0xF94E,
  0xF9B0, 0xF98F, 0xF9AF, 0xF9D0, 0xF14E, 0xE06C, 0xFB54, 0xFFFF, 0xFFFF, 0xFAD2, 0xF86D, 0xFE5B,
  0xFD18, 0xFFFF, 0xFF9E, 0xF990, 0x9006, 0x02A5, 0xF81F, 0x0000, 0x0000, 0x0000, 0x0000, 0x0000,
  0x0000, 0x0000, 0x0000, 0x0000, 0x0000, 0x0000, 0x0000, 0x0000, 0x0000, 0x0000, 0x0000, 0x0000,
  0x0000, 0x0000, 0x0000, 0x0000, 0x0000, 0x0000, 0x0000, 0x0000, 0x0000, 0x0000, 0x0000, 0xA80A,
  0x0000, 0x6803, 0xA027, 0xE94D, 0xF9F1, 0xF9D1, 0xF9B0, 0xF98F, 0xF9B0, 0xF90E, 0xF96F, 0xF9AF,
  0xF9AF, 0xF9AF, 0xF9B0, 0xF96F, 0xD88B, 0xF98F, 0xFEDC, 0xFFFF, 0xFE7C, 0xFE5B, 0xFFFF, 0xFFFF,
  0xFE9C, 0xFA72, 0xD009, 0x6844, 0x0000, 0xA80A, 0x0000, 0x0000, 0x0000, 0x0000, 0x0000, 0x0000,
  0x0000, 0x0000, 0x0000, 0x0000, 0x0000, 0x0000, 0x0000, 0x0000, 0x0000, 0x0000, 0x0000, 0x0000,
  0x0000, 0x0000, 0x0000, 0x0000, 0x0000, 0x0000, 0x0000, 0x0000, 0x0000, 0x0000, 0x0000, 0xA80A,
  0x0000, 0x5001, 0x8805, 0xB089, 0xE96E, 0xF9F0, 0xF9D0, 0xF990, 0xF90D, 0xF9D0, 0xF9CF, 0xF9CF,
  0xF9AF, 0xF9AF, 0xF98F, 0xF0ED, 0xE92D, 0xFAB3, 0xFE3B, 0xFF5D, 0xFEBC, 0xFCD8, 0xFA52, 0xF88D,
  0xC009, 0x7845, 0x07E0, 0x7800, 0x0000, 0x0000, 0x0000, 0x0000, 0x0000, 0x0000, 0x0000, 0x0000,
  0x0000, 0x0000, 0x0000, 0x0000, 0x0000, 0x0000, 0x0000, 0x0000, 0x0000, 0x0000, 0x0000, 0x0000,
  0x0000, 0x0000, 0x0000, 0x0000, 0x0000, 0x0000, 0x0000, 0x0000, 0x0000, 0x0000, 0x0000, 0x5000,
  0x0000, 0x0000, 0x6803, 0x9025, 0xC069, 0xD0EB, 0xD8EC, 0xE08C, 0xF16F, 0xF18F, 0xF96F, 0xF94F,
  0xF12F, 0xF94F, 0xF0EE, 0xE0CC, 0xE08B, 0xE86D, 0xE8AE, 0xE88D, 0xD82A, 0xB007, 0x9026, 0x70A6,
  0x0000, 0xF800, 0x0000, 0x0000, 0x0000, 0x0000, 0x0000, 0x0000, 0x0000, 0x0000, 0x0000, 0x0000,
  0x0000, 0x0000, 0x0000, 0x0000, 0x0000, 0x0000, 0x0000, 0x0000, 0x0000, 0x0000, 0x0000, 0x0000,
  0x0000, 0x0000, 0x0000, 0x0000, 0x0000, 0x0000, 0x0000, 0x0000, 0x0000, 0x0000, 0x0000, 0xA80A,
  0x7807, 0x4186, 0xA847, 0xE84B, 0xE534, 0xDC6C, 0xD36C, 0xCB0C, 0xCA8B, 0xCA2B, 0xC9EA, 0xBA0A,
  0xA1A8, 0xCA49, 0xD32C, 0xDC0D, 0xD38C, 0xCB2C, 0xDBEE, 0xBB8A, 0x4942, 0x0000, 0x0000, 0x7800,
  0x0000, 0x0000, 0x0000, 0x0000, 0x0000, 0x0000, 0x0000, 0x0000, 0x0000, 0x0000, 0x0000, 0x0000,
  0x0000, 0x0000, 0x0000, 0x0000, 0x0000, 0x0000, 0x0000, 0x0000, 0x0000, 0x0000, 0x0000, 0x0000,
  0x0000, 0x0000, 0x0000, 0x0000, 0x0000, 0x0000, 0x0000, 0x0000, 0x0000, 0x0000, 0xA80A, 0x0000,
  0x8025, 0xE82B, 0xF990, 0xFEFE, 0xFEB4, 0xFE31, 0xFE72, 0xFE52, 0xF631, 0xFE31, 0xD50D, 0xA387,
  0xFE10, 0xFE31, 0xFE52, 0xFE51, 0xFE51, 0xFED4, 0xD4CD, 0x48C1, 0xF80F, 0x4924, 0x0000, 0x0000,
  0x0000, 0x0000, 0x0000, 0x0000, 0x0000, 0x0000, 0x0000, 0x0000, 0x0000, 0x0000, 0x0000, 0x0000,
  0x0000, 0x0000, 0x0000, 0x0000, 0x0000, 0x0000, 0x0000, 0x0000, 0x0000, 0x0000, 0x0000, 0x0000,
  0x0000, 0x0000, 0x0000, 0x0000, 0x0000, 0x0000, 0x0000, 0x0000, 0x7800, 0x0000, 0x5000, 0xB1AC,
  0xFA32, 0xFB14, 0xFD3A, 0xFF5D, 0xFE95, 0xFDD0, 0xFDD1, 0xFDF2, 0xFEB4, 0x9B28, 0xBC2D, 0xFE52,
  0xFDB0, 0xFDF1, 0xFDF1, 0xFDD1, 0xFE93, 0xDD72, 0x60C4, 0x0000, 0x79E7, 0x0000, 0x0000, 0x0000,
  0x0000, 0x0000, 0x0000, 0x0000, 0x0000, 0x0000, 0x0000, 0x0000, 0x0000, 0x0000, 0x0000, 0x0000,
  0x0000, 0x0000, 0x0000, 0x0000, 0x0000, 0x0000, 0x0000, 0x0000, 0x0000, 0x0000, 0x0000, 0x0000,
  0x0000, 0x0000, 0x0000, 0x0000, 0x0000, 0x0000, 0x0000, 0xA80A, 0x0000, 0x7804, 0xEC56, 0xF970,
  0xFAF3, 0xFE7C, 0xFC58, 0xFEBC, 0xFF1A, 0xFED8, 0xFF5A, 0xBC2D, 0x78A3, 0xE4D7, 0xFFBC, 0xFF17,
  0xFF17, 0xFEF7, 0xFF39, 0xFFBD, 0xF539, 0x9047, 0x0000, 0xA80A, 0x0000, 0x0000, 0x0000, 0x0000,
  0x0000, 0x0000, 0x0000, 0x0000, 0x0000, 0x0000, 0x0000, 0x0000, 0x0000, 0x0000, 0x0000, 0x0000,
  0x0000, 0x0000, 0x0000, 0x0000, 0x0000, 0x0000, 0x0000, 0x0000, 0x0000, 0x0000, 0x0000, 0x0000,
  0x0000, 0x0000, 0x0000, 0x0000, 0x0000, 0xF800, 0x0000, 0x4000, 0x98C8, 0xFD7A, 0xF8CD, 0xF88D,
  0xFE5C, 0xFF1E, 0xFD39, 0xFD9B, 0xFE1D, 0xCB52, 0x5042, 0x9889, 0xEB75, 0xFD7B, 0xFE1C, 0xFE9D,
  0xFE3C, 0xFD7A, 0xFCF9, 0xFCB8, 0xA0A9, 0x0000, 0xF81F, 0x0000, 0x0000, 0x0000, 0x0000, 0x0000,
  0x0000, 0x0000, 0x0000, 0x0000, 0x0000, 0x0000, 0x0000, 0x0000, 0x0000, 0x0000, 0x0000, 0x0000,
  0x0000, 0x0000, 0x0000, 0x0000, 0x0000, 0x0000, 0x0000, 0x0000, 0x0000, 0x0000, 0x0000, 0x0000,
  0x0000, 0x0000, 0x0000, 0x0000, 0x7807, 0x0000, 0x6801, 0xCA8F, 0xFD59, 0xF84C, 0xF88D, 0xF8CD,
  0xFCB7, 0xFEBC, 0xFE1B, 0xC24E, 0x7802, 0x0000, 0x8004, 0xDCB6, 0xFF7E, 0xFD39, 0xFCD8, 0xFCB8,
  0xFD7A, 0xFF7F, 0xFEFC, 0x9067, 0x02A0, 0x0000, 0x0000, 0x0000, 0x0000, 0x0000, 0x0000, 0x0000,
  0x0000, 0x0000, 0x0000, 0x0000, 0x0000, 0x0000, 0x0000, 0x0000, 0x0000, 0x0000, 0x0000, 0x0000,
  0x0000, 0x0000, 0x0000, 0x0000, 0x0000, 0x0000, 0x0000, 0x0000, 0x0000, 0x0000, 0x0000, 0x0000,
  0x0000, 0x0000, 0x0000, 0xA80A, 0x0000, 0x8003, 0xEC14, 0xFC57, 0xF80B, 0xF8CD, 0xFAD2, 0xFA31,
  0xF94E, 0xF04C, 0x8005, 0x49E5, 0x0000, 0x7044, 0xD16D, 0xFE1B, 0xFFFF, 0xFFFF, 0xFFFF, 0xFFBF,
  0xFE3B, 0xF9F1, 0x9827, 0x4904, 0x0000, 0x7800, 0x0000, 0x0000, 0x0000, 0x0000, 0x0000, 0x0000,
  0x0000, 0x0000, 0x0000, 0x0000, 0x0000, 0x0000, 0x0000, 0x0000, 0x0000, 0x0000, 0x0000, 0x0000,
  0x0000, 0x0000, 0x0000, 0x0000, 0x0000, 0x0000, 0x0000, 0x0000, 0x0000, 0x0000, 0x0000, 0x0000,
  0x0000, 0x0000, 0x0000, 0x0000, 0x9004, 0xFD18, 0xFB74, 0xF80A, 0xF9AF, 0xFB94, 0xFBD5, 0xFA51,
  0xE84C, 0x8045, 0x52A0, 0x0000, 0x6045, 0xC829, 0xF86D, 0xF9AF, 0xFB73, 0xFCD7, 0xFC35, 0xF94E,
  0xF80B, 0xC049, 0x6044, 0x0000, 0x7807, 0x0000, 0x0000, 0x0000, 0x0000, 0x0000, 0x0000, 0x0000,
  0x0000, 0x0000, 0x0000, 0x0000, 0x0000, 0x0000, 0x0000, 0x0000, 0x0000, 0x0000, 0x0000, 0x0000,
  0x0000, 0x0000, 0x0000, 0x0000, 0x0000, 0x0000, 0x0000, 0x0000, 0x0000, 0x0000, 0x0000, 0x0000,
  0x0000, 0x0000, 0x07E0, 0xA005, 0xFDDA, 0xFB54, 0xF80A, 0xF94E, 0xF9B0, 0xFB14, 0xFAF3, 0xE84B,
  0x8046, 0x0000, 0x0000, 0x6004, 0xD08A, 0xF8CD, 0xF84C, 0xFAD2, 0xFBF5, 0xFBD5, 0xFB53, 0xF86C,
  0xE86B, 0x8046, 0x0000, 0x780F, 0x0000, 0x0000, 0x0000, 0x0000, 0x0000, 0x0000, 0x0000, 0x0000,
  0x0000, 0x0000, 0x0000, 0x0000, 0x0000, 0x0000, 0x0000, 0x0000, 0x0000, 0x0000, 0x0000, 0x0000,
  0x0000, 0x0000, 0x0000, 0x0000, 0x0000, 0x0000, 0x0000, 0x0000, 0x0000, 0x0000, 0x0000, 0x0000,
  0x0000, 0x04C6, 0xA006, 0xFD99, 0xFD9A, 0xFDFA, 0xFEBC, 0xFD99, 0xFA51, 0xF8EE, 0xD08A, 0x7845,
  0x0000, 0x0000, 0x7825, 0xE06B, 0xF8CD, 0xF84C, 0xF9D0, 0xFC76, 0xFCB7, 0xFC97, 0xF98F, 0xF88C,
  0xA867, 0x5824, 0x0000, 0x780F, 0x0000, 0x0000, 0x0000, 0x0000, 0x0000, 0x0000, 0x0000, 0x0000,
  0x0000, 0x0000, 0x0000, 0x0000, 0x0000, 0x0000, 0x0000, 0x0000, 0x0000, 0x0000, 0x0000, 0x0000,
  0x0000, 0x0000, 0x0000, 0x0000, 0x0000, 0x0000, 0x0000, 0x0000, 0x0000, 0x0000, 0x0000, 0xF800,
  0x0000, 0x8804, 0xFC97, 0xFEFD, 0xFF5E, 0xFFFF, 0xFFFF, 0xFFFF, 0xF9AF, 0x9806, 0x51A6, 0x0000,
  0x0000, 0x9047, 0xF00B, 0xF80B, 0xF98E, 0xFE5B, 0xFFFF, 0xFFFF, 0xFFFF, 0xFF9E, 0xFA51, 0xC808,
  0x6865, 0x0000, 0x7807, 0x0000, 0x0000, 0x0000, 0x0000, 0x0000, 0x0000, 0x0000, 0x0000, 0x0000,
  0x0000, 0x0000, 0x0000, 0x0000, 0x0000, 0x0000, 0x0000, 0x0000, 0x0000, 0x0000, 0x0000, 0x0000,
  0x0000, 0x0000, 0x0000, 0x0000, 0x0000, 0x0000, 0x0000, 0x0000, 0x0000, 0x0000, 0x7807, 0x0000,
  0x7004, 0xD96D, 0xFF5E, 0xFDDA, 0xFFBE, 0xFFFF, 0xFEDD, 0xD8EC, 0x7805, 0x0000, 0x9806, 0x0000,
  0x9806, 0xFB33, 0xFAF2, 0xFAF2, 0xFFDF, 0xFFDF, 0xFFDF, 0xFF9E, 0xFF1D, 0xFC97, 0xE14D, 0x7024,
  0x0000, 0x7807, 0x0000, 0x0000, 0x0000, 0x0000, 0x0000, 0x0000, 0x0000, 0x0000, 0x0000, 0x0000,
  0x0000, 0x0000, 0x0000, 0x0000, 0x0000, 0x0000, 0x0000, 0x0000, 0x0000, 0x0000, 0x0000, 0x0000,
  0x0000, 0x0000, 0x0000, 0x0000, 0x0000, 0x0000, 0x0000, 0x0000, 0x0000, 0x7800, 0xF800, 0x6147,
  0x9005, 0xEA30, 0xFD59, 0xFC77, 0xFB95, 0xE0EC, 0x9005, 0x68C6, 0x7800, 0x9806, 0x0000, 0x8004,
  0xE1EF, 0xFFFF, 0xFEBC, 0xFD38, 0xFD38, 0xFD99, 0xFD99, 0xFDDA, 0xFF5E, 0xE1CF, 0x7003, 0x0000,
  0xA80A, 0x0000, 0x0000, 0x0000, 0x0000, 0x0000, 0x0000, 0x0000, 0x0000, 0x0000, 0x0000, 0x0000,
  0x0000, 0x0000, 0x0000, 0x0000, 0x0000, 0x0000, 0x0000, 0x0000, 0x0000, 0x0000, 0x0000, 0x0000,
  0x0000, 0x0000, 0x0000, 0x0000, 0x0000, 0x0000, 0x0000, 0x0000, 0x0000, 0x7800, 0x0000, 0x6127,
  0x8805, 0xB048, 0xC06A, 0xA806, 0x7805, 0x6086, 0x0000, 0x7800, 0xF800, 0x0000, 0x48A5, 0x9005,
  0xF18F, 0xFDBB, 0xFF9E, 0xFFDF, 0xFFFF, 0xFFDF, 0xFF1D, 0xFB14, 0xB807, 0x6064, 0x0000, 0x7807,
  0x0000, 0x0000, 0x0000, 0x0000, 0x0000, 0x0000, 0x0000, 0x0000, 0x0000, 0x0000, 0x0000, 0x0000,
  0x0000, 0x0000, 0x0000, 0x0000, 0x0000, 0x0000, 0x0000, 0x0000, 0x0000, 0x0000, 0x0000, 0x0000,
  0x0000, 0x0000, 0x0000, 0x0000, 0x0000, 0x0000, 0x0000, 0x0000, 0x0000, 0x7800, 0x0000, 0x0000,
  0x5044, 0x6003, 0x58C5, 0x0000, 0x0000, 0xF800, 0x0000, 0x0000, 0x7800, 0x0000, 0x60A6, 0x9006,
  0xC808, 0xE0CC, 0xF1CF, 0xF251, 0xF18F, 0xE82B, 0xB807, 0x8025, 0x58A5, 0xF800, 0x0000, 0x0000,
  0x0000, 0x0000, 0x0000, 0x0000, 0x0000, 0x0000, 0x0000, 0x0000, 0x0000, 0x0000, 0x0000, 0x0000,
  0x0000, 0x0000, 0x0000, 0x0000, 0x0000, 0x0000, 0x0000, 0x0000, 0x0000, 0x0000, 0x0000, 0x0000,
  0x0000, 0x0000, 0x0000, 0x0000, 0x0000, 0x0000, 0x0000, 0x0000, 0x0000, 0x7800, 0xF800, 0x0000,
  0x0000, 0x0000, 0x0000, 0x7800, 0x0000, 0x0000, 0x0000, 0x0000, 0x7800, 0x0000, 0x5B8E, 0x6886,
  0x8005, 0x9805, 0xA005, 0x9806, 0x8805, 0x6885, 0x79EF, 0x0000, 0x0000, 0x0000, 0x0000, 0x0000,
  0x0000, 0x0000, 0x0000, 0x0000, 0x0000, 0x0000, 0x0000, 0x0000, 0x0000, 0x0000, 0x0000, 0x0000,
  0x0000, 0x0000, 0x0000, 0x0000, 0x0000, 0x0000, 0x0000, 0x0000, 0x0000, 0x0000, 0x0000, 0x0000,
  0x0000, 0x0000, 0x0000, 0x0000, 0x0000, 0x0000, 0x0000, 0x0000, 0x0000, 0x0000, 0x0000, 0x0000,
  0x0000, 0x0000, 0x0000, 0x0000, 0x0000, 0x0000, 0x0000, 0x0000, 0x0000, 0x0000, 0x0000, 0x0000,
  0x0000, 0x0000, 0x0000, 0x0000, 0x0000, 0x0000, 0x0000, 0x0000, 0x0000, 0x0000, 0x0000, 0x0000,
  0x0000, 0x0000, 0x0000, 0x0000, 0x0000, 0x0000, 0x0000, 0x0000, 0x0000, 0x0000, 0x0000, 0x0000,
};
const uint8_t V54_PINK_CHEER_1_MASK[] PROGMEM = {
  0x00, 0x00, 0x00, 0x00, 0x00, 0x00, 0x00, 0x00, 0x00, 0x00, 0x00, 0x3F, 0xFC, 0x00, 0x00, 0x00, 0x00, 0x00, 0x01, 0xFF,
  0xFF, 0x80, 0x00, 0x00, 0x00, 0x00, 0x03, 0xFF, 0xFF, 0xE0, 0x00, 0x00, 0x00, 0x00, 0x0F, 0xFF, 0xFF, 0xF0, 0x00, 0x00,
  0x00, 0x00, 0x1F, 0xFF, 0xFF, 0xFC, 0x00, 0x00, 0x00, 0x00, 0x7F, 0xFF, 0xFF, 0xFE, 0x1E, 0x00, 0x00, 0x00, 0xFF, 0xFF,
  0xFF, 0xFF, 0x3F, 0x00, 0x00, 0x01, 0xFF, 0xFF, 0xFF, 0xFF, 0xFF, 0x80, 0x00, 0x01, 0xFF, 0xFF, 0xFF, 0xFF, 0xFF, 0x80,
  0x00, 0x03, 0xFF, 0xFF, 0xFF, 0xFF, 0xFF, 0x80, 0x00, 0x07, 0xFF, 0xFF, 0xFF, 0xFF, 0xFF, 0x80, 0x00, 0x07, 0xFF, 0xFF,
  0xFF, 0xFF, 0xFF, 0x80, 0x00, 0x0F, 0xFF, 0xFF, 0xFF, 0xFF, 0xFF, 0x80, 0x00, 0x0F, 0xFF, 0xFF, 0xFF, 0xFF, 0xFF, 0x80,
  0x00, 0x0F, 0xFF, 0xFF, 0xFF, 0xFF, 0xFF, 0x00, 0x00, 0x1F, 0xFF, 0xFF, 0xFF, 0xFF, 0xFF, 0x00, 0x00, 0x1F, 0xFF, 0xFF,
  0xFF, 0xFF, 0xFE, 0x00, 0x00, 0x1F, 0xFF, 0xFF, 0xFF, 0xFF, 0xFC, 0x00, 0x00, 0x1F, 0xFF, 0xFF, 0xFF, 0xFF, 0xF8, 0x00,
  0x00, 0x1F, 0xFF, 0xFF, 0xFF, 0xFF, 0xF8, 0x00, 0x00, 0x1F, 0xFF, 0xFF, 0xFF, 0xFF, 0xF8, 0x00, 0x00, 0x1F, 0xFF, 0xFF,
  0xFF, 0xFF, 0xF8, 0x00, 0x00, 0xFF, 0xFF, 0xFF, 0xFF, 0xFF, 0xF0, 0x00, 0x01, 0xFF, 0xFF, 0xFF, 0xFF, 0xFF, 0xF0, 0x00,
  0x07, 0xFF, 0xFF, 0xFF, 0xFF, 0xFF, 0xE0, 0x00, 0x0F, 0xFF, 0xFF, 0xFF, 0xFF, 0xFF, 0xF0, 0x00, 0x0F, 0xFF, 0xFF, 0xFF,
  0xFF, 0xFF, 0xF8, 0x00, 0x1F, 0xFF, 0xFF, 0xFF, 0xFF, 0xFF, 0xFC, 0x00, 0x3F, 0xFF, 0xFF, 0xFF, 0xFF, 0xFF, 0xFE, 0x00,
  0x3F, 0xFF, 0xFF, 0xFF, 0xFF, 0xFF, 0xFF, 0x00, 0x3F, 0xFF, 0xFF, 0xFF, 0xFF, 0xFF, 0xFF, 0x80, 0x3F, 0xFF, 0xFF, 0xFF,
  0xFF, 0xFF, 0xFF, 0x80, 0x3F, 0xFF, 0x3F, 0xFF, 0xFF, 0xFF, 0xFF, 0x80, 0x3F, 0xFE, 0x01, 0xFF, 0xFF, 0xFF, 0xFF, 0x80,
  0x1F, 0xFC, 0x03, 0xFF, 0xFF, 0xCF, 0xFF, 0x80, 0x07, 0xF8, 0x07, 0xFF, 0xFF, 0xE7, 0xFF, 0x00, 0x03, 0xF0, 0x07, 0xFF,
  0xFF, 0xE3, 0xFE, 0x00, 0x01, 0xC0, 0x0F, 0xFF, 0xFF, 0xF0, 0xF8, 0x00, 0x00, 0x00, 0x0F, 0xFF, 0xFF, 0xF0, 0x00, 0x00,
  0x00, 0x00, 0x0F, 0xFF, 0xFF, 0xF8, 0x00, 0x00, 0x00, 0x00, 0x0F, 0xFF, 0xFF, 0xF8, 0x00, 0x00, 0x00, 0x00, 0x0F, 0xFF,
  0xFF, 0xF8, 0x00, 0x00, 0x00, 0x00, 0x0F, 0xFF, 0xFF, 0xF0, 0x00, 0x00, 0x00, 0x00, 0x3F, 0xFF, 0xFF, 0xF0, 0x00, 0x00,
  0x00, 0x00, 0xFF, 0xFF, 0xFF, 0xE0, 0x00, 0x00, 0x00, 0x01, 0xFF, 0xFF, 0xFF, 0xE0, 0x00, 0x00, 0x00, 0x03, 0xFF, 0xFF,
  0xFF, 0xE0, 0x00, 0x00, 0x00, 0x03, 0xFF, 0xFF, 0xFF, 0xF0, 0x00, 0x00, 0x00, 0x01, 0xFF, 0xFF, 0xFF, 0xF0, 0x00, 0x00,
  0x00, 0x01, 0xFF, 0xFF, 0xFF, 0xF0, 0x00, 0x00, 0x00, 0x00, 0xFF, 0xFF, 0xFF, 0xF0, 0x00, 0x00, 0x00, 0x00, 0x7F, 0xFF,
  0xFF, 0xF0, 0x00, 0x00, 0x00, 0x00, 0x1F, 0xFF, 0xFF, 0xE0, 0x00, 0x00, 0x00, 0x00, 0x0F, 0xFF, 0xFF, 0xC0, 0x00, 0x00,
  0x00, 0x00, 0x07, 0xFF, 0xFF, 0x00, 0x00, 0x00, 0x00, 0x00, 0x0F, 0xFF, 0xFF, 0x00, 0x00, 0x00, 0x00, 0x00, 0x0F, 0xFF,
  0xFF, 0x00, 0x00, 0x00, 0x00, 0x00, 0x1F, 0xFF, 0xFF, 0x00, 0x00, 0x00, 0x00, 0x00, 0x1F, 0xFF, 0xFF, 0x00, 0x00, 0x00,
  0x00, 0x00, 0x3F, 0xFB, 0xFF, 0x00, 0x00, 0x00, 0x00, 0x00, 0x3F, 0xF3, 0xFF, 0x00, 0x00, 0x00, 0x00, 0x00, 0x3F, 0xF3,
  0xFF, 0x80, 0x00, 0x00, 0x00, 0x00, 0x3F, 0xF3, 0xFF, 0x80, 0x00, 0x00, 0x00, 0x00, 0x3F, 0xF3, 0xFF, 0x80, 0x00, 0x00,
  0x00, 0x00, 0x3F, 0xE3, 0xFF, 0xC0, 0x00, 0x00, 0x00, 0x00, 0x3F, 0xE3, 0xFF, 0xC0, 0x00, 0x00, 0x00, 0x00, 0x1F, 0xC3,
  0xFF, 0xC0, 0x00, 0x00, 0x00, 0x00, 0x0F, 0x81, 0xFF, 0xC0, 0x00, 0x00, 0x00, 0x00, 0x03, 0x00, 0xFF, 0x80, 0x00, 0x00,
  0x00, 0x00, 0x00, 0x00, 0x7F, 0x00, 0x00, 0x00, 0x00, 0x00, 0x00, 0x00, 0x00, 0x00, 0x00, 0x00,
};
const Sprite565 V54_PINK_CHEER_1 = { V54_PINK_CHEER_1_BITMAP, V54_PINK_CHEER_1_MASK, 59, 72 };

const uint16_t V54_PINK_CHEER_2_BITMAP[] PROGMEM = {
  0x0000, 0x0000, 0x0000, 0x0000, 0x0000, 0x0000, 0x0000, 0x0000, 0x0000, 0x0000, 0x0000, 0x0000,
  0x0000, 0x0000, 0x0000, 0x0000, 0x0000, 0x0000, 0x0000, 0x0000, 0x0000, 0x0000, 0x0000, 0x0000,
  0x0000, 0x0000, 0x0000, 0x0000, 0x0000, 0x0000, 0x0000, 0x0000, 0x0000, 0x0000, 0x0000, 0x0000,
  0x0000, 0x0000, 0x0000, 0x0000, 0x0000, 0x0000, 0x0000, 0x0000, 0x0000, 0x0000, 0x0000, 0x0000,
  0x0000, 0x0000, 0x0000, 0x0000, 0x0000, 0x0000, 0x0000, 0x0000, 0x0000, 0x0000, 0x0000, 0x0000,
  0x0000, 0x0000, 0x0000, 0x0000, 0x0000, 0x0000, 0x0000, 0x0000, 0x0000, 0x0000, 0x0000, 0x0000,
  0x0000, 0x0000, 0x0000, 0x0000, 0x0000, 0x0000, 0x0000, 0x0000, 0x0000, 0x0000, 0x0000, 0x0000,
  0x0000, 0x0000, 0x0000, 0x0000, 0x0000, 0x0000, 0x0000, 0x0000, 0x0000, 0x0000, 0x0000, 0x0000,
  0x0000, 0x0000, 0x0000, 0x0000, 0x0000, 0x0000, 0x0000, 0x0000, 0x0000, 0x0000, 0x0000, 0x0000,
  0x0000, 0x0000, 0x0000, 0x0000, 0x0000, 0x0000, 0x0000, 0x0000, 0x0000, 0x0000, 0x0000, 0x0000,
  0x0000, 0x0000, 0x0000, 0x0000, 0x0000, 0x0000, 0x0000, 0x0000, 0x0000, 0x0000, 0x0000, 0x0000,
  0x0000, 0x0000, 0x0000, 0x0000, 0x0000, 0x0000, 0x3061, 0x2861, 0x2881, 0x2881, 0x2881, 0x28A1,
  0x28A1, 0x30A1, 0x2881, 0x2881, 0x2881, 0x2861, 0x2060, 0x0000, 0x0000, 0x0000, 0x3800, 0x0000,
  0x0000, 0x0000, 0x0000, 0x0000, 0x0000, 0x0000, 0x0000, 0x0000, 0x0000, 0x0000, 0x0000, 0x0000,
  0x0000, 0x0000, 0x0000, 0x0000, 0x0000, 0x0000, 0x0000, 0x0000, 0x0000, 0x0000, 0x0000, 0x0000,
  0x0000, 0x0000, 0x0000, 0x0000, 0x0000, 0x0000, 0x0000, 0x0000, 0x0000, 0x0000, 0x5000, 0x0000,
  0x0000, 0x2061, 0x2061, 0x30A2, 0x38E2, 0x4103, 0x4123, 0x4123, 0x4123, 0x4944, 0x4944, 0x4944,
  0x4123, 0x4103, 0x3903, 0x30C2, 0x2881, 0x2861, 0x1801, 0x0000, 0x0000, 0x0000, 0x0000, 0x0000,
  0x0000, 0x0000, 0x0000, 0x0000, 0x0000, 0x0000, 0x0000, 0x0000, 0x0000, 0x0000, 0x0000, 0x0000,
  0x0000, 0x0000, 0x0000, 0x0000, 0x0000, 0x0000, 0x0000, 0x0000, 0x0000, 0x0000, 0x0000, 0x0000,
  0x0000, 0x0000, 0x0000, 0x0000, 0x0000, 0x0000, 0x0000, 0x0000, 0x2060, 0x2881, 0x30C2, 0x4103,
  0x4944, 0x4964, 0x4944, 0x4944, 0x4944, 0x4944, 0x4944, 0x4944, 0x4944, 0x4944, 0x4944, 0x4944,
  0x4944, 0x4944, 0x38E2, 0x28A1, 0x2861, 0x5005, 0x0000, 0x5000, 0x0000, 0x0000, 0x0000, 0x0000,
  0x0000, 0x0000, 0x0000, 0x0000, 0x0000, 0x0000, 0x0000, 0x0000, 0x0000, 0x0000, 0x0000, 0x0000,
  0x0000, 0x0000, 0x0000, 0x0000, 0x0000, 0x0000, 0x0000, 0x0000, 0x0000, 0x0000, 0x0000, 0x0000,
  0x0000, 0x0000, 0x0000, 0x7BEF, 0x2881, 0x28A1, 0x4103, 0x4944, 0x4944, 0x4123, 0x4944, 0x5184,
  0x51A5, 0x5184, 0x4964, 0x4944, 0x4944, 0x4944, 0x4944, 0x4944, 0x4944, 0x4944, 0x4944, 0x4944,
  0x4944, 0x4103, 0x2881, 0x2041, 0x0000, 0x5000, 0x0000, 0x0000, 0x0000, 0x0000, 0x0000, 0x0000,
  0x0000, 0x0000, 0x0000, 0x0000, 0x0000, 0x0000, 0x0000, 0x0000, 0x0000, 0x0000, 0x0000, 0x0000,
  0x0000, 0x0000, 0x0000, 0x0000, 0x0000, 0x0000, 0x0000, 0x0000, 0x0000, 0x0000, 0x0000, 0x2082,
  0x2881, 0x38E2, 0x4944, 0x4944, 0x4944, 0x4944, 0x59A5, 0x61E6, 0x7227, 0x7227, 0x59A5, 0x4964,
  0x4944, 0x4944, 0x4944, 0x4944, 0x4944, 0x4944, 0x4944, 0x4944, 0x4944, 0x4944, 0x5164, 0x4923,
  0x30A2, 0x2861, 0x0000, 0x3800, 0x0000, 0x0000, 0x0000, 0x0000, 0x0000, 0x0000, 0x0000, 0x0000,
  0x0000, 0x0000, 0x0000, 0x0000, 0x0000, 0x0000, 0x0000, 0x0000, 0x0000, 0x0000, 0x0000, 0x0000,
  0x0000, 0x0000, 0x0000, 0x0000, 0x0000, 0x0000, 0x0000, 0x2841, 0x2881, 0x4103, 0x5144, 0x4944,
  0x4144, 0x4944, 0x61E6, 0x7227, 0x6A06, 0x61C6, 0x4964, 0x4944, 0x4964, 0x4944, 0x4944, 0x4944,
  0x4944, 0x4944, 0x4944, 0x4944, 0x4944, 0x4944, 0x4144, 0x4123, 0x3902, 0x3923, 0x38E2, 0x3861,
  0x0000, 0x3800, 0x0000, 0x0000, 0x7800, 0xA80A, 0x0000, 0x0000, 0xF800, 0x7800, 0x0000, 0x0000,
  0x0000, 0x0000, 0x0000, 0x0000, 0x0000, 0x0000, 0x0000, 0x0000, 0x0000, 0x0000, 0x0000, 0x0000,
  0x0000, 0x0000, 0x0000, 0x2861, 0x2881, 0x4103, 0x4944, 0x4944, 0x4944, 0x4944, 0x4964, 0x4964,
  0x4964, 0x6A06, 0x7227, 0x69E6, 0x59A5, 0x5184, 0x4944, 0x4944, 0x4944, 0x4944, 0x4944, 0x4944,
  0x4944, 0x4944, 0x4144, 0x4903, 0x8928, 0xB18B, 0x8927, 0x5144, 0x38E3, 0x3041, 0x0000, 0x5000,
  0xA80A, 0x0000, 0x0000, 0x0000, 0x1000, 0x0000, 0x0000, 0xF800, 0x0000, 0x0000, 0x0000, 0x0000,
  0x0000, 0x0000, 0x0000, 0x0000, 0x0000, 0x0000, 0x0000, 0x0000, 0x0000, 0x0000, 0x5000, 0x5000,
  0x2881, 0x4103, 0x4964, 0x4944, 0x4944, 0x4944, 0x4944, 0x4944, 0x4944, 0x6A06, 0x7A47, 0x7A47,
  0x7227, 0x69E6, 0x4964, 0x4944, 0x4944, 0x4944, 0x4944, 0x4944, 0x4944, 0x4944, 0x4944, 0x4123,
  0xA14A, 0xFAB4, 0xFAD4, 0xFAD4, 0xC98C, 0x5104, 0x30A2, 0x4823, 0x0000, 0x0000, 0x5002, 0x9005,
  0xA048, 0x9868, 0x8005, 0x4803, 0x0000, 0x0000, 0x0000, 0x0000, 0x0000, 0x0000, 0x0000, 0x0000,
  0x0000, 0x0000, 0x0000, 0x0000, 0x0000, 0x0000, 0x5000, 0x0000, 0x2861, 0x38E2, 0x4964, 0x4944,
  0x4944, 0x4944, 0x4944, 0x4944, 0x4943, 0x59A5, 0x7227, 0x61E6, 0x6A06, 0x7247, 0x6A07, 0x59C5,
  0x5184, 0x4944, 0x4944, 0x4944, 0x4944, 0x4944, 0x4944, 0x4143, 0x6905, 0xFA52, 0xFAF3, 0xFAB3,
  0xFAD3, 0xFAB4, 0xA92A, 0x30E2, 0x2061, 0x4003, 0x8806, 0xB0AA, 0xE9D0, 0xFA53, 0xFA53, 0xE16F,
  0x8826, 0x4863, 0x0000, 0x0000, 0x0000, 0x0000, 0x0000, 0x0000, 0x0000, 0x0000, 0x0000, 0x0000,
  0x0000, 0x0000, 0x7800, 0x0000, 0x2861, 0x30A2, 0x4944, 0x4944, 0x4944, 0x4944, 0x4944, 0x4944,
  0x4944, 0x4944, 0x5164, 0x5184, 0x59A5, 0x7247, 0x6A27, 0x7227, 0x7A68, 0x59A5, 0x4964, 0x4964,
  0x4944, 0x4944, 0x4944, 0x4944, 0x4123, 0xA96B, 0xFAD4, 0xFAB3, 0xFAB3, 0xFA93, 0xFAB3, 0xFA73,
  0x88C6, 0x68C5, 0xA047, 0xE1AF, 0xFAD4, 0xFAB3, 0xFA93, 0xFA72, 0xFAF4, 0xD12D, 0x6803, 0x0000,
  0x0000, 0x0000, 0x0000, 0x0000, 0x0000, 0x0000, 0x0000, 0x0000, 0x0000, 0x0000, 0x0000, 0x5000,
  0x0000, 0x2881, 0x4123, 0x4964, 0x4944, 0x4944, 0x4944, 0x4944, 0x4944, 0x4944, 0x4944, 0x4944,
  0x4944, 0x59A5, 0x61E6, 0x61E6, 0x7227, 0x6A06, 0x59A5, 0x4964, 0x4944, 0x4944, 0x4944, 0x4944,
  0x4944, 0x4903, 0xD9EF, 0xFAD4, 0xFAB3, 0xFAB3, 0xFAB3, 0xFAB3, 0xF252, 0xE98F, 0xFAB3, 0xF1B0,
  0xFA52, 0xFAB3, 0xFA72, 0xFA92, 0xFA92, 0xFAD4, 0xE9D0, 0x7804, 0x0000, 0x0000, 0x0000, 0x0000,
  0x0000, 0x0000, 0x0000, 0x0000, 0x0000, 0x0000, 0x0000, 0x0000, 0x0000, 0x2841, 0x30C2, 0x4964,
  0x4944, 0x4944, 0x4944, 0x4944, 0x4944, 0x4944, 0x4944, 0x4944, 0x4944, 0x4944, 0x5164, 0x5184,
  0x59A5, 0x59C5, 0x4964, 0x5184, 0x4964, 0x4964, 0x4944, 0x4944, 0x4944, 0x4143, 0x5904, 0xEA52,
  0xFAD3, 0xFA93, 0xFAB3, 0xFAB3, 0xFAB3, 0xE9AF, 0xFAB2, 0xFAD3, 0xFA92, 0xE9D0, 0xFA93, 0xFA92,
  0xFAB2, 0xFA93, 0xFAD4, 0xE9F0, 0x7805, 0x0000, 0x0000, 0x0000, 0x0000, 0x0000, 0x0000, 0x0000,
  0x0000, 0x0000, 0x0000, 0x0000, 0x3800, 0x0000, 0x2861, 0x4103, 0x4964, 0x4944, 0x4944, 0x4944,
  0x4944, 0x4944, 0x4944, 0x4944, 0x4944, 0x4944, 0x4944, 0x4944, 0x4964, 0x5185, 0x4144, 0x4984,
  0x51A5, 0x4964, 0x4944, 0x4944, 0x4944, 0x4944, 0x4143, 0x6905, 0xF272, 0xFAB3, 0xFA93, 0xFAB3,
  0xFAB3, 0xFAB3, 0xE9F0, 0xFAB3, 0xFA72, 0xFAB2, 0xF1F0, 0xFA93, 0xFA92, 0xFA93, 0xFA93, 0xFAF4,
  0xD98E, 0x7004, 0x0000, 0x0000, 0x0000, 0x0000, 0x0000, 0x0000, 0x0000, 0x0000, 0x0000, 0x0000,
  0x0000, 0x0000, 0x0000, 0x28A1, 0x4944, 0x4944, 0x4944, 0x4944, 0x4944, 0x4944, 0x4944, 0x4944,
  0x4944, 0x4944, 0x4944, 0x4944, 0x4944, 0x4964, 0x4123, 0x51A5, 0xDDD2, 0x72A8, 0x4103, 0x4964,
  0x4944, 0x4944, 0x4944, 0x4164, 0x6905, 0xF232, 0xFAB3, 0xFA93, 0xFAB3, 0xFAB3, 0xFAF4, 0xF9F0,
  0xFA93, 0xFAF3, 0xF210, 0xF1F0, 0xFAD3, 0xFA92, 0xFA93, 0xFA92, 0xFAD4, 0xB8CB, 0x5002, 0x0000,
  0x0000, 0x0000, 0x0000, 0x0000, 0x0000, 0x0000, 0x0000, 0x0000, 0x0000, 0x0000, 0x0000, 0x1820,
  0x30C2, 0x4944, 0x4944, 0x4944, 0x4944, 0x4944, 0x4944, 0x4944, 0x4944, 0x4944, 0x4964, 0x4944,
  0x4944, 0x4964, 0x4123, 0x51C5, 0xDD91, 0xFED5, 0xC4CE, 0x38E3, 0x4964, 0x4944, 0x4944, 0x4944,
  0x4964, 0x5104, 0xE1F0, 0xFAF4, 0xFAD3, 0xFAF3, 0xFAF4, 0xFA51, 0x9888, 0xB10B, 0xE1CF, 0xE9F0,
  0xFA92, 0xFAB2, 0xFAB2, 0xFAB2, 0xFAB3, 0xFA31, 0x9026, 0x2080, 0x0000, 0x0000, 0x0000, 0x0000,
  0x0000, 0x0000, 0x0000, 0x0000, 0x5000, 0x3800, 0x3000, 0x0000, 0x2861, 0x38E2, 0x4944, 0x4944,
  0x4944, 0x4944, 0x4944, 0x4944, 0x4944, 0x4944, 0x4944, 0x4944, 0x4964, 0x4964, 0x38E3, 0x5A06,
  0xE5D1, 0xFE94, 0xFE33, 0xFE73, 0x9B8B, 0x38E2, 0x4964, 0x4944, 0x4944, 0x4944, 0x3923, 0xA149,
  0xF212, 0xFAB3, 0xF231, 0xB10B, 0x6044, 0x38E2, 0x2881, 0x4022, 0xE210, 0xFAD3, 0xFA92, 0xFAB2,
  0xFAB2, 0xFAF4, 0xD10C, 0x6803, 0x0000, 0x0000, 0x0000, 0x0000, 0x0000, 0x0000, 0x0000, 0x0000,
  0x0000, 0x0000, 0x0000, 0x0000, 0x0000, 0x2881, 0x4103, 0x4964, 0x4944, 0x4944, 0x4944, 0x4944,
  0x4944, 0x4944, 0x4964, 0x4944, 0x4964, 0x4964, 0x38E2, 0x7AC8, 0xF633, 0xFE53, 0xFE33, 0xF633,
  0xFE53, 0xFEB5, 0x8B4A, 0x30A2, 0x4123, 0x4964, 0x4964, 0x38E3, 0xBCAE, 0xB2CB, 0x6845, 0x60C4,
  0x30A2, 0x3103, 0x4944, 0x4144, 0x28E2, 0x7865, 0xFA52, 0xFAD3, 0xF292, 0xFAD3, 0xF1F0, 0x8806,
  0x2082, 0x7800, 0x0000, 0x0000, 0x0000, 0x0000, 0x0000, 0x0000, 0x0000, 0x0000, 0x2861, 0x2081,
  0x2881, 0x30A2, 0x30A1, 0x4123, 0x4964, 0x4944, 0x4944, 0x4964, 0x4964, 0x4964, 0x4964, 0x4964,
  0x4964, 0x4123, 0x3903, 0x9BCB, 0xFE73, 0xFE53, 0xFE32, 0xCCAD, 0x92E6, 0xA347, 0xF633, 0xFEB5,
  0xA40C, 0x4964, 0x4103, 0x4944, 0x3903, 0xCCEF, 0xEE52, 0x49A4, 0x4144, 0x4964, 0x4924, 0x4123,
  0x4123, 0x4944, 0x38C2, 0x8866, 0xF1F1, 0xFAD3, 0xF1D0, 0xA048, 0x7045, 0x0000, 0x500A, 0x0000,
  0x0000, 0x0000, 0x0000, 0x0000, 0x0000, 0x2861, 0x2881, 0x38E2, 0x4123, 0x4923, 0x4944, 0x4944,
  0x4144, 0x4964, 0x4964, 0x4124, 0x4123, 0x4103, 0x4103, 0x4144, 0x5164, 0x4944, 0x51C5, 0xCD0F,
  0xFE93, 0xFE12, 0xFE32, 0xFE12, 0xF5D1, 0xF612, 0xE590, 0xF612, 0xFE32, 0xFE73, 0xE5D1, 0xA3EC,
  0x6A46, 0x4143, 0xC4CE, 0xEDD0, 0x9B69, 0x30A2, 0x4944, 0x4944, 0x4123, 0x4123, 0x4944, 0x4944,
  0x30C2, 0x5844, 0x98A8, 0x9026, 0x5803, 0x0000, 0x7800, 0x0000, 0x0000, 0x0000, 0x0000, 0x0000,
  0x2940, 0x2881, 0x38E2, 0x4923, 0x4944, 0x4944, 0x4944, 0x4944, 0x4944, 0x4944, 0x4144, 0x4943,
  0x6A04, 0x82A7, 0xA3CB, 0x8B29, 0x5184, 0x4103, 0x59E5, 0xEDF2, 0xFE94, 0xF612, 0xFE12, 0xFE12,
  0xFE74, 0xFE53, 0xFE32, 0xFE74, 0xFE53, 0xFE32, 0xFE12, 0xFE53, 0xFE94, 0xFE12, 0xE591, 0xF613,
  0xBC2B, 0xA368, 0x82E7, 0x3903, 0x4103, 0x4944, 0x4143, 0x4144, 0x4944, 0x4944, 0x3923, 0x2081,
  0x2081, 0x0000, 0x6000, 0x0000, 0x0000, 0x0000, 0x0000, 0x0000, 0x0000, 0x2861, 0x4103, 0x4964,
  0x4944, 0x4944, 0x4944, 0x4944, 0x4944, 0x4944, 0x4944, 0x5163, 0xC44B, 0xFE12, 0xFE53, 0xFE94,
  0xFEB4, 0xF633, 0x6226, 0xAC0B, 0xFE94, 0xF612, 0xFE32, 0xFE32, 0xFE33, 0xCD30, 0xEDF2, 0xFE73,
  0xF612, 0xFE33, 0xFE32, 0xFE32, 0xFE32, 0xF612, 0xFE12, 0xFE53, 0xFE53, 0xFE74, 0xFE54, 0xFE94,
  0xC4CE, 0x5184, 0x38E3, 0x4944, 0x4944, 0x4944, 0x4144, 0x5164, 0x38E2, 0x3061, 0x7945, 0x3000,
  0x0000, 0x0000, 0x0000, 0x0000, 0x0000, 0x2881, 0x4103, 0x4964, 0x4944, 0x4944, 0x4944, 0x4944,
  0x4944, 0x4944, 0x4944, 0x4942, 0xC48C, 0xFE94, 0xFE33, 0xFE33, 0xFE12, 0xFE33, 0xF633, 0xEDD2,
  0xF5D1, 0xFE12, 0xFE12, 0xFE32, 0xFE32, 0xFE94, 0x41A5, 0x1081, 0xCD50, 0xFEB4, 0xFE32, 0xFE32,
  0xFE32, 0xFE32, 0xFE32, 0xFE32, 0xFE12, 0xF612, 0xFE53, 0xFEB5, 0xFEB4, 0xFE94, 0xEDD2, 0x8B09,
  0x4944, 0x4144, 0x4944, 0x4944, 0x4964, 0x30A2, 0x0000, 0x0000, 0x0000, 0x7BE0, 0x0000, 0x0000,
  0x0000, 0x2861, 0x38E2, 0x4964, 0x4944, 0x4944, 0x4944, 0x4944, 0x4944, 0x4944, 0x4964, 0x4123,
  0x8286, 0xFE73, 0xFE12, 0xFE33, 0xFE33, 0xFE32, 0xFE53, 0xDD2F, 0xCCCD, 0xFE73, 0xFE12, 0xFE12,
  0xFE32, 0xFE12, 0xFE94, 0xFE74, 0x5A46, 0x1081, 0xAC4D, 0xFE53, 0xFE12, 0xFE32, 0xFE12, 0xFE32,
  0xFE32, 0xFE53, 0xFE94, 0xEDD2, 0x8BAB, 0x6288, 0xF612, 0xFE32, 0xFEB3, 0x72A8, 0x38E3, 0x4964,
  0x4944, 0x38C2, 0x5162, 0x7A65, 0x5982, 0x2800, 0x0000, 0xF800, 0x0000, 0x0000, 0x2881, 0x4944,
  0x4964, 0x4944, 0x4944, 0x4944, 0x4944, 0x4944, 0x4944, 0x4964, 0x38E2, 0xA389, 0xFE73, 0xFE12,
  0xFE33, 0xFE33, 0xFE33, 0xFE32, 0xFE32, 0xB3EA, 0xF612, 0xFE32, 0xFE32, 0xFE12, 0xFE32, 0xCD30,
  0x8B8B, 0x5A26, 0x0000, 0x0840, 0xEDD1, 0xFE33, 0xFE12, 0xFE32, 0xFE12, 0xFE53, 0xDDB2, 0x6AC8,
  0x18C2, 0x0820, 0x6267, 0xFE12, 0xF5F2, 0xFE73, 0x9B8A, 0x40C1, 0x4964, 0x5983, 0xABCA, 0xEDB0,
  0xFDF1, 0xED90, 0xA389, 0x4901, 0x0000, 0x0000, 0x0000, 0x30C2, 0x4944, 0x4944, 0x4944, 0x4944,
  0x4944, 0x4944, 0x4944, 0x4944, 0x4944, 0x38E2, 0xA369, 0xFE73, 0xFE12, 0xFE32, 0xFE33, 0xFE33,
  0xFE32, 0xF5F1, 0xB3C9, 0xFE32, 0xFE32, 0xFE32, 0xFE12, 0xFE73, 0x5A26, 0x0820, 0x41A5, 0x8B8A,
  0xCD0F, 0xFDF2, 0xFE12, 0xFE33, 0xFDD1, 0xFDF1, 0xFE74, 0xAC6D, 0x0000, 0x18A1, 0xDD4F, 0xFEB3,
  0xFE12, 0xFE33, 0xFE32, 0xE52E, 0xCC8C, 0x5982, 0xB3EA, 0xFEB5, 0xFE33, 0xFE12, 0xFE53, 0xFEB4,
  0xB3EA, 0x40A0, 0x0000, 0x0000, 0x30C2, 0x4944, 0x4944, 0x4944, 0x4944, 0x4944, 0x4944, 0x4944,
  0x4944, 0x4944, 0x4123, 0x7A65, 0xFE94, 0xFE33, 0xFE12, 0xFE33, 0xFE33, 0xFE32, 0xF612, 0xB3EA,
  0xE570, 0xFE94, 0xFE32, 0xFE32, 0xFE32, 0xF5F2, 0xF5F1, 0xFE53, 0xFE94, 0xFE73, 0xFE73, 0xFE53,
  0xFE53, 0xFD6F, 0xFDB0, 0xFE12, 0xFE53, 0xBCCE, 0x2923, 0x1061, 0x9BCB, 0xFE53, 0xFE33, 0xFDF2,
  0xED2D, 0xFEB4, 0xBC0A, 0xEDB1, 0xFE32, 0xFE12, 0xFE32, 0xFE12, 0xFE12, 0xF5F1, 0x6A04, 0x0000,
  0x0000, 0x2881, 0x30C2, 0x3903, 0x4944, 0x4944, 0x4944, 0x4944, 0x4944, 0x4944, 0x4944, 0x5165,
  0x5163, 0xB3EA, 0xFE73, 0xFE53, 0xFE32, 0xFE32, 0xFE32, 0xFE53, 0xF633, 0xB40A, 0xEDD1, 0xFE53,
  0xFE12, 0xFE12, 0xFE32, 0xFE32, 0xFE12, 0xFE12, 0xFD50, 0xFBAC, 0xFD10, 0xFDB1, 0xFE33, 0xFE73,
  0xFE33, 0xFE12, 0xFE73, 0xF612, 0x6A87, 0x8329, 0xFE73, 0xFE33, 0xF5F1, 0xFDF1, 0xD4CD, 0xBC0A,
  0xFE53, 0xFE12, 0xFE32, 0xFE33, 0xFE32, 0xFE32, 0xFE12, 0x7A45, 0x0000, 0x0000, 0x0000, 0x0800,
  0x38E2, 0x5164, 0x4944, 0x4944, 0x4944, 0x4944, 0x4944, 0x4964, 0x4944, 0x38E2, 0x40E0, 0x9307,
  0xDD4F, 0xF5D0, 0xF5F1, 0xFE32, 0xFE32, 0xFE74, 0xF612, 0xB3C9, 0xF5D1, 0xFE53, 0xFE32, 0xFE12,
  0xFE12, 0xFE12, 0xFE73, 0xFBED, 0xF884, 0xF966, 0xF9A7, 0xFA28, 0xFB0A, 0xFDB1, 0xFE32, 0xF5F2,
  0xFE12, 0xFE93, 0xFE74, 0xFE12, 0xFE33, 0xDCEE, 0xCCAD, 0xC48C, 0xF612, 0xFE32, 0xFE12, 0xFE32,
  0xFE32, 0xFE12, 0xFE73, 0xEDD1, 0x5982, 0x0000, 0x0000, 0x3800, 0x0000, 0x30A2, 0x5144, 0x4964,
  0x4944, 0x4944, 0x4944, 0x4944, 0x4103, 0x2881, 0x30A1, 0x0000, 0x0000, 0x5961, 0xDD2E, 0xFE32,
  0xFE12, 0xFE32, 0xFE33, 0xFE53, 0xEDB0, 0xAC0B, 0xDD91, 0xFE53, 0xFE32, 0xFE12, 0xFE12, 0xFE73,
  0xFBAC, 0xF9C8, 0xFA89, 0xFA69, 0xF966, 0xFA08, 0xFE12, 0xFE12, 0xFE12, 0xFE12, 0xF612, 0xFE12,
  0xFE74, 0xBC0A, 0xA327, 0xE54F, 0xFE74, 0xFE33, 0xFE12, 0xFE12, 0xFE12, 0xFE12, 0xFE53, 0xFE94,
  0xA368, 0x3040, 0x0000, 0x0000, 0x7800, 0x0000, 0x2881, 0x30A1, 0x38E2, 0x4103, 0x4103, 0x38E2,
  0x30A2, 0x2881, 0x79E7, 0x0000, 0x4920, 0x0000, 0x3080, 0x8AC6, 0xFE32, 0xFE33, 0xFE32, 0xFE32,
  0xFE12, 0xFE73, 0xCD31, 0xB596, 0xD571, 0xFE53, 0xFE73, 0xFE12, 0xFE32, 0xFCCF, 0xFA08, 0xFA8A,
  0xFA8A, 0xFA08, 0xFCCF, 0xFE73, 0xFE12, 0xFE12, 0xFE12, 0xFE74, 0xFE74, 0xBC2B, 0xBC0A, 0xFE32,
  0xFE53, 0xFE12, 0xFE32, 0xFE33, 0xFE12, 0xFE32, 0xFE11, 0xEDB0, 0xA368, 0x40C0, 0x0000, 0x0000,
  0x0000, 0x0000, 0x0000, 0x0000, 0x2800, 0x2861, 0x2861, 0x2861, 0x2861, 0x0000, 0x0000, 0x0000,
  0x0000, 0x0000, 0x39E0, 0x0000, 0x3080, 0xA389, 0xFE94, 0xFE12, 0xFE12, 0xFE32, 0xF5D1, 0xBD74,
  0xFFFF, 0xDEDB, 0xC511, 0xE5B0, 0xFE72, 0xFE53, 0xFE32, 0xFC6E, 0xFB4C, 0xFB0B, 0xFCAE, 0xFE53,
  0xFE53, 0xFE53, 0xFE53, 0xFE32, 0xE570, 0xB40A, 0xCC8C, 0xFE52, 0xFE32, 0xFE12, 0xFE12, 0xFE12,
  0xFE33, 0xFE94, 0xCC8C, 0x7224, 0x5142, 0x2860, 0x0000, 0x3800, 0x0000, 0x0000, 0x0000, 0x0000,
  0x0000, 0x0000, 0x0000, 0x0000, 0x0000, 0x0000, 0x0000, 0x5000, 0x0000, 0x0000, 0x0000, 0x0000,
  0x79E0, 0x0000, 0x40C0, 0xC44B, 0xFE73, 0xFE32, 0xFE32, 0xBD11, 0xE73C, 0xFFFF, 0xFFFF, 0xEE3A,
  0xC129, 0xB2E9, 0xCCAD, 0xE5D0, 0xF633, 0xF613, 0xFE31, 0xFE72, 0xF612, 0xF5B0, 0xDD0E, 0xCC8C,
  0xBC4C, 0xAC2D, 0xE591, 0xFE74, 0xFE12, 0xFE12, 0xFE32, 0xFE12, 0xFE53, 0xFE32, 0xABA9, 0x5963,
  0x4123, 0x3903, 0x28A2, 0x3882, 0x0000, 0x0000, 0x0000, 0x0000, 0x0000, 0x0000, 0x0000, 0x5000,
  0x3800, 0x3800, 0x0000, 0x0000, 0x0000, 0x0000, 0x0000, 0x0000, 0x0000, 0x0000, 0x79E7, 0x0000,
  0x69E4, 0xDD0D, 0xF5F2, 0xBCF1, 0xD6BB, 0xFFFF, 0xFFDF, 0xFFFF, 0xFF9E, 0xF1D1, 0xF0EE, 0xD0EB,
  0xC28B, 0xBC6B, 0xBC4B, 0xB32A, 0xBAAA, 0xB42D, 0xB4AF, 0xC553, 0xDE58, 0xF7BE, 0xDEDB, 0xE591,
  0xFE32, 0xFE12, 0xFE12, 0xFE33, 0xFE74, 0xDD2E, 0x7A65, 0x4102, 0x4944, 0x4944, 0x4944, 0x4103,
  0x30A1, 0x0000, 0x0000, 0x0000, 0x0000, 0x0000, 0x0000, 0x0000, 0x0000, 0x0000, 0x0000, 0x0000,
  0x0000, 0x0000, 0x0000, 0x0000, 0x0000, 0x0000, 0x0000, 0xAD4A, 0xFFE0, 0x732C, 0xAC90, 0xBD74,
  0xE71C, 0xFFFF, 0xFFDF, 0xFFDF, 0xFFBF, 0xFFFF, 0xE434, 0xF9D0, 0xF9D0, 0xF930, 0xFA8F, 0xF28E,
  0xF0EE, 0xFAB3, 0xFF7E, 0xFFFF, 0xFFFF, 0xFFFF, 0xFFFF, 0xE75D, 0xCD31, 0xFE12, 0xFE33, 0xFE74,
  0xF5D1, 0xA369, 0x5162, 0x4103, 0x4964, 0x4944, 0x4944, 0x4144, 0x4944, 0x30C2, 0x1840, 0x0000,
  0x0000, 0x0000, 0x0000, 0x0000, 0x0000, 0x0000, 0x0000, 0x0000, 0x0000, 0x0000, 0x0000, 0x0000,
  0x0000, 0x0000, 0x0000, 0x0000, 0x52AA, 0x0000, 0x49E7, 0x9CB3, 0xFFFF, 0xFFFF, 0xFFDF, 0xFFDF,
  0xFFFF, 0xFFDF, 0xFFFF, 0xEDD9, 0xF14E, 0xF16F, 0xF476, 0xFE5C, 0xFD9A, 0xFCD8, 0xFFBF, 0xFFFF,
  0xFFBE, 0xE6FB, 0xF7BE, 0xFFDF, 0xFFFF, 0xC5D6, 0xF5D1, 0xFE32, 0xBC2B, 0x61C4, 0x4102, 0x4944,
  0x4944, 0x4944, 0x4944, 0x4944, 0x4944, 0x4964, 0x4103, 0x2061, 0x0000, 0x0000, 0x0000, 0x0000,
  0x0000, 0x0000, 0x0000, 0x0000, 0x0000, 0x0000, 0x0000, 0x0000, 0x0000, 0x0000, 0x0000, 0x0000,
  0x0000, 0x0000, 0x7BEF, 0xF800, 0x59E8, 0x9C72, 0xDF3C, 0xF7DF, 0xFFFF, 0xFFDF, 0xFFDF, 0xFFFF,
  0xF75D, 0xE1AF, 0xF8EE, 0xF4F7, 0xFFFF, 0xFF7E, 0xFF9E, 0xFEDD, 0xFF1D, 0xFFFF, 0xDEBB, 0xEF5D,
  0xFFDF, 0xFFFF, 0xF7BE, 0xB48F, 0x7204, 0x4102, 0x4124, 0x4964, 0x4944, 0x4944, 0x4944, 0x4944,
  0x4944, 0x4944, 0x4944, 0x4123, 0x2881, 0x0000, 0x0000, 0x0000, 0x0000, 0x0000, 0x0000, 0x0000,
  0x0000, 0x0000, 0x0000, 0x0000, 0x0000, 0x0000, 0x0000, 0x0000, 0x0000, 0x0000, 0x7800, 0x7807,
  0x0000, 0x0000, 0x4925, 0x9A8D, 0xC596, 0xD69A, 0xE73C, 0xFFDF, 0xFFDF, 0xFFFF, 0xEB73, 0xF98F,
  0xF2F2, 0xFF9E, 0xFB95, 0xFB95, 0xFB75, 0xFC97, 0xFFFF, 0xDEBB, 0xE71C, 0xFFFF, 0xEF3C, 0xB575,
  0x734D, 0x28C3, 0x4103, 0x4964, 0x4944, 0x4944, 0x4944, 0x4944, 0x4944, 0x4944, 0x4944, 0x4964,
  0x4123, 0x2881, 0x0000, 0x0000, 0x0000, 0x0000, 0x0000, 0x0000, 0x0000, 0x0000, 0x0000, 0x0000,
  0x0000, 0x0000, 0x0000, 0x0000, 0x0000, 0xF800, 0xA80A, 0x0000, 0x0000, 0x5002, 0x9046, 0xB0A9,
  0xD8EC, 0xE517, 0xFFFF, 0xFFBF, 0xFFDF, 0xFFDF, 0xFFFF, 0xED98, 0xF210, 0xF1F0, 0xF69B, 0xFDBA,
  0xFB35, 0xFAD4, 0xFD9A, 0xFFFF, 0xDEBA, 0xB5D6, 0x9CD2, 0x62CA, 0x4186, 0x0000, 0x0000, 0x28A1,
  0x4103, 0x4964, 0x4944, 0x4944, 0x4944, 0x4944, 0x4944, 0x4944, 0x4944, 0x38C2, 0x2881, 0x0000,
  0x0000, 0x0000, 0x0000, 0x0000, 0x0000, 0x0000, 0x0000, 0x0000, 0x0000, 0x0000, 0x0000, 0x0000,
  0x0000, 0x500A, 0x0000, 0x0000, 0x4800, 0x7805, 0xB089, 0xF16E, 0xF9F1, 0xF9F1, 0xD92D, 0xDD77,
  0xFFFF, 0xFFDF, 0xFFDF, 0xFFFF, 0xF73C, 0xE210, 0xF94F, 0xEC96, 0xFFFF, 0xFE9C, 0xFD9A, 0xF7FF,
  0xFFFF, 0xCDD7, 0xC2AE, 0xB94B, 0x7802, 0x0000, 0xFAAA, 0x5000, 0x5000, 0x28A1, 0x3903, 0x4944,
  0x4964, 0x4944, 0x4964, 0x5164, 0x38E2, 0x2861, 0x2881, 0x0000, 0x0000, 0x0000, 0x0000, 0x0000,
  0x0000, 0x0000, 0x0000, 0x0000, 0x0000, 0x0000, 0x0000, 0x0000, 0x0000, 0x0000, 0x0000, 0x3800,
  0x8805, 0xB0A9, 0xE96E, 0xF9B0, 0xF9D0, 0xF9D0, 0xF9D0, 0xF9B0, 0xD8CC, 0xDC54, 0xFFFF, 0xFFFF,
  0xFFDF, 0xFFDF, 0xDB11, 0xF96F, 0xF313, 0xFFFF, 0xFFFF, 0xF6BC, 0xF6DC, 0xF4F7, 0xE20F, 0xF991,
  0xF9D1, 0xA068, 0x50E5, 0xA80A, 0x7800, 0x0000, 0x0000, 0x2861, 0x30C2, 0x38E2, 0x4103, 0x4103,
  0x30C2, 0x2861, 0x0000, 0x0000, 0x0000, 0x0000, 0x0000, 0x0000, 0x0000, 0x0000, 0x0000, 0x0000,
  0x0000, 0x0000, 0x0000, 0x0000, 0x0000, 0x7800, 0x0000, 0x8026, 0xA068, 0xE94E, 0xF9F1, 0xF9D1,
  0xF9B0, 0xF9B0, 0xF9D0, 0xF9D0, 0xF96F, 0xF9D0, 0xE10D, 0xCA2F, 0xE598, 0xF7BE, 0xFFFF, 0xED98,
  0xF18F, 0xF1F0, 0xF6BC, 0xF4B7, 0xF10F, 0xF14F, 0xF90E, 0xF0EE, 0xF94F, 0xF9F1, 0xE06B, 0x8806,
  0x0000, 0xA80A, 0x0000, 0x0000, 0x0000, 0x0000, 0x2861, 0x2861, 0x2860, 0x2020, 0x0000, 0x3800,
  0x5000, 0x0000, 0x0000, 0x0000, 0x0000, 0x0000, 0x0000, 0x0000, 0x0000, 0x0000, 0x0000, 0x0000,
  0x0000, 0x0000, 0xA80A, 0x0000, 0x8826, 0xF96F, 0xF9D1, 0xF9B0, 0xF9B0, 0xF9B0, 0xF9B0, 0xF9D0,
  0xF94F, 0xF94F, 0xF9F0, 0xFA11, 0xF16F, 0xD8CC, 0xCA0E, 0xDC75, 0xDDB8, 0xD98D, 0xF8EF, 0xEAF2,
  0xF250, 0xF9D0, 0xFA10, 0xF14E, 0xF14E, 0xF18F, 0xF210, 0xFC56, 0xB86A, 0x5022, 0x0000, 0x5000,
  0x0000, 0x5000, 0x0000, 0x0000, 0x0000, 0x0000, 0x0000, 0x0000, 0x0000, 0x0000, 0x0000, 0x0000,
  0x0000, 0x0000, 0x0000, 0x0000, 0x0000, 0x0000, 0x0000, 0x0000, 0x0000, 0x0000, 0x0000, 0x5000,
  0x0000, 0x6802, 0xB8AA, 0xF9D1, 0xF9B0, 0xF9B0, 0xF9B0, 0xF9D0, 0xF92E, 0xF94F, 0xF9D0, 0xF9D0,
  0xF9D0, 0xF9F0, 0xF9F0, 0xF94E, 0xE92D, 0xD90C, 0xC8CB, 0xF8CE, 0xFAF3, 0xF558, 0xF94E, 0xF98F,
  0xF434, 0xF77D, 0xF69C, 0xFE3B, 0xFFFF, 0xFB94, 0x8805, 0x05E7, 0x7800, 0x0000, 0x0000, 0x0000,
  0x0000, 0x3800, 0x3800, 0x0000, 0x0000, 0x0000, 0x0000, 0x0000, 0x0000, 0x0000, 0x0000, 0x0000,
  0x0000, 0x0000, 0x0000, 0x0000, 0x0000, 0x0000, 0x0000, 0x0000, 0x0000, 0xA80A, 0x0000, 0x8005,
  0xE12D, 0xF9D1, 0xF9AF, 0xF9D0, 0xF92E, 0xF94F, 0xF9F0, 0xF9B0, 0xF9D0, 0xF9D0, 0xF9D0, 0xF94E,
  0xF98F, 0xF9F0, 0xF9F1, 0xE94D, 0xE8AC, 0xFC97, 0xFFFF, 0xF4F7, 0xF578, 0xFEFD, 0xFB34, 0xF90E,
  0xFA31, 0xFFDF, 0xFF5E, 0xD0CB, 0x7003, 0x0000, 0x7807, 0x0000, 0x0000, 0x0000, 0x0000, 0x0000,
  0x0000, 0x0000, 0x0000, 0x0000, 0x0000, 0x0000, 0x0000, 0x0000, 0x0000, 0x0000, 0x0000, 0x0000,
  0x0000, 0x0000, 0x0000, 0x0000, 0x0000, 0x0000, 0x0000, 0x9806, 0x70E3, 0xA027, 0xF16F, 0xFA11,
  0xF94E, 0xF94E, 0xF9D0, 0xF9B0, 0xF9D0, 0xF9D0, 0xF9D0, 0xF9B0, 0xF92E, 0xF9B0, 0xF9B0, 0xF9D0,
  0xF1AF, 0xE0CC, 0xFB54, 0xFFFF, 0xFFFF, 0xFFFF, 0xFEBC, 0xFA91, 0xFE3B, 0xFCF7, 0xFDFA, 0xFFFF,
  0xFB33, 0x9805, 0x0000, 0x780F, 0x0000, 0x0000, 0x0000, 0x0000, 0x0000, 0x0000, 0x0000, 0x0000,
  0x0000, 0x0000, 0x0000, 0x0000, 0x0000, 0x0000, 0x0000, 0x0000, 0x0000, 0x0000, 0x0000, 0x0000,
  0x0000, 0x0000, 0x0000, 0x7800, 0x0000, 0x0000, 0x6802, 0xA047, 0xE94E, 0xF970, 0xF9D0, 0xF9B0,
  0xF9D0, 0xF9D0, 0xF9D0, 0xF9D0, 0xF96F, 0xF96F, 0xF9D0, 0xF9B0, 0xF9B0, 0xF9B0, 0xD8CB, 0xF9F0,
  0xFF5E, 0xFFDF, 0xFFDF, 0xFFFF, 0xFD99, 0xFFBF, 0xF9F0, 0xFB74, 0xF7FF, 0xFD39, 0xB808, 0x50A4,
  0x0000, 0x7800, 0x0000, 0x0000, 0x0000, 0x0000, 0x0000, 0x0000, 0x0000, 0x0000, 0x0000, 0x0000,
  0x0000, 0x0000, 0x0000, 0x0000, 0x0000, 0x0000, 0x0000, 0x0000, 0x0000, 0x0000, 0x0000, 0x5000,
  0x0000, 0x5824, 0x9006, 0xA8A9, 0x8806, 0x9806, 0xD94D, 0xFA11, 0xF9D0, 0xF9D0, 0xF9D0, 0xF9D0,
  0xF9D0, 0xF92E, 0xF98F, 0xF9B0, 0xF9B0, 0xF9B0, 0xF9D0, 0xE10C, 0xF10E, 0xFDFB, 0xFFFF, 0xFFFF,
  0xFBB4, 0xF8CD, 0xFE7B, 0xF9F0, 0xFD18, 0xFFFF, 0xFDFB, 0xD02A, 0x6044, 0x0000, 0x7807, 0x0000,
  0x0000, 0x0000, 0x0000, 0x0000, 0x0000, 0x0000, 0x0000, 0x0000, 0x0000, 0x0000, 0x0000, 0x0000,
  0x0000, 0x0000, 0x0000, 0x0000, 0x0000, 0x0000, 0x0000, 0x500A, 0x0000, 0x6885, 0xA828, 0xFD38,
  0xFBF5, 0xF00B, 0xD08B, 0xB808, 0xD08A, 0xF16E, 0xF9F0, 0xF9D0, 0xF9D0, 0xF9B0, 0xF90E, 0xF9B0,
  0xF9AF, 0xF9B0, 0xF9B0, 0xF9D0, 0xE90D, 0xE06B, 0xFBB5, 0xFFFF, 0xFFFF, 0xFB54, 0xFA31, 0xFF9E,
  0xFFFF, 0xFFFF, 0xFFBF, 0xFB14, 0xB829, 0x4822, 0x0000, 0x5000, 0x0000, 0x0000, 0x0000, 0x0000,
  0x0000, 0x0000, 0x0000, 0x0000, 0x0000, 0x0000, 0x0000, 0x0000, 0x0000, 0x0000, 0x0000, 0x0000,
  0x0000, 0x0000, 0x0000, 0x7800, 0x7800, 0x5968, 0xA006, 0xFD79, 0xFE1B, 0xF84C, 0xF8CD, 0xF86D,
  0xFA51, 0xEDD9, 0xD2B0, 0xD8CC, 0xF16F, 0xF9F1, 0xF98F, 0xF90E, 0xF9B0, 0xF9AF, 0xF9B0, 0xF9B0,
  0xF9D0, 0xF12E, 0xD86A, 0xF990, 0xFEBC, 0xFFFF, 0xFFFF, 0xFFFF, 0xFFFF, 0xFF7E, 0xFD39, 0xFA11,
  0xD86B, 0x8046, 0x0000, 0x780F, 0x0000, 0x0000, 0x0000, 0x0000, 0x0000, 0x0000, 0x0000, 0x0000,
  0x0000, 0x0000, 0x0000, 0x0000, 0x0000, 0x0000, 0x0000, 0x0000, 0x0000, 0x0000, 0x0000, 0x0000,
  0xA80A, 0x0000, 0x8004, 0xEB12, 0xFF5E, 0xF86C, 0xF86C, 0xF88C, 0xF96F, 0xFF7E, 0xFFBF, 0xFD3A,
  0xE578, 0xCA2C, 0xD12C, 0xE8AD, 0xF92F, 0xF9D1, 0xF9D0, 0xF9D0, 0xF9B0, 0xF9AF, 0xF98F, 0xF0ED,
  0xE90D, 0xFA31, 0xFCD8, 0xFD39, 0xFC77, 0xFB34, 0xF970, 0xE82B, 0xA828, 0x7045, 0x0000, 0xF800,
  0x0000, 0x0000, 0x0000, 0x0000, 0x0000, 0x0000, 0x0000, 0x0000, 0x0000, 0x0000, 0x0000, 0x0000,
  0x0000, 0x0000, 0x0000, 0x0000, 0x0000, 0x0000, 0x0000, 0x0000, 0x780F, 0x0000, 0x5043, 0xB068,
  0xFF3E, 0xFAB2, 0xF80B, 0xF8CD, 0xF80B, 0xFC56, 0xFFFF, 0xFD19, 0xFD7A, 0xFFFE, 0xFE11, 0xE4AD,
  0xCACB, 0xC9AB, 0xD12C, 0xE10D, 0xE92E, 0xF990, 0xF9B0, 0xF990, 0xF970, 0xE8CD, 0xD06B, 0xE00A,
  0xE00A, 0xD00A, 0xB808, 0x9807, 0x8046, 0x50E4, 0x0000, 0xF800, 0x0000, 0x0000, 0x0000, 0x0000,
  0x0000, 0x0000, 0x0000, 0x0000, 0x0000, 0x0000, 0x0000, 0x0000, 0x0000, 0x0000, 0x0000, 0x0000,
  0x0000, 0x0000, 0x0000, 0x0000, 0x0000, 0xA80A, 0x0000, 0x8003, 0xEB73, 0xFEFD, 0xF86C, 0xF8AD,
  0xF86C, 0xF80B, 0xFD79, 0xFFFF, 0xFC98, 0xFE3C, 0xFF18, 0xFDF1, 0xFE52, 0xFE31, 0xF5D0, 0xE50F,
  0xD3CC, 0xCAAA, 0xC20A, 0xC189, 0xC9AB, 0xC9CB, 0xC18A, 0xB9A9, 0xC24A, 0xCB6B, 0x6984, 0x48C4,
  0x07E0, 0x0000, 0x0000, 0xA80A, 0x0000, 0x0000, 0x0000, 0x0000, 0x0000, 0x0000, 0x0000, 0x0000,
  0x0000, 0x0000, 0x0000, 0x0000, 0x0000, 0x0000, 0x0000, 0x0000, 0x0000, 0x0000, 0x0000, 0x0000,
  0x0000, 0x0000, 0x0000, 0x0364, 0x9806, 0xFDFB, 0xFBF5, 0xF84B, 0xF8AC, 0xF98F, 0xF80B, 0xFC36,
  0xFFFF, 0xFCF8, 0xFE5C, 0xFED6, 0xFDF1, 0xFE33, 0xFE12, 0xFE12, 0xFE53, 0xFE52, 0xFE52, 0xB409,
  0xCC6A, 0xFDD0, 0xF5F1, 0xF5AF, 0xF58E, 0xFE51, 0xD4CC, 0x4921, 0x0000, 0x79E7, 0x7807, 0x7800,
  0x0000, 0x0000, 0x0000, 0x0000, 0x0000, 0x0000, 0x0000, 0x0000, 0x0000, 0x0000, 0x0000, 0x0000,
  0x0000, 0x0000, 0x0000, 0x0000, 0x0000, 0x0000, 0x0000, 0x0000, 0x0000, 0x0000, 0x7800, 0x0000,
  0x5002, 0xB0A9, 0xFEDD, 0xF92E, 0xF80A, 0xF8ED, 0xFB13, 0xFB13, 0xF90E, 0xFF1D, 0xFE7C, 0xFE1D,
  0xFF59, 0xFDF1, 0xFE33, 0xFE12, 0xFE12, 0xFDF2, 0xFE13, 0xFE13, 0xA368, 0xF5F1, 0xFE12, 0xFE32,
  0xFE12, 0xFE12, 0xFE33, 0x8266, 0x1000, 0x7BEF, 0x7800, 0x0000, 0x0000, 0x0000, 0x0000, 0x0000,
  0x0000, 0x0000, 0x0000, 0x0000, 0x0000, 0x0000, 0x0000, 0x0000, 0x0000, 0x0000, 0x0000, 0x0000,
  0x0000, 0x0000, 0x0000, 0x0000, 0x0000, 0x0000, 0x0000, 0xA80A, 0x0000, 0x6802, 0xC98C, 0xFF1E,
  0xFAD2, 0xFB13, 0xF9CF, 0xFB54, 0xFBF5, 0xF9AF, 0xD0AA, 0xAA8E, 0xE354, 0xFEBA, 0xFE73, 0xFE74,
  0xFE74, 0xFE53, 0xFE53, 0xFE32, 0xB44A, 0xD530, 0xFE74, 0xFE12, 0xFE12, 0xFDF2, 0xFE74, 0xD4EE,
  0x38C1, 0x0000, 0x52A0, 0x0000, 0x0000, 0x0000, 0x0000, 0x0000, 0x0000, 0x0000, 0x0000, 0x0000,
  0x0000, 0x0000, 0x0000, 0x0000, 0x0000, 0x0000, 0x0000, 0x0000, 0x0000, 0x0000, 0x0000, 0x0000,
  0x0000, 0x0000, 0x0000, 0x0000, 0xA80A, 0x0000, 0x6002, 0xC12B, 0xFEDD, 0xFF1D, 0xFFFF, 0xFF5E,
  0xFB33, 0xFA91, 0xF08C, 0x8805, 0x4800, 0x8804, 0x9108, 0xA329, 0xC46B, 0xD52E, 0xE5F1, 0xCCED,
  0xA328, 0xCC12, 0xFFBD, 0xFE12, 0xFE12, 0xFE12, 0xFE33, 0xFE12, 0x6A04, 0x0800, 0xFFE0, 0x0000,
  0x0000, 0x0000, 0x0000, 0x0000, 0x0000, 0x0000, 0x0000, 0x0000, 0x0000, 0x0000, 0x0000, 0x0000,
  0x0000, 0x0000, 0x0000, 0x0000, 0x0000, 0x0000, 0x0000, 0x0000, 0x0000, 0x0000, 0x0000, 0x0000,
  0x0000, 0x7800, 0x0000, 0x48E3, 0xA027, 0xFD9A, 0xFE1B, 0xFFDF, 0xFFFF, 0xFF1D, 0xF82C, 0xA828,
  0x70C6, 0x0000, 0x0000, 0x0000, 0x4000, 0x9A0A, 0xCC10, 0xC0C7, 0xCAAD, 0xEF3D, 0xFC38, 0xFD7A,
  0xFFBC, 0xFEB5, 0xFE73, 0xFE73, 0x92E7, 0x3040, 0x0000, 0x52A0, 0x0000, 0x0000, 0x0000, 0x0000,
  0x0000, 0x0000, 0x0000, 0x0000, 0x0000, 0x0000, 0x0000, 0x0000, 0x0000, 0x0000, 0x0000, 0x0000,
  0x0000, 0x0000, 0x0000, 0x0000, 0x0000, 0x0000, 0x0000, 0x0000, 0x0000, 0x0000, 0x0000, 0xA80A,
  0x0000, 0x7003, 0xE1EF, 0xFDFB, 0xFEFD, 0xFFFF, 0xFCB8, 0xB028, 0x6045, 0x0000, 0x6006, 0x9009,
  0xFFFF, 0x8804, 0xFD38, 0xFBB6, 0xF80B, 0xF970, 0xFF9F, 0xFF5E, 0xFC17, 0xFC78, 0xFEDD, 0xFEDC,
  0xAACB, 0x3020, 0x0000, 0x5000, 0x0000, 0x0000, 0x0000, 0x0000, 0x0000, 0x0000, 0x0000, 0x0000,
  0x0000, 0x0000, 0x0000, 0x0000, 0x0000, 0x0000, 0x0000, 0x0000, 0x0000, 0x0000, 0x0000, 0x0000,
  0x0000, 0x0000, 0x0000, 0x0000, 0x0000, 0x0000, 0x0000, 0x0000, 0x0000, 0x7800, 0x3186, 0x8805,
  0xD96D, 0xF291, 0xF18F, 0xB028, 0x6845, 0x0000, 0x7807, 0x0000, 0x0000, 0x0000, 0xA088, 0xFE7C,
  0xF96F, 0xF88C, 0xF82B, 0xFAB2, 0xFFFF, 0xFFFF, 0xFE5C, 0xF417, 0xA90A, 0x5801, 0x0000, 0x7800,
  0x0000, 0x0000, 0x0000, 0x0000, 0x0000, 0x0000, 0x0000, 0x0000, 0x0000, 0x0000, 0x0000, 0x0000,
  0x0000, 0x0000, 0x0000, 0x0000, 0x0000, 0x0000, 0x0000, 0x0000, 0x0000, 0x0000, 0x0000, 0x0000,
  0x0000, 0x0000, 0x0000, 0x0000, 0x0000, 0x0000, 0xF800, 0x0000, 0x3B8E, 0x7004, 0x8805, 0x8805,
  0x6885, 0x0000, 0xA800, 0x0000, 0x7800, 0x0000, 0x3800, 0xB1CC, 0xFE1B, 0xF8AD, 0xF8AD, 0xF88D,
  0xF88D, 0xF9F0, 0xFD79, 0xF496, 0x90E8, 0x4800, 0x0000, 0x7800, 0x0000, 0x0000, 0x0000, 0x0000,
  0x0000, 0x0000, 0x0000, 0x0000, 0x0000, 0x0000, 0x0000, 0x0000, 0x0000, 0x0000, 0x0000, 0x0000,
  0x0000, 0x0000, 0x0000, 0x0000, 0x0000, 0x0000, 0x0000, 0x0000, 0x0000, 0x0000, 0x0000, 0x0000,
  0x0000, 0x0000, 0x0000, 0x0000, 0x0000, 0x0000, 0x0000, 0x0000, 0x0000, 0x0000, 0x7800, 0x0000,
  0x0000, 0xA80A, 0x0000, 0x6800, 0xD2F1, 0xFD7A, 0xF82B, 0xF8ED, 0xF9F0, 0xFAF3, 0xFA51, 0xF8AD,
  0xD009, 0x5802, 0x0000, 0x7805, 0x0000, 0x0000, 0x0000, 0x0000, 0x0000, 0x0000, 0x0000, 0x0000,
  0x0000, 0x0000, 0x0000, 0x0000, 0x0000, 0x0000, 0x0000, 0x0000, 0x0000, 0x0000, 0x0000, 0x0000,
  0x0000, 0x0000, 0x0000, 0x0000, 0x0000, 0x0000, 0x0000, 0x0000, 0x0000, 0x0000, 0x0000, 0x0000,
  0x0000, 0x0000, 0x0000, 0x7807, 0xA80A, 0xA80A, 0x500A, 0x0000, 0x0000, 0x0000, 0x7807, 0x0000,
  0x8002, 0xEB73, 0xFD5A, 0xF80A, 0xF86C, 0xFAB2, 0xFBD5, 0xFAB2, 0xF8CD, 0x9847, 0x4965, 0x5000,
  0x0000, 0x0000, 0x0000, 0x0000, 0x0000, 0x0000, 0x0000, 0x0000, 0x0000, 0x0000, 0x0000, 0x0000,
  0x0000, 0x0000, 0x0000, 0x0000, 0x0000, 0x0000, 0x0000, 0x0000, 0x0000, 0x0000, 0x0000, 0x0000,
  0x0000, 0x0000, 0x0000, 0x0000, 0x0000, 0x0000, 0x0000, 0x0000, 0x0000, 0x0000, 0x0000, 0x0000,
  0x0000, 0x0000, 0x0000, 0x0000, 0x0000, 0x0000, 0x0000, 0x7807, 0x0000, 0x7802, 0xE332, 0xFDBA,
  0xFC56, 0xFE3B, 0xFC15, 0xF230, 0xFA51, 0xD82A, 0x6844, 0x0000, 0x7807, 0x0000, 0x0000, 0x0000,
  0x0000, 0x0000, 0x0000, 0x0000, 0x0000, 0x0000, 0x0000, 0x0000, 0x0000, 0x0000, 0x0000, 0x0000,
  0x0000, 0x0000, 0x0000, 0x0000, 0x0000, 0x0000, 0x0000, 0x0000, 0x0000, 0x0000, 0x0000, 0x0000,
  0x0000, 0x0000, 0x0000, 0x0000, 0x0000, 0x0000, 0x0000, 0x0000, 0x0000, 0x0000, 0x0000, 0x0000,
  0x0000, 0x0000, 0x0000, 0x0000, 0x7807, 0x0000, 0x6002, 0xC9AD, 0xFE9C, 0xFEDC, 0xFFFF, 0xFFFF,
  0xFE7B, 0xF00B, 0x9026, 0x3861, 0xF800, 0xF800, 0x0000, 0x0000, 0x0000, 0x0000, 0x0000, 0x0000,
  0x0000, 0x0000, 0x0000, 0x0000, 0x0000, 0x0000, 0x0000, 0x0000, 0x0000, 0x0000, 0x0000, 0x0000,
  0x0000, 0x0000, 0x0000, 0x0000, 0x0000, 0x0000, 0x0000, 0x0000, 0x0000, 0x0000, 0x0000, 0x0000,
  0x0000, 0x0000, 0x0000, 0x0000, 0x0000, 0x0000, 0x0000, 0x0000, 0x0000, 0x0000, 0x0000, 0x0000,
  0x0000, 0xF800, 0x0000, 0x38E5, 0xA027, 0xFD59, 0xFE9C, 0xFFBE, 0xFFFF, 0xFD5A, 0xC028, 0x6044,
  0x0000, 0xA80A, 0x0000, 0x0000, 0x0000, 0x0000, 0x0000, 0x0000, 0x0000, 0x0000, 0x0000, 0x0000,
  0x0000, 0x0000, 0x0000, 0x0000, 0x0000, 0x0000, 0x0000, 0x0000, 0x0000, 0x0000, 0x0000, 0x0000,
  0x0000, 0x0000, 0x0000, 0x0000, 0x0000, 0x0000, 0x0000, 0x0000, 0x0000, 0x0000, 0x0000, 0x0000,
  0x0000, 0x0000, 0x0000, 0x0000, 0x0000, 0x0000, 0x0000, 0x0000, 0x0000, 0x0000, 0x0000, 0x500A,
  0x0000, 0x7825, 0xC0AA, 0xFB74, 0xFB74, 0xFAD2, 0xC029, 0x7004, 0x0000, 0x5000, 0x0000, 0x0000,
  0x0000, 0x0000, 0x0000, 0x0000, 0x0000, 0x0000, 0x0000, 0x0000, 0x0000, 0x0000, 0x0000, 0x0000,
  0x0000, 0x0000, 0x0000, 0x0000, 0x0000, 0x0000, 0x0000, 0x0000, 0x0000, 0x0000, 0x0000, 0x0000,
  0x0000, 0x0000, 0x0000, 0x0000, 0x0000, 0x0000, 0x0000, 0x0000, 0x0000, 0x0000, 0x0000, 0x0000,
  0x0000, 0x0000, 0x0000, 0x0000, 0x0000, 0x0000, 0x0000, 0x0000, 0x0000, 0x7800, 0x0000, 0x7004,
  0x9006, 0x9807, 0x9005, 0x7024, 0x0000, 0x5000, 0x0000, 0x0000, 0x0000, 0x0000, 0x0000, 0x0000,
  0x0000, 0x0000, 0x0000, 0x0000, 0x0000, 0x0000, 0x0000, 0x0000, 0x0000, 0x0000, 0x0000, 0x0000,
  0x0000, 0x0000, 0x0000, 0x0000, 0x0000, 0x0000, 0x0000, 0x0000, 0x0000, 0x0000, 0x0000, 0x0000,
  0x0000, 0x0000, 0x0000, 0x0000, 0x0000, 0x0000, 0x0000, 0x0000, 0x0000, 0x0000, 0x0000, 0x0000,
  0x0000, 0x0000, 0x0000, 0x0000, 0x0000, 0x0000, 0x0000, 0x0000, 0x0000, 0x0000, 0x0000, 0x0000,
  0x0000, 0x0000, 0x0000, 0x0000, 0x0000, 0x0000, 0x0000, 0x0000, 0x0000, 0x0000, 0x0000, 0x0000,
  0x0000, 0x0000, 0x0000, 0x0000, 0x0000, 0x0000, 0x0000, 0x0000, 0x0000, 0x0000, 0x0000, 0x0000,
  0x0000, 0x0000, 0x0000, 0x0000, 0x0000, 0x0000, 0x0000, 0x0000, 0x0000, 0x0000, 0x0000, 0x0000,
  0x0000, 0x0000, 0x0000, 0x0000, 0x0000, 0x0000, 0x0000, 0x0000, 0x0000, 0x0000, 0x0000, 0x0000,
  0x0000, 0x0000, 0x0000, 0x0000, 0x0000, 0x0000, 0x0000, 0x0000, 0x0000, 0x0000, 0x0000, 0x0000,
  0x0000, 0x0000, 0x0000, 0x0000, 0x0000, 0x0000, 0x0000, 0x0000, 0x0000, 0x0000, 0x0000, 0x0000,
  0x0000, 0x0000, 0x0000, 0x0000, 0x0000, 0x0000, 0x0000, 0x0000, 0x0000, 0x0000, 0x0000, 0x0000,
  0x0000, 0x0000, 0x0000, 0x0000, 0x0000, 0x0000, 0x0000, 0x0000, 0x0000, 0x0000, 0x0000, 0x0000,
  0x0000, 0x0000, 0x0000, 0x0000, 0x0000, 0x0000, 0x0000, 0x0000, 0x0000, 0x0000, 0x0000, 0x0000,
  0x0000, 0x0000, 0x0000, 0x0000, 0x0000, 0x0000, 0x0000, 0x0000, 0x0000, 0x0000, 0x0000, 0x0000,
  0x0000, 0x0000, 0x0000, 0x0000, 0x0000, 0x0000, 0x0000, 0x0000, 0x0000, 0x0000, 0x0000, 0x0000,
  0x0000, 0x0000, 0x0000, 0x0000, 0x0000, 0x0000, 0x0000, 0x0000, 0x0000, 0x0000, 0x0000, 0x0000,
};
const uint8_t V54_PINK_CHEER_2_MASK[] PROGMEM = {
  0x00, 0x00, 0x00, 0x00, 0x00, 0x00, 0x00, 0x00, 0x00, 0x00, 0x00, 0x00, 0x00, 0x00, 0x00, 0x00, 0x00, 0x00, 0x00, 0x7F,
  0xF0, 0x00, 0x00, 0x00, 0x00, 0x00, 0x03, 0xFF, 0xFE, 0x00, 0x00, 0x00, 0x00, 0x00, 0x07, 0xFF, 0xFF, 0x80, 0x00, 0x00,
  0x00, 0x00, 0x1F, 0xFF, 0xFF, 0xE0, 0x00, 0x00, 0x00, 0x00, 0x3F, 0xFF, 0xFF, 0xF0, 0x00, 0x00, 0x00, 0x00, 0x7F, 0xFF,
  0xFF, 0xF8, 0x00, 0x00, 0x00, 0x00, 0xFF, 0xFF, 0xFF, 0xFC, 0x00, 0x00, 0x00, 0x01, 0xFF, 0xFF, 0xFF, 0xFC, 0x3C, 0x00,
  0x00, 0x03, 0xFF, 0xFF, 0xFF, 0xFE, 0xFE, 0x00, 0x00, 0x03, 0xFF, 0xFF, 0xFF, 0xFF, 0xFF, 0x00, 0x00, 0x07, 0xFF, 0xFF,
  0xFF, 0xFF, 0xFF, 0x00, 0x00, 0x07, 0xFF, 0xFF, 0xFF, 0xFF, 0xFF, 0x00, 0x00, 0x0F, 0xFF, 0xFF, 0xFF, 0xFF, 0xFF, 0x00,
  0x00, 0x0F, 0xFF, 0xFF, 0xFF, 0xFF, 0xFF, 0x00, 0x00, 0x0F, 0xFF, 0xFF, 0xFF, 0xFF, 0xFE, 0x00, 0x00, 0x1F, 0xFF, 0xFF,
  0xFF, 0xFF, 0xFE, 0x00, 0x00, 0x1F, 0xFF, 0xFF, 0xFF, 0xFF, 0xFC, 0x00, 0x01, 0xFF, 0xFF, 0xFF, 0xFF, 0xFF, 0xFC, 0x00,
  0x07, 0xFF, 0xFF, 0xFF, 0xFF, 0xFF, 0xF8, 0x00, 0x0F, 0xFF, 0xFF, 0xFF, 0xFF, 0xFF, 0xF0, 0x00, 0x1F, 0xFF, 0xFF, 0xFF,
  0xFF, 0xFF, 0xE0, 0x00, 0x3F, 0xFF, 0xFF, 0xFF, 0xFF, 0xFF, 0xE0, 0x00, 0x7F, 0xFF, 0xFF, 0xFF, 0xFF, 0xFF, 0xFC, 0x00,
  0x7F, 0xFF, 0xFF, 0xFF, 0xFF, 0xFF, 0xFE, 0x00, 0x7F, 0xFF, 0xFF, 0xFF, 0xFF, 0xFF, 0xFF, 0x00, 0x7F, 0xFF, 0xFF, 0xFF,
  0xFF, 0xFF, 0xFF, 0x00, 0x7F, 0xFF, 0xFF, 0xFF, 0xFF, 0xFF, 0xFF, 0x00, 0x1F, 0xFF, 0xFF, 0xFF, 0xFF, 0xFF, 0xFF, 0x00,
  0x1F, 0xF1, 0xFF, 0xFF, 0xFF, 0xFF, 0xFF, 0x00, 0x0F, 0xE0, 0xFF, 0xFF, 0xFF, 0xFF, 0xFE, 0x00, 0x07, 0x80, 0xFF, 0xFF,
  0xFF, 0xFF, 0xFC, 0x00, 0x00, 0x00, 0x7F, 0xFF, 0xFF, 0xFF, 0xFC, 0x00, 0x00, 0x00, 0x3F, 0xFF, 0xFF, 0xFF, 0xFE, 0x00,
  0x00, 0x00, 0x3F, 0xFF, 0xFF, 0xFF, 0xFE, 0x00, 0x00, 0x00, 0x3F, 0xFF, 0xFF, 0xFF, 0xFF, 0x00, 0x00, 0x00, 0x1F, 0xFF,
  0xFF, 0xFF, 0xFF, 0x00, 0x00, 0x00, 0x0F, 0xFF, 0xFF, 0xFF, 0xFF, 0x00, 0x00, 0x00, 0x1F, 0xFF, 0xFF, 0xCF, 0xFF, 0x00,
  0x00, 0x00, 0x7F, 0xFF, 0xFF, 0x07, 0xFE, 0x00, 0x00, 0x01, 0xFF, 0xFF, 0xFF, 0x83, 0xF8, 0x00, 0x00, 0x07, 0xFF, 0xFF,
  0xFF, 0xC0, 0xE0, 0x00, 0x00, 0x07, 0xFF, 0xFF, 0xFF, 0xE0, 0x00, 0x00, 0x00, 0x07, 0xFF, 0xFF, 0xFF, 0xE0, 0x00, 0x00,
  0x00, 0x03, 0xFF, 0xFF, 0xFF, 0xF0, 0x00, 0x00, 0x00, 0x01, 0xFF, 0xFF, 0xFF, 0xF0, 0x00, 0x00, 0x00, 0x00, 0xFF, 0xFF,
  0xFF, 0xF0, 0x00, 0x00, 0x00, 0x07, 0xFF, 0xFF, 0xFF, 0xF8, 0x00, 0x00, 0x00, 0x0F, 0xFF, 0xFF, 0xFF, 0xF8, 0x00, 0x00,
  0x00, 0x0F, 0xFF, 0xFF, 0xFF, 0xF0, 0x00, 0x00, 0x00, 0x1F, 0xFF, 0xFF, 0xFF, 0xE0, 0x00, 0x00, 0x00, 0x1F, 0xFF, 0xFF,
  0xFF, 0x80, 0x00, 0x00, 0x00, 0x3F, 0xFF, 0xFF, 0xFC, 0x00, 0x00, 0x00, 0x00, 0x3F, 0xFF, 0xFF, 0xFC, 0x00, 0x00, 0x00,
  0x00, 0x3F, 0xFF, 0xFF, 0xF8, 0x00, 0x00, 0x00, 0x00, 0x7F, 0xFF, 0xFF, 0xF8, 0x00, 0x00, 0x00, 0x00, 0x7F, 0xFF, 0xFF,
  0xF0, 0x00, 0x00, 0x00, 0x00, 0x3F, 0xC3, 0xFF, 0xF0, 0x00, 0x00, 0x00, 0x00, 0x3F, 0xC3, 0xFF, 0xE0, 0x00, 0x00, 0x00,
  0x00, 0x1F, 0x83, 0xFF, 0xC0, 0x00, 0x00, 0x00, 0x00, 0x0F, 0x03, 0xFF, 0x80, 0x00, 0x00, 0x00, 0x00, 0x00, 0x07, 0xFF,
  0x00, 0x00, 0x00, 0x00, 0x00, 0x00, 0x07, 0xFE, 0x00, 0x00, 0x00, 0x00, 0x00, 0x00, 0x07, 0xFE, 0x00, 0x00, 0x00, 0x00,
  0x00, 0x00, 0x07, 0xFC, 0x00, 0x00, 0x00, 0x00, 0x00, 0x00, 0x03, 0xFC, 0x00, 0x00, 0x00, 0x00, 0x00, 0x00, 0x03, 0xF8,
  0x00, 0x00, 0x00, 0x00, 0x00, 0x00, 0x01, 0xF0, 0x00, 0x00, 0x00, 0x00, 0x00, 0x00, 0x00, 0x00, 0x00, 0x00, 0x00, 0x00,
  0x00, 0x00, 0x00, 0x00, 0x00, 0x00, 0x00, 0x00, 0x00, 0x00, 0x00, 0x00, 0x00, 0x00, 0x00, 0x00,
};
const Sprite565 V54_PINK_CHEER_2 = { V54_PINK_CHEER_2_BITMAP, V54_PINK_CHEER_2_MASK, 57, 72 };

const Sprite565 V54_PINK_RUN_FRAMES[] = { V54_PINK_RUN_0, V54_PINK_RUN_1, V54_PINK_RUN_2, V54_PINK_RUN_3 };
const Sprite565 V54_PINK_JUMP_FRAMES[] = { V54_PINK_JUMP_0, V54_PINK_JUMP_1 };
const Sprite565 V54_PINK_HIT_FRAMES[] = { V54_PINK_HIT_0, V54_PINK_HIT_1 };
const Sprite565 V54_PINK_FALL_FRAMES[] = { V54_PINK_FALL_0, V54_PINK_FALL_1 };
const Sprite565 V54_PINK_CHEER_FRAMES[] = { V54_PINK_CHEER_0, V54_PINK_CHEER_1, V54_PINK_CHEER_2 };
