solid OpenSCAD_Model
  facet normal 1 0 0
    outer loop
      vertex 50 9 4
      vertex 50 13 8
      vertex 50 9 8
    endloop
  endfacet
  facet normal 1 0 0
    outer loop
      vertex 50 13 8
      vertex 50 9 4
      vertex 50 13 0
    endloop
  endfacet
  facet normal 1 0 0
    outer loop
      vertex 50 4 0
      vertex 50 9 4
      vertex 50 4 4
    endloop
  endfacet
  facet normal 1 0 0
    outer loop
      vertex 50 9 4
      vertex 50 4 0
      vertex 50 13 0
    endloop
  endfacet
  facet normal 0 0 1
    outer loop
      vertex 50 13 8
      vertex 28 13 8
      vertex 50 9 8
    endloop
  endfacet
  facet normal 0 0 1
    outer loop
      vertex 162 13 8
      vertex 140 13 8
      vertex 162 9 8
    endloop
  endfacet
  facet normal -0 0 1
    outer loop
      vertex 162 9 8
      vertex 182 4 8
      vertex 182 9 8
    endloop
  endfacet
  facet normal 0 0 1
    outer loop
      vertex 140 9 8
      vertex 162 9 8
      vertex 140 13 8
    endloop
  endfacet
  facet normal 0 0 1
    outer loop
      vertex 162 9 8
      vertex 140 9 8
      vertex 182 4 8
    endloop
  endfacet
  facet normal -0 0 1
    outer loop
      vertex 50 9 8
      vertex 182 4 8
      vertex 140 9 8
    endloop
  endfacet
  facet normal 0 0 1
    outer loop
      vertex 28 9 8
      vertex 50 9 8
      vertex 28 13 8
    endloop
  endfacet
  facet normal 0 0 1
    outer loop
      vertex 8 4 8
      vertex 50 9 8
      vertex 28 9 8
    endloop
  endfacet
  facet normal 0 0 1
    outer loop
      vertex 8 4 8
      vertex 28 9 8
      vertex 8 9 8
    endloop
  endfacet
  facet normal 0 0 1
    outer loop
      vertex 50 9 8
      vertex 8 4 8
      vertex 182 4 8
    endloop
  endfacet
  facet normal 0 0 -1
    outer loop
      vertex 190 0 0
      vertex 162 4 0
      vertex 190 4 0
    endloop
  endfacet
  facet normal 0 0 -1
    outer loop
      vertex 162 4 0
      vertex 140 4 0
      vertex 162 13 0
    endloop
  endfacet
  facet normal 0 0 -1
    outer loop
      vertex 190 0 0
      vertex 140 4 0
      vertex 162 4 0
    endloop
  endfacet
  facet normal 0 0 -1
    outer loop
      vertex 190 0 0
      vertex 50 4 0
      vertex 140 4 0
    endloop
  endfacet
  facet normal 0 0 -1
    outer loop
      vertex 50 4 0
      vertex 28 4 0
      vertex 50 13 0
    endloop
  endfacet
  facet normal 0 0 -1
    outer loop
      vertex 0 0 0
      vertex 50 4 0
      vertex 190 0 0
    endloop
  endfacet
  facet normal -0 0 -1
    outer loop
      vertex 50 4 0
      vertex 0 0 0
      vertex 28 4 0
    endloop
  endfacet
  facet normal -0 0 -1
    outer loop
      vertex 28 4 0
      vertex 0 0 0
      vertex 0 4 0
    endloop
  endfacet
  facet normal -0 0 -1
    outer loop
      vertex 162 13 0
      vertex 140 4 0
      vertex 140 13 0
    endloop
  endfacet
  facet normal -0 0 -1
    outer loop
      vertex 50 13 0
      vertex 28 4 0
      vertex 28 13 0
    endloop
  endfacet
  facet normal -1 0 0
    outer loop
      vertex 28 13 0
      vertex 28 9 4
      vertex 28 13 8
    endloop
  endfacet
  facet normal -1 0 0
    outer loop
      vertex 28 4 0
      vertex 28 9 4
      vertex 28 13 0
    endloop
  endfacet
  facet normal -1 -0 0
    outer loop
      vertex 28 9 4
      vertex 28 4 0
      vertex 28 4 4
    endloop
  endfacet
  facet normal -1 -0 0
    outer loop
      vertex 28 13 8
      vertex 28 9 4
      vertex 28 9 8
    endloop
  endfacet
  facet normal 0 1 -0
    outer loop
      vertex 50 13 0
      vertex 28 13 8
      vertex 50 13 8
    endloop
  endfacet
  facet normal 0 1 0
    outer loop
      vertex 28 13 8
      vertex 50 13 0
      vertex 28 13 0
    endloop
  endfacet
  facet normal 0 1 0
    outer loop
      vertex 28 4 4
      vertex 28 4 0
      vertex 8 4 4
    endloop
  endfacet
  facet normal 0 1 -0
    outer loop
      vertex 61.2518 4 13.01
      vertex 59.0847 4 16.7476
      vertex 61.3616 4 13.0879
    endloop
  endfacet
  facet normal 0 1 0
    outer loop
      vertex 58 4 16.5
      vertex 54.1344 4 13.2643
      vertex 54 4 13.2718
    endloop
  endfacet
  facet normal 0 1 0
    outer loop
      vertex 59.0847 4 16.7476
      vertex 61.2518 4 13.01
      vertex 58.8257 4 16.6403
    endloop
  endfacet
  facet normal 0 1 0
    outer loop
      vertex 58 4 16.5
      vertex 54.267 4 13.2417
      vertex 54.1344 4 13.2643
    endloop
  endfacet
  facet normal 0 1 -0
    outer loop
      vertex 61.1515 4 12.9203
      vertex 58.8257 4 16.6403
      vertex 61.2518 4 13.01
    endloop
  endfacet
  facet normal 0 1 0
    outer loop
      vertex 58 4 16.5
      vertex 54.3963 4 13.2045
      vertex 54.267 4 13.2417
    endloop
  endfacet
  facet normal 0 1 -0
    outer loop
      vertex 61.0618 4 12.82
      vertex 58.8257 4 16.6403
      vertex 61.1515 4 12.9203
    endloop
  endfacet
  facet normal 0 1 0
    outer loop
      vertex 58 4 16.5
      vertex 54.5207 4 13.153
      vertex 54.3963 4 13.2045
    endloop
  endfacet
  facet normal 0 1 0
    outer loop
      vertex 58.8257 4 16.6403
      vertex 61.0618 4 12.82
      vertex 58.5563 4 16.5627
    endloop
  endfacet
  facet normal 0 1 0
    outer loop
      vertex 58 4 16.5
      vertex 54.6384 4 13.0879
      vertex 54.5207 4 13.153
    endloop
  endfacet
  facet normal 0 1 -0
    outer loop
      vertex 60.9839 4 12.7102
      vertex 58.5563 4 16.5627
      vertex 61.0618 4 12.82
    endloop
  endfacet
  facet normal 0 1 0
    outer loop
      vertex 58 4 16.5
      vertex 54.7482 4 13.01
      vertex 54.6384 4 13.0879
    endloop
  endfacet
  facet normal 0 1 0
    outer loop
      vertex 58.5563 4 16.5627
      vertex 60.9839 4 12.7102
      vertex 58.2799 4 16.5157
    endloop
  endfacet
  facet normal 0 1 0
    outer loop
      vertex 58 4 16.5
      vertex 54.8485 4 12.9203
      vertex 54.7482 4 13.01
    endloop
  endfacet
  facet normal 0 1 -0
    outer loop
      vertex 60.9188 4 12.5925
      vertex 58.2799 4 16.5157
      vertex 60.9839 4 12.7102
    endloop
  endfacet
  facet normal 0 1 0
    outer loop
      vertex 58 4 16.5
      vertex 54.9382 4 12.82
      vertex 54.8485 4 12.9203
    endloop
  endfacet
  facet normal 0 1 0
    outer loop
      vertex 58.2799 4 16.5157
      vertex 60.9188 4 12.5925
      vertex 58 4 16.5
    endloop
  endfacet
  facet normal 0 1 0
    outer loop
      vertex 58 4 16.5
      vertex 55.0161 4 12.7102
      vertex 54.9382 4 12.82
    endloop
  endfacet
  facet normal 0 1 -0
    outer loop
      vertex 60.8673 4 12.4681
      vertex 58 4 16.5
      vertex 60.9188 4 12.5925
    endloop
  endfacet
  facet normal 0 1 0
    outer loop
      vertex 58 4 16.5
      vertex 55.0812 4 12.5925
      vertex 55.0161 4 12.7102
    endloop
  endfacet
  facet normal 0 1 0
    outer loop
      vertex 55.1327 4 12.4681
      vertex 58 4 16.5
      vertex 60.8673 4 12.4681
    endloop
  endfacet
  facet normal 0 1 0
    outer loop
      vertex 58 4 16.5
      vertex 55.1327 4 12.4681
      vertex 55.0812 4 12.5925
    endloop
  endfacet
  facet normal 0 1 -0
    outer loop
      vertex 60.8301 4 12.3388
      vertex 55.1327 4 12.4681
      vertex 60.8673 4 12.4681
    endloop
  endfacet
  facet normal 0 1 0
    outer loop
      vertex 60.8301 4 12.3388
      vertex 55.1699 4 12.3388
      vertex 55.1327 4 12.4681
    endloop
  endfacet
  facet normal 0 1 -0
    outer loop
      vertex 60.8075 4 12.2062
      vertex 55.1699 4 12.3388
      vertex 60.8301 4 12.3388
    endloop
  endfacet
  facet normal 0 1 0
    outer loop
      vertex 60.8075 4 12.2062
      vertex 55.1925 4 12.2062
      vertex 55.1699 4 12.3388
    endloop
  endfacet
  facet normal 0 1 -0
    outer loop
      vertex 60.8 4 12.0718
      vertex 55.1925 4 12.2062
      vertex 60.8075 4 12.2062
    endloop
  endfacet
  facet normal 0 1 0
    outer loop
      vertex 60.8 4 12.0718
      vertex 55.2 4 12.0718
      vertex 55.1925 4 12.2062
    endloop
  endfacet
  facet normal 0 1 0
    outer loop
      vertex 60.8075 4 11.9374
      vertex 55.2 4 12.0718
      vertex 60.8 4 12.0718
    endloop
  endfacet
  facet normal 0 1 0
    outer loop
      vertex 60.8075 4 11.9374
      vertex 55.1925 4 11.9374
      vertex 55.2 4 12.0718
    endloop
  endfacet
  facet normal 0 1 0
    outer loop
      vertex 60.8301 4 11.8048
      vertex 55.1925 4 11.9374
      vertex 60.8075 4 11.9374
    endloop
  endfacet
  facet normal 0 1 0
    outer loop
      vertex 60.8301 4 11.8048
      vertex 55.1699 4 11.8048
      vertex 55.1925 4 11.9374
    endloop
  endfacet
  facet normal 0 1 0
    outer loop
      vertex 60.8673 4 11.6755
      vertex 55.1699 4 11.8048
      vertex 60.8301 4 11.8048
    endloop
  endfacet
  facet normal 0 1 0
    outer loop
      vertex 60.8673 4 11.6755
      vertex 55.1327 4 11.6755
      vertex 55.1699 4 11.8048
    endloop
  endfacet
  facet normal 0 1 0
    outer loop
      vertex 60.9188 4 11.5511
      vertex 55.1327 4 11.6755
      vertex 60.8673 4 11.6755
    endloop
  endfacet
  facet normal 0 1 0
    outer loop
      vertex 60.9188 4 11.5511
      vertex 55.0812 4 11.5511
      vertex 55.1327 4 11.6755
    endloop
  endfacet
  facet normal 0 1 0
    outer loop
      vertex 60.9839 4 11.4334
      vertex 55.0812 4 11.5511
      vertex 60.9188 4 11.5511
    endloop
  endfacet
  facet normal 0 1 0
    outer loop
      vertex 60.9839 4 11.4334
      vertex 55.0161 4 11.4334
      vertex 55.0812 4 11.5511
    endloop
  endfacet
  facet normal 0 1 0
    outer loop
      vertex 61.0618 4 11.3236
      vertex 55.0161 4 11.4334
      vertex 60.9839 4 11.4334
    endloop
  endfacet
  facet normal 0 1 0
    outer loop
      vertex 61.0618 4 11.3236
      vertex 54.9382 4 11.3236
      vertex 55.0161 4 11.4334
    endloop
  endfacet
  facet normal 0 1 0
    outer loop
      vertex 61.1515 4 11.2233
      vertex 54.9382 4 11.3236
      vertex 61.0618 4 11.3236
    endloop
  endfacet
  facet normal 0 1 0
    outer loop
      vertex 61.1515 4 11.2233
      vertex 54.8485 4 11.2233
      vertex 54.9382 4 11.3236
    endloop
  endfacet
  facet normal 0 1 0
    outer loop
      vertex 61.2518 4 11.1336
      vertex 54.8485 4 11.2233
      vertex 61.1515 4 11.2233
    endloop
  endfacet
  facet normal 0 1 0
    outer loop
      vertex 61.2518 4 11.1336
      vertex 54.7482 4 11.1336
      vertex 54.8485 4 11.2233
    endloop
  endfacet
  facet normal 0 1 0
    outer loop
      vertex 61.3616 4 11.0557
      vertex 54.7482 4 11.1336
      vertex 61.2518 4 11.1336
    endloop
  endfacet
  facet normal 0 1 0
    outer loop
      vertex 61.3616 4 11.0557
      vertex 54.6384 4 11.0557
      vertex 54.7482 4 11.1336
    endloop
  endfacet
  facet normal 0 1 0
    outer loop
      vertex 61.4793 4 10.9906
      vertex 54.6384 4 11.0557
      vertex 61.3616 4 11.0557
    endloop
  endfacet
  facet normal 0 1 0
    outer loop
      vertex 61.4793 4 10.9906
      vertex 54.5207 4 10.9906
      vertex 54.6384 4 11.0557
    endloop
  endfacet
  facet normal 0 1 0
    outer loop
      vertex 61.6037 4 10.9391
      vertex 54.5207 4 10.9906
      vertex 61.4793 4 10.9906
    endloop
  endfacet
  facet normal 0 1 0
    outer loop
      vertex 61.6037 4 10.9391
      vertex 54.3963 4 10.9391
      vertex 54.5207 4 10.9906
    endloop
  endfacet
  facet normal 0 1 0
    outer loop
      vertex 61.733 4 10.9019
      vertex 54.3963 4 10.9391
      vertex 61.6037 4 10.9391
    endloop
  endfacet
  facet normal 0 1 0
    outer loop
      vertex 61.733 4 10.9019
      vertex 54.267 4 10.9019
      vertex 54.3963 4 10.9391
    endloop
  endfacet
  facet normal 0 1 0
    outer loop
      vertex 61.8656 4 10.8793
      vertex 54.267 4 10.9019
      vertex 61.733 4 10.9019
    endloop
  endfacet
  facet normal 0 1 0
    outer loop
      vertex 61.8656 4 10.8793
      vertex 54.1344 4 10.8793
      vertex 54.267 4 10.9019
    endloop
  endfacet
  facet normal 0 1 0
    outer loop
      vertex 62 4 10.8718
      vertex 54.1344 4 10.8793
      vertex 61.8656 4 10.8793
    endloop
  endfacet
  facet normal 0 1 0
    outer loop
      vertex 54.1344 4 10.8793
      vertex 62 4 10.8718
      vertex 54 4 10.8718
    endloop
  endfacet
  facet normal 0 1 0
    outer loop
      vertex 59.9546 4 17.4413
      vertex 62.1344 4 13.2643
      vertex 62 4 13.2718
    endloop
  endfacet
  facet normal 0 1 0
    outer loop
      vertex 67.1925 4 18.8656
      vertex 123.41 4 12.1791
      vertex 67.1699 4 18.733
    endloop
  endfacet
  facet normal 0 1 0
    outer loop
      vertex 66.7482 4 18.0618
      vertex 62.267 4 13.2417
      vertex 62.1344 4 13.2643
    endloop
  endfacet
  facet normal 0 1 0
    outer loop
      vertex 66.7482 4 18.0618
      vertex 62.3963 4 13.2045
      vertex 62.267 4 13.2417
    endloop
  endfacet
  facet normal 0 1 0
    outer loop
      vertex 66.7482 4 18.0618
      vertex 62.5207 4 13.153
      vertex 62.3963 4 13.2045
    endloop
  endfacet
  facet normal 0 1 -0
    outer loop
      vertex 123.4 4 12
      vertex 67.1699 4 18.733
      vertex 123.41 4 12.1791
    endloop
  endfacet
  facet normal 0 1 0
    outer loop
      vertex 66.7482 4 18.0618
      vertex 62.6384 4 13.0879
      vertex 62.5207 4 13.153
    endloop
  endfacet
  facet normal 0 1 0
    outer loop
      vertex 66.7482 4 18.0618
      vertex 62.7482 4 13.01
      vertex 62.6384 4 13.0879
    endloop
  endfacet
  facet normal 0 1 0
    outer loop
      vertex 67.1699 4 18.733
      vertex 123.4 4 12
      vertex 67.1327 4 18.6037
    endloop
  endfacet
  facet normal 0 1 0
    outer loop
      vertex 66.7482 4 18.0618
      vertex 62.8485 4 12.9203
      vertex 62.7482 4 13.01
    endloop
  endfacet
  facet normal 0 1 0
    outer loop
      vertex 123.41 4 11.8209
      vertex 67.1327 4 18.6037
      vertex 123.4 4 12
    endloop
  endfacet
  facet normal 0 1 0
    outer loop
      vertex 66.7482 4 18.0618
      vertex 62.9382 4 12.82
      vertex 62.8485 4 12.9203
    endloop
  endfacet
  facet normal 0 1 0
    outer loop
      vertex 66.7482 4 18.0618
      vertex 63.0161 4 12.7102
      vertex 62.9382 4 12.82
    endloop
  endfacet
  facet normal 0 1 0
    outer loop
      vertex 67.1327 4 18.6037
      vertex 123.41 4 11.8209
      vertex 67.0812 4 18.4793
    endloop
  endfacet
  facet normal 0 1 0
    outer loop
      vertex 66.7482 4 18.0618
      vertex 63.0812 4 12.5925
      vertex 63.0161 4 12.7102
    endloop
  endfacet
  facet normal 0 1 0
    outer loop
      vertex 123.44 4 11.644
      vertex 67.0812 4 18.4793
      vertex 123.41 4 11.8209
    endloop
  endfacet
  facet normal 0 1 0
    outer loop
      vertex 66.7482 4 18.0618
      vertex 63.1327 4 12.4681
      vertex 63.0812 4 12.5925
    endloop
  endfacet
  facet normal 0 1 0
    outer loop
      vertex 67.0812 4 18.4793
      vertex 123.44 4 11.644
      vertex 67.0161 4 18.3616
    endloop
  endfacet
  facet normal 0 1 0
    outer loop
      vertex 66.7482 4 18.0618
      vertex 63.1699 4 12.3388
      vertex 63.1327 4 12.4681
    endloop
  endfacet
  facet normal 0 1 0
    outer loop
      vertex 66.7482 4 18.0618
      vertex 63.1925 4 12.2062
      vertex 63.1699 4 12.3388
    endloop
  endfacet
  facet normal 0 1 0
    outer loop
      vertex 123.49 4 11.4716
      vertex 67.0161 4 18.3616
      vertex 123.44 4 11.644
    endloop
  endfacet
  facet normal 0 1 0
    outer loop
      vertex 66.7482 4 18.0618
      vertex 63.2 4 12.0718
      vertex 63.1925 4 12.2062
    endloop
  endfacet
  facet normal 0 1 0
    outer loop
      vertex 67.0161 4 18.3616
      vertex 123.49 4 11.4716
      vertex 66.9382 4 18.2518
    endloop
  endfacet
  facet normal 0 1 0
    outer loop
      vertex 66.7482 4 18.0618
      vertex 63.1925 4 11.9374
      vertex 63.2 4 12.0718
    endloop
  endfacet
  facet normal -0 1 0
    outer loop
      vertex 63.0812 4 11.5511
      vertex 66.9382 4 18.2518
      vertex 123.49 4 11.4716
    endloop
  endfacet
  facet normal 0 1 0
    outer loop
      vertex 66.7482 4 18.0618
      vertex 63.1699 4 11.8048
      vertex 63.1925 4 11.9374
    endloop
  endfacet
  facet normal -0 1 0
    outer loop
      vertex 63.1327 4 11.6755
      vertex 66.9382 4 18.2518
      vertex 63.0812 4 11.5511
    endloop
  endfacet
  facet normal 0 1 0
    outer loop
      vertex 66.8485 4 18.1515
      vertex 63.1699 4 11.8048
      vertex 66.7482 4 18.0618
    endloop
  endfacet
  facet normal -0 1 0
    outer loop
      vertex 63.1699 4 11.8048
      vertex 66.8485 4 18.1515
      vertex 63.1327 4 11.6755
    endloop
  endfacet
  facet normal 0 1 0
    outer loop
      vertex 66.9382 4 18.2518
      vertex 63.1327 4 11.6755
      vertex 66.8485 4 18.1515
    endloop
  endfacet
  facet normal 0 1 0
    outer loop
      vertex 123.558 4 11.3058
      vertex 63.0812 4 11.5511
      vertex 123.49 4 11.4716
    endloop
  endfacet
  facet normal 0 1 0
    outer loop
      vertex 63.0812 4 11.5511
      vertex 123.558 4 11.3058
      vertex 63.0161 4 11.4334
    endloop
  endfacet
  facet normal 0 1 0
    outer loop
      vertex 123.645 4 11.1487
      vertex 63.0161 4 11.4334
      vertex 123.558 4 11.3058
    endloop
  endfacet
  facet normal 0 1 0
    outer loop
      vertex 63.0161 4 11.4334
      vertex 123.645 4 11.1487
      vertex 62.9382 4 11.3236
    endloop
  endfacet
  facet normal 0 1 0
    outer loop
      vertex 123.749 4 11.0024
      vertex 62.9382 4 11.3236
      vertex 123.645 4 11.1487
    endloop
  endfacet
  facet normal 0 1 0
    outer loop
      vertex 62.9382 4 11.3236
      vertex 123.749 4 11.0024
      vertex 62.8485 4 11.2233
    endloop
  endfacet
  facet normal 0 1 0
    outer loop
      vertex 123.869 4 10.8686
      vertex 62.8485 4 11.2233
      vertex 123.749 4 11.0024
    endloop
  endfacet
  facet normal 0 1 0
    outer loop
      vertex 62.8485 4 11.2233
      vertex 123.869 4 10.8686
      vertex 62.7482 4 11.1336
    endloop
  endfacet
  facet normal 0 1 0
    outer loop
      vertex 124.002 4 10.7491
      vertex 62.7482 4 11.1336
      vertex 123.869 4 10.8686
    endloop
  endfacet
  facet normal 0 1 0
    outer loop
      vertex 62.7482 4 11.1336
      vertex 124.002 4 10.7491
      vertex 62.6384 4 11.0557
    endloop
  endfacet
  facet normal 0 1 0
    outer loop
      vertex 124.149 4 10.6452
      vertex 62.6384 4 11.0557
      vertex 124.002 4 10.7491
    endloop
  endfacet
  facet normal 0 1 0
    outer loop
      vertex 62.6384 4 11.0557
      vertex 124.149 4 10.6452
      vertex 62.5207 4 10.9906
    endloop
  endfacet
  facet normal 0 1 0
    outer loop
      vertex 124.306 4 10.5584
      vertex 62.5207 4 10.9906
      vertex 124.149 4 10.6452
    endloop
  endfacet
  facet normal 0 1 0
    outer loop
      vertex 124.472 4 10.4898
      vertex 62.3963 4 10.9391
      vertex 124.306 4 10.5584
    endloop
  endfacet
  facet normal 0 1 0
    outer loop
      vertex 62.5207 4 10.9906
      vertex 124.306 4 10.5584
      vertex 62.3963 4 10.9391
    endloop
  endfacet
  facet normal 0 1 0
    outer loop
      vertex 131.149 4 17.6452
      vertex 131.149 4 13.3548
      vertex 131.002 4 17.7491
    endloop
  endfacet
  facet normal 0 1 0
    outer loop
      vertex 125.998 4 17.7491
      vertex 125.179 4 13.5899
      vertex 125 4 13.6
    endloop
  endfacet
  facet normal 0 1 0
    outer loop
      vertex 131.002 4 13.2509
      vertex 131.002 4 17.7491
      vertex 131.149 4 13.3548
    endloop
  endfacet
  facet normal 0 1 0
    outer loop
      vertex 125.998 4 17.7491
      vertex 125.356 4 13.5599
      vertex 125.179 4 13.5899
    endloop
  endfacet
  facet normal 0 1 0
    outer loop
      vertex 131.002 4 17.7491
      vertex 131.002 4 13.2509
      vertex 130.869 4 17.8686
    endloop
  endfacet
  facet normal 0 1 0
    outer loop
      vertex 125.998 4 17.7491
      vertex 125.528 4 13.5102
      vertex 125.356 4 13.5599
    endloop
  endfacet
  facet normal 0 1 0
    outer loop
      vertex 130.869 4 13.1314
      vertex 130.869 4 17.8686
      vertex 131.002 4 13.2509
    endloop
  endfacet
  facet normal 0 1 0
    outer loop
      vertex 125.998 4 17.7491
      vertex 125.694 4 13.4415
      vertex 125.528 4 13.5102
    endloop
  endfacet
  facet normal 0 1 0
    outer loop
      vertex 130.869 4 17.8686
      vertex 130.869 4 13.1314
      vertex 126.131 4 17.8686
    endloop
  endfacet
  facet normal 0 1 0
    outer loop
      vertex 125.998 4 17.7491
      vertex 125.851 4 13.3548
      vertex 125.694 4 13.4415
    endloop
  endfacet
  facet normal 0 1 0
    outer loop
      vertex 126.131 4 13.1314
      vertex 126.131 4 17.8686
      vertex 130.869 4 13.1314
    endloop
  endfacet
  facet normal 0 1 0
    outer loop
      vertex 125.998 4 17.7491
      vertex 125.998 4 13.2509
      vertex 125.851 4 13.3548
    endloop
  endfacet
  facet normal 0 1 0
    outer loop
      vertex 126.131 4 17.8686
      vertex 126.131 4 13.1314
      vertex 125.998 4 17.7491
    endloop
  endfacet
  facet normal 0 1 0
    outer loop
      vertex 125.998 4 17.7491
      vertex 126.131 4 13.1314
      vertex 125.998 4 13.2509
    endloop
  endfacet
  facet normal 0 1 -0
    outer loop
      vertex 130.749 4 12.9976
      vertex 126.131 4 13.1314
      vertex 130.869 4 13.1314
    endloop
  endfacet
  facet normal 0 1 0
    outer loop
      vertex 130.749 4 12.9976
      vertex 126.251 4 12.9976
      vertex 126.131 4 13.1314
    endloop
  endfacet
  facet normal 0 1 -0
    outer loop
      vertex 130.645 4 12.8513
      vertex 126.251 4 12.9976
      vertex 130.749 4 12.9976
    endloop
  endfacet
  facet normal 0 1 0
    outer loop
      vertex 130.645 4 12.8513
      vertex 126.355 4 12.8513
      vertex 126.251 4 12.9976
    endloop
  endfacet
  facet normal 0 1 -0
    outer loop
      vertex 130.558 4 12.6942
      vertex 126.355 4 12.8513
      vertex 130.645 4 12.8513
    endloop
  endfacet
  facet normal 0 1 0
    outer loop
      vertex 130.558 4 12.6942
      vertex 126.442 4 12.6942
      vertex 126.355 4 12.8513
    endloop
  endfacet
  facet normal 0 1 -0
    outer loop
      vertex 130.49 4 12.5284
      vertex 126.442 4 12.6942
      vertex 130.558 4 12.6942
    endloop
  endfacet
  facet normal 0 1 0
    outer loop
      vertex 130.49 4 12.5284
      vertex 126.51 4 12.5284
      vertex 126.442 4 12.6942
    endloop
  endfacet
  facet normal 0 1 -0
    outer loop
      vertex 130.44 4 12.356
      vertex 126.51 4 12.5284
      vertex 130.49 4 12.5284
    endloop
  endfacet
  facet normal 0 1 0
    outer loop
      vertex 130.44 4 12.356
      vertex 126.56 4 12.356
      vertex 126.51 4 12.5284
    endloop
  endfacet
  facet normal 0 1 -0
    outer loop
      vertex 130.41 4 12.1791
      vertex 126.56 4 12.356
      vertex 130.44 4 12.356
    endloop
  endfacet
  facet normal 0 1 0
    outer loop
      vertex 130.41 4 12.1791
      vertex 126.59 4 12.1791
      vertex 126.56 4 12.356
    endloop
  endfacet
  facet normal 0 1 -0
    outer loop
      vertex 130.4 4 12
      vertex 126.59 4 12.1791
      vertex 130.41 4 12.1791
    endloop
  endfacet
  facet normal 0 1 0
    outer loop
      vertex 130.4 4 12
      vertex 126.6 4 12
      vertex 126.59 4 12.1791
    endloop
  endfacet
  facet normal 0 1 0
    outer loop
      vertex 130.41 4 11.8209
      vertex 126.6 4 12
      vertex 130.4 4 12
    endloop
  endfacet
  facet normal 0 1 0
    outer loop
      vertex 130.41 4 11.8209
      vertex 126.59 4 11.8209
      vertex 126.6 4 12
    endloop
  endfacet
  facet normal 0 1 0
    outer loop
      vertex 130.44 4 11.644
      vertex 126.59 4 11.8209
      vertex 130.41 4 11.8209
    endloop
  endfacet
  facet normal 0 1 0
    outer loop
      vertex 130.44 4 11.644
      vertex 126.56 4 11.644
      vertex 126.59 4 11.8209
    endloop
  endfacet
  facet normal 0 1 0
    outer loop
      vertex 130.49 4 11.4716
      vertex 126.56 4 11.644
      vertex 130.44 4 11.644
    endloop
  endfacet
  facet normal 0 1 0
    outer loop
      vertex 130.49 4 11.4716
      vertex 126.51 4 11.4716
      vertex 126.56 4 11.644
    endloop
  endfacet
  facet normal 0 1 0
    outer loop
      vertex 130.558 4 11.3058
      vertex 126.51 4 11.4716
      vertex 130.49 4 11.4716
    endloop
  endfacet
  facet normal 0 1 0
    outer loop
      vertex 130.558 4 11.3058
      vertex 126.442 4 11.3058
      vertex 126.51 4 11.4716
    endloop
  endfacet
  facet normal 0 1 0
    outer loop
      vertex 130.645 4 11.1487
      vertex 126.442 4 11.3058
      vertex 130.558 4 11.3058
    endloop
  endfacet
  facet normal 0 1 0
    outer loop
      vertex 130.645 4 11.1487
      vertex 126.355 4 11.1487
      vertex 126.442 4 11.3058
    endloop
  endfacet
  facet normal 0 1 0
    outer loop
      vertex 130.749 4 11.0024
      vertex 126.355 4 11.1487
      vertex 130.645 4 11.1487
    endloop
  endfacet
  facet normal 0 1 0
    outer loop
      vertex 130.749 4 11.0024
      vertex 126.251 4 11.0024
      vertex 126.355 4 11.1487
    endloop
  endfacet
  facet normal 0 1 0
    outer loop
      vertex 130.869 4 10.8686
      vertex 126.251 4 11.0024
      vertex 130.749 4 11.0024
    endloop
  endfacet
  facet normal 0 1 0
    outer loop
      vertex 130.869 4 10.8686
      vertex 126.131 4 10.8686
      vertex 126.251 4 11.0024
    endloop
  endfacet
  facet normal 0 1 0
    outer loop
      vertex 131.002 4 10.7491
      vertex 126.131 4 10.8686
      vertex 130.869 4 10.8686
    endloop
  endfacet
  facet normal 0 1 0
    outer loop
      vertex 131.002 4 10.7491
      vertex 125.998 4 10.7491
      vertex 126.131 4 10.8686
    endloop
  endfacet
  facet normal 0 1 0
    outer loop
      vertex 131.149 4 10.6452
      vertex 125.998 4 10.7491
      vertex 131.002 4 10.7491
    endloop
  endfacet
  facet normal 0 1 0
    outer loop
      vertex 131.149 4 10.6452
      vertex 125.851 4 10.6452
      vertex 125.998 4 10.7491
    endloop
  endfacet
  facet normal 0 1 0
    outer loop
      vertex 131.306 4 10.5584
      vertex 125.851 4 10.6452
      vertex 131.149 4 10.6452
    endloop
  endfacet
  facet normal 0 1 0
    outer loop
      vertex 131.306 4 10.5584
      vertex 125.694 4 10.5584
      vertex 125.851 4 10.6452
    endloop
  endfacet
  facet normal 0 1 0
    outer loop
      vertex 131.472 4 10.4898
      vertex 125.694 4 10.5584
      vertex 131.306 4 10.5584
    endloop
  endfacet
  facet normal 0 1 0
    outer loop
      vertex 131.472 4 10.4898
      vertex 125.528 4 10.4898
      vertex 125.694 4 10.5584
    endloop
  endfacet
  facet normal 0 1 0
    outer loop
      vertex 131.644 4 10.4401
      vertex 125.528 4 10.4898
      vertex 131.472 4 10.4898
    endloop
  endfacet
  facet normal 0 1 0
    outer loop
      vertex 131.644 4 10.4401
      vertex 125.356 4 10.4401
      vertex 125.528 4 10.4898
    endloop
  endfacet
  facet normal 0 1 0
    outer loop
      vertex 131.821 4 10.4101
      vertex 125.356 4 10.4401
      vertex 131.644 4 10.4401
    endloop
  endfacet
  facet normal 0 1 0
    outer loop
      vertex 131.821 4 10.4101
      vertex 125.179 4 10.4101
      vertex 125.356 4 10.4401
    endloop
  endfacet
  facet normal 0 1 0
    outer loop
      vertex 132 4 10.4
      vertex 125.179 4 10.4101
      vertex 131.821 4 10.4101
    endloop
  endfacet
  facet normal 0 1 0
    outer loop
      vertex 125.179 4 10.4101
      vertex 132 4 10.4
      vertex 125 4 10.4
    endloop
  endfacet
  facet normal 0 1 0
    outer loop
      vertex 138.149 4 17.6452
      vertex 138.149 4 13.3548
      vertex 138.002 4 17.7491
    endloop
  endfacet
  facet normal 0 1 0
    outer loop
      vertex 132.998 4 17.7491
      vertex 132.179 4 13.5899
      vertex 132 4 13.6
    endloop
  endfacet
  facet normal 0 1 0
    outer loop
      vertex 138.002 4 13.2509
      vertex 138.002 4 17.7491
      vertex 138.149 4 13.3548
    endloop
  endfacet
  facet normal 0 1 0
    outer loop
      vertex 132.998 4 17.7491
      vertex 132.356 4 13.5599
      vertex 132.179 4 13.5899
    endloop
  endfacet
  facet normal 0 1 0
    outer loop
      vertex 138.002 4 17.7491
      vertex 138.002 4 13.2509
      vertex 137.869 4 17.8686
    endloop
  endfacet
  facet normal 0 1 0
    outer loop
      vertex 132.998 4 17.7491
      vertex 132.528 4 13.5102
      vertex 132.356 4 13.5599
    endloop
  endfacet
  facet normal 0 1 0
    outer loop
      vertex 137.869 4 13.1314
      vertex 137.869 4 17.8686
      vertex 138.002 4 13.2509
    endloop
  endfacet
  facet normal 0 1 0
    outer loop
      vertex 132.998 4 17.7491
      vertex 132.694 4 13.4415
      vertex 132.528 4 13.5102
    endloop
  endfacet
  facet normal 0 1 0
    outer loop
      vertex 137.869 4 17.8686
      vertex 137.869 4 13.1314
      vertex 133.131 4 17.8686
    endloop
  endfacet
  facet normal 0 1 0
    outer loop
      vertex 132.998 4 17.7491
      vertex 132.851 4 13.3548
      vertex 132.694 4 13.4415
    endloop
  endfacet
  facet normal 0 1 0
    outer loop
      vertex 133.131 4 13.1314
      vertex 133.131 4 17.8686
      vertex 137.869 4 13.1314
    endloop
  endfacet
  facet normal 0 1 0
    outer loop
      vertex 132.998 4 17.7491
      vertex 132.998 4 13.2509
      vertex 132.851 4 13.3548
    endloop
  endfacet
  facet normal 0 1 0
    outer loop
      vertex 133.131 4 17.8686
      vertex 133.131 4 13.1314
      vertex 132.998 4 17.7491
    endloop
  endfacet
  facet normal 0 1 0
    outer loop
      vertex 132.998 4 17.7491
      vertex 133.131 4 13.1314
      vertex 132.998 4 13.2509
    endloop
  endfacet
  facet normal 0 1 -0
    outer loop
      vertex 137.749 4 12.9976
      vertex 133.131 4 13.1314
      vertex 137.869 4 13.1314
    endloop
  endfacet
  facet normal 0 1 0
    outer loop
      vertex 137.749 4 12.9976
      vertex 133.251 4 12.9976
      vertex 133.131 4 13.1314
    endloop
  endfacet
  facet normal 0 1 -0
    outer loop
      vertex 137.645 4 12.8513
      vertex 133.251 4 12.9976
      vertex 137.749 4 12.9976
    endloop
  endfacet
  facet normal 0 1 0
    outer loop
      vertex 137.645 4 12.8513
      vertex 133.355 4 12.8513
      vertex 133.251 4 12.9976
    endloop
  endfacet
  facet normal 0 1 -0
    outer loop
      vertex 137.558 4 12.6942
      vertex 133.355 4 12.8513
      vertex 137.645 4 12.8513
    endloop
  endfacet
  facet normal 0 1 0
    outer loop
      vertex 137.558 4 12.6942
      vertex 133.442 4 12.6942
      vertex 133.355 4 12.8513
    endloop
  endfacet
  facet normal 0 1 -0
    outer loop
      vertex 137.49 4 12.5284
      vertex 133.442 4 12.6942
      vertex 137.558 4 12.6942
    endloop
  endfacet
  facet normal 0 1 0
    outer loop
      vertex 137.49 4 12.5284
      vertex 133.51 4 12.5284
      vertex 133.442 4 12.6942
    endloop
  endfacet
  facet normal 0 1 -0
    outer loop
      vertex 137.44 4 12.356
      vertex 133.51 4 12.5284
      vertex 137.49 4 12.5284
    endloop
  endfacet
  facet normal 0 1 0
    outer loop
      vertex 137.44 4 12.356
      vertex 133.56 4 12.356
      vertex 133.51 4 12.5284
    endloop
  endfacet
  facet normal 0 1 -0
    outer loop
      vertex 137.41 4 12.1791
      vertex 133.56 4 12.356
      vertex 137.44 4 12.356
    endloop
  endfacet
  facet normal 0 1 0
    outer loop
      vertex 137.41 4 12.1791
      vertex 133.59 4 12.1791
      vertex 133.56 4 12.356
    endloop
  endfacet
  facet normal 0 1 -0
    outer loop
      vertex 137.4 4 12
      vertex 133.59 4 12.1791
      vertex 137.41 4 12.1791
    endloop
  endfacet
  facet normal 0 1 0
    outer loop
      vertex 137.4 4 12
      vertex 133.6 4 12
      vertex 133.59 4 12.1791
    endloop
  endfacet
  facet normal 0 1 0
    outer loop
      vertex 137.41 4 11.8209
      vertex 133.6 4 12
      vertex 137.4 4 12
    endloop
  endfacet
  facet normal 0 1 0
    outer loop
      vertex 137.41 4 11.8209
      vertex 133.59 4 11.8209
      vertex 133.6 4 12
    endloop
  endfacet
  facet normal 0 1 0
    outer loop
      vertex 137.44 4 11.644
      vertex 133.59 4 11.8209
      vertex 137.41 4 11.8209
    endloop
  endfacet
  facet normal 0 1 0
    outer loop
      vertex 137.44 4 11.644
      vertex 133.56 4 11.644
      vertex 133.59 4 11.8209
    endloop
  endfacet
  facet normal 0 1 0
    outer loop
      vertex 137.49 4 11.4716
      vertex 133.56 4 11.644
      vertex 137.44 4 11.644
    endloop
  endfacet
  facet normal 0 1 0
    outer loop
      vertex 137.49 4 11.4716
      vertex 133.51 4 11.4716
      vertex 133.56 4 11.644
    endloop
  endfacet
  facet normal 0 1 0
    outer loop
      vertex 137.558 4 11.3058
      vertex 133.51 4 11.4716
      vertex 137.49 4 11.4716
    endloop
  endfacet
  facet normal 0 1 0
    outer loop
      vertex 137.558 4 11.3058
      vertex 133.442 4 11.3058
      vertex 133.51 4 11.4716
    endloop
  endfacet
  facet normal 0 1 0
    outer loop
      vertex 137.645 4 11.1487
      vertex 133.442 4 11.3058
      vertex 137.558 4 11.3058
    endloop
  endfacet
  facet normal 0 1 0
    outer loop
      vertex 137.645 4 11.1487
      vertex 133.355 4 11.1487
      vertex 133.442 4 11.3058
    endloop
  endfacet
  facet normal 0 1 0
    outer loop
      vertex 137.749 4 11.0024
      vertex 133.355 4 11.1487
      vertex 137.645 4 11.1487
    endloop
  endfacet
  facet normal 0 1 0
    outer loop
      vertex 137.749 4 11.0024
      vertex 133.251 4 11.0024
      vertex 133.355 4 11.1487
    endloop
  endfacet
  facet normal 0 1 0
    outer loop
      vertex 137.869 4 10.8686
      vertex 133.251 4 11.0024
      vertex 137.749 4 11.0024
    endloop
  endfacet
  facet normal 0 1 0
    outer loop
      vertex 137.869 4 10.8686
      vertex 133.131 4 10.8686
      vertex 133.251 4 11.0024
    endloop
  endfacet
  facet normal 0 1 0
    outer loop
      vertex 138.002 4 10.7491
      vertex 133.131 4 10.8686
      vertex 137.869 4 10.8686
    endloop
  endfacet
  facet normal 0 1 0
    outer loop
      vertex 138.002 4 10.7491
      vertex 132.998 4 10.7491
      vertex 133.131 4 10.8686
    endloop
  endfacet
  facet normal 0 1 0
    outer loop
      vertex 138.149 4 10.6452
      vertex 132.998 4 10.7491
      vertex 138.002 4 10.7491
    endloop
  endfacet
  facet normal 0 1 0
    outer loop
      vertex 138.149 4 10.6452
      vertex 132.851 4 10.6452
      vertex 132.998 4 10.7491
    endloop
  endfacet
  facet normal 0 1 0
    outer loop
      vertex 138.306 4 10.5584
      vertex 132.851 4 10.6452
      vertex 138.149 4 10.6452
    endloop
  endfacet
  facet normal 0 1 0
    outer loop
      vertex 138.306 4 10.5584
      vertex 132.694 4 10.5584
      vertex 132.851 4 10.6452
    endloop
  endfacet
  facet normal 0 1 0
    outer loop
      vertex 138.472 4 10.4898
      vertex 132.694 4 10.5584
      vertex 138.306 4 10.5584
    endloop
  endfacet
  facet normal 0 1 0
    outer loop
      vertex 138.472 4 10.4898
      vertex 132.528 4 10.4898
      vertex 132.694 4 10.5584
    endloop
  endfacet
  facet normal 0 1 0
    outer loop
      vertex 138.644 4 10.4401
      vertex 132.528 4 10.4898
      vertex 138.472 4 10.4898
    endloop
  endfacet
  facet normal 0 1 0
    outer loop
      vertex 138.644 4 10.4401
      vertex 132.356 4 10.4401
      vertex 132.528 4 10.4898
    endloop
  endfacet
  facet normal 0 1 0
    outer loop
      vertex 138.821 4 10.4101
      vertex 132.356 4 10.4401
      vertex 138.644 4 10.4401
    endloop
  endfacet
  facet normal 0 1 0
    outer loop
      vertex 138.821 4 10.4101
      vertex 132.179 4 10.4101
      vertex 132.356 4 10.4401
    endloop
  endfacet
  facet normal 0 1 0
    outer loop
      vertex 139 4 10.4
      vertex 132.179 4 10.4101
      vertex 138.821 4 10.4101
    endloop
  endfacet
  facet normal 0 1 0
    outer loop
      vertex 132.179 4 10.4101
      vertex 139 4 10.4
      vertex 132 4 10.4
    endloop
  endfacet
  facet normal 0 1 -0
    outer loop
      vertex 54.1344 4 27.1207
      vertex 31.5 4 40.5
      vertex 61.8656 4 27.1207
    endloop
  endfacet
  facet normal 0 1 0
    outer loop
      vertex 31.5 4 40.5
      vertex 54.1344 4 27.1207
      vertex 54 4 27.1282
    endloop
  endfacet
  facet normal 0 1 -0
    outer loop
      vertex 61.733 4 27.0981
      vertex 54.1344 4 27.1207
      vertex 61.8656 4 27.1207
    endloop
  endfacet
  facet normal 0 1 0
    outer loop
      vertex 61.733 4 27.0981
      vertex 54.267 4 27.0981
      vertex 54.1344 4 27.1207
    endloop
  endfacet
  facet normal 0 1 -0
    outer loop
      vertex 61.6037 4 27.0609
      vertex 54.267 4 27.0981
      vertex 61.733 4 27.0981
    endloop
  endfacet
  facet normal 0 1 0
    outer loop
      vertex 61.6037 4 27.0609
      vertex 54.3963 4 27.0609
      vertex 54.267 4 27.0981
    endloop
  endfacet
  facet normal 0 1 -0
    outer loop
      vertex 61.4793 4 27.0094
      vertex 54.3963 4 27.0609
      vertex 61.6037 4 27.0609
    endloop
  endfacet
  facet normal 0 1 0
    outer loop
      vertex 61.4793 4 27.0094
      vertex 54.5207 4 27.0094
      vertex 54.3963 4 27.0609
    endloop
  endfacet
  facet normal 0 1 -0
    outer loop
      vertex 61.3616 4 26.9443
      vertex 54.5207 4 27.0094
      vertex 61.4793 4 27.0094
    endloop
  endfacet
  facet normal 0 1 0
    outer loop
      vertex 61.3616 4 26.9443
      vertex 54.6384 4 26.9443
      vertex 54.5207 4 27.0094
    endloop
  endfacet
  facet normal 0 1 -0
    outer loop
      vertex 61.2518 4 26.8664
      vertex 54.6384 4 26.9443
      vertex 61.3616 4 26.9443
    endloop
  endfacet
  facet normal 0 1 0
    outer loop
      vertex 61.2518 4 26.8664
      vertex 54.7482 4 26.8664
      vertex 54.6384 4 26.9443
    endloop
  endfacet
  facet normal 0 1 -0
    outer loop
      vertex 61.1515 4 26.7767
      vertex 54.7482 4 26.8664
      vertex 61.2518 4 26.8664
    endloop
  endfacet
  facet normal 0 1 0
    outer loop
      vertex 61.1515 4 26.7767
      vertex 54.8485 4 26.7767
      vertex 54.7482 4 26.8664
    endloop
  endfacet
  facet normal 0 1 -0
    outer loop
      vertex 61.0618 4 26.6764
      vertex 54.8485 4 26.7767
      vertex 61.1515 4 26.7767
    endloop
  endfacet
  facet normal 0 1 0
    outer loop
      vertex 61.0618 4 26.6764
      vertex 54.9382 4 26.6764
      vertex 54.8485 4 26.7767
    endloop
  endfacet
  facet normal 0 1 -0
    outer loop
      vertex 60.9839 4 26.5666
      vertex 54.9382 4 26.6764
      vertex 61.0618 4 26.6764
    endloop
  endfacet
  facet normal 0 1 0
    outer loop
      vertex 60.9839 4 26.5666
      vertex 55.0161 4 26.5666
      vertex 54.9382 4 26.6764
    endloop
  endfacet
  facet normal 0 1 -0
    outer loop
      vertex 60.9188 4 26.4489
      vertex 55.0161 4 26.5666
      vertex 60.9839 4 26.5666
    endloop
  endfacet
  facet normal 0 1 0
    outer loop
      vertex 60.9188 4 26.4489
      vertex 55.0812 4 26.4489
      vertex 55.0161 4 26.5666
    endloop
  endfacet
  facet normal 0 1 -0
    outer loop
      vertex 60.8673 4 26.3245
      vertex 55.0812 4 26.4489
      vertex 60.9188 4 26.4489
    endloop
  endfacet
  facet normal 0 1 0
    outer loop
      vertex 60.8673 4 26.3245
      vertex 55.1327 4 26.3245
      vertex 55.0812 4 26.4489
    endloop
  endfacet
  facet normal 0 1 -0
    outer loop
      vertex 60.8301 4 26.1952
      vertex 55.1327 4 26.3245
      vertex 60.8673 4 26.3245
    endloop
  endfacet
  facet normal 0 1 0
    outer loop
      vertex 60.8301 4 26.1952
      vertex 55.1699 4 26.1952
      vertex 55.1327 4 26.3245
    endloop
  endfacet
  facet normal 0 1 -0
    outer loop
      vertex 60.8075 4 26.0626
      vertex 55.1699 4 26.1952
      vertex 60.8301 4 26.1952
    endloop
  endfacet
  facet normal 0 1 0
    outer loop
      vertex 60.8075 4 26.0626
      vertex 55.1925 4 26.0626
      vertex 55.1699 4 26.1952
    endloop
  endfacet
  facet normal 0 1 -0
    outer loop
      vertex 60.8 4 25.9282
      vertex 55.1925 4 26.0626
      vertex 60.8075 4 26.0626
    endloop
  endfacet
  facet normal 0 1 0
    outer loop
      vertex 60.8 4 25.9282
      vertex 55.2 4 25.9282
      vertex 55.1925 4 26.0626
    endloop
  endfacet
  facet normal 0 1 0
    outer loop
      vertex 60.8075 4 25.7938
      vertex 55.2 4 25.9282
      vertex 60.8 4 25.9282
    endloop
  endfacet
  facet normal 0 1 0
    outer loop
      vertex 60.8075 4 25.7938
      vertex 55.1925 4 25.7938
      vertex 55.2 4 25.9282
    endloop
  endfacet
  facet normal 0 1 0
    outer loop
      vertex 60.8301 4 25.6612
      vertex 55.1925 4 25.7938
      vertex 60.8075 4 25.7938
    endloop
  endfacet
  facet normal 0 1 0
    outer loop
      vertex 60.8301 4 25.6612
      vertex 55.1699 4 25.6612
      vertex 55.1925 4 25.7938
    endloop
  endfacet
  facet normal 0 1 0
    outer loop
      vertex 60.8673 4 25.5319
      vertex 55.1699 4 25.6612
      vertex 60.8301 4 25.6612
    endloop
  endfacet
  facet normal 0 1 0
    outer loop
      vertex 60.8673 4 25.5319
      vertex 55.1327 4 25.5319
      vertex 55.1699 4 25.6612
    endloop
  endfacet
  facet normal 0 1 0
    outer loop
      vertex 58 4 21.5
      vertex 60.8673 4 25.5319
      vertex 60.9188 4 25.4075
    endloop
  endfacet
  facet normal 0 1 0
    outer loop
      vertex 60.8673 4 25.5319
      vertex 58 4 21.5
      vertex 55.1327 4 25.5319
    endloop
  endfacet
  facet normal 0 1 0
    outer loop
      vertex 58 4 21.5
      vertex 60.9188 4 25.4075
      vertex 60.9839 4 25.2898
    endloop
  endfacet
  facet normal 0 1 0
    outer loop
      vertex 55.1327 4 25.5319
      vertex 58 4 21.5
      vertex 55.0812 4 25.4075
    endloop
  endfacet
  facet normal 0 1 0
    outer loop
      vertex 58 4 21.5
      vertex 60.9839 4 25.2898
      vertex 61.0618 4 25.18
    endloop
  endfacet
  facet normal 0 1 -0
    outer loop
      vertex 57.7201 4 21.4843
      vertex 55.0812 4 25.4075
      vertex 58 4 21.5
    endloop
  endfacet
  facet normal 0 1 0
    outer loop
      vertex 58 4 21.5
      vertex 61.0618 4 25.18
      vertex 61.1515 4 25.0797
    endloop
  endfacet
  facet normal 0 1 0
    outer loop
      vertex 55.0812 4 25.4075
      vertex 57.7201 4 21.4843
      vertex 55.0161 4 25.2898
    endloop
  endfacet
  facet normal 0 1 0
    outer loop
      vertex 58 4 21.5
      vertex 61.1515 4 25.0797
      vertex 61.2518 4 24.99
    endloop
  endfacet
  facet normal 0 1 -0
    outer loop
      vertex 57.4437 4 21.4373
      vertex 55.0161 4 25.2898
      vertex 57.7201 4 21.4843
    endloop
  endfacet
  facet normal 0 1 0
    outer loop
      vertex 58 4 21.5
      vertex 61.2518 4 24.99
      vertex 61.3616 4 24.9121
    endloop
  endfacet
  facet normal 0 1 0
    outer loop
      vertex 55.0161 4 25.2898
      vertex 57.4437 4 21.4373
      vertex 54.9382 4 25.18
    endloop
  endfacet
  facet normal 0 1 0
    outer loop
      vertex 58 4 21.5
      vertex 61.3616 4 24.9121
      vertex 61.4793 4 24.847
    endloop
  endfacet
  facet normal 0 1 -0
    outer loop
      vertex 57.1743 4 21.3597
      vertex 54.9382 4 25.18
      vertex 57.4437 4 21.4373
    endloop
  endfacet
  facet normal 0 1 0
    outer loop
      vertex 58 4 21.5
      vertex 61.4793 4 24.847
      vertex 61.6037 4 24.7955
    endloop
  endfacet
  facet normal 0 1 0
    outer loop
      vertex 54.9382 4 25.18
      vertex 57.1743 4 21.3597
      vertex 54.8485 4 25.0797
    endloop
  endfacet
  facet normal 0 1 0
    outer loop
      vertex 58 4 21.5
      vertex 61.6037 4 24.7955
      vertex 61.733 4 24.7583
    endloop
  endfacet
  facet normal 0 1 0
    outer loop
      vertex 54.8485 4 25.0797
      vertex 57.1743 4 21.3597
      vertex 54.7482 4 24.99
    endloop
  endfacet
  facet normal 0 1 0
    outer loop
      vertex 58 4 21.5
      vertex 61.733 4 24.7583
      vertex 61.8656 4 24.7357
    endloop
  endfacet
  facet normal 0 1 -0
    outer loop
      vertex 56.9153 4 21.2524
      vertex 54.7482 4 24.99
      vertex 57.1743 4 21.3597
    endloop
  endfacet
  facet normal 0 1 0
    outer loop
      vertex 58 4 21.5
      vertex 61.8656 4 24.7357
      vertex 62 4 24.7282
    endloop
  endfacet
  facet normal 0 1 0
    outer loop
      vertex 54.7482 4 24.99
      vertex 56.9153 4 21.2524
      vertex 54.6384 4 24.9121
    endloop
  endfacet
  facet normal 0 1 0
    outer loop
      vertex 31.5 4 40.5
      vertex 62.1344 4 27.1207
      vertex 62 4 27.1282
    endloop
  endfacet
  facet normal 0 1 0
    outer loop
      vertex 117 4 40.5
      vertex 62.267 4 27.0981
      vertex 62.1344 4 27.1207
    endloop
  endfacet
  facet normal 0 1 0
    outer loop
      vertex 117 4 40.5
      vertex 62.3963 4 27.0609
      vertex 62.267 4 27.0981
    endloop
  endfacet
  facet normal 0 1 0
    outer loop
      vertex 117 4 40.5
      vertex 62.5207 4 27.0094
      vertex 62.3963 4 27.0609
    endloop
  endfacet
  facet normal 0 1 -0
    outer loop
      vertex 123.645 4 26.8512
      vertex 117 4 40.5
      vertex 123.749 4 26.9976
    endloop
  endfacet
  facet normal 0 1 0
    outer loop
      vertex 117 4 40.5
      vertex 62.6384 4 26.9443
      vertex 62.5207 4 27.0094
    endloop
  endfacet
  facet normal 0 1 0
    outer loop
      vertex 117 4 40.5
      vertex 62.7482 4 26.8664
      vertex 62.6384 4 26.9443
    endloop
  endfacet
  facet normal 0 1 -0
    outer loop
      vertex 123.558 4 26.6942
      vertex 117 4 40.5
      vertex 123.645 4 26.8512
    endloop
  endfacet
  facet normal 0 1 0
    outer loop
      vertex 117 4 40.5
      vertex 62.8485 4 26.7767
      vertex 62.7482 4 26.8664
    endloop
  endfacet
  facet normal 0 1 -0
    outer loop
      vertex 123.49 4 26.5284
      vertex 117 4 40.5
      vertex 123.558 4 26.6942
    endloop
  endfacet
  facet normal 0 1 0
    outer loop
      vertex 117 4 40.5
      vertex 62.9382 4 26.6764
      vertex 62.8485 4 26.7767
    endloop
  endfacet
  facet normal 0 1 0
    outer loop
      vertex 117 4 40.5
      vertex 63.0161 4 26.5666
      vertex 62.9382 4 26.6764
    endloop
  endfacet
  facet normal 0 1 -0
    outer loop
      vertex 123.44 4 26.356
      vertex 117 4 40.5
      vertex 123.49 4 26.5284
    endloop
  endfacet
  facet normal 0 1 0
    outer loop
      vertex 117 4 40.5
      vertex 63.0812 4 26.4489
      vertex 63.0161 4 26.5666
    endloop
  endfacet
  facet normal 0 1 -0
    outer loop
      vertex 123.41 4 26.1791
      vertex 117 4 40.5
      vertex 123.44 4 26.356
    endloop
  endfacet
  facet normal 0 1 0
    outer loop
      vertex 117 4 40.5
      vertex 63.1327 4 26.3245
      vertex 63.0812 4 26.4489
    endloop
  endfacet
  facet normal 0 1 0
    outer loop
      vertex 117 4 40.5
      vertex 63.1699 4 26.1952
      vertex 63.1327 4 26.3245
    endloop
  endfacet
  facet normal 0 1 -0
    outer loop
      vertex 123.4 4 26
      vertex 117 4 40.5
      vertex 123.41 4 26.1791
    endloop
  endfacet
  facet normal 0 1 0
    outer loop
      vertex 117 4 40.5
      vertex 63.1925 4 26.0626
      vertex 63.1699 4 26.1952
    endloop
  endfacet
  facet normal 0 1 0
    outer loop
      vertex 123.41 4 25.8209
      vertex 117 4 40.5
      vertex 123.4 4 26
    endloop
  endfacet
  facet normal 0 1 0
    outer loop
      vertex 117 4 40.5
      vertex 63.2 4 25.9282
      vertex 63.1925 4 26.0626
    endloop
  endfacet
  facet normal 0 1 0
    outer loop
      vertex 63.1925 4 25.7938
      vertex 117 4 40.5
      vertex 123.41 4 25.8209
    endloop
  endfacet
  facet normal 0 1 0
    outer loop
      vertex 117 4 40.5
      vertex 63.1925 4 25.7938
      vertex 63.2 4 25.9282
    endloop
  endfacet
  facet normal 0 1 0
    outer loop
      vertex 123.41 4 25.8209
      vertex 63.1699 4 25.6612
      vertex 63.1925 4 25.7938
    endloop
  endfacet
  facet normal 0 1 0
    outer loop
      vertex 123.44 4 25.644
      vertex 63.1699 4 25.6612
      vertex 123.41 4 25.8209
    endloop
  endfacet
  facet normal 0 1 0
    outer loop
      vertex 123.44 4 25.644
      vertex 63.1327 4 25.5319
      vertex 63.1699 4 25.6612
    endloop
  endfacet
  facet normal 0 1 0
    outer loop
      vertex 123.49 4 25.4716
      vertex 63.1327 4 25.5319
      vertex 123.44 4 25.644
    endloop
  endfacet
  facet normal 0 1 0
    outer loop
      vertex 123.49 4 25.4716
      vertex 63.0812 4 25.4075
      vertex 63.1327 4 25.5319
    endloop
  endfacet
  facet normal 0 1 0
    outer loop
      vertex 123.558 4 25.3058
      vertex 63.0812 4 25.4075
      vertex 123.49 4 25.4716
    endloop
  endfacet
  facet normal 0 1 0
    outer loop
      vertex 123.558 4 25.3058
      vertex 63.0161 4 25.2898
      vertex 63.0812 4 25.4075
    endloop
  endfacet
  facet normal 0 1 0
    outer loop
      vertex 123.645 4 25.1487
      vertex 63.0161 4 25.2898
      vertex 123.558 4 25.3058
    endloop
  endfacet
  facet normal 0 1 0
    outer loop
      vertex 63.0161 4 25.2898
      vertex 123.645 4 25.1487
      vertex 62.9382 4 25.18
    endloop
  endfacet
  facet normal 0 1 0
    outer loop
      vertex 123.749 4 25.0024
      vertex 62.9382 4 25.18
      vertex 123.645 4 25.1487
    endloop
  endfacet
  facet normal 0 1 0
    outer loop
      vertex 62.9382 4 25.18
      vertex 123.749 4 25.0024
      vertex 62.8485 4 25.0797
    endloop
  endfacet
  facet normal 0 1 0
    outer loop
      vertex 123.869 4 24.8686
      vertex 62.8485 4 25.0797
      vertex 123.749 4 25.0024
    endloop
  endfacet
  facet normal 0 1 0
    outer loop
      vertex 62.8485 4 25.0797
      vertex 123.869 4 24.8686
      vertex 62.7482 4 24.99
    endloop
  endfacet
  facet normal 0 1 0
    outer loop
      vertex 124.002 4 24.7491
      vertex 62.7482 4 24.99
      vertex 123.869 4 24.8686
    endloop
  endfacet
  facet normal 0 1 0
    outer loop
      vertex 62.7482 4 24.99
      vertex 124.002 4 24.7491
      vertex 62.6384 4 24.9121
    endloop
  endfacet
  facet normal 0 1 0
    outer loop
      vertex 124.149 4 24.6452
      vertex 62.6384 4 24.9121
      vertex 124.002 4 24.7491
    endloop
  endfacet
  facet normal 0 1 0
    outer loop
      vertex 58 4 21.5
      vertex 62.6384 4 24.9121
      vertex 124.149 4 24.6452
    endloop
  endfacet
  facet normal 0 1 0
    outer loop
      vertex 62.6384 4 24.9121
      vertex 58 4 21.5
      vertex 62.5207 4 24.847
    endloop
  endfacet
  facet normal 0 1 0
    outer loop
      vertex 62.5207 4 24.847
      vertex 58 4 21.5
      vertex 62.3963 4 24.7955
    endloop
  endfacet
  facet normal 0 1 0
    outer loop
      vertex 62.267 4 24.7583
      vertex 58 4 21.5
      vertex 62.1344 4 24.7357
    endloop
  endfacet
  facet normal 0 1 0
    outer loop
      vertex 62.1344 4 24.7357
      vertex 58 4 21.5
      vertex 62 4 24.7282
    endloop
  endfacet
  facet normal 0 1 0
    outer loop
      vertex 62.3963 4 24.7955
      vertex 58 4 21.5
      vertex 62.267 4 24.7583
    endloop
  endfacet
  facet normal 0 1 -0
    outer loop
      vertex 131.644 4 27.5599
      vertex 124 4 42.5
      vertex 131.821 4 27.5899
    endloop
  endfacet
  facet normal 0 1 0
    outer loop
      vertex 124 4 42.5
      vertex 125.179 4 27.5899
      vertex 125 4 27.6
    endloop
  endfacet
  facet normal 0 1 -0
    outer loop
      vertex 131.472 4 27.5102
      vertex 124 4 42.5
      vertex 131.644 4 27.5599
    endloop
  endfacet
  facet normal 0 1 0
    outer loop
      vertex 124 4 42.5
      vertex 125.356 4 27.5599
      vertex 125.179 4 27.5899
    endloop
  endfacet
  facet normal 0 1 -0
    outer loop
      vertex 125.528 4 27.5102
      vertex 124 4 42.5
      vertex 131.472 4 27.5102
    endloop
  endfacet
  facet normal 0 1 0
    outer loop
      vertex 124 4 42.5
      vertex 125.528 4 27.5102
      vertex 125.356 4 27.5599
    endloop
  endfacet
  facet normal 0 1 -0
    outer loop
      vertex 131.306 4 27.4415
      vertex 125.528 4 27.5102
      vertex 131.472 4 27.5102
    endloop
  endfacet
  facet normal 0 1 0
    outer loop
      vertex 131.306 4 27.4415
      vertex 125.694 4 27.4415
      vertex 125.528 4 27.5102
    endloop
  endfacet
  facet normal 0 1 -0
    outer loop
      vertex 131.149 4 27.3548
      vertex 125.694 4 27.4415
      vertex 131.306 4 27.4415
    endloop
  endfacet
  facet normal 0 1 0
    outer loop
      vertex 131.149 4 27.3548
      vertex 125.851 4 27.3548
      vertex 125.694 4 27.4415
    endloop
  endfacet
  facet normal 0 1 -0
    outer loop
      vertex 131.002 4 27.2509
      vertex 125.851 4 27.3548
      vertex 131.149 4 27.3548
    endloop
  endfacet
  facet normal 0 1 0
    outer loop
      vertex 131.002 4 27.2509
      vertex 125.998 4 27.2509
      vertex 125.851 4 27.3548
    endloop
  endfacet
  facet normal 0 1 -0
    outer loop
      vertex 130.869 4 27.1314
      vertex 125.998 4 27.2509
      vertex 131.002 4 27.2509
    endloop
  endfacet
  facet normal 0 1 0
    outer loop
      vertex 130.869 4 27.1314
      vertex 126.131 4 27.1314
      vertex 125.998 4 27.2509
    endloop
  endfacet
  facet normal 0 1 -0
    outer loop
      vertex 130.749 4 26.9976
      vertex 126.131 4 27.1314
      vertex 130.869 4 27.1314
    endloop
  endfacet
  facet normal 0 1 0
    outer loop
      vertex 130.749 4 26.9976
      vertex 126.251 4 26.9976
      vertex 126.131 4 27.1314
    endloop
  endfacet
  facet normal 0 1 -0
    outer loop
      vertex 130.645 4 26.8512
      vertex 126.251 4 26.9976
      vertex 130.749 4 26.9976
    endloop
  endfacet
  facet normal 0 1 0
    outer loop
      vertex 130.645 4 26.8512
      vertex 126.355 4 26.8512
      vertex 126.251 4 26.9976
    endloop
  endfacet
  facet normal 0 1 -0
    outer loop
      vertex 130.558 4 26.6942
      vertex 126.355 4 26.8512
      vertex 130.645 4 26.8512
    endloop
  endfacet
  facet normal 0 1 0
    outer loop
      vertex 130.558 4 26.6942
      vertex 126.442 4 26.6942
      vertex 126.355 4 26.8512
    endloop
  endfacet
  facet normal 0 1 -0
    outer loop
      vertex 130.49 4 26.5284
      vertex 126.442 4 26.6942
      vertex 130.558 4 26.6942
    endloop
  endfacet
  facet normal 0 1 0
    outer loop
      vertex 130.49 4 26.5284
      vertex 126.51 4 26.5284
      vertex 126.442 4 26.6942
    endloop
  endfacet
  facet normal 0 1 -0
    outer loop
      vertex 130.44 4 26.356
      vertex 126.51 4 26.5284
      vertex 130.49 4 26.5284
    endloop
  endfacet
  facet normal 0 1 0
    outer loop
      vertex 130.44 4 26.356
      vertex 126.56 4 26.356
      vertex 126.51 4 26.5284
    endloop
  endfacet
  facet normal 0 1 -0
    outer loop
      vertex 130.41 4 26.1791
      vertex 126.56 4 26.356
      vertex 130.44 4 26.356
    endloop
  endfacet
  facet normal 0 1 0
    outer loop
      vertex 130.41 4 26.1791
      vertex 126.59 4 26.1791
      vertex 126.56 4 26.356
    endloop
  endfacet
  facet normal 0 1 -0
    outer loop
      vertex 130.4 4 26
      vertex 126.59 4 26.1791
      vertex 130.41 4 26.1791
    endloop
  endfacet
  facet normal 0 1 0
    outer loop
      vertex 130.4 4 26
      vertex 126.6 4 26
      vertex 126.59 4 26.1791
    endloop
  endfacet
  facet normal 0 1 0
    outer loop
      vertex 130.41 4 25.8209
      vertex 126.6 4 26
      vertex 130.4 4 26
    endloop
  endfacet
  facet normal 0 1 0
    outer loop
      vertex 130.41 4 25.8209
      vertex 126.59 4 25.8209
      vertex 126.6 4 26
    endloop
  endfacet
  facet normal 0 1 0
    outer loop
      vertex 130.44 4 25.644
      vertex 126.59 4 25.8209
      vertex 130.41 4 25.8209
    endloop
  endfacet
  facet normal 0 1 0
    outer loop
      vertex 130.44 4 25.644
      vertex 126.56 4 25.644
      vertex 126.59 4 25.8209
    endloop
  endfacet
  facet normal 0 1 0
    outer loop
      vertex 130.49 4 25.4716
      vertex 126.56 4 25.644
      vertex 130.44 4 25.644
    endloop
  endfacet
  facet normal 0 1 0
    outer loop
      vertex 130.49 4 25.4716
      vertex 126.51 4 25.4716
      vertex 126.56 4 25.644
    endloop
  endfacet
  facet normal 0 1 0
    outer loop
      vertex 130.558 4 25.3058
      vertex 126.51 4 25.4716
      vertex 130.49 4 25.4716
    endloop
  endfacet
  facet normal 0 1 0
    outer loop
      vertex 130.558 4 25.3058
      vertex 126.442 4 25.3058
      vertex 126.51 4 25.4716
    endloop
  endfacet
  facet normal 0 1 0
    outer loop
      vertex 130.645 4 25.1487
      vertex 126.442 4 25.3058
      vertex 130.558 4 25.3058
    endloop
  endfacet
  facet normal 0 1 0
    outer loop
      vertex 130.645 4 25.1487
      vertex 126.355 4 25.1487
      vertex 126.442 4 25.3058
    endloop
  endfacet
  facet normal 0 1 0
    outer loop
      vertex 130.749 4 25.0024
      vertex 126.355 4 25.1487
      vertex 130.645 4 25.1487
    endloop
  endfacet
  facet normal 0 1 0
    outer loop
      vertex 130.749 4 25.0024
      vertex 126.251 4 25.0024
      vertex 126.355 4 25.1487
    endloop
  endfacet
  facet normal 0 1 0
    outer loop
      vertex 130.869 4 24.8686
      vertex 126.251 4 25.0024
      vertex 130.749 4 25.0024
    endloop
  endfacet
  facet normal 0 1 0
    outer loop
      vertex 130.869 4 24.8686
      vertex 126.131 4 24.8686
      vertex 126.251 4 25.0024
    endloop
  endfacet
  facet normal 0 1 0
    outer loop
      vertex 130.869 4 20.1314
      vertex 130.869 4 24.8686
      vertex 131.002 4 24.7491
    endloop
  endfacet
  facet normal 0 1 0
    outer loop
      vertex 130.869 4 24.8686
      vertex 130.869 4 20.1314
      vertex 126.131 4 24.8686
    endloop
  endfacet
  facet normal 0 1 0
    outer loop
      vertex 131.002 4 20.2509
      vertex 131.002 4 24.7491
      vertex 131.149 4 24.6452
    endloop
  endfacet
  facet normal 0 1 0
    outer loop
      vertex 126.131 4 20.1314
      vertex 126.131 4 24.8686
      vertex 130.869 4 20.1314
    endloop
  endfacet
  facet normal 0 1 0
    outer loop
      vertex 131.149 4 20.3548
      vertex 131.149 4 24.6452
      vertex 131.306 4 24.5584
    endloop
  endfacet
  facet normal 0 1 0
    outer loop
      vertex 126.131 4 24.8686
      vertex 126.131 4 20.1314
      vertex 125.998 4 24.7491
    endloop
  endfacet
  facet normal 0 1 0
    outer loop
      vertex 131.306 4 20.4415
      vertex 131.306 4 24.5584
      vertex 131.472 4 24.4898
    endloop
  endfacet
  facet normal -0 1 0
    outer loop
      vertex 125.998 4 20.2509
      vertex 125.998 4 24.7491
      vertex 126.131 4 20.1314
    endloop
  endfacet
  facet normal 0 1 0
    outer loop
      vertex 131.472 4 20.5102
      vertex 131.472 4 24.4898
      vertex 131.644 4 24.4401
    endloop
  endfacet
  facet normal 0 1 0
    outer loop
      vertex 125.998 4 24.7491
      vertex 125.998 4 20.2509
      vertex 125.851 4 24.6452
    endloop
  endfacet
  facet normal 0 1 0
    outer loop
      vertex 131.644 4 20.5599
      vertex 131.644 4 24.4401
      vertex 131.821 4 24.4101
    endloop
  endfacet
  facet normal 0 1 0
    outer loop
      vertex 131.002 4 24.7491
      vertex 131.002 4 20.2509
      vertex 130.869 4 20.1314
    endloop
  endfacet
  facet normal 0 1 0
    outer loop
      vertex 131.821 4 20.5899
      vertex 131.821 4 24.4101
      vertex 132 4 24.4
    endloop
  endfacet
  facet normal -0 1 0
    outer loop
      vertex 125.851 4 20.3548
      vertex 125.851 4 24.6452
      vertex 125.998 4 20.2509
    endloop
  endfacet
  facet normal 0 1 -0
    outer loop
      vertex 138.644 4 27.5599
      vertex 124 4 42.5
      vertex 138.821 4 27.5899
    endloop
  endfacet
  facet normal 0 1 0
    outer loop
      vertex 124 4 42.5
      vertex 132.179 4 27.5899
      vertex 132 4 27.6
    endloop
  endfacet
  facet normal 0 1 -0
    outer loop
      vertex 132.356 4 27.5599
      vertex 124 4 42.5
      vertex 138.644 4 27.5599
    endloop
  endfacet
  facet normal 0 1 0
    outer loop
      vertex 124 4 42.5
      vertex 132.356 4 27.5599
      vertex 132.179 4 27.5899
    endloop
  endfacet
  facet normal 0 1 -0
    outer loop
      vertex 138.472 4 27.5102
      vertex 132.356 4 27.5599
      vertex 138.644 4 27.5599
    endloop
  endfacet
  facet normal 0 1 0
    outer loop
      vertex 138.472 4 27.5102
      vertex 132.528 4 27.5102
      vertex 132.356 4 27.5599
    endloop
  endfacet
  facet normal 0 1 -0
    outer loop
      vertex 138.306 4 27.4415
      vertex 132.528 4 27.5102
      vertex 138.472 4 27.5102
    endloop
  endfacet
  facet normal 0 1 0
    outer loop
      vertex 138.306 4 27.4415
      vertex 132.694 4 27.4415
      vertex 132.528 4 27.5102
    endloop
  endfacet
  facet normal 0 1 -0
    outer loop
      vertex 138.149 4 27.3548
      vertex 132.694 4 27.4415
      vertex 138.306 4 27.4415
    endloop
  endfacet
  facet normal 0 1 0
    outer loop
      vertex 138.149 4 27.3548
      vertex 132.851 4 27.3548
      vertex 132.694 4 27.4415
    endloop
  endfacet
  facet normal 0 1 -0
    outer loop
      vertex 138.002 4 27.2509
      vertex 132.851 4 27.3548
      vertex 138.149 4 27.3548
    endloop
  endfacet
  facet normal 0 1 0
    outer loop
      vertex 138.002 4 27.2509
      vertex 132.998 4 27.2509
      vertex 132.851 4 27.3548
    endloop
  endfacet
  facet normal 0 1 -0
    outer loop
      vertex 137.869 4 27.1314
      vertex 132.998 4 27.2509
      vertex 138.002 4 27.2509
    endloop
  endfacet
  facet normal 0 1 0
    outer loop
      vertex 137.869 4 27.1314
      vertex 133.131 4 27.1314
      vertex 132.998 4 27.2509
    endloop
  endfacet
  facet normal 0 1 -0
    outer loop
      vertex 137.749 4 26.9976
      vertex 133.131 4 27.1314
      vertex 137.869 4 27.1314
    endloop
  endfacet
  facet normal 0 1 0
    outer loop
      vertex 137.749 4 26.9976
      vertex 133.251 4 26.9976
      vertex 133.131 4 27.1314
    endloop
  endfacet
  facet normal 0 1 -0
    outer loop
      vertex 137.645 4 26.8512
      vertex 133.251 4 26.9976
      vertex 137.749 4 26.9976
    endloop
  endfacet
  facet normal 0 1 0
    outer loop
      vertex 137.645 4 26.8512
      vertex 133.355 4 26.8512
      vertex 133.251 4 26.9976
    endloop
  endfacet
  facet normal 0 1 -0
    outer loop
      vertex 137.558 4 26.6942
      vertex 133.355 4 26.8512
      vertex 137.645 4 26.8512
    endloop
  endfacet
  facet normal 0 1 0
    outer loop
      vertex 137.558 4 26.6942
      vertex 133.442 4 26.6942
      vertex 133.355 4 26.8512
    endloop
  endfacet
  facet normal 0 1 -0
    outer loop
      vertex 137.49 4 26.5284
      vertex 133.442 4 26.6942
      vertex 137.558 4 26.6942
    endloop
  endfacet
  facet normal 0 1 0
    outer loop
      vertex 137.49 4 26.5284
      vertex 133.51 4 26.5284
      vertex 133.442 4 26.6942
    endloop
  endfacet
  facet normal 0 1 -0
    outer loop
      vertex 137.44 4 26.356
      vertex 133.51 4 26.5284
      vertex 137.49 4 26.5284
    endloop
  endfacet
  facet normal 0 1 0
    outer loop
      vertex 137.44 4 26.356
      vertex 133.56 4 26.356
      vertex 133.51 4 26.5284
    endloop
  endfacet
  facet normal 0 1 -0
    outer loop
      vertex 137.41 4 26.1791
      vertex 133.56 4 26.356
      vertex 137.44 4 26.356
    endloop
  endfacet
  facet normal 0 1 0
    outer loop
      vertex 137.41 4 26.1791
      vertex 133.59 4 26.1791
      vertex 133.56 4 26.356
    endloop
  endfacet
  facet normal 0 1 -0
    outer loop
      vertex 137.4 4 26
      vertex 133.59 4 26.1791
      vertex 137.41 4 26.1791
    endloop
  endfacet
  facet normal 0 1 0
    outer loop
      vertex 137.4 4 26
      vertex 133.6 4 26
      vertex 133.59 4 26.1791
    endloop
  endfacet
  facet normal 0 1 0
    outer loop
      vertex 137.41 4 25.8209
      vertex 133.6 4 26
      vertex 137.4 4 26
    endloop
  endfacet
  facet normal 0 1 0
    outer loop
      vertex 137.41 4 25.8209
      vertex 133.59 4 25.8209
      vertex 133.6 4 26
    endloop
  endfacet
  facet normal 0 1 0
    outer loop
      vertex 137.44 4 25.644
      vertex 133.59 4 25.8209
      vertex 137.41 4 25.8209
    endloop
  endfacet
  facet normal 0 1 0
    outer loop
      vertex 137.44 4 25.644
      vertex 133.56 4 25.644
      vertex 133.59 4 25.8209
    endloop
  endfacet
  facet normal 0 1 0
    outer loop
      vertex 137.49 4 25.4716
      vertex 133.56 4 25.644
      vertex 137.44 4 25.644
    endloop
  endfacet
  facet normal 0 1 0
    outer loop
      vertex 137.49 4 25.4716
      vertex 133.51 4 25.4716
      vertex 133.56 4 25.644
    endloop
  endfacet
  facet normal 0 1 0
    outer loop
      vertex 137.558 4 25.3058
      vertex 133.51 4 25.4716
      vertex 137.49 4 25.4716
    endloop
  endfacet
  facet normal 0 1 0
    outer loop
      vertex 137.558 4 25.3058
      vertex 133.442 4 25.3058
      vertex 133.51 4 25.4716
    endloop
  endfacet
  facet normal 0 1 0
    outer loop
      vertex 137.645 4 25.1487
      vertex 133.442 4 25.3058
      vertex 137.558 4 25.3058
    endloop
  endfacet
  facet normal 0 1 0
    outer loop
      vertex 137.645 4 25.1487
      vertex 133.355 4 25.1487
      vertex 133.442 4 25.3058
    endloop
  endfacet
  facet normal 0 1 0
    outer loop
      vertex 137.749 4 25.0024
      vertex 133.355 4 25.1487
      vertex 137.645 4 25.1487
    endloop
  endfacet
  facet normal 0 1 0
    outer loop
      vertex 137.749 4 25.0024
      vertex 133.251 4 25.0024
      vertex 133.355 4 25.1487
    endloop
  endfacet
  facet normal 0 1 0
    outer loop
      vertex 137.869 4 24.8686
      vertex 133.251 4 25.0024
      vertex 137.749 4 25.0024
    endloop
  endfacet
  facet normal 0 1 0
    outer loop
      vertex 137.869 4 24.8686
      vertex 133.131 4 24.8686
      vertex 133.251 4 25.0024
    endloop
  endfacet
  facet normal 0 1 0
    outer loop
      vertex 137.869 4 20.1314
      vertex 137.869 4 24.8686
      vertex 138.002 4 24.7491
    endloop
  endfacet
  facet normal 0 1 0
    outer loop
      vertex 137.869 4 24.8686
      vertex 137.869 4 20.1314
      vertex 133.131 4 24.8686
    endloop
  endfacet
  facet normal 0 1 0
    outer loop
      vertex 138.002 4 20.2509
      vertex 138.002 4 24.7491
      vertex 138.149 4 24.6452
    endloop
  endfacet
  facet normal 0 1 0
    outer loop
      vertex 133.131 4 20.1314
      vertex 133.131 4 24.8686
      vertex 137.869 4 20.1314
    endloop
  endfacet
  facet normal 0 1 0
    outer loop
      vertex 138.149 4 20.3548
      vertex 138.149 4 24.6452
      vertex 138.306 4 24.5584
    endloop
  endfacet
  facet normal 0 1 0
    outer loop
      vertex 133.131 4 24.8686
      vertex 133.131 4 20.1314
      vertex 132.998 4 24.7491
    endloop
  endfacet
  facet normal 0 1 0
    outer loop
      vertex 138.306 4 20.4415
      vertex 138.306 4 24.5584
      vertex 138.472 4 24.4898
    endloop
  endfacet
  facet normal -0 1 0
    outer loop
      vertex 132.998 4 20.2509
      vertex 132.998 4 24.7491
      vertex 133.131 4 20.1314
    endloop
  endfacet
  facet normal 0 1 0
    outer loop
      vertex 138.472 4 20.5102
      vertex 138.472 4 24.4898
      vertex 138.644 4 24.4401
    endloop
  endfacet
  facet normal 0 1 0
    outer loop
      vertex 132.998 4 24.7491
      vertex 132.998 4 20.2509
      vertex 132.851 4 24.6452
    endloop
  endfacet
  facet normal 0 1 0
    outer loop
      vertex 138.644 4 20.5599
      vertex 138.644 4 24.4401
      vertex 138.821 4 24.4101
    endloop
  endfacet
  facet normal 0 1 0
    outer loop
      vertex 138.002 4 24.7491
      vertex 138.002 4 20.2509
      vertex 137.869 4 20.1314
    endloop
  endfacet
  facet normal 0 1 0
    outer loop
      vertex 138.821 4 20.5899
      vertex 138.821 4 24.4101
      vertex 139 4 24.4
    endloop
  endfacet
  facet normal -0 1 0
    outer loop
      vertex 132.851 4 20.3548
      vertex 132.851 4 24.6452
      vertex 132.998 4 20.2509
    endloop
  endfacet
  facet normal 0 1 0
    outer loop
      vertex 52.9839 4 25.2898
      vertex 50.1344 4 20.1925
      vertex 50 4 20.2
    endloop
  endfacet
  facet normal 0 1 0
    outer loop
      vertex 53.733 4 24.7583
      vertex 50.267 4 20.1699
      vertex 50.1344 4 20.1925
    endloop
  endfacet
  facet normal 0 1 0
    outer loop
      vertex 53.733 4 24.7583
      vertex 50.3963 4 20.1327
      vertex 50.267 4 20.1699
    endloop
  endfacet
  facet normal 0 1 0
    outer loop
      vertex 50.9382 4 19.7482
      vertex 55.8832 4 20.3301
      vertex 55.7476 4 20.0847
    endloop
  endfacet
  facet normal 0 1 0
    outer loop
      vertex 53.733 4 24.7583
      vertex 50.5207 4 20.0812
      vertex 50.3963 4 20.1327
    endloop
  endfacet
  facet normal 0 1 0
    outer loop
      vertex 53.733 4 24.7583
      vertex 50.6384 4 20.0161
      vertex 50.5207 4 20.0812
    endloop
  endfacet
  facet normal 0 1 0
    outer loop
      vertex 53.733 4 24.7583
      vertex 50.7482 4 19.9382
      vertex 50.6384 4 20.0161
    endloop
  endfacet
  facet normal 0 1 0
    outer loop
      vertex 53.733 4 24.7583
      vertex 50.8485 4 19.8485
      vertex 50.7482 4 19.9382
    endloop
  endfacet
  facet normal 0 1 0
    outer loop
      vertex 51.0161 4 19.6384
      vertex 55.7476 4 20.0847
      vertex 55.6403 4 19.8257
    endloop
  endfacet
  facet normal 0 1 0
    outer loop
      vertex 53.733 4 24.7583
      vertex 50.9382 4 19.7482
      vertex 50.8485 4 19.8485
    endloop
  endfacet
  facet normal 0 1 0
    outer loop
      vertex 55.7476 4 20.0847
      vertex 51.0161 4 19.6384
      vertex 50.9382 4 19.7482
    endloop
  endfacet
  facet normal 0 1 0
    outer loop
      vertex 51.0812 4 19.5207
      vertex 55.6403 4 19.8257
      vertex 55.5627 4 19.5563
    endloop
  endfacet
  facet normal 0 1 0
    outer loop
      vertex 55.6403 4 19.8257
      vertex 51.0812 4 19.5207
      vertex 51.0161 4 19.6384
    endloop
  endfacet
  facet normal 0 1 0
    outer loop
      vertex 55.5627 4 19.5563
      vertex 51.1327 4 19.3963
      vertex 51.0812 4 19.5207
    endloop
  endfacet
  facet normal 0 1 0
    outer loop
      vertex 51.1699 4 19.267
      vertex 55.5627 4 19.5563
      vertex 55.5157 4 19.2799
    endloop
  endfacet
  facet normal 0 1 0
    outer loop
      vertex 55.5627 4 19.5563
      vertex 51.1699 4 19.267
      vertex 51.1327 4 19.3963
    endloop
  endfacet
  facet normal 0 1 0
    outer loop
      vertex 55.5157 4 19.2799
      vertex 51.1925 4 19.1344
      vertex 51.1699 4 19.267
    endloop
  endfacet
  facet normal 0 1 -0
    outer loop
      vertex 55.5 4 19
      vertex 51.1925 4 19.1344
      vertex 55.5157 4 19.2799
    endloop
  endfacet
  facet normal 0 1 0
    outer loop
      vertex 55.5 4 19
      vertex 51.2 4 19
      vertex 51.1925 4 19.1344
    endloop
  endfacet
  facet normal 0 1 0
    outer loop
      vertex 55.5 4 19
      vertex 51.1925 4 18.8656
      vertex 51.2 4 19
    endloop
  endfacet
  facet normal 0 1 0
    outer loop
      vertex 55.5157 4 18.7201
      vertex 51.1925 4 18.8656
      vertex 55.5 4 19
    endloop
  endfacet
  facet normal 0 1 0
    outer loop
      vertex 51.1925 4 18.8656
      vertex 55.5157 4 18.7201
      vertex 51.1699 4 18.733
    endloop
  endfacet
  facet normal 0 1 0
    outer loop
      vertex 55.5627 4 18.4437
      vertex 51.1699 4 18.733
      vertex 55.5157 4 18.7201
    endloop
  endfacet
  facet normal 0 1 0
    outer loop
      vertex 51.1699 4 18.733
      vertex 55.5627 4 18.4437
      vertex 51.1327 4 18.6037
    endloop
  endfacet
  facet normal 0 1 0
    outer loop
      vertex 51.1327 4 18.6037
      vertex 55.5627 4 18.4437
      vertex 51.0812 4 18.4793
    endloop
  endfacet
  facet normal 0 1 0
    outer loop
      vertex 55.6403 4 18.1743
      vertex 51.0812 4 18.4793
      vertex 55.5627 4 18.4437
    endloop
  endfacet
  facet normal 0 1 0
    outer loop
      vertex 51.0812 4 18.4793
      vertex 55.6403 4 18.1743
      vertex 51.0161 4 18.3616
    endloop
  endfacet
  facet normal 0 1 0
    outer loop
      vertex 55.7476 4 17.9153
      vertex 51.0161 4 18.3616
      vertex 55.6403 4 18.1743
    endloop
  endfacet
  facet normal 0 1 0
    outer loop
      vertex 51.0161 4 18.3616
      vertex 55.7476 4 17.9153
      vertex 50.9382 4 18.2518
    endloop
  endfacet
  facet normal 0 1 0
    outer loop
      vertex 55.8832 4 17.6699
      vertex 50.9382 4 18.2518
      vertex 55.7476 4 17.9153
    endloop
  endfacet
  facet normal 0 1 -0
    outer loop
      vertex 53.733 4 13.2417
      vertex 50.9382 4 18.2518
      vertex 55.8832 4 17.6699
    endloop
  endfacet
  facet normal 0 1 0
    outer loop
      vertex 50.9382 4 18.2518
      vertex 53.733 4 13.2417
      vertex 50.8485 4 18.1515
    endloop
  endfacet
  facet normal 0 1 -0
    outer loop
      vertex 53.6037 4 13.2045
      vertex 50.8485 4 18.1515
      vertex 53.733 4 13.2417
    endloop
  endfacet
  facet normal 0 1 0
    outer loop
      vertex 50.8485 4 18.1515
      vertex 53.6037 4 13.2045
      vertex 50.7482 4 18.0618
    endloop
  endfacet
  facet normal 0 1 0
    outer loop
      vertex 50.7482 4 18.0618
      vertex 53.4793 4 13.153
      vertex 50.6384 4 17.9839
    endloop
  endfacet
  facet normal 0 1 -0
    outer loop
      vertex 53.3616 4 13.0879
      vertex 50.6384 4 17.9839
      vertex 53.4793 4 13.153
    endloop
  endfacet
  facet normal 0 1 0
    outer loop
      vertex 50.6384 4 17.9839
      vertex 53.3616 4 13.0879
      vertex 50.5207 4 17.9188
    endloop
  endfacet
  facet normal 0 1 -0
    outer loop
      vertex 53.4793 4 13.153
      vertex 50.7482 4 18.0618
      vertex 53.6037 4 13.2045
    endloop
  endfacet
  facet normal 0 1 0
    outer loop
      vertex 59.0847 4 21.2524
      vertex 65.733 4 20.1699
      vertex 59.3301 4 21.1168
    endloop
  endfacet
  facet normal 0 1 0
    outer loop
      vertex 125 4 24.4
      vertex 66.267 4 20.1699
      vertex 66.1344 4 20.1925
    endloop
  endfacet
  facet normal 0 1 0
    outer loop
      vertex 125 4 24.4
      vertex 66.3963 4 20.1327
      vertex 66.267 4 20.1699
    endloop
  endfacet
  facet normal 0 1 0
    outer loop
      vertex 123.749 4 19.9976
      vertex 125 4 24.4
      vertex 123.869 4 20.1314
    endloop
  endfacet
  facet normal 0 1 0
    outer loop
      vertex 125 4 24.4
      vertex 66.5207 4 20.0812
      vertex 66.3963 4 20.1327
    endloop
  endfacet
  facet normal 0 1 0
    outer loop
      vertex 125 4 24.4
      vertex 66.6384 4 20.0161
      vertex 66.5207 4 20.0812
    endloop
  endfacet
  facet normal 0 1 0
    outer loop
      vertex 123.645 4 19.8512
      vertex 125 4 24.4
      vertex 123.749 4 19.9976
    endloop
  endfacet
  facet normal 0 1 0
    outer loop
      vertex 125 4 24.4
      vertex 66.7482 4 19.9382
      vertex 66.6384 4 20.0161
    endloop
  endfacet
  facet normal 0 1 0
    outer loop
      vertex 123.558 4 19.6942
      vertex 125 4 24.4
      vertex 123.645 4 19.8512
    endloop
  endfacet
  facet normal 0 1 0
    outer loop
      vertex 125 4 24.4
      vertex 66.8485 4 19.8485
      vertex 66.7482 4 19.9382
    endloop
  endfacet
  facet normal 0 1 0
    outer loop
      vertex 125 4 24.4
      vertex 66.9382 4 19.7482
      vertex 66.8485 4 19.8485
    endloop
  endfacet
  facet normal 0 1 0
    outer loop
      vertex 123.49 4 19.5284
      vertex 125 4 24.4
      vertex 123.558 4 19.6942
    endloop
  endfacet
  facet normal 0 1 0
    outer loop
      vertex 125 4 24.4
      vertex 67.0161 4 19.6384
      vertex 66.9382 4 19.7482
    endloop
  endfacet
  facet normal 0 1 0
    outer loop
      vertex 125 4 24.4
      vertex 123.49 4 19.5284
      vertex 67.0812 4 19.5207
    endloop
  endfacet
  facet normal 0 1 0
    outer loop
      vertex 125 4 24.4
      vertex 67.0812 4 19.5207
      vertex 67.0161 4 19.6384
    endloop
  endfacet
  facet normal 0 1 0
    outer loop
      vertex 123.49 4 19.5284
      vertex 67.1327 4 19.3963
      vertex 67.0812 4 19.5207
    endloop
  endfacet
  facet normal 0 1 -0
    outer loop
      vertex 123.44 4 19.356
      vertex 67.1327 4 19.3963
      vertex 123.49 4 19.5284
    endloop
  endfacet
  facet normal 0 1 0
    outer loop
      vertex 123.44 4 19.356
      vertex 67.1699 4 19.267
      vertex 67.1327 4 19.3963
    endloop
  endfacet
  facet normal 0 1 -0
    outer loop
      vertex 123.41 4 19.1791
      vertex 67.1699 4 19.267
      vertex 123.44 4 19.356
    endloop
  endfacet
  facet normal 0 1 0
    outer loop
      vertex 123.41 4 19.1791
      vertex 67.1925 4 19.1344
      vertex 67.1699 4 19.267
    endloop
  endfacet
  facet normal 0 1 -0
    outer loop
      vertex 123.4 4 19
      vertex 67.1925 4 19.1344
      vertex 123.41 4 19.1791
    endloop
  endfacet
  facet normal 0 1 0
    outer loop
      vertex 123.4 4 19
      vertex 67.2 4 19
      vertex 67.1925 4 19.1344
    endloop
  endfacet
  facet normal 0 1 0
    outer loop
      vertex 123.4 4 19
      vertex 67.1925 4 18.8656
      vertex 67.2 4 19
    endloop
  endfacet
  facet normal 0 1 0
    outer loop
      vertex 123.41 4 18.8209
      vertex 67.1925 4 18.8656
      vertex 123.4 4 19
    endloop
  endfacet
  facet normal 0 1 0
    outer loop
      vertex 123.49 4 18.4716
      vertex 123.49 4 12.5284
      vertex 123.44 4 18.644
    endloop
  endfacet
  facet normal 0 1 0
    outer loop
      vertex 123.558 4 18.3058
      vertex 123.558 4 12.6942
      vertex 123.49 4 18.4716
    endloop
  endfacet
  facet normal 0 1 0
    outer loop
      vertex 123.645 4 12.8513
      vertex 123.645 4 18.1487
      vertex 123.749 4 12.9976
    endloop
  endfacet
  facet normal 0 1 0
    outer loop
      vertex 123.645 4 18.1487
      vertex 123.645 4 12.8513
      vertex 123.558 4 18.3058
    endloop
  endfacet
  facet normal 0 1 0
    outer loop
      vertex 123.749 4 18.0024
      vertex 123.749 4 12.9976
      vertex 123.645 4 18.1487
    endloop
  endfacet
  facet normal 0 1 0
    outer loop
      vertex 123.558 4 12.6942
      vertex 123.558 4 18.3058
      vertex 123.645 4 12.8513
    endloop
  endfacet
  facet normal 0 1 0
    outer loop
      vertex 123.749 4 12.9976
      vertex 123.749 4 18.0024
      vertex 123.869 4 13.1314
    endloop
  endfacet
  facet normal 0 1 0
    outer loop
      vertex 123.49 4 12.5284
      vertex 123.49 4 18.4716
      vertex 123.558 4 12.6942
    endloop
  endfacet
  facet normal 0 1 0
    outer loop
      vertex 123.44 4 12.356
      vertex 123.44 4 18.644
      vertex 123.49 4 12.5284
    endloop
  endfacet
  facet normal 0 1 0
    outer loop
      vertex 123.869 4 17.8686
      vertex 123.869 4 13.1314
      vertex 123.749 4 18.0024
    endloop
  endfacet
  facet normal 0 1 0
    outer loop
      vertex 123.44 4 18.644
      vertex 123.44 4 12.356
      vertex 123.41 4 18.8209
    endloop
  endfacet
  facet normal 0 1 0
    outer loop
      vertex 123.869 4 13.1314
      vertex 123.869 4 17.8686
      vertex 124.002 4 13.2509
    endloop
  endfacet
  facet normal 0 1 0
    outer loop
      vertex 123.41 4 12.1791
      vertex 123.41 4 18.8209
      vertex 123.44 4 12.356
    endloop
  endfacet
  facet normal 0 1 0
    outer loop
      vertex 123.41 4 18.8209
      vertex 123.41 4 12.1791
      vertex 67.1925 4 18.8656
    endloop
  endfacet
  facet normal 0 1 0
    outer loop
      vertex 124.002 4 17.7491
      vertex 124.002 4 13.2509
      vertex 123.869 4 17.8686
    endloop
  endfacet
  facet normal 0 1 0
    outer loop
      vertex 62.1344 4 13.2643
      vertex 66.6384 4 17.9839
      vertex 66.7482 4 18.0618
    endloop
  endfacet
  facet normal 0 1 0
    outer loop
      vertex 62.1344 4 13.2643
      vertex 66.5207 4 17.9188
      vertex 66.6384 4 17.9839
    endloop
  endfacet
  facet normal 0 1 0
    outer loop
      vertex 62.1344 4 13.2643
      vertex 66.3963 4 17.8673
      vertex 66.5207 4 17.9188
    endloop
  endfacet
  facet normal 0 1 0
    outer loop
      vertex 62.1344 4 13.2643
      vertex 66.267 4 17.8301
      vertex 66.3963 4 17.8673
    endloop
  endfacet
  facet normal 0 1 0
    outer loop
      vertex 124.002 4 13.2509
      vertex 124.002 4 17.7491
      vertex 124.149 4 13.3548
    endloop
  endfacet
  facet normal 0 1 0
    outer loop
      vertex 131.644 4 24.4401
      vertex 131.644 4 20.5599
      vertex 131.472 4 20.5102
    endloop
  endfacet
  facet normal 0 1 0
    outer loop
      vertex 125 4 24.4
      vertex 125.179 4 20.5899
      vertex 125 4 20.6
    endloop
  endfacet
  facet normal 0 1 0
    outer loop
      vertex 131.472 4 24.4898
      vertex 131.472 4 20.5102
      vertex 131.306 4 20.4415
    endloop
  endfacet
  facet normal 0 1 0
    outer loop
      vertex 125.179 4 24.4101
      vertex 125.179 4 20.5899
      vertex 125 4 24.4
    endloop
  endfacet
  facet normal 0 1 0
    outer loop
      vertex 131.306 4 24.5584
      vertex 131.306 4 20.4415
      vertex 131.149 4 20.3548
    endloop
  endfacet
  facet normal -0 1 0
    outer loop
      vertex 125.179 4 20.5899
      vertex 125.179 4 24.4101
      vertex 125.356 4 20.5599
    endloop
  endfacet
  facet normal 0 1 0
    outer loop
      vertex 131.149 4 24.6452
      vertex 131.149 4 20.3548
      vertex 131.002 4 20.2509
    endloop
  endfacet
  facet normal 0 1 0
    outer loop
      vertex 125.356 4 24.4401
      vertex 125.356 4 20.5599
      vertex 125.179 4 24.4101
    endloop
  endfacet
  facet normal 0 1 0
    outer loop
      vertex 125.694 4 24.5584
      vertex 125.694 4 20.4415
      vertex 125.528 4 24.4898
    endloop
  endfacet
  facet normal -0 1 0
    outer loop
      vertex 125.356 4 20.5599
      vertex 125.356 4 24.4401
      vertex 125.528 4 20.5102
    endloop
  endfacet
  facet normal -0 1 0
    outer loop
      vertex 125.528 4 20.5102
      vertex 125.528 4 24.4898
      vertex 125.694 4 20.4415
    endloop
  endfacet
  facet normal 0 1 0
    outer loop
      vertex 125.528 4 24.4898
      vertex 125.528 4 20.5102
      vertex 125.356 4 24.4401
    endloop
  endfacet
  facet normal 0 1 0
    outer loop
      vertex 125.851 4 24.6452
      vertex 125.851 4 20.3548
      vertex 125.694 4 24.5584
    endloop
  endfacet
  facet normal -0 1 0
    outer loop
      vertex 125.694 4 20.4415
      vertex 125.694 4 24.5584
      vertex 125.851 4 20.3548
    endloop
  endfacet
  facet normal 0 1 -0
    outer loop
      vertex 130.749 4 19.9976
      vertex 126.131 4 20.1314
      vertex 130.869 4 20.1314
    endloop
  endfacet
  facet normal 0 1 0
    outer loop
      vertex 130.749 4 19.9976
      vertex 126.251 4 19.9976
      vertex 126.131 4 20.1314
    endloop
  endfacet
  facet normal 0 1 -0
    outer loop
      vertex 130.645 4 19.8512
      vertex 126.251 4 19.9976
      vertex 130.749 4 19.9976
    endloop
  endfacet
  facet normal 0 1 0
    outer loop
      vertex 130.645 4 19.8512
      vertex 126.355 4 19.8512
      vertex 126.251 4 19.9976
    endloop
  endfacet
  facet normal 0 1 -0
    outer loop
      vertex 130.558 4 19.6942
      vertex 126.355 4 19.8512
      vertex 130.645 4 19.8512
    endloop
  endfacet
  facet normal 0 1 0
    outer loop
      vertex 130.558 4 19.6942
      vertex 126.442 4 19.6942
      vertex 126.355 4 19.8512
    endloop
  endfacet
  facet normal 0 1 -0
    outer loop
      vertex 130.49 4 19.5284
      vertex 126.442 4 19.6942
      vertex 130.558 4 19.6942
    endloop
  endfacet
  facet normal 0 1 0
    outer loop
      vertex 130.49 4 19.5284
      vertex 126.51 4 19.5284
      vertex 126.442 4 19.6942
    endloop
  endfacet
  facet normal 0 1 -0
    outer loop
      vertex 130.44 4 19.356
      vertex 126.51 4 19.5284
      vertex 130.49 4 19.5284
    endloop
  endfacet
  facet normal 0 1 0
    outer loop
      vertex 130.44 4 19.356
      vertex 126.56 4 19.356
      vertex 126.51 4 19.5284
    endloop
  endfacet
  facet normal 0 1 -0
    outer loop
      vertex 130.41 4 19.1791
      vertex 126.56 4 19.356
      vertex 130.44 4 19.356
    endloop
  endfacet
  facet normal 0 1 0
    outer loop
      vertex 130.41 4 19.1791
      vertex 126.59 4 19.1791
      vertex 126.56 4 19.356
    endloop
  endfacet
  facet normal 0 1 -0
    outer loop
      vertex 130.4 4 19
      vertex 126.59 4 19.1791
      vertex 130.41 4 19.1791
    endloop
  endfacet
  facet normal 0 1 0
    outer loop
      vertex 130.4 4 19
      vertex 126.6 4 19
      vertex 126.59 4 19.1791
    endloop
  endfacet
  facet normal 0 1 0
    outer loop
      vertex 130.41 4 18.8209
      vertex 126.6 4 19
      vertex 130.4 4 19
    endloop
  endfacet
  facet normal 0 1 0
    outer loop
      vertex 130.41 4 18.8209
      vertex 126.59 4 18.8209
      vertex 126.6 4 19
    endloop
  endfacet
  facet normal 0 1 0
    outer loop
      vertex 130.44 4 18.644
      vertex 126.59 4 18.8209
      vertex 130.41 4 18.8209
    endloop
  endfacet
  facet normal 0 1 0
    outer loop
      vertex 130.44 4 18.644
      vertex 126.56 4 18.644
      vertex 126.59 4 18.8209
    endloop
  endfacet
  facet normal 0 1 0
    outer loop
      vertex 130.49 4 18.4716
      vertex 126.56 4 18.644
      vertex 130.44 4 18.644
    endloop
  endfacet
  facet normal 0 1 0
    outer loop
      vertex 130.49 4 18.4716
      vertex 126.51 4 18.4716
      vertex 126.56 4 18.644
    endloop
  endfacet
  facet normal 0 1 0
    outer loop
      vertex 130.558 4 18.3058
      vertex 126.51 4 18.4716
      vertex 130.49 4 18.4716
    endloop
  endfacet
  facet normal 0 1 0
    outer loop
      vertex 130.558 4 18.3058
      vertex 126.442 4 18.3058
      vertex 126.51 4 18.4716
    endloop
  endfacet
  facet normal 0 1 0
    outer loop
      vertex 130.645 4 18.1487
      vertex 126.442 4 18.3058
      vertex 130.558 4 18.3058
    endloop
  endfacet
  facet normal 0 1 0
    outer loop
      vertex 130.645 4 18.1487
      vertex 126.355 4 18.1487
      vertex 126.442 4 18.3058
    endloop
  endfacet
  facet normal 0 1 0
    outer loop
      vertex 130.749 4 18.0024
      vertex 126.355 4 18.1487
      vertex 130.645 4 18.1487
    endloop
  endfacet
  facet normal 0 1 0
    outer loop
      vertex 130.749 4 18.0024
      vertex 126.251 4 18.0024
      vertex 126.355 4 18.1487
    endloop
  endfacet
  facet normal 0 1 0
    outer loop
      vertex 130.869 4 17.8686
      vertex 126.251 4 18.0024
      vertex 130.749 4 18.0024
    endloop
  endfacet
  facet normal 0 1 0
    outer loop
      vertex 130.869 4 17.8686
      vertex 126.131 4 17.8686
      vertex 126.251 4 18.0024
    endloop
  endfacet
  facet normal 0 1 0
    outer loop
      vertex 131.306 4 17.5584
      vertex 131.306 4 13.4415
      vertex 131.149 4 17.6452
    endloop
  endfacet
  facet normal 0 1 0
    outer loop
      vertex 131.149 4 13.3548
      vertex 131.149 4 17.6452
      vertex 131.306 4 13.4415
    endloop
  endfacet
  facet normal 0 1 0
    outer loop
      vertex 131.472 4 13.5102
      vertex 131.472 4 17.4898
      vertex 131.644 4 13.5599
    endloop
  endfacet
  facet normal 0 1 0
    outer loop
      vertex 131.472 4 17.4898
      vertex 131.472 4 13.5102
      vertex 131.306 4 17.5584
    endloop
  endfacet
  facet normal 0 1 0
    outer loop
      vertex 131.644 4 17.4401
      vertex 131.644 4 13.5599
      vertex 131.472 4 17.4898
    endloop
  endfacet
  facet normal 0 1 0
    outer loop
      vertex 131.306 4 13.4415
      vertex 131.306 4 17.5584
      vertex 131.472 4 13.5102
    endloop
  endfacet
  facet normal 0 1 0
    outer loop
      vertex 131.644 4 13.5599
      vertex 131.644 4 17.4401
      vertex 131.821 4 13.5899
    endloop
  endfacet
  facet normal 0 1 0
    outer loop
      vertex 125.998 4 17.7491
      vertex 125 4 13.6
      vertex 125.851 4 17.6452
    endloop
  endfacet
  facet normal 0 1 0
    outer loop
      vertex 131.821 4 17.4101
      vertex 131.821 4 13.5899
      vertex 131.644 4 17.4401
    endloop
  endfacet
  facet normal 0 1 0
    outer loop
      vertex 125.851 4 17.6452
      vertex 125 4 13.6
      vertex 125.694 4 17.5584
    endloop
  endfacet
  facet normal 0 1 0
    outer loop
      vertex 131.821 4 13.5899
      vertex 131.821 4 17.4101
      vertex 132 4 13.6
    endloop
  endfacet
  facet normal 0 1 0
    outer loop
      vertex 125.694 4 17.5584
      vertex 125 4 13.6
      vertex 125.528 4 17.4898
    endloop
  endfacet
  facet normal 0 1 -0
    outer loop
      vertex 132 4 13.6
      vertex 131.821 4 17.4101
      vertex 132 4 17.4
    endloop
  endfacet
  facet normal 0 1 0
    outer loop
      vertex 125.528 4 17.4898
      vertex 125 4 13.6
      vertex 125.356 4 17.4401
    endloop
  endfacet
  facet normal 0 1 0
    outer loop
      vertex 138.644 4 24.4401
      vertex 138.644 4 20.5599
      vertex 138.472 4 20.5102
    endloop
  endfacet
  facet normal 0 1 0
    outer loop
      vertex 132 4 24.4
      vertex 132.179 4 20.5899
      vertex 132 4 20.6
    endloop
  endfacet
  facet normal 0 1 0
    outer loop
      vertex 138.472 4 24.4898
      vertex 138.472 4 20.5102
      vertex 138.306 4 20.4415
    endloop
  endfacet
  facet normal 0 1 0
    outer loop
      vertex 132.179 4 24.4101
      vertex 132.179 4 20.5899
      vertex 132 4 24.4
    endloop
  endfacet
  facet normal 0 1 0
    outer loop
      vertex 138.306 4 24.5584
      vertex 138.306 4 20.4415
      vertex 138.149 4 20.3548
    endloop
  endfacet
  facet normal -0 1 0
    outer loop
      vertex 132.179 4 20.5899
      vertex 132.179 4 24.4101
      vertex 132.356 4 20.5599
    endloop
  endfacet
  facet normal 0 1 0
    outer loop
      vertex 138.149 4 24.6452
      vertex 138.149 4 20.3548
      vertex 138.002 4 20.2509
    endloop
  endfacet
  facet normal 0 1 0
    outer loop
      vertex 132.356 4 24.4401
      vertex 132.356 4 20.5599
      vertex 132.179 4 24.4101
    endloop
  endfacet
  facet normal 0 1 0
    outer loop
      vertex 132.694 4 24.5584
      vertex 132.694 4 20.4415
      vertex 132.528 4 24.4898
    endloop
  endfacet
  facet normal -0 1 0
    outer loop
      vertex 132.356 4 20.5599
      vertex 132.356 4 24.4401
      vertex 132.528 4 20.5102
    endloop
  endfacet
  facet normal -0 1 0
    outer loop
      vertex 132.528 4 20.5102
      vertex 132.528 4 24.4898
      vertex 132.694 4 20.4415
    endloop
  endfacet
  facet normal 0 1 0
    outer loop
      vertex 132.528 4 24.4898
      vertex 132.528 4 20.5102
      vertex 132.356 4 24.4401
    endloop
  endfacet
  facet normal 0 1 0
    outer loop
      vertex 132.851 4 24.6452
      vertex 132.851 4 20.3548
      vertex 132.694 4 24.5584
    endloop
  endfacet
  facet normal -0 1 0
    outer loop
      vertex 132.694 4 20.4415
      vertex 132.694 4 24.5584
      vertex 132.851 4 20.3548
    endloop
  endfacet
  facet normal 0 1 -0
    outer loop
      vertex 137.749 4 19.9976
      vertex 133.131 4 20.1314
      vertex 137.869 4 20.1314
    endloop
  endfacet
  facet normal 0 1 0
    outer loop
      vertex 137.749 4 19.9976
      vertex 133.251 4 19.9976
      vertex 133.131 4 20.1314
    endloop
  endfacet
  facet normal 0 1 -0
    outer loop
      vertex 137.645 4 19.8512
      vertex 133.251 4 19.9976
      vertex 137.749 4 19.9976
    endloop
  endfacet
  facet normal 0 1 0
    outer loop
      vertex 137.645 4 19.8512
      vertex 133.355 4 19.8512
      vertex 133.251 4 19.9976
    endloop
  endfacet
  facet normal 0 1 -0
    outer loop
      vertex 137.558 4 19.6942
      vertex 133.355 4 19.8512
      vertex 137.645 4 19.8512
    endloop
  endfacet
  facet normal 0 1 0
    outer loop
      vertex 137.558 4 19.6942
      vertex 133.442 4 19.6942
      vertex 133.355 4 19.8512
    endloop
  endfacet
  facet normal 0 1 -0
    outer loop
      vertex 137.49 4 19.5284
      vertex 133.442 4 19.6942
      vertex 137.558 4 19.6942
    endloop
  endfacet
  facet normal 0 1 0
    outer loop
      vertex 137.49 4 19.5284
      vertex 133.51 4 19.5284
      vertex 133.442 4 19.6942
    endloop
  endfacet
  facet normal 0 1 -0
    outer loop
      vertex 137.44 4 19.356
      vertex 133.51 4 19.5284
      vertex 137.49 4 19.5284
    endloop
  endfacet
  facet normal 0 1 0
    outer loop
      vertex 137.44 4 19.356
      vertex 133.56 4 19.356
      vertex 133.51 4 19.5284
    endloop
  endfacet
  facet normal 0 1 -0
    outer loop
      vertex 137.41 4 19.1791
      vertex 133.56 4 19.356
      vertex 137.44 4 19.356
    endloop
  endfacet
  facet normal 0 1 0
    outer loop
      vertex 137.41 4 19.1791
      vertex 133.59 4 19.1791
      vertex 133.56 4 19.356
    endloop
  endfacet
  facet normal 0 1 -0
    outer loop
      vertex 137.4 4 19
      vertex 133.59 4 19.1791
      vertex 137.41 4 19.1791
    endloop
  endfacet
  facet normal 0 1 0
    outer loop
      vertex 137.4 4 19
      vertex 133.6 4 19
      vertex 133.59 4 19.1791
    endloop
  endfacet
  facet normal 0 1 0
    outer loop
      vertex 137.41 4 18.8209
      vertex 133.6 4 19
      vertex 137.4 4 19
    endloop
  endfacet
  facet normal 0 1 0
    outer loop
      vertex 137.41 4 18.8209
      vertex 133.59 4 18.8209
      vertex 133.6 4 19
    endloop
  endfacet
  facet normal 0 1 0
    outer loop
      vertex 137.44 4 18.644
      vertex 133.59 4 18.8209
      vertex 137.41 4 18.8209
    endloop
  endfacet
  facet normal 0 1 0
    outer loop
      vertex 137.44 4 18.644
      vertex 133.56 4 18.644
      vertex 133.59 4 18.8209
    endloop
  endfacet
  facet normal 0 1 0
    outer loop
      vertex 137.49 4 18.4716
      vertex 133.56 4 18.644
      vertex 137.44 4 18.644
    endloop
  endfacet
  facet normal 0 1 0
    outer loop
      vertex 137.49 4 18.4716
      vertex 133.51 4 18.4716
      vertex 133.56 4 18.644
    endloop
  endfacet
  facet normal 0 1 0
    outer loop
      vertex 137.558 4 18.3058
      vertex 133.51 4 18.4716
      vertex 137.49 4 18.4716
    endloop
  endfacet
  facet normal 0 1 0
    outer loop
      vertex 137.558 4 18.3058
      vertex 133.442 4 18.3058
      vertex 133.51 4 18.4716
    endloop
  endfacet
  facet normal 0 1 0
    outer loop
      vertex 137.645 4 18.1487
      vertex 133.442 4 18.3058
      vertex 137.558 4 18.3058
    endloop
  endfacet
  facet normal 0 1 0
    outer loop
      vertex 137.645 4 18.1487
      vertex 133.355 4 18.1487
      vertex 133.442 4 18.3058
    endloop
  endfacet
  facet normal 0 1 0
    outer loop
      vertex 137.749 4 18.0024
      vertex 133.355 4 18.1487
      vertex 137.645 4 18.1487
    endloop
  endfacet
  facet normal 0 1 0
    outer loop
      vertex 137.749 4 18.0024
      vertex 133.251 4 18.0024
      vertex 133.355 4 18.1487
    endloop
  endfacet
  facet normal 0 1 0
    outer loop
      vertex 137.869 4 17.8686
      vertex 133.251 4 18.0024
      vertex 137.749 4 18.0024
    endloop
  endfacet
  facet normal 0 1 0
    outer loop
      vertex 137.869 4 17.8686
      vertex 133.131 4 17.8686
      vertex 133.251 4 18.0024
    endloop
  endfacet
  facet normal 0 1 0
    outer loop
      vertex 138.306 4 17.5584
      vertex 138.306 4 13.4415
      vertex 138.149 4 17.6452
    endloop
  endfacet
  facet normal 0 1 0
    outer loop
      vertex 138.149 4 13.3548
      vertex 138.149 4 17.6452
      vertex 138.306 4 13.4415
    endloop
  endfacet
  facet normal 0 1 0
    outer loop
      vertex 138.472 4 13.5102
      vertex 138.472 4 17.4898
      vertex 138.644 4 13.5599
    endloop
  endfacet
  facet normal 0 1 0
    outer loop
      vertex 138.472 4 17.4898
      vertex 138.472 4 13.5102
      vertex 138.306 4 17.5584
    endloop
  endfacet
  facet normal 0 1 0
    outer loop
      vertex 138.644 4 17.4401
      vertex 138.644 4 13.5599
      vertex 138.472 4 17.4898
    endloop
  endfacet
  facet normal 0 1 0
    outer loop
      vertex 138.306 4 13.4415
      vertex 138.306 4 17.5584
      vertex 138.472 4 13.5102
    endloop
  endfacet
  facet normal 0 1 0
    outer loop
      vertex 138.644 4 13.5599
      vertex 138.644 4 17.4401
      vertex 138.821 4 13.5899
    endloop
  endfacet
  facet normal 0 1 0
    outer loop
      vertex 132.998 4 17.7491
      vertex 132 4 13.6
      vertex 132.851 4 17.6452
    endloop
  endfacet
  facet normal 0 1 0
    outer loop
      vertex 138.821 4 17.4101
      vertex 138.821 4 13.5899
      vertex 138.644 4 17.4401
    endloop
  endfacet
  facet normal 0 1 0
    outer loop
      vertex 132.851 4 17.6452
      vertex 132 4 13.6
      vertex 132.694 4 17.5584
    endloop
  endfacet
  facet normal 0 1 0
    outer loop
      vertex 138.821 4 13.5899
      vertex 138.821 4 17.4101
      vertex 139 4 13.6
    endloop
  endfacet
  facet normal 0 1 0
    outer loop
      vertex 132.694 4 17.5584
      vertex 132 4 13.6
      vertex 132.528 4 17.4898
    endloop
  endfacet
  facet normal 0 1 -0
    outer loop
      vertex 139 4 13.6
      vertex 138.821 4 17.4101
      vertex 139 4 17.4
    endloop
  endfacet
  facet normal 0 1 0
    outer loop
      vertex 132.528 4 17.4898
      vertex 132 4 13.6
      vertex 132.356 4 17.4401
    endloop
  endfacet
  facet normal 0 1 0
    outer loop
      vertex 131.821 4 24.4101
      vertex 131.821 4 20.5899
      vertex 131.644 4 20.5599
    endloop
  endfacet
  facet normal 0 1 0
    outer loop
      vertex 124.821 4 20.5899
      vertex 125 4 24.4
      vertex 125 4 20.6
    endloop
  endfacet
  facet normal 0 1 0
    outer loop
      vertex 124.644 4 20.5599
      vertex 125 4 24.4
      vertex 124.821 4 20.5899
    endloop
  endfacet
  facet normal 0 1 0
    outer loop
      vertex 124.472 4 20.5102
      vertex 125 4 24.4
      vertex 124.644 4 20.5599
    endloop
  endfacet
  facet normal 0 1 -0
    outer loop
      vertex 65.733 4 20.1699
      vertex 59.0847 4 21.2524
      vertex 65.8656 4 20.1925
    endloop
  endfacet
  facet normal 0 1 0
    outer loop
      vertex 124.306 4 20.4415
      vertex 125 4 24.4
      vertex 124.472 4 20.5102
    endloop
  endfacet
  facet normal 0 1 0
    outer loop
      vertex 124.149 4 20.3548
      vertex 125 4 24.4
      vertex 124.306 4 20.4415
    endloop
  endfacet
  facet normal 0 1 0
    outer loop
      vertex 124.002 4 20.2509
      vertex 125 4 24.4
      vertex 124.149 4 20.3548
    endloop
  endfacet
  facet normal 0 1 -0
    outer loop
      vertex 65.6037 4 20.1327
      vertex 59.3301 4 21.1168
      vertex 65.733 4 20.1699
    endloop
  endfacet
  facet normal 0 1 0
    outer loop
      vertex 123.869 4 20.1314
      vertex 125 4 24.4
      vertex 124.002 4 20.2509
    endloop
  endfacet
  facet normal 0 1 0
    outer loop
      vertex 59.3301 4 21.1168
      vertex 65.6037 4 20.1327
      vertex 59.5587 4 20.9546
    endloop
  endfacet
  facet normal 0 1 -0
    outer loop
      vertex 65.4793 4 20.0812
      vertex 59.5587 4 20.9546
      vertex 65.6037 4 20.1327
    endloop
  endfacet
  facet normal 0 1 0
    outer loop
      vertex 59.5587 4 20.9546
      vertex 65.4793 4 20.0812
      vertex 59.7678 4 20.7678
    endloop
  endfacet
  facet normal 0 1 -0
    outer loop
      vertex 65.3616 4 20.0161
      vertex 59.7678 4 20.7678
      vertex 65.4793 4 20.0812
    endloop
  endfacet
  facet normal 0 1 0
    outer loop
      vertex 59.7678 4 20.7678
      vertex 65.3616 4 20.0161
      vertex 59.9546 4 20.5587
    endloop
  endfacet
  facet normal 0 1 -0
    outer loop
      vertex 65.2518 4 19.9382
      vertex 59.9546 4 20.5587
      vertex 65.3616 4 20.0161
    endloop
  endfacet
  facet normal 0 1 -0
    outer loop
      vertex 65.1515 4 19.8485
      vertex 59.9546 4 20.5587
      vertex 65.2518 4 19.9382
    endloop
  endfacet
  facet normal 0 1 0
    outer loop
      vertex 59.9546 4 20.5587
      vertex 65.1515 4 19.8485
      vertex 60.1168 4 20.3301
    endloop
  endfacet
  facet normal 0 1 -0
    outer loop
      vertex 65.0618 4 19.7482
      vertex 60.1168 4 20.3301
      vertex 65.1515 4 19.8485
    endloop
  endfacet
  facet normal 0 1 0
    outer loop
      vertex 60.1168 4 20.3301
      vertex 65.0618 4 19.7482
      vertex 60.2524 4 20.0847
    endloop
  endfacet
  facet normal 0 1 -0
    outer loop
      vertex 64.9839 4 19.6384
      vertex 60.2524 4 20.0847
      vertex 65.0618 4 19.7482
    endloop
  endfacet
  facet normal 0 1 0
    outer loop
      vertex 60.2524 4 20.0847
      vertex 64.9839 4 19.6384
      vertex 60.3597 4 19.8257
    endloop
  endfacet
  facet normal 0 1 -0
    outer loop
      vertex 64.9188 4 19.5207
      vertex 60.3597 4 19.8257
      vertex 64.9839 4 19.6384
    endloop
  endfacet
  facet normal 0 1 0
    outer loop
      vertex 60.3597 4 19.8257
      vertex 64.9188 4 19.5207
      vertex 60.4373 4 19.5563
    endloop
  endfacet
  facet normal 0 1 -0
    outer loop
      vertex 64.8673 4 19.3963
      vertex 60.4373 4 19.5563
      vertex 64.9188 4 19.5207
    endloop
  endfacet
  facet normal 0 1 -0
    outer loop
      vertex 64.8301 4 19.267
      vertex 60.4373 4 19.5563
      vertex 64.8673 4 19.3963
    endloop
  endfacet
  facet normal 0 1 0
    outer loop
      vertex 60.4373 4 19.5563
      vertex 64.8301 4 19.267
      vertex 60.4843 4 19.2799
    endloop
  endfacet
  facet normal 0 1 -0
    outer loop
      vertex 64.8075 4 19.1344
      vertex 60.4843 4 19.2799
      vertex 64.8301 4 19.267
    endloop
  endfacet
  facet normal 0 1 0
    outer loop
      vertex 60.5 4 19
      vertex 64.8075 4 19.1344
      vertex 64.8 4 19
    endloop
  endfacet
  facet normal 0 1 0
    outer loop
      vertex 64.8075 4 19.1344
      vertex 60.5 4 19
      vertex 60.4843 4 19.2799
    endloop
  endfacet
  facet normal 0 1 0
    outer loop
      vertex 64.8075 4 18.8656
      vertex 60.5 4 19
      vertex 64.8 4 19
    endloop
  endfacet
  facet normal 0 1 0
    outer loop
      vertex 60.4843 4 18.7201
      vertex 64.8075 4 18.8656
      vertex 64.8301 4 18.733
    endloop
  endfacet
  facet normal 0 1 0
    outer loop
      vertex 64.8075 4 18.8656
      vertex 60.4843 4 18.7201
      vertex 60.5 4 19
    endloop
  endfacet
  facet normal 0 1 0
    outer loop
      vertex 60.4373 4 18.4437
      vertex 64.8301 4 18.733
      vertex 64.8673 4 18.6037
    endloop
  endfacet
  facet normal 0 1 0
    outer loop
      vertex 60.4373 4 18.4437
      vertex 64.8673 4 18.6037
      vertex 64.9188 4 18.4793
    endloop
  endfacet
  facet normal 0 1 0
    outer loop
      vertex 64.8301 4 18.733
      vertex 60.4373 4 18.4437
      vertex 60.4843 4 18.7201
    endloop
  endfacet
  facet normal 0 1 0
    outer loop
      vertex 60.3597 4 18.1743
      vertex 64.9188 4 18.4793
      vertex 64.9839 4 18.3616
    endloop
  endfacet
  facet normal 0 1 0
    outer loop
      vertex 60.2524 4 17.9153
      vertex 64.9839 4 18.3616
      vertex 65.0618 4 18.2518
    endloop
  endfacet
  facet normal 0 1 0
    outer loop
      vertex 64.9188 4 18.4793
      vertex 60.3597 4 18.1743
      vertex 60.4373 4 18.4437
    endloop
  endfacet
  facet normal 0 1 0
    outer loop
      vertex 62.1344 4 13.2643
      vertex 65.0618 4 18.2518
      vertex 65.1515 4 18.1515
    endloop
  endfacet
  facet normal 0 1 0
    outer loop
      vertex 62.1344 4 13.2643
      vertex 65.1515 4 18.1515
      vertex 65.2518 4 18.0618
    endloop
  endfacet
  facet normal 0 1 0
    outer loop
      vertex 62.1344 4 13.2643
      vertex 65.2518 4 18.0618
      vertex 65.3616 4 17.9839
    endloop
  endfacet
  facet normal 0 1 0
    outer loop
      vertex 62.1344 4 13.2643
      vertex 65.3616 4 17.9839
      vertex 65.4793 4 17.9188
    endloop
  endfacet
  facet normal 0 1 0
    outer loop
      vertex 64.9839 4 18.3616
      vertex 60.2524 4 17.9153
      vertex 60.3597 4 18.1743
    endloop
  endfacet
  facet normal 0 1 0
    outer loop
      vertex 62.1344 4 13.2643
      vertex 65.4793 4 17.9188
      vertex 65.6037 4 17.8673
    endloop
  endfacet
  facet normal 0 1 0
    outer loop
      vertex 62.1344 4 13.2643
      vertex 65.6037 4 17.8673
      vertex 65.733 4 17.8301
    endloop
  endfacet
  facet normal 0 1 0
    outer loop
      vertex 62.1344 4 13.2643
      vertex 65.733 4 17.8301
      vertex 65.8656 4 17.8075
    endloop
  endfacet
  facet normal 0 1 0
    outer loop
      vertex 62.1344 4 13.2643
      vertex 65.8656 4 17.8075
      vertex 66 4 17.8
    endloop
  endfacet
  facet normal 0 1 -0
    outer loop
      vertex 62.1344 4 13.2643
      vertex 60.1168 4 17.6699
      vertex 65.0618 4 18.2518
    endloop
  endfacet
  facet normal 0 1 0
    outer loop
      vertex 62.1344 4 13.2643
      vertex 66.1344 4 17.8075
      vertex 66.267 4 17.8301
    endloop
  endfacet
  facet normal 0 1 -0
    outer loop
      vertex 124.149 4 13.3548
      vertex 124.002 4 17.7491
      vertex 124.149 4 17.6452
    endloop
  endfacet
  facet normal 0 1 0
    outer loop
      vertex 124.149 4 13.3548
      vertex 124.149 4 17.6452
      vertex 124.306 4 17.5584
    endloop
  endfacet
  facet normal 0 1 0
    outer loop
      vertex 124.306 4 13.4415
      vertex 124.306 4 17.5584
      vertex 124.472 4 17.4898
    endloop
  endfacet
  facet normal 0 1 0
    outer loop
      vertex 65.0618 4 18.2518
      vertex 60.1168 4 17.6699
      vertex 60.2524 4 17.9153
    endloop
  endfacet
  facet normal 0 1 0
    outer loop
      vertex 124.472 4 13.5102
      vertex 124.472 4 17.4898
      vertex 124.644 4 17.4401
    endloop
  endfacet
  facet normal 0 1 0
    outer loop
      vertex 124.644 4 13.5599
      vertex 124.644 4 17.4401
      vertex 124.821 4 17.4101
    endloop
  endfacet
  facet normal 0 1 0
    outer loop
      vertex 124.821 4 13.5899
      vertex 124.821 4 17.4101
      vertex 125 4 17.4
    endloop
  endfacet
  facet normal 0 1 0
    outer loop
      vertex 62.1344 4 13.2643
      vertex 59.9546 4 17.4413
      vertex 60.1168 4 17.6699
    endloop
  endfacet
  facet normal 0 1 0
    outer loop
      vertex 123.5 4 52.7
      vertex 119.2 4 50.7
      vertex 121.8 4 52.7
    endloop
  endfacet
  facet normal 0 1 0
    outer loop
      vertex 117 4 42.7
      vertex 119.2 4 50.7
      vertex 123.5 4 45
    endloop
  endfacet
  facet normal 0 1 -0
    outer loop
      vertex 123.5 4 45
      vertex 119.2 4 50.7
      vertex 123.5 4 52.7
    endloop
  endfacet
  facet normal 0 1 0
    outer loop
      vertex 38.75 4 92.7
      vertex 31.5 4 64.7
      vertex 31.5 4 92.7
    endloop
  endfacet
  facet normal 0 1 -0
    outer loop
      vertex 38.75 4 43
      vertex 31.5 4 64.7
      vertex 38.75 4 92.7
    endloop
  endfacet
  facet normal 0 1 0
    outer loop
      vertex 31.5 4 42.7
      vertex 31.5 4 50.7
      vertex 38.75 4 43
    endloop
  endfacet
  facet normal 0 1 0
    outer loop
      vertex 31.5 4 64.7
      vertex 38.75 4 43
      vertex 31.5 4 50.7
    endloop
  endfacet
  facet normal 0 1 -0
    outer loop
      vertex 121.8 4 52.7
      vertex 119.2 4 64.7
      vertex 121.8 4 66.7
    endloop
  endfacet
  facet normal 0 1 0
    outer loop
      vertex 119.2 4 64.7
      vertex 121.8 4 52.7
      vertex 119.2 4 50.7
    endloop
  endfacet
  facet normal 0 1 0
    outer loop
      vertex 124 4 101.9
      vertex 190 4 107
      vertex 158.5 4 101.9
    endloop
  endfacet
  facet normal 0 1 0
    outer loop
      vertex 190 4 107
      vertex 158.5 4 99.7
      vertex 158.5 4 101.9
    endloop
  endfacet
  facet normal 0 1 0
    outer loop
      vertex 123.5 4 91
      vertex 124 4 99.7
      vertex 158.5 4 99.7
    endloop
  endfacet
  facet normal 0 1 0
    outer loop
      vertex 124 4 99.7
      vertex 123.5 4 91
      vertex 117 4 94.9
    endloop
  endfacet
  facet normal 0 1 0
    outer loop
      vertex 117 4 94.9
      vertex 123.5 4 91
      vertex 117 4 92.7
    endloop
  endfacet
  facet normal 0 1 0
    outer loop
      vertex 123.5 4 91
      vertex 158.5 4 99.7
      vertex 159 4 91
    endloop
  endfacet
  facet normal 0 1 0
    outer loop
      vertex 190 4 107
      vertex 159 4 91
      vertex 158.5 4 99.7
    endloop
  endfacet
  facet normal 0 1 0
    outer loop
      vertex 190 4 107
      vertex 160.7 4 66.7
      vertex 159 4 91
    endloop
  endfacet
  facet normal 0 1 0
    outer loop
      vertex 190 4 107
      vertex 160.7 4 52.7
      vertex 160.7 4 66.7
    endloop
  endfacet
  facet normal 0 1 0
    outer loop
      vertex 160.7 4 52.7
      vertex 159 4 45
      vertex 159 4 52.7
    endloop
  endfacet
  facet normal 0 1 -0
    outer loop
      vertex 182 4 8
      vertex 160.7 4 52.7
      vertex 190 4 107
    endloop
  endfacet
  facet normal 0 1 0
    outer loop
      vertex 159 4 45
      vertex 158.5 4 44.7
      vertex 123.5 4 45
    endloop
  endfacet
  facet normal 0 1 0
    outer loop
      vertex 159 4 45
      vertex 158.5 4 42.5
      vertex 158.5 4 44.7
    endloop
  endfacet
  facet normal 0 1 0
    outer loop
      vertex 160.7 4 52.7
      vertex 182 4 8
      vertex 159 4 45
    endloop
  endfacet
  facet normal 0 1 -0
    outer loop
      vertex 139.179 4 27.5899
      vertex 124 4 42.5
      vertex 158.5 4 42.5
    endloop
  endfacet
  facet normal 0 1 -0
    outer loop
      vertex 131.821 4 27.5899
      vertex 124 4 42.5
      vertex 132 4 27.6
    endloop
  endfacet
  facet normal 0 1 -0
    outer loop
      vertex 138.821 4 27.5899
      vertex 124 4 42.5
      vertex 139 4 27.6
    endloop
  endfacet
  facet normal 0 1 0
    outer loop
      vertex 124 4 42.5
      vertex 139.179 4 27.5899
      vertex 139 4 27.6
    endloop
  endfacet
  facet normal 0 1 0
    outer loop
      vertex 158.5 4 42.5
      vertex 139.356 4 27.5599
      vertex 139.179 4 27.5899
    endloop
  endfacet
  facet normal 0 1 0
    outer loop
      vertex 158.5 4 42.5
      vertex 139.528 4 27.5102
      vertex 139.356 4 27.5599
    endloop
  endfacet
  facet normal 0 1 0
    outer loop
      vertex 158.5 4 42.5
      vertex 139.694 4 27.4415
      vertex 139.528 4 27.5102
    endloop
  endfacet
  facet normal 0 1 0
    outer loop
      vertex 158.5 4 42.5
      vertex 139.851 4 27.3548
      vertex 139.694 4 27.4415
    endloop
  endfacet
  facet normal 0 1 0
    outer loop
      vertex 158.5 4 42.5
      vertex 139.998 4 27.2509
      vertex 139.851 4 27.3548
    endloop
  endfacet
  facet normal 0 1 0
    outer loop
      vertex 158.5 4 42.5
      vertex 140.131 4 27.1314
      vertex 139.998 4 27.2509
    endloop
  endfacet
  facet normal 0 1 0
    outer loop
      vertex 158.5 4 42.5
      vertex 140.251 4 26.9976
      vertex 140.131 4 27.1314
    endloop
  endfacet
  facet normal 0 1 0
    outer loop
      vertex 158.5 4 42.5
      vertex 140.355 4 26.8512
      vertex 140.251 4 26.9976
    endloop
  endfacet
  facet normal 0 1 0
    outer loop
      vertex 158.5 4 42.5
      vertex 140.442 4 26.6942
      vertex 140.355 4 26.8512
    endloop
  endfacet
  facet normal 0 1 0
    outer loop
      vertex 158.5 4 42.5
      vertex 140.51 4 26.5284
      vertex 140.442 4 26.6942
    endloop
  endfacet
  facet normal 0 1 0
    outer loop
      vertex 158.5 4 42.5
      vertex 140.56 4 26.356
      vertex 140.51 4 26.5284
    endloop
  endfacet
  facet normal 0 1 0
    outer loop
      vertex 158.5 4 42.5
      vertex 140.59 4 26.1791
      vertex 140.56 4 26.356
    endloop
  endfacet
  facet normal 0 1 0
    outer loop
      vertex 158.5 4 42.5
      vertex 140.6 4 26
      vertex 140.59 4 26.1791
    endloop
  endfacet
  facet normal 0 1 0
    outer loop
      vertex 158.5 4 42.5
      vertex 140.59 4 25.8209
      vertex 140.6 4 26
    endloop
  endfacet
  facet normal 0 1 0
    outer loop
      vertex 158.5 4 42.5
      vertex 140.56 4 25.644
      vertex 140.59 4 25.8209
    endloop
  endfacet
  facet normal 0 1 0
    outer loop
      vertex 140.56 4 19.356
      vertex 140.56 4 25.644
      vertex 158.5 4 42.5
    endloop
  endfacet
  facet normal 0 1 0
    outer loop
      vertex 140.56 4 25.644
      vertex 140.56 4 19.356
      vertex 140.51 4 25.4716
    endloop
  endfacet
  facet normal -0 1 0
    outer loop
      vertex 140.51 4 19.5284
      vertex 140.51 4 25.4716
      vertex 140.56 4 19.356
    endloop
  endfacet
  facet normal 0 1 0
    outer loop
      vertex 140.51 4 25.4716
      vertex 140.51 4 19.5284
      vertex 140.442 4 25.3058
    endloop
  endfacet
  facet normal -0 1 0
    outer loop
      vertex 140.442 4 19.6942
      vertex 140.442 4 25.3058
      vertex 140.51 4 19.5284
    endloop
  endfacet
  facet normal 0 1 0
    outer loop
      vertex 138.821 4 20.5899
      vertex 139 4 24.4
      vertex 139 4 20.6
    endloop
  endfacet
  facet normal 0 1 0
    outer loop
      vertex 138.821 4 24.4101
      vertex 138.821 4 20.5899
      vertex 138.644 4 20.5599
    endloop
  endfacet
  facet normal 0 1 0
    outer loop
      vertex 125 4 24.4
      vertex 58.2799 4 21.4843
      vertex 58 4 21.5
    endloop
  endfacet
  facet normal 0 1 0
    outer loop
      vertex 125 4 24.4
      vertex 58.5563 4 21.4373
      vertex 58.2799 4 21.4843
    endloop
  endfacet
  facet normal 0 1 -0
    outer loop
      vertex 66.1344 4 20.1925
      vertex 58.5563 4 21.4373
      vertex 125 4 24.4
    endloop
  endfacet
  facet normal -0 1 -0
    outer loop
      vertex 66 4 20.2
      vertex 58.5563 4 21.4373
      vertex 66.1344 4 20.1925
    endloop
  endfacet
  facet normal 0 1 0
    outer loop
      vertex 58.5563 4 21.4373
      vertex 66 4 20.2
      vertex 58.8257 4 21.3597
    endloop
  endfacet
  facet normal 0 1 -0
    outer loop
      vertex 65.8656 4 20.1925
      vertex 58.8257 4 21.3597
      vertex 66 4 20.2
    endloop
  endfacet
  facet normal 0 1 0
    outer loop
      vertex 58.8257 4 21.3597
      vertex 65.8656 4 20.1925
      vertex 59.0847 4 21.2524
    endloop
  endfacet
  facet normal 0 1 0
    outer loop
      vertex 131.821 4 20.5899
      vertex 132 4 24.4
      vertex 132 4 20.6
    endloop
  endfacet
  facet normal 0 1 0
    outer loop
      vertex 139.179 4 24.4101
      vertex 139 4 20.6
      vertex 139 4 24.4
    endloop
  endfacet
  facet normal 0 1 0
    outer loop
      vertex 139.179 4 20.5899
      vertex 139.179 4 24.4101
      vertex 139.356 4 24.4401
    endloop
  endfacet
  facet normal 0 1 0
    outer loop
      vertex 139.356 4 20.5599
      vertex 139.356 4 24.4401
      vertex 139.528 4 24.4898
    endloop
  endfacet
  facet normal 0 1 0
    outer loop
      vertex 139.528 4 20.5102
      vertex 139.528 4 24.4898
      vertex 139.694 4 24.5584
    endloop
  endfacet
  facet normal 0 1 0
    outer loop
      vertex 139.694 4 20.4415
      vertex 139.694 4 24.5584
      vertex 139.851 4 24.6452
    endloop
  endfacet
  facet normal 0 1 0
    outer loop
      vertex 139.851 4 20.3548
      vertex 139.851 4 24.6452
      vertex 139.998 4 24.7491
    endloop
  endfacet
  facet normal 0 1 0
    outer loop
      vertex 139.998 4 20.2509
      vertex 139.998 4 24.7491
      vertex 140.131 4 24.8686
    endloop
  endfacet
  facet normal 0 1 0
    outer loop
      vertex 140.442 4 25.3058
      vertex 140.442 4 19.6942
      vertex 140.355 4 25.1487
    endloop
  endfacet
  facet normal 0 1 0
    outer loop
      vertex 139.179 4 24.4101
      vertex 139.179 4 20.5899
      vertex 139 4 20.6
    endloop
  endfacet
  facet normal 0 1 0
    outer loop
      vertex 139.356 4 24.4401
      vertex 139.356 4 20.5599
      vertex 139.179 4 20.5899
    endloop
  endfacet
  facet normal 0 1 0
    outer loop
      vertex 139.528 4 24.4898
      vertex 139.528 4 20.5102
      vertex 139.356 4 20.5599
    endloop
  endfacet
  facet normal 0 1 0
    outer loop
      vertex 139.694 4 24.5584
      vertex 139.694 4 20.4415
      vertex 139.528 4 20.5102
    endloop
  endfacet
  facet normal 0 1 0
    outer loop
      vertex 139.851 4 24.6452
      vertex 139.851 4 20.3548
      vertex 139.694 4 20.4415
    endloop
  endfacet
  facet normal 0 1 0
    outer loop
      vertex 139.998 4 24.7491
      vertex 139.998 4 20.2509
      vertex 139.851 4 20.3548
    endloop
  endfacet
  facet normal 0 1 0
    outer loop
      vertex 140.131 4 24.8686
      vertex 140.131 4 20.1314
      vertex 139.998 4 20.2509
    endloop
  endfacet
  facet normal 0 1 0
    outer loop
      vertex 140.131 4 24.8686
      vertex 140.251 4 19.9976
      vertex 140.131 4 20.1314
    endloop
  endfacet
  facet normal 0 1 0
    outer loop
      vertex 140.251 4 25.0024
      vertex 140.251 4 19.9976
      vertex 140.131 4 24.8686
    endloop
  endfacet
  facet normal -0 1 0
    outer loop
      vertex 140.251 4 19.9976
      vertex 140.251 4 25.0024
      vertex 140.355 4 19.8512
    endloop
  endfacet
  facet normal 0 1 0
    outer loop
      vertex 140.355 4 25.1487
      vertex 140.355 4 19.8512
      vertex 140.251 4 25.0024
    endloop
  endfacet
  facet normal -0 1 0
    outer loop
      vertex 140.355 4 19.8512
      vertex 140.355 4 25.1487
      vertex 140.442 4 19.6942
    endloop
  endfacet
  facet normal 0 1 0
    outer loop
      vertex 158.5 4 42.5
      vertex 140.59 4 19.1791
      vertex 140.56 4 19.356
    endloop
  endfacet
  facet normal 0 1 0
    outer loop
      vertex 158.5 4 42.5
      vertex 140.6 4 19
      vertex 140.59 4 19.1791
    endloop
  endfacet
  facet normal 0 1 0
    outer loop
      vertex 182 4 8
      vertex 140.6 4 19
      vertex 158.5 4 42.5
    endloop
  endfacet
  facet normal 0 1 0
    outer loop
      vertex 140.6 4 19
      vertex 182 4 8
      vertex 140.59 4 18.8209
    endloop
  endfacet
  facet normal -0 1 0
    outer loop
      vertex 140.59 4 12.1791
      vertex 140.59 4 18.8209
      vertex 182 4 8
    endloop
  endfacet
  facet normal 0 1 0
    outer loop
      vertex 140.59 4 18.8209
      vertex 140.59 4 12.1791
      vertex 140.56 4 18.644
    endloop
  endfacet
  facet normal -0 1 0
    outer loop
      vertex 140.56 4 12.356
      vertex 140.56 4 18.644
      vertex 140.59 4 12.1791
    endloop
  endfacet
  facet normal -0 1 0
    outer loop
      vertex 140.51 4 12.5284
      vertex 140.51 4 18.4716
      vertex 140.56 4 12.356
    endloop
  endfacet
  facet normal 0 1 0
    outer loop
      vertex 132.179 4 17.4101
      vertex 132 4 13.6
      vertex 132 4 17.4
    endloop
  endfacet
  facet normal 0 1 0
    outer loop
      vertex 125.356 4 17.4401
      vertex 125 4 13.6
      vertex 125.179 4 17.4101
    endloop
  endfacet
  facet normal 0 1 0
    outer loop
      vertex 124.644 4 17.4401
      vertex 124.644 4 13.5599
      vertex 124.472 4 13.5102
    endloop
  endfacet
  facet normal 0 1 0
    outer loop
      vertex 124.472 4 17.4898
      vertex 124.472 4 13.5102
      vertex 124.306 4 13.4415
    endloop
  endfacet
  facet normal 0 1 0
    outer loop
      vertex 124.306 4 17.5584
      vertex 124.306 4 13.4415
      vertex 124.149 4 13.3548
    endloop
  endfacet
  facet normal 0 1 0
    outer loop
      vertex 62.1344 4 13.2643
      vertex 66 4 17.8
      vertex 66.1344 4 17.8075
    endloop
  endfacet
  facet normal 0 1 -0
    outer loop
      vertex 61.8656 4 13.2643
      vertex 59.9546 4 17.4413
      vertex 62 4 13.2718
    endloop
  endfacet
  facet normal 0 1 0
    outer loop
      vertex 59.9546 4 17.4413
      vertex 61.8656 4 13.2643
      vertex 59.7678 4 17.2322
    endloop
  endfacet
  facet normal 0 1 -0
    outer loop
      vertex 61.733 4 13.2417
      vertex 59.7678 4 17.2322
      vertex 61.8656 4 13.2643
    endloop
  endfacet
  facet normal 0 1 0
    outer loop
      vertex 132.356 4 17.4401
      vertex 132 4 13.6
      vertex 132.179 4 17.4101
    endloop
  endfacet
  facet normal 0 1 0
    outer loop
      vertex 139.179 4 17.4101
      vertex 139 4 13.6
      vertex 139 4 17.4
    endloop
  endfacet
  facet normal 0 1 0
    outer loop
      vertex 139.179 4 13.5899
      vertex 139.179 4 17.4101
      vertex 139.356 4 17.4401
    endloop
  endfacet
  facet normal 0 1 0
    outer loop
      vertex 139.356 4 13.5599
      vertex 139.356 4 17.4401
      vertex 139.528 4 17.4898
    endloop
  endfacet
  facet normal 0 1 0
    outer loop
      vertex 139.528 4 13.5102
      vertex 139.528 4 17.4898
      vertex 139.694 4 17.5584
    endloop
  endfacet
  facet normal 0 1 0
    outer loop
      vertex 139.694 4 13.4415
      vertex 139.694 4 17.5584
      vertex 139.851 4 17.6452
    endloop
  endfacet
  facet normal 0 1 0
    outer loop
      vertex 139.851 4 13.3548
      vertex 139.851 4 17.6452
      vertex 139.998 4 17.7491
    endloop
  endfacet
  facet normal 0 1 0
    outer loop
      vertex 139.998 4 13.2509
      vertex 139.998 4 17.7491
      vertex 140.131 4 17.8686
    endloop
  endfacet
  facet normal 0 1 0
    outer loop
      vertex 140.131 4 13.1314
      vertex 140.131 4 17.8686
      vertex 140.251 4 18.0024
    endloop
  endfacet
  facet normal 0 1 0
    outer loop
      vertex 140.51 4 18.4716
      vertex 140.51 4 12.5284
      vertex 140.442 4 18.3058
    endloop
  endfacet
  facet normal 0 1 0
    outer loop
      vertex 139.179 4 17.4101
      vertex 139.179 4 13.5899
      vertex 139 4 13.6
    endloop
  endfacet
  facet normal 0 1 0
    outer loop
      vertex 139.356 4 17.4401
      vertex 139.356 4 13.5599
      vertex 139.179 4 13.5899
    endloop
  endfacet
  facet normal 0 1 0
    outer loop
      vertex 139.528 4 17.4898
      vertex 139.528 4 13.5102
      vertex 139.356 4 13.5599
    endloop
  endfacet
  facet normal 0 1 0
    outer loop
      vertex 139.694 4 17.5584
      vertex 139.694 4 13.4415
      vertex 139.528 4 13.5102
    endloop
  endfacet
  facet normal 0 1 0
    outer loop
      vertex 139.851 4 17.6452
      vertex 139.851 4 13.3548
      vertex 139.694 4 13.4415
    endloop
  endfacet
  facet normal 0 1 0
    outer loop
      vertex 139.998 4 17.7491
      vertex 139.998 4 13.2509
      vertex 139.851 4 13.3548
    endloop
  endfacet
  facet normal 0 1 0
    outer loop
      vertex 140.131 4 17.8686
      vertex 140.131 4 13.1314
      vertex 139.998 4 13.2509
    endloop
  endfacet
  facet normal 0 1 0
    outer loop
      vertex 140.251 4 18.0024
      vertex 140.251 4 12.9976
      vertex 140.131 4 13.1314
    endloop
  endfacet
  facet normal 0 1 0
    outer loop
      vertex 140.251 4 18.0024
      vertex 140.355 4 12.8513
      vertex 140.251 4 12.9976
    endloop
  endfacet
  facet normal 0 1 0
    outer loop
      vertex 140.355 4 18.1487
      vertex 140.355 4 12.8513
      vertex 140.251 4 18.0024
    endloop
  endfacet
  facet normal -0 1 0
    outer loop
      vertex 140.355 4 12.8513
      vertex 140.355 4 18.1487
      vertex 140.442 4 12.6942
    endloop
  endfacet
  facet normal -0 1 0
    outer loop
      vertex 140.442 4 12.6942
      vertex 140.442 4 18.3058
      vertex 140.51 4 12.5284
    endloop
  endfacet
  facet normal 0 1 0
    outer loop
      vertex 140.442 4 18.3058
      vertex 140.442 4 12.6942
      vertex 140.355 4 18.1487
    endloop
  endfacet
  facet normal 0 1 0
    outer loop
      vertex 140.56 4 18.644
      vertex 140.56 4 12.356
      vertex 140.51 4 18.4716
    endloop
  endfacet
  facet normal 0 1 0
    outer loop
      vertex 140.59 4 12.1791
      vertex 182 4 8
      vertex 140.6 4 12
    endloop
  endfacet
  facet normal 0 1 0
    outer loop
      vertex 140.6 4 12
      vertex 182 4 8
      vertex 140.59 4 11.8209
    endloop
  endfacet
  facet normal 0 1 0
    outer loop
      vertex 140.59 4 11.8209
      vertex 182 4 8
      vertex 140.56 4 11.644
    endloop
  endfacet
  facet normal 0 1 0
    outer loop
      vertex 140.56 4 11.644
      vertex 182 4 8
      vertex 140.51 4 11.4716
    endloop
  endfacet
  facet normal 0 1 0
    outer loop
      vertex 140.51 4 11.4716
      vertex 182 4 8
      vertex 140.442 4 11.3058
    endloop
  endfacet
  facet normal 0 1 0
    outer loop
      vertex 182 4 8
      vertex 132 4 10.4
      vertex 139 4 10.4
    endloop
  endfacet
  facet normal 0 1 0
    outer loop
      vertex 132 4 10.4
      vertex 182 4 8
      vertex 125 4 10.4
    endloop
  endfacet
  facet normal 0 1 0
    outer loop
      vertex 139.179 4 10.4101
      vertex 182 4 8
      vertex 139 4 10.4
    endloop
  endfacet
  facet normal 0 1 0
    outer loop
      vertex 139.356 4 10.4401
      vertex 182 4 8
      vertex 139.179 4 10.4101
    endloop
  endfacet
  facet normal 0 1 0
    outer loop
      vertex 139.528 4 10.4898
      vertex 182 4 8
      vertex 139.356 4 10.4401
    endloop
  endfacet
  facet normal 0 1 0
    outer loop
      vertex 139.694 4 10.5584
      vertex 182 4 8
      vertex 139.528 4 10.4898
    endloop
  endfacet
  facet normal 0 1 0
    outer loop
      vertex 139.851 4 10.6452
      vertex 182 4 8
      vertex 139.694 4 10.5584
    endloop
  endfacet
  facet normal 0 1 0
    outer loop
      vertex 139.998 4 10.7491
      vertex 182 4 8
      vertex 139.851 4 10.6452
    endloop
  endfacet
  facet normal 0 1 0
    outer loop
      vertex 140.131 4 10.8686
      vertex 182 4 8
      vertex 139.998 4 10.7491
    endloop
  endfacet
  facet normal 0 1 0
    outer loop
      vertex 140.251 4 11.0024
      vertex 182 4 8
      vertex 140.131 4 10.8686
    endloop
  endfacet
  facet normal 0 1 0
    outer loop
      vertex 140.355 4 11.1487
      vertex 182 4 8
      vertex 140.251 4 11.0024
    endloop
  endfacet
  facet normal 0 1 0
    outer loop
      vertex 140.442 4 11.3058
      vertex 182 4 8
      vertex 140.355 4 11.1487
    endloop
  endfacet
  facet normal 0 1 0
    outer loop
      vertex 159 4 45
      vertex 182 4 8
      vertex 158.5 4 42.5
    endloop
  endfacet
  facet normal 0 1 -0
    outer loop
      vertex 190 4 0
      vertex 182 4 8
      vertex 190 4 107
    endloop
  endfacet
  facet normal 0 1 0
    outer loop
      vertex 182 4 8
      vertex 190 4 0
      vertex 182 4 4
    endloop
  endfacet
  facet normal 0 1 0
    outer loop
      vertex 162 4 0
      vertex 182 4 4
      vertex 190 4 0
    endloop
  endfacet
  facet normal 0 1 0
    outer loop
      vertex 182 4 4
      vertex 162 4 0
      vertex 162 4 4
    endloop
  endfacet
  facet normal 0 1 0
    outer loop
      vertex 190 4 107
      vertex 124 4 101.9
      vertex 0 4 107
    endloop
  endfacet
  facet normal 0 1 0
    outer loop
      vertex 117 4 94.9
      vertex 124 4 101.9
      vertex 124 4 99.7
    endloop
  endfacet
  facet normal 0 1 0
    outer loop
      vertex 124 4 101.9
      vertex 117 4 94.9
      vertex 31.5 4 94.9
    endloop
  endfacet
  facet normal 0 1 0
    outer loop
      vertex 124 4 101.9
      vertex 31.5 4 94.9
      vertex 0 4 107
    endloop
  endfacet
  facet normal 0 1 -0
    outer loop
      vertex 31.5 4 92.7
      vertex 0 4 107
      vertex 31.5 4 94.9
    endloop
  endfacet
  facet normal 0 1 0
    outer loop
      vertex 29.3 4 64.7
      vertex 31.5 4 92.7
      vertex 31.5 4 64.7
    endloop
  endfacet
  facet normal 0 1 0
    outer loop
      vertex 31.5 4 92.7
      vertex 29.3 4 64.7
      vertex 0 4 107
    endloop
  endfacet
  facet normal 0 1 -0
    outer loop
      vertex 29.3 4 50.7
      vertex 0 4 107
      vertex 29.3 4 64.7
    endloop
  endfacet
  facet normal 0 1 0
    outer loop
      vertex 31.5 4 42.7
      vertex 38.75 4 43
      vertex 117 4 42.7
    endloop
  endfacet
  facet normal 0 1 0
    outer loop
      vertex 31.5 4 50.7
      vertex 31.5 4 42.7
      vertex 29.3 4 50.7
    endloop
  endfacet
  facet normal 0 1 -0
    outer loop
      vertex 31.5 4 40.5
      vertex 29.3 4 50.7
      vertex 31.5 4 42.7
    endloop
  endfacet
  facet normal 0 1 0
    outer loop
      vertex 29.3 4 50.7
      vertex 31.5 4 40.5
      vertex 8 4 8
    endloop
  endfacet
  facet normal 0 1 -0
    outer loop
      vertex 124.821 4 27.5899
      vertex 124 4 42.5
      vertex 125 4 27.6
    endloop
  endfacet
  facet normal 0 1 -0
    outer loop
      vertex 124.644 4 27.5599
      vertex 124 4 42.5
      vertex 124.821 4 27.5899
    endloop
  endfacet
  facet normal 0 1 0
    outer loop
      vertex 124 4 42.5
      vertex 124.644 4 27.5599
      vertex 117 4 40.5
    endloop
  endfacet
  facet normal 0 1 -0
    outer loop
      vertex 124.472 4 27.5102
      vertex 117 4 40.5
      vertex 124.644 4 27.5599
    endloop
  endfacet
  facet normal 0 1 -0
    outer loop
      vertex 124.306 4 27.4415
      vertex 117 4 40.5
      vertex 124.472 4 27.5102
    endloop
  endfacet
  facet normal 0 1 -0
    outer loop
      vertex 124.149 4 27.3548
      vertex 117 4 40.5
      vertex 124.306 4 27.4415
    endloop
  endfacet
  facet normal 0 1 -0
    outer loop
      vertex 124.002 4 27.2509
      vertex 117 4 40.5
      vertex 124.149 4 27.3548
    endloop
  endfacet
  facet normal 0 1 -0
    outer loop
      vertex 123.869 4 27.1314
      vertex 117 4 40.5
      vertex 124.002 4 27.2509
    endloop
  endfacet
  facet normal 0 1 -0
    outer loop
      vertex 123.749 4 26.9976
      vertex 117 4 40.5
      vertex 123.869 4 27.1314
    endloop
  endfacet
  facet normal 0 1 -0
    outer loop
      vertex 62.1344 4 27.1207
      vertex 31.5 4 40.5
      vertex 117 4 40.5
    endloop
  endfacet
  facet normal 0 1 -0
    outer loop
      vertex 61.8656 4 27.1207
      vertex 31.5 4 40.5
      vertex 62 4 27.1282
    endloop
  endfacet
  facet normal 0 1 -0
    outer loop
      vertex 53.8656 4 27.1207
      vertex 31.5 4 40.5
      vertex 54 4 27.1282
    endloop
  endfacet
  facet normal 0 1 -0
    outer loop
      vertex 53.733 4 27.0981
      vertex 31.5 4 40.5
      vertex 53.8656 4 27.1207
    endloop
  endfacet
  facet normal 0 1 -0
    outer loop
      vertex 53.6037 4 27.0609
      vertex 31.5 4 40.5
      vertex 53.733 4 27.0981
    endloop
  endfacet
  facet normal 0 1 -0
    outer loop
      vertex 53.4793 4 27.0094
      vertex 31.5 4 40.5
      vertex 53.6037 4 27.0609
    endloop
  endfacet
  facet normal 0 1 -0
    outer loop
      vertex 53.3616 4 26.9443
      vertex 31.5 4 40.5
      vertex 53.4793 4 27.0094
    endloop
  endfacet
  facet normal 0 1 -0
    outer loop
      vertex 53.2518 4 26.8664
      vertex 31.5 4 40.5
      vertex 53.3616 4 26.9443
    endloop
  endfacet
  facet normal 0 1 -0
    outer loop
      vertex 53.1515 4 26.7767
      vertex 31.5 4 40.5
      vertex 53.2518 4 26.8664
    endloop
  endfacet
  facet normal 0 1 -0
    outer loop
      vertex 53.0618 4 26.6764
      vertex 31.5 4 40.5
      vertex 53.1515 4 26.7767
    endloop
  endfacet
  facet normal 0 1 -0
    outer loop
      vertex 52.9839 4 26.5666
      vertex 31.5 4 40.5
      vertex 53.0618 4 26.6764
    endloop
  endfacet
  facet normal 0 1 -0
    outer loop
      vertex 52.9188 4 26.4489
      vertex 31.5 4 40.5
      vertex 52.9839 4 26.5666
    endloop
  endfacet
  facet normal 0 1 -0
    outer loop
      vertex 52.8673 4 26.3245
      vertex 31.5 4 40.5
      vertex 52.9188 4 26.4489
    endloop
  endfacet
  facet normal 0 1 -0
    outer loop
      vertex 52.8301 4 26.1952
      vertex 31.5 4 40.5
      vertex 52.8673 4 26.3245
    endloop
  endfacet
  facet normal 0 1 0
    outer loop
      vertex 49.2518 4 19.9382
      vertex 52.8301 4 26.1952
      vertex 52.8075 4 26.0626
    endloop
  endfacet
  facet normal 0 1 0
    outer loop
      vertex 49.3616 4 20.0161
      vertex 52.8075 4 26.0626
      vertex 52.8 4 25.9282
    endloop
  endfacet
  facet normal 0 1 0
    outer loop
      vertex 49.4793 4 20.0812
      vertex 52.8 4 25.9282
      vertex 52.8075 4 25.7938
    endloop
  endfacet
  facet normal 0 1 0
    outer loop
      vertex 49.6037 4 20.1327
      vertex 52.8075 4 25.7938
      vertex 52.8301 4 25.6612
    endloop
  endfacet
  facet normal 0 1 0
    outer loop
      vertex 49.733 4 20.1699
      vertex 52.8301 4 25.6612
      vertex 52.8673 4 25.5319
    endloop
  endfacet
  facet normal 0 1 0
    outer loop
      vertex 49.8656 4 20.1925
      vertex 52.8673 4 25.5319
      vertex 52.9188 4 25.4075
    endloop
  endfacet
  facet normal 0 1 0
    outer loop
      vertex 50 4 20.2
      vertex 52.9188 4 25.4075
      vertex 52.9839 4 25.2898
    endloop
  endfacet
  facet normal 0 1 0
    outer loop
      vertex 50.1344 4 20.1925
      vertex 52.9839 4 25.2898
      vertex 53.0618 4 25.18
    endloop
  endfacet
  facet normal 0 1 0
    outer loop
      vertex 50.1344 4 20.1925
      vertex 53.0618 4 25.18
      vertex 53.1515 4 25.0797
    endloop
  endfacet
  facet normal 0 1 0
    outer loop
      vertex 50.1344 4 20.1925
      vertex 53.1515 4 25.0797
      vertex 53.2518 4 24.99
    endloop
  endfacet
  facet normal 0 1 0
    outer loop
      vertex 58 4 21.5
      vertex 124.149 4 24.6452
      vertex 124.306 4 24.5584
    endloop
  endfacet
  facet normal 0 1 0
    outer loop
      vertex 58 4 21.5
      vertex 124.306 4 24.5584
      vertex 124.472 4 24.4898
    endloop
  endfacet
  facet normal 0 1 0
    outer loop
      vertex 58 4 21.5
      vertex 124.472 4 24.4898
      vertex 124.644 4 24.4401
    endloop
  endfacet
  facet normal 0 1 0
    outer loop
      vertex 58 4 21.5
      vertex 124.644 4 24.4401
      vertex 124.821 4 24.4101
    endloop
  endfacet
  facet normal 0 1 0
    outer loop
      vertex 58 4 21.5
      vertex 124.821 4 24.4101
      vertex 125 4 24.4
    endloop
  endfacet
  facet normal 0 1 -0
    outer loop
      vertex 56.6699 4 21.1168
      vertex 54.6384 4 24.9121
      vertex 56.9153 4 21.2524
    endloop
  endfacet
  facet normal 0 1 0
    outer loop
      vertex 54.6384 4 24.9121
      vertex 56.6699 4 21.1168
      vertex 54.5207 4 24.847
    endloop
  endfacet
  facet normal 0 1 0
    outer loop
      vertex 54.5207 4 24.847
      vertex 56.6699 4 21.1168
      vertex 54.3963 4 24.7955
    endloop
  endfacet
  facet normal 0 1 -0
    outer loop
      vertex 56.4413 4 20.9546
      vertex 54.3963 4 24.7955
      vertex 56.6699 4 21.1168
    endloop
  endfacet
  facet normal 0 1 0
    outer loop
      vertex 54.3963 4 24.7955
      vertex 56.4413 4 20.9546
      vertex 54.267 4 24.7583
    endloop
  endfacet
  facet normal 0 1 -0
    outer loop
      vertex 56.2322 4 20.7678
      vertex 54.267 4 24.7583
      vertex 56.4413 4 20.9546
    endloop
  endfacet
  facet normal 0 1 0
    outer loop
      vertex 54.267 4 24.7583
      vertex 56.2322 4 20.7678
      vertex 54.1344 4 24.7357
    endloop
  endfacet
  facet normal 0 1 -0
    outer loop
      vertex 56.0454 4 20.5587
      vertex 54.1344 4 24.7357
      vertex 56.2322 4 20.7678
    endloop
  endfacet
  facet normal 0 1 0
    outer loop
      vertex 54.1344 4 24.7357
      vertex 56.0454 4 20.5587
      vertex 54 4 24.7282
    endloop
  endfacet
  facet normal 0 1 0
    outer loop
      vertex 54 4 24.7282
      vertex 56.0454 4 20.5587
      vertex 53.8656 4 24.7357
    endloop
  endfacet
  facet normal 0 1 -0
    outer loop
      vertex 55.8832 4 20.3301
      vertex 53.8656 4 24.7357
      vertex 56.0454 4 20.5587
    endloop
  endfacet
  facet normal 0 1 0
    outer loop
      vertex 53.8656 4 24.7357
      vertex 55.8832 4 20.3301
      vertex 53.733 4 24.7583
    endloop
  endfacet
  facet normal 0 1 0
    outer loop
      vertex 50.9382 4 19.7482
      vertex 53.733 4 24.7583
      vertex 55.8832 4 20.3301
    endloop
  endfacet
  facet normal 0 1 0
    outer loop
      vertex 50.1344 4 20.1925
      vertex 53.6037 4 24.7955
      vertex 53.733 4 24.7583
    endloop
  endfacet
  facet normal 0 1 0
    outer loop
      vertex 50.1344 4 20.1925
      vertex 53.4793 4 24.847
      vertex 53.6037 4 24.7955
    endloop
  endfacet
  facet normal 0 1 0
    outer loop
      vertex 50.1344 4 20.1925
      vertex 53.3616 4 24.9121
      vertex 53.4793 4 24.847
    endloop
  endfacet
  facet normal 0 1 0
    outer loop
      vertex 50.1344 4 20.1925
      vertex 53.2518 4 24.99
      vertex 53.3616 4 24.9121
    endloop
  endfacet
  facet normal 0 1 0
    outer loop
      vertex 52.9188 4 25.4075
      vertex 50 4 20.2
      vertex 49.8656 4 20.1925
    endloop
  endfacet
  facet normal 0 1 0
    outer loop
      vertex 52.8673 4 25.5319
      vertex 49.8656 4 20.1925
      vertex 49.733 4 20.1699
    endloop
  endfacet
  facet normal 0 1 0
    outer loop
      vertex 52.8301 4 25.6612
      vertex 49.733 4 20.1699
      vertex 49.6037 4 20.1327
    endloop
  endfacet
  facet normal 0 1 0
    outer loop
      vertex 52.8075 4 25.7938
      vertex 49.6037 4 20.1327
      vertex 49.4793 4 20.0812
    endloop
  endfacet
  facet normal 0 1 0
    outer loop
      vertex 52.8 4 25.9282
      vertex 49.4793 4 20.0812
      vertex 49.3616 4 20.0161
    endloop
  endfacet
  facet normal 0 1 0
    outer loop
      vertex 52.8075 4 26.0626
      vertex 49.3616 4 20.0161
      vertex 49.2518 4 19.9382
    endloop
  endfacet
  facet normal 0 1 0
    outer loop
      vertex 52.8301 4 26.1952
      vertex 49.2518 4 19.9382
      vertex 49.1515 4 19.8485
    endloop
  endfacet
  facet normal 0 1 0
    outer loop
      vertex 52.8301 4 26.1952
      vertex 49.1515 4 19.8485
      vertex 31.5 4 40.5
    endloop
  endfacet
  facet normal 0 1 -0
    outer loop
      vertex 49.0618 4 19.7482
      vertex 31.5 4 40.5
      vertex 49.1515 4 19.8485
    endloop
  endfacet
  facet normal 0 1 -0
    outer loop
      vertex 48.9839 4 19.6384
      vertex 31.5 4 40.5
      vertex 49.0618 4 19.7482
    endloop
  endfacet
  facet normal 0 1 -0
    outer loop
      vertex 48.9188 4 19.5207
      vertex 31.5 4 40.5
      vertex 48.9839 4 19.6384
    endloop
  endfacet
  facet normal 0 1 -0
    outer loop
      vertex 48.8673 4 19.3963
      vertex 31.5 4 40.5
      vertex 48.9188 4 19.5207
    endloop
  endfacet
  facet normal 0 1 -0
    outer loop
      vertex 48.8301 4 19.267
      vertex 31.5 4 40.5
      vertex 48.8673 4 19.3963
    endloop
  endfacet
  facet normal 0 1 -0
    outer loop
      vertex 48.8075 4 19.1344
      vertex 31.5 4 40.5
      vertex 48.8301 4 19.267
    endloop
  endfacet
  facet normal 0 1 -0
    outer loop
      vertex 48.8 4 19
      vertex 31.5 4 40.5
      vertex 48.8075 4 19.1344
    endloop
  endfacet
  facet normal 0 1 0
    outer loop
      vertex 8 4 8
      vertex 48.8 4 19
      vertex 48.8075 4 18.8656
    endloop
  endfacet
  facet normal 0 1 0
    outer loop
      vertex 8 4 8
      vertex 48.8075 4 18.8656
      vertex 48.8301 4 18.733
    endloop
  endfacet
  facet normal 0 1 0
    outer loop
      vertex 8 4 8
      vertex 48.8301 4 18.733
      vertex 48.8673 4 18.6037
    endloop
  endfacet
  facet normal 0 1 0
    outer loop
      vertex 8 4 8
      vertex 48.8673 4 18.6037
      vertex 48.9188 4 18.4793
    endloop
  endfacet
  facet normal 0 1 0
    outer loop
      vertex 8 4 8
      vertex 48.9188 4 18.4793
      vertex 48.9839 4 18.3616
    endloop
  endfacet
  facet normal 0 1 0
    outer loop
      vertex 8 4 8
      vertex 48.9839 4 18.3616
      vertex 49.0618 4 18.2518
    endloop
  endfacet
  facet normal 0 1 0
    outer loop
      vertex 53.8656 4 13.2643
      vertex 55.8832 4 17.6699
      vertex 56.0454 4 17.4413
    endloop
  endfacet
  facet normal 0 1 -0
    outer loop
      vertex 53.2518 4 13.01
      vertex 50.5207 4 17.9188
      vertex 53.3616 4 13.0879
    endloop
  endfacet
  facet normal 0 1 0
    outer loop
      vertex 54 4 13.2718
      vertex 56.0454 4 17.4413
      vertex 56.2322 4 17.2322
    endloop
  endfacet
  facet normal 0 1 0
    outer loop
      vertex 54 4 13.2718
      vertex 56.2322 4 17.2322
      vertex 56.4413 4 17.0454
    endloop
  endfacet
  facet normal 0 1 0
    outer loop
      vertex 54 4 13.2718
      vertex 56.4413 4 17.0454
      vertex 56.6699 4 16.8832
    endloop
  endfacet
  facet normal 0 1 0
    outer loop
      vertex 54 4 13.2718
      vertex 56.6699 4 16.8832
      vertex 56.9153 4 16.7476
    endloop
  endfacet
  facet normal 0 1 0
    outer loop
      vertex 54 4 13.2718
      vertex 56.9153 4 16.7476
      vertex 57.1743 4 16.6403
    endloop
  endfacet
  facet normal 0 1 0
    outer loop
      vertex 54 4 13.2718
      vertex 57.1743 4 16.6403
      vertex 57.4437 4 16.5627
    endloop
  endfacet
  facet normal 0 1 0
    outer loop
      vertex 54 4 13.2718
      vertex 57.4437 4 16.5627
      vertex 57.7201 4 16.5157
    endloop
  endfacet
  facet normal 0 1 0
    outer loop
      vertex 125.179 4 17.4101
      vertex 125 4 13.6
      vertex 125 4 17.4
    endloop
  endfacet
  facet normal 0 1 0
    outer loop
      vertex 125 4 17.4
      vertex 125 4 13.6
      vertex 124.821 4 13.5899
    endloop
  endfacet
  facet normal 0 1 0
    outer loop
      vertex 124.821 4 17.4101
      vertex 124.821 4 13.5899
      vertex 124.644 4 13.5599
    endloop
  endfacet
  facet normal 0 1 0
    outer loop
      vertex 59.7678 4 17.2322
      vertex 61.733 4 13.2417
      vertex 59.5587 4 17.0454
    endloop
  endfacet
  facet normal 0 1 -0
    outer loop
      vertex 61.6037 4 13.2045
      vertex 59.5587 4 17.0454
      vertex 61.733 4 13.2417
    endloop
  endfacet
  facet normal 0 1 0
    outer loop
      vertex 59.5587 4 17.0454
      vertex 61.6037 4 13.2045
      vertex 59.3301 4 16.8832
    endloop
  endfacet
  facet normal 0 1 -0
    outer loop
      vertex 61.4793 4 13.153
      vertex 59.3301 4 16.8832
      vertex 61.6037 4 13.2045
    endloop
  endfacet
  facet normal 0 1 -0
    outer loop
      vertex 61.3616 4 13.0879
      vertex 59.3301 4 16.8832
      vertex 61.4793 4 13.153
    endloop
  endfacet
  facet normal 0 1 0
    outer loop
      vertex 59.3301 4 16.8832
      vertex 61.3616 4 13.0879
      vertex 59.0847 4 16.7476
    endloop
  endfacet
  facet normal 0 1 0
    outer loop
      vertex 58 4 16.5
      vertex 54 4 13.2718
      vertex 57.7201 4 16.5157
    endloop
  endfacet
  facet normal 0 1 0
    outer loop
      vertex 56.0454 4 17.4413
      vertex 54 4 13.2718
      vertex 53.8656 4 13.2643
    endloop
  endfacet
  facet normal 0 1 0
    outer loop
      vertex 55.8832 4 17.6699
      vertex 53.8656 4 13.2643
      vertex 53.733 4 13.2417
    endloop
  endfacet
  facet normal 0 1 0
    outer loop
      vertex 50.5207 4 17.9188
      vertex 53.2518 4 13.01
      vertex 50.3963 4 17.8673
    endloop
  endfacet
  facet normal 0 1 -0
    outer loop
      vertex 53.1515 4 12.9203
      vertex 50.3963 4 17.8673
      vertex 53.2518 4 13.01
    endloop
  endfacet
  facet normal 0 1 0
    outer loop
      vertex 50.3963 4 17.8673
      vertex 53.1515 4 12.9203
      vertex 50.267 4 17.8301
    endloop
  endfacet
  facet normal 0 1 -0
    outer loop
      vertex 53.0618 4 12.82
      vertex 50.267 4 17.8301
      vertex 53.1515 4 12.9203
    endloop
  endfacet
  facet normal 0 1 0
    outer loop
      vertex 50.267 4 17.8301
      vertex 53.0618 4 12.82
      vertex 50.1344 4 17.8075
    endloop
  endfacet
  facet normal 0 1 -0
    outer loop
      vertex 52.9839 4 12.7102
      vertex 50.1344 4 17.8075
      vertex 53.0618 4 12.82
    endloop
  endfacet
  facet normal 0 1 0
    outer loop
      vertex 50.1344 4 17.8075
      vertex 52.9839 4 12.7102
      vertex 50 4 17.8
    endloop
  endfacet
  facet normal 0 1 -0
    outer loop
      vertex 52.9188 4 12.5925
      vertex 50 4 17.8
      vertex 52.9839 4 12.7102
    endloop
  endfacet
  facet normal 0 1 0
    outer loop
      vertex 50 4 17.8
      vertex 52.9188 4 12.5925
      vertex 49.8656 4 17.8075
    endloop
  endfacet
  facet normal 0 1 -0
    outer loop
      vertex 52.8673 4 12.4681
      vertex 49.8656 4 17.8075
      vertex 52.9188 4 12.5925
    endloop
  endfacet
  facet normal 0 1 0
    outer loop
      vertex 49.8656 4 17.8075
      vertex 52.8673 4 12.4681
      vertex 49.733 4 17.8301
    endloop
  endfacet
  facet normal 0 1 -0
    outer loop
      vertex 52.8301 4 12.3388
      vertex 49.733 4 17.8301
      vertex 52.8673 4 12.4681
    endloop
  endfacet
  facet normal 0 1 0
    outer loop
      vertex 49.733 4 17.8301
      vertex 52.8301 4 12.3388
      vertex 49.6037 4 17.8673
    endloop
  endfacet
  facet normal 0 1 -0
    outer loop
      vertex 52.8075 4 12.2062
      vertex 49.6037 4 17.8673
      vertex 52.8301 4 12.3388
    endloop
  endfacet
  facet normal 0 1 0
    outer loop
      vertex 49.6037 4 17.8673
      vertex 52.8075 4 12.2062
      vertex 49.4793 4 17.9188
    endloop
  endfacet
  facet normal 0 1 -0
    outer loop
      vertex 52.8 4 12.0718
      vertex 49.4793 4 17.9188
      vertex 52.8075 4 12.2062
    endloop
  endfacet
  facet normal 0 1 0
    outer loop
      vertex 49.4793 4 17.9188
      vertex 52.8 4 12.0718
      vertex 49.3616 4 17.9839
    endloop
  endfacet
  facet normal 0 1 0
    outer loop
      vertex 52.8075 4 11.9374
      vertex 49.3616 4 17.9839
      vertex 52.8 4 12.0718
    endloop
  endfacet
  facet normal 0 1 0
    outer loop
      vertex 49.3616 4 17.9839
      vertex 52.8075 4 11.9374
      vertex 49.2518 4 18.0618
    endloop
  endfacet
  facet normal 0 1 0
    outer loop
      vertex 52.8301 4 11.8048
      vertex 49.2518 4 18.0618
      vertex 52.8075 4 11.9374
    endloop
  endfacet
  facet normal 0 1 0
    outer loop
      vertex 49.2518 4 18.0618
      vertex 52.8301 4 11.8048
      vertex 49.1515 4 18.1515
    endloop
  endfacet
  facet normal 0 1 0
    outer loop
      vertex 52.8673 4 11.6755
      vertex 49.1515 4 18.1515
      vertex 52.8301 4 11.8048
    endloop
  endfacet
  facet normal 0 1 0
    outer loop
      vertex 49.1515 4 18.1515
      vertex 52.8673 4 11.6755
      vertex 49.0618 4 18.2518
    endloop
  endfacet
  facet normal 0 1 0
    outer loop
      vertex 49.0618 4 18.2518
      vertex 52.8673 4 11.6755
      vertex 8 4 8
    endloop
  endfacet
  facet normal 0 1 0
    outer loop
      vertex 8 4 8
      vertex 52.8673 4 11.6755
      vertex 52.9188 4 11.5511
    endloop
  endfacet
  facet normal 0 1 0
    outer loop
      vertex 8 4 8
      vertex 52.9188 4 11.5511
      vertex 52.9839 4 11.4334
    endloop
  endfacet
  facet normal 0 1 0
    outer loop
      vertex 8 4 8
      vertex 52.9839 4 11.4334
      vertex 53.0618 4 11.3236
    endloop
  endfacet
  facet normal 0 1 0
    outer loop
      vertex 62.3963 4 10.9391
      vertex 124.472 4 10.4898
      vertex 62.267 4 10.9019
    endloop
  endfacet
  facet normal 0 1 0
    outer loop
      vertex 124.644 4 10.4401
      vertex 62.267 4 10.9019
      vertex 124.472 4 10.4898
    endloop
  endfacet
  facet normal 0 1 0
    outer loop
      vertex 62.267 4 10.9019
      vertex 124.644 4 10.4401
      vertex 62.1344 4 10.8793
    endloop
  endfacet
  facet normal 0 1 0
    outer loop
      vertex 124.821 4 10.4101
      vertex 62.1344 4 10.8793
      vertex 124.644 4 10.4401
    endloop
  endfacet
  facet normal 0 1 0
    outer loop
      vertex 62.1344 4 10.8793
      vertex 124.821 4 10.4101
      vertex 62 4 10.8718
    endloop
  endfacet
  facet normal 0 1 0
    outer loop
      vertex 125 4 10.4
      vertex 62 4 10.8718
      vertex 124.821 4 10.4101
    endloop
  endfacet
  facet normal 0 1 0
    outer loop
      vertex 8 4 8
      vertex 62 4 10.8718
      vertex 125 4 10.4
    endloop
  endfacet
  facet normal 0 1 0
    outer loop
      vertex 8 4 8
      vertex 125 4 10.4
      vertex 182 4 8
    endloop
  endfacet
  facet normal 0 1 0
    outer loop
      vertex 62 4 10.8718
      vertex 8 4 8
      vertex 54 4 10.8718
    endloop
  endfacet
  facet normal 0 1 0
    outer loop
      vertex 8 4 8
      vertex 53.8656 4 10.8793
      vertex 54 4 10.8718
    endloop
  endfacet
  facet normal 0 1 0
    outer loop
      vertex 8 4 8
      vertex 53.733 4 10.9019
      vertex 53.8656 4 10.8793
    endloop
  endfacet
  facet normal 0 1 0
    outer loop
      vertex 8 4 8
      vertex 53.6037 4 10.9391
      vertex 53.733 4 10.9019
    endloop
  endfacet
  facet normal 0 1 0
    outer loop
      vertex 8 4 8
      vertex 53.4793 4 10.9906
      vertex 53.6037 4 10.9391
    endloop
  endfacet
  facet normal 0 1 0
    outer loop
      vertex 8 4 8
      vertex 53.3616 4 11.0557
      vertex 53.4793 4 10.9906
    endloop
  endfacet
  facet normal 0 1 0
    outer loop
      vertex 8 4 8
      vertex 53.2518 4 11.1336
      vertex 53.3616 4 11.0557
    endloop
  endfacet
  facet normal 0 1 0
    outer loop
      vertex 8 4 8
      vertex 53.1515 4 11.2233
      vertex 53.2518 4 11.1336
    endloop
  endfacet
  facet normal 0 1 0
    outer loop
      vertex 8 4 8
      vertex 53.0618 4 11.3236
      vertex 53.1515 4 11.2233
    endloop
  endfacet
  facet normal 0 1 0
    outer loop
      vertex 48.8 4 19
      vertex 8 4 8
      vertex 31.5 4 40.5
    endloop
  endfacet
  facet normal 0 1 0
    outer loop
      vertex 29.3 4 50.7
      vertex 8 4 8
      vertex 0 4 107
    endloop
  endfacet
  facet normal 0 1 0
    outer loop
      vertex 0 4 0
      vertex 8 4 8
      vertex 8 4 4
    endloop
  endfacet
  facet normal 0 1 0
    outer loop
      vertex 8 4 8
      vertex 0 4 0
      vertex 0 4 107
    endloop
  endfacet
  facet normal 0 1 0
    outer loop
      vertex 0 4 0
      vertex 8 4 4
      vertex 28 4 0
    endloop
  endfacet
  facet normal 0 1 -0
    outer loop
      vertex 121.8 4 66.7
      vertex 117 4 92.7
      vertex 123.5 4 91
    endloop
  endfacet
  facet normal 0 1 0
    outer loop
      vertex 121.8 4 66.7
      vertex 123.5 4 91
      vertex 123.5 4 66.7
    endloop
  endfacet
  facet normal 0 1 0
    outer loop
      vertex 117 4 64.7
      vertex 117 4 92.7
      vertex 121.8 4 66.7
    endloop
  endfacet
  facet normal 0 1 0
    outer loop
      vertex 117 4 64.7
      vertex 121.8 4 66.7
      vertex 119.2 4 64.7
    endloop
  endfacet
  facet normal 0 1 0
    outer loop
      vertex 117 4 92.7
      vertex 117 4 64.7
      vertex 109.75 4 92.7
    endloop
  endfacet
  facet normal 0 1 0
    outer loop
      vertex 109.75 4 43
      vertex 117 4 64.7
      vertex 117 4 50.7
    endloop
  endfacet
  facet normal 0 1 -0
    outer loop
      vertex 124 4 44.7
      vertex 123.5 4 45
      vertex 158.5 4 44.7
    endloop
  endfacet
  facet normal 0 1 0
    outer loop
      vertex 117 4 64.7
      vertex 109.75 4 43
      vertex 109.75 4 92.7
    endloop
  endfacet
  facet normal 0 1 0
    outer loop
      vertex 119.2 4 50.7
      vertex 117 4 42.7
      vertex 117 4 50.7
    endloop
  endfacet
  facet normal 0 1 -0
    outer loop
      vertex 124 4 42.5
      vertex 123.5 4 45
      vertex 124 4 44.7
    endloop
  endfacet
  facet normal 0 1 0
    outer loop
      vertex 109.75 4 43
      vertex 117 4 42.7
      vertex 38.75 4 43
    endloop
  endfacet
  facet normal 0 1 0
    outer loop
      vertex 117 4 50.7
      vertex 117 4 42.7
      vertex 109.75 4 43
    endloop
  endfacet
  facet normal 0 1 0
    outer loop
      vertex 123.5 4 45
      vertex 124 4 42.5
      vertex 117 4 42.7
    endloop
  endfacet
  facet normal 0 1 0
    outer loop
      vertex 117 4 42.7
      vertex 124 4 42.5
      vertex 117 4 40.5
    endloop
  endfacet
  facet normal 0 1 0
    outer loop
      vertex 159 4 91
      vertex 160.7 4 66.7
      vertex 159 4 66.7
    endloop
  endfacet
  facet normal 0 1 -0
    outer loop
      vertex 140 4 0
      vertex 50 4 4
      vertex 140 4 4
    endloop
  endfacet
  facet normal 0 1 0
    outer loop
      vertex 50 4 4
      vertex 140 4 0
      vertex 50 4 0
    endloop
  endfacet
  facet normal 1 0 0
    outer loop
      vertex 162 9 4
      vertex 162 13 8
      vertex 162 9 8
    endloop
  endfacet
  facet normal 1 0 0
    outer loop
      vertex 162 13 8
      vertex 162 9 4
      vertex 162 13 0
    endloop
  endfacet
  facet normal 1 0 0
    outer loop
      vertex 162 4 0
      vertex 162 9 4
      vertex 162 4 4
    endloop
  endfacet
  facet normal 1 0 0
    outer loop
      vertex 162 9 4
      vertex 162 4 0
      vertex 162 13 0
    endloop
  endfacet
  facet normal -1 0 0
    outer loop
      vertex 140 13 0
      vertex 140 9 4
      vertex 140 13 8
    endloop
  endfacet
  facet normal -1 0 0
    outer loop
      vertex 140 4 0
      vertex 140 9 4
      vertex 140 13 0
    endloop
  endfacet
  facet normal -1 -0 0
    outer loop
      vertex 140 9 4
      vertex 140 4 0
      vertex 140 4 4
    endloop
  endfacet
  facet normal -1 -0 0
    outer loop
      vertex 140 13 8
      vertex 140 9 4
      vertex 140 9 8
    endloop
  endfacet
  facet normal 0 1 -0
    outer loop
      vertex 162 13 0
      vertex 140 13 8
      vertex 162 13 8
    endloop
  endfacet
  facet normal 0 1 0
    outer loop
      vertex 140 13 8
      vertex 162 13 0
      vertex 140 13 0
    endloop
  endfacet
  facet normal 1 -0 0
    outer loop
      vertex 117 4 42.7
      vertex 117 9 40.5
      vertex 117 9 42.7
    endloop
  endfacet
  facet normal 1 0 0
    outer loop
      vertex 117 9 40.5
      vertex 117 4 42.7
      vertex 117 4 40.5
    endloop
  endfacet
  facet normal -0 0 1
    outer loop
      vertex 31.5 9 42.7
      vertex 117 4 42.7
      vertex 117 9 42.7
    endloop
  endfacet
  facet normal 0 0 1
    outer loop
      vertex 117 4 42.7
      vertex 31.5 9 42.7
      vertex 31.5 4 42.7
    endloop
  endfacet
  facet normal 0 0 -1
    outer loop
      vertex 31.5 4 40.5
      vertex 117 9 40.5
      vertex 117 4 40.5
    endloop
  endfacet
  facet normal -0 0 -1
    outer loop
      vertex 117 9 40.5
      vertex 31.5 4 40.5
      vertex 31.5 9 40.5
    endloop
  endfacet
  facet normal -1 0 0
    outer loop
      vertex 31.5 4 40.5
      vertex 31.5 9 42.7
      vertex 31.5 9 40.5
    endloop
  endfacet
  facet normal -1 -0 0
    outer loop
      vertex 31.5 9 42.7
      vertex 31.5 4 40.5
      vertex 31.5 4 42.7
    endloop
  endfacet
  facet normal 0 1 -0
    outer loop
      vertex 117 9 40.5
      vertex 31.5 9 42.7
      vertex 117 9 42.7
    endloop
  endfacet
  facet normal 0 1 0
    outer loop
      vertex 31.5 9 42.7
      vertex 117 9 40.5
      vertex 31.5 9 40.5
    endloop
  endfacet
  facet normal 1 -0 0
    outer loop
      vertex 117 4 94.9
      vertex 117 9 92.7
      vertex 117 9 94.9
    endloop
  endfacet
  facet normal 1 0 0
    outer loop
      vertex 117 9 92.7
      vertex 117 4 94.9
      vertex 117 4 92.7
    endloop
  endfacet
  facet normal -0 0 1
    outer loop
      vertex 31.5 9 94.9
      vertex 117 4 94.9
      vertex 117 9 94.9
    endloop
  endfacet
  facet normal 0 0 1
    outer loop
      vertex 117 4 94.9
      vertex 31.5 9 94.9
      vertex 31.5 4 94.9
    endloop
  endfacet
  facet normal 0 0 -1
    outer loop
      vertex 38.75 4 92.7
      vertex 31.5 4 92.7
      vertex 38.75 6 92.7
    endloop
  endfacet
  facet normal 0 0 -1
    outer loop
      vertex 109.75 6 92.7
      vertex 117 4 92.7
      vertex 109.75 4 92.7
    endloop
  endfacet
  facet normal 0 0 -1
    outer loop
      vertex 117 4 92.7
      vertex 109.75 6 92.7
      vertex 117 9 92.7
    endloop
  endfacet
  facet normal 0 0 -1
    outer loop
      vertex 38.75 6 92.7
      vertex 117 9 92.7
      vertex 109.75 6 92.7
    endloop
  endfacet
  facet normal 0 0 -1
    outer loop
      vertex 38.75 6 92.7
      vertex 31.5 9 92.7
      vertex 117 9 92.7
    endloop
  endfacet
  facet normal 0 0 -1
    outer loop
      vertex 31.5 9 92.7
      vertex 38.75 6 92.7
      vertex 31.5 4 92.7
    endloop
  endfacet
  facet normal -1 0 0
    outer loop
      vertex 31.5 4 92.7
      vertex 31.5 9 94.9
      vertex 31.5 9 92.7
    endloop
  endfacet
  facet normal -1 -0 0
    outer loop
      vertex 31.5 9 94.9
      vertex 31.5 4 92.7
      vertex 31.5 4 94.9
    endloop
  endfacet
  facet normal 0 1 -0
    outer loop
      vertex 117 9 92.7
      vertex 31.5 9 94.9
      vertex 117 9 94.9
    endloop
  endfacet
  facet normal 0 1 0
    outer loop
      vertex 31.5 9 94.9
      vertex 117 9 92.7
      vertex 31.5 9 92.7
    endloop
  endfacet
  facet normal 1 -0 0
    outer loop
      vertex 31.5 4 64.7
      vertex 31.5 9 50.7
      vertex 31.5 9 64.7
    endloop
  endfacet
  facet normal 1 0 0
    outer loop
      vertex 31.5 9 50.7
      vertex 31.5 4 64.7
      vertex 31.5 4 50.7
    endloop
  endfacet
  facet normal -0 0 1
    outer loop
      vertex 29.3 9 64.7
      vertex 31.5 4 64.7
      vertex 31.5 9 64.7
    endloop
  endfacet
  facet normal 0 0 1
    outer loop
      vertex 31.5 4 64.7
      vertex 29.3 9 64.7
      vertex 29.3 4 64.7
    endloop
  endfacet
  facet normal 0 0 -1
    outer loop
      vertex 29.3 4 50.7
      vertex 31.5 9 50.7
      vertex 31.5 4 50.7
    endloop
  endfacet
  facet normal -0 0 -1
    outer loop
      vertex 31.5 9 50.7
      vertex 29.3 4 50.7
      vertex 29.3 9 50.7
    endloop
  endfacet
  facet normal -1 0 0
    outer loop
      vertex 29.3 4 50.7
      vertex 29.3 9 64.7
      vertex 29.3 9 50.7
    endloop
  endfacet
  facet normal -1 -0 0
    outer loop
      vertex 29.3 9 64.7
      vertex 29.3 4 50.7
      vertex 29.3 4 64.7
    endloop
  endfacet
  facet normal 0 1 -0
    outer loop
      vertex 31.5 9 50.7
      vertex 29.3 9 64.7
      vertex 31.5 9 64.7
    endloop
  endfacet
  facet normal 0 1 0
    outer loop
      vertex 29.3 9 64.7
      vertex 31.5 9 50.7
      vertex 29.3 9 50.7
    endloop
  endfacet
  facet normal 1 -0 0
    outer loop
      vertex 119.2 4 64.7
      vertex 119.2 9 50.7
      vertex 119.2 9 64.7
    endloop
  endfacet
  facet normal 1 0 0
    outer loop
      vertex 119.2 9 50.7
      vertex 119.2 4 64.7
      vertex 119.2 4 50.7
    endloop
  endfacet
  facet normal -0 0 1
    outer loop
      vertex 117 9 64.7
      vertex 119.2 4 64.7
      vertex 119.2 9 64.7
    endloop
  endfacet
  facet normal 0 0 1
    outer loop
      vertex 119.2 4 64.7
      vertex 117 9 64.7
      vertex 117 4 64.7
    endloop
  endfacet
  facet normal 0 0 -1
    outer loop
      vertex 117 4 50.7
      vertex 119.2 9 50.7
      vertex 119.2 4 50.7
    endloop
  endfacet
  facet normal -0 0 -1
    outer loop
      vertex 119.2 9 50.7
      vertex 117 4 50.7
      vertex 117 9 50.7
    endloop
  endfacet
  facet normal -1 0 0
    outer loop
      vertex 117 4 50.7
      vertex 117 9 64.7
      vertex 117 9 50.7
    endloop
  endfacet
  facet normal -1 -0 0
    outer loop
      vertex 117 9 64.7
      vertex 117 4 50.7
      vertex 117 4 64.7
    endloop
  endfacet
  facet normal 0 1 -0
    outer loop
      vertex 119.2 9 50.7
      vertex 117 9 64.7
      vertex 119.2 9 64.7
    endloop
  endfacet
  facet normal 0 1 0
    outer loop
      vertex 117 9 64.7
      vertex 119.2 9 50.7
      vertex 117 9 50.7
    endloop
  endfacet
  facet normal 1 -0 0
    outer loop
      vertex 158.5 4 44.7
      vertex 158.5 9 42.5
      vertex 158.5 9 44.7
    endloop
  endfacet
  facet normal 1 0 0
    outer loop
      vertex 158.5 9 42.5
      vertex 158.5 4 44.7
      vertex 158.5 4 42.5
    endloop
  endfacet
  facet normal -0 0 1
    outer loop
      vertex 124 9 44.7
      vertex 158.5 4 44.7
      vertex 158.5 9 44.7
    endloop
  endfacet
  facet normal 0 0 1
    outer loop
      vertex 158.5 4 44.7
      vertex 124 9 44.7
      vertex 124 4 44.7
    endloop
  endfacet
  facet normal 0 0 -1
    outer loop
      vertex 124 4 42.5
      vertex 158.5 9 42.5
      vertex 158.5 4 42.5
    endloop
  endfacet
  facet normal -0 0 -1
    outer loop
      vertex 158.5 9 42.5
      vertex 124 4 42.5
      vertex 124 9 42.5
    endloop
  endfacet
  facet normal -1 0 0
    outer loop
      vertex 124 4 42.5
      vertex 124 9 44.7
      vertex 124 9 42.5
    endloop
  endfacet
  facet normal -1 -0 0
    outer loop
      vertex 124 9 44.7
      vertex 124 4 42.5
      vertex 124 4 44.7
    endloop
  endfacet
  facet normal 0 1 -0
    outer loop
      vertex 158.5 9 42.5
      vertex 124 9 44.7
      vertex 158.5 9 44.7
    endloop
  endfacet
  facet normal 0 1 0
    outer loop
      vertex 124 9 44.7
      vertex 158.5 9 42.5
      vertex 124 9 42.5
    endloop
  endfacet
  facet normal 1 -0 0
    outer loop
      vertex 158.5 4 101.9
      vertex 158.5 9 99.7
      vertex 158.5 9 101.9
    endloop
  endfacet
  facet normal 1 0 0
    outer loop
      vertex 158.5 9 99.7
      vertex 158.5 4 101.9
      vertex 158.5 4 99.7
    endloop
  endfacet
  facet normal -0 0 1
    outer loop
      vertex 124 9 101.9
      vertex 158.5 4 101.9
      vertex 158.5 9 101.9
    endloop
  endfacet
  facet normal 0 0 1
    outer loop
      vertex 158.5 4 101.9
      vertex 124 9 101.9
      vertex 124 4 101.9
    endloop
  endfacet
  facet normal 0 0 -1
    outer loop
      vertex 124 4 99.7
      vertex 158.5 9 99.7
      vertex 158.5 4 99.7
    endloop
  endfacet
  facet normal -0 0 -1
    outer loop
      vertex 158.5 9 99.7
      vertex 124 4 99.7
      vertex 124 9 99.7
    endloop
  endfacet
  facet normal -1 0 0
    outer loop
      vertex 124 4 99.7
      vertex 124 9 101.9
      vertex 124 9 99.7
    endloop
  endfacet
  facet normal -1 -0 0
    outer loop
      vertex 124 9 101.9
      vertex 124 4 99.7
      vertex 124 4 101.9
    endloop
  endfacet
  facet normal 0 1 -0
    outer loop
      vertex 158.5 9 99.7
      vertex 124 9 101.9
      vertex 158.5 9 101.9
    endloop
  endfacet
  facet normal 0 1 0
    outer loop
      vertex 124 9 101.9
      vertex 158.5 9 99.7
      vertex 124 9 99.7
    endloop
  endfacet
  facet normal 1 -0 0
    outer loop
      vertex 124 6 66.7
      vertex 124 9 52.7
      vertex 124 9 66.7
    endloop
  endfacet
  facet normal 1 0 0
    outer loop
      vertex 124 9 52.7
      vertex 124 6 66.7
      vertex 124 6 52.7
    endloop
  endfacet
  facet normal 0 0 1
    outer loop
      vertex 124 9 66.7
      vertex 123.5 6 66.7
      vertex 124 6 66.7
    endloop
  endfacet
  facet normal -0 0 1
    outer loop
      vertex 121.8 9 66.7
      vertex 123.5 6 66.7
      vertex 124 9 66.7
    endloop
  endfacet
  facet normal 0 0 1
    outer loop
      vertex 121.8 4 66.7
      vertex 123.5 6 66.7
      vertex 121.8 9 66.7
    endloop
  endfacet
  facet normal 0 0 1
    outer loop
      vertex 123.5 6 66.7
      vertex 121.8 4 66.7
      vertex 123.5 4 66.7
    endloop
  endfacet
  facet normal 0 0 -1
    outer loop
      vertex 123.5 4 52.7
      vertex 121.8 4 52.7
      vertex 123.5 6 52.7
    endloop
  endfacet
  facet normal 0 0 -1
    outer loop
      vertex 123.5 6 52.7
      vertex 124 9 52.7
      vertex 124 6 52.7
    endloop
  endfacet
  facet normal 0 0 -1
    outer loop
      vertex 121.8 9 52.7
      vertex 123.5 6 52.7
      vertex 121.8 4 52.7
    endloop
  endfacet
  facet normal 0 0 -1
    outer loop
      vertex 123.5 6 52.7
      vertex 121.8 9 52.7
      vertex 124 9 52.7
    endloop
  endfacet
  facet normal -1 0 0
    outer loop
      vertex 121.8 4 52.7
      vertex 121.8 9 66.7
      vertex 121.8 9 52.7
    endloop
  endfacet
  facet normal -1 -0 0
    outer loop
      vertex 121.8 9 66.7
      vertex 121.8 4 52.7
      vertex 121.8 4 66.7
    endloop
  endfacet
  facet normal 0 1 -0
    outer loop
      vertex 124 9 52.7
      vertex 121.8 9 66.7
      vertex 124 9 66.7
    endloop
  endfacet
  facet normal 0 1 0
    outer loop
      vertex 121.8 9 66.7
      vertex 124 9 52.7
      vertex 121.8 9 52.7
    endloop
  endfacet
  facet normal 1 -0 0
    outer loop
      vertex 160.7 4 66.7
      vertex 160.7 9 52.7
      vertex 160.7 9 66.7
    endloop
  endfacet
  facet normal 1 0 0
    outer loop
      vertex 160.7 9 52.7
      vertex 160.7 4 66.7
      vertex 160.7 4 52.7
    endloop
  endfacet
  facet normal 0 0 1
    outer loop
      vertex 160.7 9 66.7
      vertex 159 6 66.7
      vertex 160.7 4 66.7
    endloop
  endfacet
  facet normal -0 0 1
    outer loop
      vertex 158.5 9 66.7
      vertex 159 6 66.7
      vertex 160.7 9 66.7
    endloop
  endfacet
  facet normal 0 0 1
    outer loop
      vertex 159 6 66.7
      vertex 158.5 9 66.7
      vertex 158.5 6 66.7
    endloop
  endfacet
  facet normal 0 0 1
    outer loop
      vertex 160.7 4 66.7
      vertex 159 6 66.7
      vertex 159 4 66.7
    endloop
  endfacet
  facet normal 0 0 -1
    outer loop
      vertex 159 6 52.7
      vertex 160.7 4 52.7
      vertex 159 4 52.7
    endloop
  endfacet
  facet normal 0 0 -1
    outer loop
      vertex 160.7 4 52.7
      vertex 159 6 52.7
      vertex 160.7 9 52.7
    endloop
  endfacet
  facet normal 0 0 -1
    outer loop
      vertex 158.5 9 52.7
      vertex 159 6 52.7
      vertex 158.5 6 52.7
    endloop
  endfacet
  facet normal 0 0 -1
    outer loop
      vertex 159 6 52.7
      vertex 158.5 9 52.7
      vertex 160.7 9 52.7
    endloop
  endfacet
  facet normal -1 0 0
    outer loop
      vertex 158.5 6 52.7
      vertex 158.5 9 66.7
      vertex 158.5 9 52.7
    endloop
  endfacet
  facet normal -1 -0 0
    outer loop
      vertex 158.5 9 66.7
      vertex 158.5 6 52.7
      vertex 158.5 6 66.7
    endloop
  endfacet
  facet normal 0 1 -0
    outer loop
      vertex 160.7 9 52.7
      vertex 158.5 9 66.7
      vertex 160.7 9 66.7
    endloop
  endfacet
  facet normal 0 1 0
    outer loop
      vertex 158.5 9 66.7
      vertex 160.7 9 52.7
      vertex 158.5 9 52.7
    endloop
  endfacet
  facet normal 1 -0 0
    outer loop
      vertex 190 0 107
      vertex 190 4 0
      vertex 190 4 107
    endloop
  endfacet
  facet normal 1 0 0
    outer loop
      vertex 190 4 0
      vertex 190 0 107
      vertex 190 0 0
    endloop
  endfacet
  facet normal -0 0 1
    outer loop
      vertex 0 4 107
      vertex 190 0 107
      vertex 190 4 107
    endloop
  endfacet
  facet normal 0 0 1
    outer loop
      vertex 190 0 107
      vertex 0 4 107
      vertex 0 0 107
    endloop
  endfacet
  facet normal -1 0 0
    outer loop
      vertex 0 0 0
      vertex 0 4 107
      vertex 0 4 0
    endloop
  endfacet
  facet normal -1 -0 0
    outer loop
      vertex 0 4 107
      vertex 0 0 0
      vertex 0 0 107
    endloop
  endfacet
  facet normal 0 -1 0
    outer loop
      vertex 109.75 0 93
      vertex 123.5 0 45
      vertex 123.5 0 91
    endloop
  endfacet
  facet normal 0 -1 0
    outer loop
      vertex 124.002 0 27.2509
      vertex 123.5 0 45
      vertex 109.75 0 43
    endloop
  endfacet
  facet normal 0 -1 0
    outer loop
      vertex 109.75 0 43
      vertex 123.5 0 45
      vertex 109.75 0 93
    endloop
  endfacet
  facet normal 0 -1 0
    outer loop
      vertex 109.75 0 93
      vertex 0 0 107
      vertex 38.75 0 93
    endloop
  endfacet
  facet normal 0 -1 0
    outer loop
      vertex 0 0 107
      vertex 38.75 0 43
      vertex 38.75 0 93
    endloop
  endfacet
  facet normal 0 -1 0
    outer loop
      vertex 62.267 0 27.0981
      vertex 109.75 0 43
      vertex 38.75 0 43
    endloop
  endfacet
  facet normal 0 -1 0
    outer loop
      vertex 123.5 0 45
      vertex 124.821 0 27.5899
      vertex 125 0 27.6
    endloop
  endfacet
  facet normal 0 -1 0
    outer loop
      vertex 123.5 0 45
      vertex 124.644 0 27.5599
      vertex 124.821 0 27.5899
    endloop
  endfacet
  facet normal 0 -1 0
    outer loop
      vertex 123.5 0 45
      vertex 124.472 0 27.5102
      vertex 124.644 0 27.5599
    endloop
  endfacet
  facet normal 0 -1 0
    outer loop
      vertex 123.5 0 45
      vertex 124.306 0 27.4415
      vertex 124.472 0 27.5102
    endloop
  endfacet
  facet normal 0 -1 0
    outer loop
      vertex 62.6384 0 26.9443
      vertex 109.75 0 43
      vertex 62.5207 0 27.0094
    endloop
  endfacet
  facet normal 0 -1 0
    outer loop
      vertex 123.5 0 45
      vertex 124.149 0 27.3548
      vertex 124.306 0 27.4415
    endloop
  endfacet
  facet normal 0 -1 0
    outer loop
      vertex 62.7482 0 26.8664
      vertex 109.75 0 43
      vertex 62.6384 0 26.9443
    endloop
  endfacet
  facet normal 0 -1 0
    outer loop
      vertex 54.1344 0 27.1207
      vertex 38.75 0 43
      vertex 54 0 27.1282
    endloop
  endfacet
  facet normal 0 -1 0
    outer loop
      vertex 38.75 0 43
      vertex 53.8656 0 27.1207
      vertex 54 0 27.1282
    endloop
  endfacet
  facet normal 0 -1 0
    outer loop
      vertex 38.75 0 43
      vertex 53.733 0 27.0981
      vertex 53.8656 0 27.1207
    endloop
  endfacet
  facet normal 0 -1 0
    outer loop
      vertex 38.75 0 43
      vertex 53.6037 0 27.0609
      vertex 53.733 0 27.0981
    endloop
  endfacet
  facet normal 0 -1 0
    outer loop
      vertex 38.75 0 43
      vertex 53.4793 0 27.0094
      vertex 53.6037 0 27.0609
    endloop
  endfacet
  facet normal 0 -1 0
    outer loop
      vertex 38.75 0 43
      vertex 53.3616 0 26.9443
      vertex 53.4793 0 27.0094
    endloop
  endfacet
  facet normal 0 -1 0
    outer loop
      vertex 38.75 0 43
      vertex 53.2518 0 26.8664
      vertex 53.3616 0 26.9443
    endloop
  endfacet
  facet normal 0 -1 0
    outer loop
      vertex 38.75 0 43
      vertex 53.1515 0 26.7767
      vertex 53.2518 0 26.8664
    endloop
  endfacet
  facet normal 0 -1 0
    outer loop
      vertex 38.75 0 43
      vertex 53.0618 0 26.6764
      vertex 53.1515 0 26.7767
    endloop
  endfacet
  facet normal 0 -1 0
    outer loop
      vertex 38.75 0 43
      vertex 52.9839 0 26.5666
      vertex 53.0618 0 26.6764
    endloop
  endfacet
  facet normal 0 -1 0
    outer loop
      vertex 38.75 0 43
      vertex 52.9188 0 26.4489
      vertex 52.9839 0 26.5666
    endloop
  endfacet
  facet normal 0 -1 0
    outer loop
      vertex 38.75 0 43
      vertex 52.8673 0 26.3245
      vertex 52.9188 0 26.4489
    endloop
  endfacet
  facet normal 0 -1 0
    outer loop
      vertex 38.75 0 43
      vertex 52.8301 0 26.1952
      vertex 52.8673 0 26.3245
    endloop
  endfacet
  facet normal 0 -1 0
    outer loop
      vertex 49.1515 0 19.8485
      vertex 52.8301 0 26.1952
      vertex 38.75 0 43
    endloop
  endfacet
  facet normal -0 -1 0
    outer loop
      vertex 49.2518 0 19.9382
      vertex 52.8301 0 26.1952
      vertex 49.1515 0 19.8485
    endloop
  endfacet
  facet normal 0 -1 0
    outer loop
      vertex 52.8301 0 26.1952
      vertex 49.2518 0 19.9382
      vertex 52.8075 0 26.0626
    endloop
  endfacet
  facet normal -0 -1 0
    outer loop
      vertex 49.3616 0 20.0161
      vertex 52.8075 0 26.0626
      vertex 49.2518 0 19.9382
    endloop
  endfacet
  facet normal 0 -1 0
    outer loop
      vertex 52.8075 0 26.0626
      vertex 49.3616 0 20.0161
      vertex 52.8 0 25.9282
    endloop
  endfacet
  facet normal -0 -1 0
    outer loop
      vertex 49.4793 0 20.0812
      vertex 52.8 0 25.9282
      vertex 49.3616 0 20.0161
    endloop
  endfacet
  facet normal -0 -1 0
    outer loop
      vertex 49.6037 0 20.1327
      vertex 52.8075 0 25.7938
      vertex 49.4793 0 20.0812
    endloop
  endfacet
  facet normal 0 -1 -0
    outer loop
      vertex 52.8075 0 25.7938
      vertex 49.6037 0 20.1327
      vertex 52.8301 0 25.6612
    endloop
  endfacet
  facet normal 0 -1 0
    outer loop
      vertex 59.3301 0 21.1168
      vertex 61.3616 0 24.9121
      vertex 59.0847 0 21.2524
    endloop
  endfacet
  facet normal 0 -1 0
    outer loop
      vertex 66.3963 0 20.1327
      vertex 62 0 24.7282
      vertex 66.267 0 20.1699
    endloop
  endfacet
  facet normal 0 -1 0
    outer loop
      vertex 66.5207 0 20.0812
      vertex 62 0 24.7282
      vertex 66.3963 0 20.1327
    endloop
  endfacet
  facet normal 0 -1 0
    outer loop
      vertex 66.6384 0 20.0161
      vertex 62 0 24.7282
      vertex 66.5207 0 20.0812
    endloop
  endfacet
  facet normal 0 -1 0
    outer loop
      vertex 66.7482 0 19.9382
      vertex 62 0 24.7282
      vertex 66.6384 0 20.0161
    endloop
  endfacet
  facet normal 0 -1 0
    outer loop
      vertex 62 0 24.7282
      vertex 66.7482 0 19.9382
      vertex 124.149 0 24.6452
    endloop
  endfacet
  facet normal -0 -1 0
    outer loop
      vertex 131.472 0 20.5102
      vertex 131.472 0 24.4898
      vertex 131.306 0 20.4415
    endloop
  endfacet
  facet normal 0 -1 -0
    outer loop
      vertex 61.4793 0 24.847
      vertex 59.3301 0 21.1168
      vertex 61.6037 0 24.7955
    endloop
  endfacet
  facet normal 0 -1 -0
    outer loop
      vertex 61.3616 0 24.9121
      vertex 59.3301 0 21.1168
      vertex 61.4793 0 24.847
    endloop
  endfacet
  facet normal 0 -1 0
    outer loop
      vertex 56.0454 0 20.5587
      vertex 54 0 24.7282
      vertex 53.8656 0 24.7357
    endloop
  endfacet
  facet normal 0 -1 0
    outer loop
      vertex 55.8832 0 20.3301
      vertex 53.8656 0 24.7357
      vertex 53.733 0 24.7583
    endloop
  endfacet
  facet normal 0 -1 0
    outer loop
      vertex 50.8485 0 19.8485
      vertex 53.733 0 24.7583
      vertex 53.6037 0 24.7955
    endloop
  endfacet
  facet normal 0 -1 0
    outer loop
      vertex 50.7482 0 19.9382
      vertex 53.6037 0 24.7955
      vertex 53.4793 0 24.847
    endloop
  endfacet
  facet normal 0 -1 0
    outer loop
      vertex 50.6384 0 20.0161
      vertex 53.4793 0 24.847
      vertex 53.3616 0 24.9121
    endloop
  endfacet
  facet normal 0 -1 0
    outer loop
      vertex 50.5207 0 20.0812
      vertex 53.3616 0 24.9121
      vertex 53.2518 0 24.99
    endloop
  endfacet
  facet normal 0 -1 0
    outer loop
      vertex 54 0 24.7282
      vertex 57.7201 0 21.4843
      vertex 58 0 21.5
    endloop
  endfacet
  facet normal 0 -1 0
    outer loop
      vertex 54 0 24.7282
      vertex 57.4437 0 21.4373
      vertex 57.7201 0 21.4843
    endloop
  endfacet
  facet normal 0 -1 0
    outer loop
      vertex 54 0 24.7282
      vertex 57.1743 0 21.3597
      vertex 57.4437 0 21.4373
    endloop
  endfacet
  facet normal 0 -1 0
    outer loop
      vertex 50.3963 0 20.1327
      vertex 53.2518 0 24.99
      vertex 53.1515 0 25.0797
    endloop
  endfacet
  facet normal 0 -1 0
    outer loop
      vertex 54 0 24.7282
      vertex 56.9153 0 21.2524
      vertex 57.1743 0 21.3597
    endloop
  endfacet
  facet normal 0 -1 0
    outer loop
      vertex 54 0 24.7282
      vertex 56.6699 0 21.1168
      vertex 56.9153 0 21.2524
    endloop
  endfacet
  facet normal 0 -1 0
    outer loop
      vertex 50.267 0 20.1699
      vertex 53.1515 0 25.0797
      vertex 53.0618 0 25.18
    endloop
  endfacet
  facet normal 0 -1 0
    outer loop
      vertex 54 0 24.7282
      vertex 56.4413 0 20.9546
      vertex 56.6699 0 21.1168
    endloop
  endfacet
  facet normal -0 -1 0
    outer loop
      vertex 49.733 0 20.1699
      vertex 52.8301 0 25.6612
      vertex 49.6037 0 20.1327
    endloop
  endfacet
  facet normal 0 -1 0
    outer loop
      vertex 50.267 0 20.1699
      vertex 53.0618 0 25.18
      vertex 50.1344 0 20.1925
    endloop
  endfacet
  facet normal 0 -1 0
    outer loop
      vertex 53.1515 0 25.0797
      vertex 50.267 0 20.1699
      vertex 50.3963 0 20.1327
    endloop
  endfacet
  facet normal 0 -1 0
    outer loop
      vertex 53.2518 0 24.99
      vertex 50.3963 0 20.1327
      vertex 50.5207 0 20.0812
    endloop
  endfacet
  facet normal 0 -1 -0
    outer loop
      vertex 52.9839 0 25.2898
      vertex 50.1344 0 20.1925
      vertex 53.0618 0 25.18
    endloop
  endfacet
  facet normal 0 -1 0
    outer loop
      vertex 0 0 0
      vertex 38.75 0 43
      vertex 0 0 107
    endloop
  endfacet
  facet normal 0 -1 0
    outer loop
      vertex 50.1344 0 20.1925
      vertex 52.9839 0 25.2898
      vertex 50 0 20.2
    endloop
  endfacet
  facet normal 0 -1 -0
    outer loop
      vertex 52.9188 0 25.4075
      vertex 50 0 20.2
      vertex 52.9839 0 25.2898
    endloop
  endfacet
  facet normal -0 -1 0
    outer loop
      vertex 50 0 20.2
      vertex 52.9188 0 25.4075
      vertex 49.8656 0 20.1925
    endloop
  endfacet
  facet normal 0 -1 -0
    outer loop
      vertex 52.8673 0 25.5319
      vertex 49.8656 0 20.1925
      vertex 52.9188 0 25.4075
    endloop
  endfacet
  facet normal -0 -1 0
    outer loop
      vertex 49.8656 0 20.1925
      vertex 52.8673 0 25.5319
      vertex 49.733 0 20.1699
    endloop
  endfacet
  facet normal 0 -1 -0
    outer loop
      vertex 52.8301 0 25.6612
      vertex 49.733 0 20.1699
      vertex 52.8673 0 25.5319
    endloop
  endfacet
  facet normal 0 -1 -0
    outer loop
      vertex 52.8 0 25.9282
      vertex 49.4793 0 20.0812
      vertex 52.8075 0 25.7938
    endloop
  endfacet
  facet normal 0 -1 0
    outer loop
      vertex 38.75 0 43
      vertex 49.0618 0 19.7482
      vertex 49.1515 0 19.8485
    endloop
  endfacet
  facet normal -0 -1 0
    outer loop
      vertex 48.8075 0 19.1344
      vertex 38.75 0 43
      vertex 0 0 0
    endloop
  endfacet
  facet normal 0 -1 0
    outer loop
      vertex 38.75 0 43
      vertex 48.9839 0 19.6384
      vertex 49.0618 0 19.7482
    endloop
  endfacet
  facet normal 0 -1 0
    outer loop
      vertex 38.75 0 43
      vertex 48.9188 0 19.5207
      vertex 48.9839 0 19.6384
    endloop
  endfacet
  facet normal 0 -1 0
    outer loop
      vertex 38.75 0 43
      vertex 48.8673 0 19.3963
      vertex 48.9188 0 19.5207
    endloop
  endfacet
  facet normal 0 -1 0
    outer loop
      vertex 38.75 0 43
      vertex 48.8301 0 19.267
      vertex 48.8673 0 19.3963
    endloop
  endfacet
  facet normal 0 -1 0
    outer loop
      vertex 38.75 0 43
      vertex 48.8075 0 19.1344
      vertex 48.8301 0 19.267
    endloop
  endfacet
  facet normal 0 -1 0
    outer loop
      vertex 48.8075 0 19.1344
      vertex 0 0 0
      vertex 48.8 0 19
    endloop
  endfacet
  facet normal 0 -1 -0
    outer loop
      vertex 48.8 0 19
      vertex 0 0 0
      vertex 48.8075 0 18.8656
    endloop
  endfacet
  facet normal 0 -1 -0
    outer loop
      vertex 48.8075 0 18.8656
      vertex 0 0 0
      vertex 48.8301 0 18.733
    endloop
  endfacet
  facet normal 0 -1 -0
    outer loop
      vertex 48.8301 0 18.733
      vertex 0 0 0
      vertex 48.8673 0 18.6037
    endloop
  endfacet
  facet normal 0 -1 0
    outer loop
      vertex 50.8485 0 18.1515
      vertex 56.0454 0 17.4413
      vertex 55.8832 0 17.6699
    endloop
  endfacet
  facet normal 0 -1 0
    outer loop
      vertex 52.9188 0 12.5925
      vertex 50 0 17.8
      vertex 49.8656 0 17.8075
    endloop
  endfacet
  facet normal 0 -1 0
    outer loop
      vertex 50.1344 0 17.8075
      vertex 53.733 0 13.2417
      vertex 56.0454 0 17.4413
    endloop
  endfacet
  facet normal -0 -1 0
    outer loop
      vertex 53.8656 0 13.2643
      vertex 56.0454 0 17.4413
      vertex 53.733 0 13.2417
    endloop
  endfacet
  facet normal -0 -1 0
    outer loop
      vertex 54 0 13.2718
      vertex 56.0454 0 17.4413
      vertex 53.8656 0 13.2643
    endloop
  endfacet
  facet normal 0 -1 0
    outer loop
      vertex 54.1344 0 13.2643
      vertex 56.0454 0 17.4413
      vertex 54 0 13.2718
    endloop
  endfacet
  facet normal 0 -1 0
    outer loop
      vertex 54.267 0 13.2417
      vertex 56.2322 0 17.2322
      vertex 54.1344 0 13.2643
    endloop
  endfacet
  facet normal 0 -1 -0
    outer loop
      vertex 56.2322 0 17.2322
      vertex 54.267 0 13.2417
      vertex 56.4413 0 17.0454
    endloop
  endfacet
  facet normal 0 -1 0
    outer loop
      vertex 54.3963 0 13.2045
      vertex 56.4413 0 17.0454
      vertex 54.267 0 13.2417
    endloop
  endfacet
  facet normal 0 -1 0
    outer loop
      vertex 124.821 0 17.4101
      vertex 124.821 0 13.5899
      vertex 125 0 13.6
    endloop
  endfacet
  facet normal 0 -1 0
    outer loop
      vertex 58.2799 0 16.5157
      vertex 124.644 0 13.5599
      vertex 124.821 0 13.5899
    endloop
  endfacet
  facet normal 0 -1 0
    outer loop
      vertex 58.2799 0 16.5157
      vertex 124.472 0 13.5102
      vertex 124.644 0 13.5599
    endloop
  endfacet
  facet normal 0 -1 0
    outer loop
      vertex 58.2799 0 16.5157
      vertex 124.306 0 13.4415
      vertex 124.472 0 13.5102
    endloop
  endfacet
  facet normal 0 -1 0
    outer loop
      vertex 58.2799 0 16.5157
      vertex 124.149 0 13.3548
      vertex 124.306 0 13.4415
    endloop
  endfacet
  facet normal 0 -1 -0
    outer loop
      vertex 56.6699 0 16.8832
      vertex 54.6384 0 13.0879
      vertex 56.9153 0 16.7476
    endloop
  endfacet
  facet normal 0 -1 0
    outer loop
      vertex 54.6384 0 13.0879
      vertex 56.6699 0 16.8832
      vertex 54.5207 0 13.153
    endloop
  endfacet
  facet normal 0 -1 0
    outer loop
      vertex 54.5207 0 13.153
      vertex 56.6699 0 16.8832
      vertex 54.3963 0 13.2045
    endloop
  endfacet
  facet normal 0 -1 0
    outer loop
      vertex 52.8673 0 12.4681
      vertex 49.8656 0 17.8075
      vertex 49.733 0 17.8301
    endloop
  endfacet
  facet normal 0 -1 0
    outer loop
      vertex 52.8301 0 12.3388
      vertex 49.733 0 17.8301
      vertex 49.6037 0 17.8673
    endloop
  endfacet
  facet normal 0 -1 0
    outer loop
      vertex 52.8075 0 12.2062
      vertex 49.6037 0 17.8673
      vertex 49.4793 0 17.9188
    endloop
  endfacet
  facet normal 0 -1 0
    outer loop
      vertex 52.8 0 12.0718
      vertex 49.4793 0 17.9188
      vertex 49.3616 0 17.9839
    endloop
  endfacet
  facet normal 0 -1 0
    outer loop
      vertex 52.8075 0 11.9374
      vertex 49.3616 0 17.9839
      vertex 49.2518 0 18.0618
    endloop
  endfacet
  facet normal 0 -1 0
    outer loop
      vertex 52.8301 0 11.8048
      vertex 49.2518 0 18.0618
      vertex 49.1515 0 18.1515
    endloop
  endfacet
  facet normal 0 -1 -0
    outer loop
      vertex 56.4413 0 17.0454
      vertex 54.3963 0 13.2045
      vertex 56.6699 0 16.8832
    endloop
  endfacet
  facet normal 0 -1 -0
    outer loop
      vertex 56.0454 0 17.4413
      vertex 54.1344 0 13.2643
      vertex 56.2322 0 17.2322
    endloop
  endfacet
  facet normal 0 -1 0
    outer loop
      vertex 50.1344 0 17.8075
      vertex 53.6037 0 13.2045
      vertex 53.733 0 13.2417
    endloop
  endfacet
  facet normal 0 -1 0
    outer loop
      vertex 50.1344 0 17.8075
      vertex 53.4793 0 13.153
      vertex 53.6037 0 13.2045
    endloop
  endfacet
  facet normal 0 -1 0
    outer loop
      vertex 52.8673 0 11.6755
      vertex 49.1515 0 18.1515
      vertex 49.0618 0 18.2518
    endloop
  endfacet
  facet normal 0 -1 0
    outer loop
      vertex 50.1344 0 17.8075
      vertex 53.3616 0 13.0879
      vertex 53.4793 0 13.153
    endloop
  endfacet
  facet normal 0 -1 0
    outer loop
      vertex 50.1344 0 17.8075
      vertex 53.2518 0 13.01
      vertex 53.3616 0 13.0879
    endloop
  endfacet
  facet normal 0 -1 0
    outer loop
      vertex 50.1344 0 17.8075
      vertex 53.1515 0 12.9203
      vertex 53.2518 0 13.01
    endloop
  endfacet
  facet normal 0 -1 0
    outer loop
      vertex 50.1344 0 17.8075
      vertex 53.0618 0 12.82
      vertex 53.1515 0 12.9203
    endloop
  endfacet
  facet normal 0 -1 0
    outer loop
      vertex 50.1344 0 17.8075
      vertex 52.9839 0 12.7102
      vertex 53.0618 0 12.82
    endloop
  endfacet
  facet normal 0 -1 0
    outer loop
      vertex 0 0 0
      vertex 49.0618 0 18.2518
      vertex 48.9839 0 18.3616
    endloop
  endfacet
  facet normal 0 -1 0
    outer loop
      vertex 50 0 17.8
      vertex 52.9188 0 12.5925
      vertex 52.9839 0 12.7102
    endloop
  endfacet
  facet normal 0 -1 0
    outer loop
      vertex 49.8656 0 17.8075
      vertex 52.8673 0 12.4681
      vertex 52.9188 0 12.5925
    endloop
  endfacet
  facet normal 0 -1 0
    outer loop
      vertex 49.733 0 17.8301
      vertex 52.8301 0 12.3388
      vertex 52.8673 0 12.4681
    endloop
  endfacet
  facet normal 0 -1 0
    outer loop
      vertex 49.6037 0 17.8673
      vertex 52.8075 0 12.2062
      vertex 52.8301 0 12.3388
    endloop
  endfacet
  facet normal 0 -1 0
    outer loop
      vertex 49.4793 0 17.9188
      vertex 52.8 0 12.0718
      vertex 52.8075 0 12.2062
    endloop
  endfacet
  facet normal 0 -1 0
    outer loop
      vertex 49.3616 0 17.9839
      vertex 52.8075 0 11.9374
      vertex 52.8 0 12.0718
    endloop
  endfacet
  facet normal 0 -1 0
    outer loop
      vertex 49.2518 0 18.0618
      vertex 52.8301 0 11.8048
      vertex 52.8075 0 11.9374
    endloop
  endfacet
  facet normal 0 -1 0
    outer loop
      vertex 49.1515 0 18.1515
      vertex 52.8673 0 11.6755
      vertex 52.8301 0 11.8048
    endloop
  endfacet
  facet normal 0 -1 -0
    outer loop
      vertex 49.0618 0 18.2518
      vertex 0 0 0
      vertex 52.8673 0 11.6755
    endloop
  endfacet
  facet normal 0 -1 -0
    outer loop
      vertex 52.8673 0 11.6755
      vertex 0 0 0
      vertex 52.9188 0 11.5511
    endloop
  endfacet
  facet normal 0 -1 0
    outer loop
      vertex 0 0 0
      vertex 62 0 10.8718
      vertex 54 0 10.8718
    endloop
  endfacet
  facet normal 0 -1 0
    outer loop
      vertex 62 0 10.8718
      vertex 124.002 0 10.7491
      vertex 123.869 0 10.8686
    endloop
  endfacet
  facet normal 0 -1 0
    outer loop
      vertex 62 0 10.8718
      vertex 124.149 0 10.6452
      vertex 124.002 0 10.7491
    endloop
  endfacet
  facet normal 0 -1 0
    outer loop
      vertex 62 0 10.8718
      vertex 124.306 0 10.5584
      vertex 124.149 0 10.6452
    endloop
  endfacet
  facet normal 0 -1 0
    outer loop
      vertex 62 0 10.8718
      vertex 124.472 0 10.4898
      vertex 124.306 0 10.5584
    endloop
  endfacet
  facet normal 0 -1 0
    outer loop
      vertex 62 0 10.8718
      vertex 124.644 0 10.4401
      vertex 124.472 0 10.4898
    endloop
  endfacet
  facet normal 0 -1 0
    outer loop
      vertex 62 0 10.8718
      vertex 124.821 0 10.4101
      vertex 124.644 0 10.4401
    endloop
  endfacet
  facet normal 0 -1 -0
    outer loop
      vertex 62 0 10.8718
      vertex 0 0 0
      vertex 124.821 0 10.4101
    endloop
  endfacet
  facet normal 0 -1 0
    outer loop
      vertex 190 0 0
      vertex 132 0 10.4
      vertex 125 0 10.4
    endloop
  endfacet
  facet normal 0 -1 0
    outer loop
      vertex 124.821 0 10.4101
      vertex 190 0 0
      vertex 125 0 10.4
    endloop
  endfacet
  facet normal 0 -1 0
    outer loop
      vertex 190 0 0
      vertex 124.821 0 10.4101
      vertex 0 0 0
    endloop
  endfacet
  facet normal 0 -1 -0
    outer loop
      vertex 53.8656 0 10.8793
      vertex 0 0 0
      vertex 54 0 10.8718
    endloop
  endfacet
  facet normal 0 -1 -0
    outer loop
      vertex 53.733 0 10.9019
      vertex 0 0 0
      vertex 53.8656 0 10.8793
    endloop
  endfacet
  facet normal 0 -1 -0
    outer loop
      vertex 53.6037 0 10.9391
      vertex 0 0 0
      vertex 53.733 0 10.9019
    endloop
  endfacet
  facet normal 0 -1 -0
    outer loop
      vertex 53.4793 0 10.9906
      vertex 0 0 0
      vertex 53.6037 0 10.9391
    endloop
  endfacet
  facet normal 0 -1 -0
    outer loop
      vertex 53.3616 0 11.0557
      vertex 0 0 0
      vertex 53.4793 0 10.9906
    endloop
  endfacet
  facet normal 0 -1 -0
    outer loop
      vertex 53.2518 0 11.1336
      vertex 0 0 0
      vertex 53.3616 0 11.0557
    endloop
  endfacet
  facet normal 0 -1 -0
    outer loop
      vertex 53.1515 0 11.2233
      vertex 0 0 0
      vertex 53.2518 0 11.1336
    endloop
  endfacet
  facet normal 0 -1 -0
    outer loop
      vertex 53.0618 0 11.3236
      vertex 0 0 0
      vertex 53.1515 0 11.2233
    endloop
  endfacet
  facet normal 0 -1 -0
    outer loop
      vertex 52.9839 0 11.4334
      vertex 0 0 0
      vertex 53.0618 0 11.3236
    endloop
  endfacet
  facet normal 0 -1 -0
    outer loop
      vertex 52.9188 0 11.5511
      vertex 0 0 0
      vertex 52.9839 0 11.4334
    endloop
  endfacet
  facet normal 0 -1 -0
    outer loop
      vertex 48.9188 0 18.4793
      vertex 0 0 0
      vertex 48.9839 0 18.3616
    endloop
  endfacet
  facet normal 0 -1 -0
    outer loop
      vertex 48.8673 0 18.6037
      vertex 0 0 0
      vertex 48.9188 0 18.4793
    endloop
  endfacet
  facet normal 0 -1 0
    outer loop
      vertex 0 0 107
      vertex 109.75 0 93
      vertex 190 0 107
    endloop
  endfacet
  facet normal 0 -1 0
    outer loop
      vertex 123.5 0 91
      vertex 190 0 107
      vertex 109.75 0 93
    endloop
  endfacet
  facet normal 0 -1 0
    outer loop
      vertex 159 0 91
      vertex 190 0 107
      vertex 123.5 0 91
    endloop
  endfacet
  facet normal 0 -1 0
    outer loop
      vertex 159 0 45
      vertex 190 0 107
      vertex 159 0 91
    endloop
  endfacet
  facet normal 0 -1 0
    outer loop
      vertex 123.5 0 45
      vertex 125 0 27.6
      vertex 125.179 0 27.5899
    endloop
  endfacet
  facet normal 0 -1 0
    outer loop
      vertex 125.356 0 27.5599
      vertex 123.5 0 45
      vertex 125.179 0 27.5899
    endloop
  endfacet
  facet normal 0 -1 0
    outer loop
      vertex 132.356 0 27.5599
      vertex 123.5 0 45
      vertex 132.179 0 27.5899
    endloop
  endfacet
  facet normal 0 -1 0
    outer loop
      vertex 123.5 0 45
      vertex 139.179 0 27.5899
      vertex 159 0 45
    endloop
  endfacet
  facet normal 0 -1 0
    outer loop
      vertex 139.356 0 27.5599
      vertex 159 0 45
      vertex 139.179 0 27.5899
    endloop
  endfacet
  facet normal 0 -1 0
    outer loop
      vertex 139.528 0 27.5102
      vertex 159 0 45
      vertex 139.356 0 27.5599
    endloop
  endfacet
  facet normal 0 -1 0
    outer loop
      vertex 139.694 0 27.4415
      vertex 159 0 45
      vertex 139.528 0 27.5102
    endloop
  endfacet
  facet normal 0 -1 0
    outer loop
      vertex 139.851 0 27.3548
      vertex 159 0 45
      vertex 139.694 0 27.4415
    endloop
  endfacet
  facet normal 0 -1 0
    outer loop
      vertex 139.998 0 27.2509
      vertex 159 0 45
      vertex 139.851 0 27.3548
    endloop
  endfacet
  facet normal 0 -1 0
    outer loop
      vertex 140.131 0 27.1314
      vertex 159 0 45
      vertex 139.998 0 27.2509
    endloop
  endfacet
  facet normal 0 -1 0
    outer loop
      vertex 140.251 0 26.9976
      vertex 159 0 45
      vertex 140.131 0 27.1314
    endloop
  endfacet
  facet normal 0 -1 0
    outer loop
      vertex 140.355 0 26.8512
      vertex 159 0 45
      vertex 140.251 0 26.9976
    endloop
  endfacet
  facet normal 0 -1 0
    outer loop
      vertex 140.442 0 26.6942
      vertex 159 0 45
      vertex 140.355 0 26.8512
    endloop
  endfacet
  facet normal 0 -1 0
    outer loop
      vertex 140.51 0 26.5284
      vertex 159 0 45
      vertex 140.442 0 26.6942
    endloop
  endfacet
  facet normal 0 -1 0
    outer loop
      vertex 140.56 0 26.356
      vertex 159 0 45
      vertex 140.51 0 26.5284
    endloop
  endfacet
  facet normal 0 -1 0
    outer loop
      vertex 140.59 0 26.1791
      vertex 159 0 45
      vertex 140.56 0 26.356
    endloop
  endfacet
  facet normal 0 -1 0
    outer loop
      vertex 140.6 0 26
      vertex 159 0 45
      vertex 140.59 0 26.1791
    endloop
  endfacet
  facet normal 0 -1 0
    outer loop
      vertex 140.59 0 25.8209
      vertex 159 0 45
      vertex 140.6 0 26
    endloop
  endfacet
  facet normal 0 -1 0
    outer loop
      vertex 140.59 0 19.1791
      vertex 140.59 0 25.8209
      vertex 140.56 0 25.644
    endloop
  endfacet
  facet normal 0 -1 0
    outer loop
      vertex 140.56 0 19.356
      vertex 140.56 0 25.644
      vertex 140.51 0 25.4716
    endloop
  endfacet
  facet normal 0 -1 0
    outer loop
      vertex 140.51 0 19.5284
      vertex 140.51 0 25.4716
      vertex 140.442 0 25.3058
    endloop
  endfacet
  facet normal 0 -1 0
    outer loop
      vertex 140.442 0 19.6942
      vertex 140.442 0 25.3058
      vertex 140.355 0 25.1487
    endloop
  endfacet
  facet normal 0 -1 0
    outer loop
      vertex 140.355 0 19.8512
      vertex 140.355 0 25.1487
      vertex 140.251 0 25.0024
    endloop
  endfacet
  facet normal 0 -1 0
    outer loop
      vertex 140.251 0 19.9976
      vertex 140.251 0 25.0024
      vertex 140.131 0 24.8686
    endloop
  endfacet
  facet normal 0 -1 0
    outer loop
      vertex 59.5587 0 20.9546
      vertex 61.6037 0 24.7955
      vertex 59.3301 0 21.1168
    endloop
  endfacet
  facet normal 0 -1 0
    outer loop
      vertex 62 0 24.7282
      vertex 66.1344 0 20.1925
      vertex 66.267 0 20.1699
    endloop
  endfacet
  facet normal 0 -1 -0
    outer loop
      vertex 61.6037 0 24.7955
      vertex 59.5587 0 20.9546
      vertex 61.733 0 24.7583
    endloop
  endfacet
  facet normal 0 -1 0
    outer loop
      vertex 59.7678 0 20.7678
      vertex 61.733 0 24.7583
      vertex 59.5587 0 20.9546
    endloop
  endfacet
  facet normal 0 -1 -0
    outer loop
      vertex 61.733 0 24.7583
      vertex 59.7678 0 20.7678
      vertex 61.8656 0 24.7357
    endloop
  endfacet
  facet normal 0 -1 0
    outer loop
      vertex 59.9546 0 20.5587
      vertex 61.8656 0 24.7357
      vertex 59.7678 0 20.7678
    endloop
  endfacet
  facet normal 0 -1 -0
    outer loop
      vertex 61.8656 0 24.7357
      vertex 59.9546 0 20.5587
      vertex 62 0 24.7282
    endloop
  endfacet
  facet normal 0 -1 0
    outer loop
      vertex 66.8485 0 19.8485
      vertex 124.149 0 24.6452
      vertex 66.7482 0 19.9382
    endloop
  endfacet
  facet normal 0 -1 0
    outer loop
      vertex 125.356 0 20.5599
      vertex 125 0 24.4
      vertex 125.179 0 20.5899
    endloop
  endfacet
  facet normal 0 -1 0
    outer loop
      vertex 125.528 0 20.5102
      vertex 125 0 24.4
      vertex 125.356 0 20.5599
    endloop
  endfacet
  facet normal 0 -1 0
    outer loop
      vertex 131.821 0 24.4101
      vertex 131.821 0 20.5899
      vertex 132 0 24.4
    endloop
  endfacet
  facet normal 0 -1 0
    outer loop
      vertex 132.694 0 20.4415
      vertex 132 0 24.4
      vertex 132.528 0 20.5102
    endloop
  endfacet
  facet normal 0 -1 0
    outer loop
      vertex 132.851 0 20.3548
      vertex 132 0 24.4
      vertex 132.694 0 20.4415
    endloop
  endfacet
  facet normal 0 -1 0
    outer loop
      vertex 132.998 0 20.2509
      vertex 132 0 24.4
      vertex 132.851 0 20.3548
    endloop
  endfacet
  facet normal 0 -1 0
    outer loop
      vertex 139.356 0 24.4401
      vertex 139.356 0 20.5599
      vertex 139.528 0 24.4898
    endloop
  endfacet
  facet normal 0 -1 0
    outer loop
      vertex 139.528 0 20.5102
      vertex 139.528 0 24.4898
      vertex 139.356 0 20.5599
    endloop
  endfacet
  facet normal 0 -1 0
    outer loop
      vertex 139.528 0 24.4898
      vertex 139.528 0 20.5102
      vertex 139.694 0 24.5584
    endloop
  endfacet
  facet normal 0 -1 0
    outer loop
      vertex 139.694 0 20.4415
      vertex 139.694 0 24.5584
      vertex 139.528 0 20.5102
    endloop
  endfacet
  facet normal 0 -1 0
    outer loop
      vertex 139.694 0 24.5584
      vertex 139.694 0 20.4415
      vertex 139.851 0 24.6452
    endloop
  endfacet
  facet normal 0 -1 0
    outer loop
      vertex 139.851 0 20.3548
      vertex 139.851 0 24.6452
      vertex 139.694 0 20.4415
    endloop
  endfacet
  facet normal 0 -1 0
    outer loop
      vertex 139.851 0 24.6452
      vertex 139.851 0 20.3548
      vertex 139.998 0 24.7491
    endloop
  endfacet
  facet normal 0 -1 0
    outer loop
      vertex 139.998 0 20.2509
      vertex 139.998 0 24.7491
      vertex 139.851 0 20.3548
    endloop
  endfacet
  facet normal 0 -1 0
    outer loop
      vertex 139.998 0 24.7491
      vertex 139.998 0 20.2509
      vertex 140.131 0 24.8686
    endloop
  endfacet
  facet normal 0 -1 0
    outer loop
      vertex 140.131 0 20.1314
      vertex 140.131 0 24.8686
      vertex 139.998 0 20.2509
    endloop
  endfacet
  facet normal 0 -1 0
    outer loop
      vertex 140.251 0 19.9976
      vertex 140.131 0 24.8686
      vertex 140.131 0 20.1314
    endloop
  endfacet
  facet normal 0 -1 0
    outer loop
      vertex 140.251 0 25.0024
      vertex 140.251 0 19.9976
      vertex 140.355 0 19.8512
    endloop
  endfacet
  facet normal 0 -1 0
    outer loop
      vertex 140.355 0 25.1487
      vertex 140.355 0 19.8512
      vertex 140.442 0 19.6942
    endloop
  endfacet
  facet normal 0 -1 0
    outer loop
      vertex 140.442 0 25.3058
      vertex 140.442 0 19.6942
      vertex 140.51 0 19.5284
    endloop
  endfacet
  facet normal 0 -1 0
    outer loop
      vertex 140.51 0 25.4716
      vertex 140.51 0 19.5284
      vertex 140.56 0 19.356
    endloop
  endfacet
  facet normal 0 -1 0
    outer loop
      vertex 140.56 0 25.644
      vertex 140.56 0 19.356
      vertex 140.59 0 19.1791
    endloop
  endfacet
  facet normal 0 -1 0
    outer loop
      vertex 140.59 0 25.8209
      vertex 140.59 0 19.1791
      vertex 159 0 45
    endloop
  endfacet
  facet normal 0 -1 0
    outer loop
      vertex 140.6 0 19
      vertex 159 0 45
      vertex 140.59 0 19.1791
    endloop
  endfacet
  facet normal 0 -1 0
    outer loop
      vertex 190 0 0
      vertex 140.6 0 19
      vertex 140.59 0 18.8209
    endloop
  endfacet
  facet normal 0 -1 0
    outer loop
      vertex 140.59 0 12.1791
      vertex 140.59 0 18.8209
      vertex 140.56 0 18.644
    endloop
  endfacet
  facet normal 0 -1 0
    outer loop
      vertex 140.56 0 12.356
      vertex 140.56 0 18.644
      vertex 140.51 0 18.4716
    endloop
  endfacet
  facet normal 0 -1 0
    outer loop
      vertex 140.51 0 12.5284
      vertex 140.51 0 18.4716
      vertex 140.442 0 18.3058
    endloop
  endfacet
  facet normal 0 -1 0
    outer loop
      vertex 140.442 0 12.6942
      vertex 140.442 0 18.3058
      vertex 140.355 0 18.1487
    endloop
  endfacet
  facet normal 0 -1 0
    outer loop
      vertex 124.821 0 17.4101
      vertex 125 0 13.6
      vertex 125 0 17.4
    endloop
  endfacet
  facet normal 0 -1 0
    outer loop
      vertex 124.821 0 13.5899
      vertex 59.5587 0 17.0454
      vertex 59.3301 0 16.8832
    endloop
  endfacet
  facet normal 0 -1 0
    outer loop
      vertex 124.821 0 13.5899
      vertex 59.3301 0 16.8832
      vertex 59.0847 0 16.7476
    endloop
  endfacet
  facet normal 0 -1 0
    outer loop
      vertex 124.821 0 13.5899
      vertex 59.0847 0 16.7476
      vertex 58.8257 0 16.6403
    endloop
  endfacet
  facet normal 0 -1 0
    outer loop
      vertex 124.821 0 13.5899
      vertex 58.8257 0 16.6403
      vertex 58.5563 0 16.5627
    endloop
  endfacet
  facet normal 0 -1 0
    outer loop
      vertex 124.821 0 13.5899
      vertex 58.5563 0 16.5627
      vertex 58.2799 0 16.5157
    endloop
  endfacet
  facet normal 0 -1 0
    outer loop
      vertex 60.9188 0 12.5925
      vertex 58.2799 0 16.5157
      vertex 58 0 16.5
    endloop
  endfacet
  facet normal 0 -1 0
    outer loop
      vertex 125.179 0 13.5899
      vertex 125 0 17.4
      vertex 125 0 13.6
    endloop
  endfacet
  facet normal 0 -1 0
    outer loop
      vertex 125.356 0 13.5599
      vertex 125 0 17.4
      vertex 125.179 0 13.5899
    endloop
  endfacet
  facet normal 0 -1 0
    outer loop
      vertex 125.528 0 13.5102
      vertex 125 0 17.4
      vertex 125.356 0 13.5599
    endloop
  endfacet
  facet normal -0 -1 0
    outer loop
      vertex 131.821 0 13.5899
      vertex 125 0 17.4
      vertex 131.644 0 13.5599
    endloop
  endfacet
  facet normal 0 -1 0
    outer loop
      vertex 132.528 0 13.5102
      vertex 139 0 17.4
      vertex 132.356 0 13.5599
    endloop
  endfacet
  facet normal 0 -1 0
    outer loop
      vertex 132.694 0 13.4415
      vertex 139 0 17.4
      vertex 132.528 0 13.5102
    endloop
  endfacet
  facet normal 0 -1 0
    outer loop
      vertex 132.851 0 13.3548
      vertex 139 0 17.4
      vertex 132.694 0 13.4415
    endloop
  endfacet
  facet normal 0 -1 0
    outer loop
      vertex 139.356 0 17.4401
      vertex 139.356 0 13.5599
      vertex 139.528 0 17.4898
    endloop
  endfacet
  facet normal 0 -1 0
    outer loop
      vertex 139.528 0 13.5102
      vertex 139.528 0 17.4898
      vertex 139.356 0 13.5599
    endloop
  endfacet
  facet normal 0 -1 0
    outer loop
      vertex 139.528 0 17.4898
      vertex 139.528 0 13.5102
      vertex 139.694 0 17.5584
    endloop
  endfacet
  facet normal 0 -1 0
    outer loop
      vertex 139.694 0 13.4415
      vertex 139.694 0 17.5584
      vertex 139.528 0 13.5102
    endloop
  endfacet
  facet normal 0 -1 0
    outer loop
      vertex 139.694 0 17.5584
      vertex 139.694 0 13.4415
      vertex 139.851 0 17.6452
    endloop
  endfacet
  facet normal 0 -1 0
    outer loop
      vertex 139.851 0 13.3548
      vertex 139.851 0 17.6452
      vertex 139.694 0 13.4415
    endloop
  endfacet
  facet normal 0 -1 0
    outer loop
      vertex 139.851 0 17.6452
      vertex 139.851 0 13.3548
      vertex 139.998 0 17.7491
    endloop
  endfacet
  facet normal 0 -1 0
    outer loop
      vertex 139.998 0 13.2509
      vertex 139.998 0 17.7491
      vertex 139.851 0 13.3548
    endloop
  endfacet
  facet normal 0 -1 0
    outer loop
      vertex 139.998 0 17.7491
      vertex 139.998 0 13.2509
      vertex 140.131 0 17.8686
    endloop
  endfacet
  facet normal 0 -1 0
    outer loop
      vertex 140.131 0 13.1314
      vertex 140.131 0 17.8686
      vertex 139.998 0 13.2509
    endloop
  endfacet
  facet normal 0 -1 0
    outer loop
      vertex 140.131 0 17.8686
      vertex 140.131 0 13.1314
      vertex 140.251 0 18.0024
    endloop
  endfacet
  facet normal 0 -1 0
    outer loop
      vertex 140.251 0 12.9976
      vertex 140.251 0 18.0024
      vertex 140.131 0 13.1314
    endloop
  endfacet
  facet normal 0 -1 0
    outer loop
      vertex 140.251 0 18.0024
      vertex 140.251 0 12.9976
      vertex 140.355 0 18.1487
    endloop
  endfacet
  facet normal 0 -1 0
    outer loop
      vertex 140.355 0 12.8513
      vertex 140.355 0 18.1487
      vertex 140.251 0 12.9976
    endloop
  endfacet
  facet normal 0 -1 0
    outer loop
      vertex 140.442 0 12.6942
      vertex 140.355 0 18.1487
      vertex 140.355 0 12.8513
    endloop
  endfacet
  facet normal 0 -1 0
    outer loop
      vertex 140.442 0 18.3058
      vertex 140.442 0 12.6942
      vertex 140.51 0 12.5284
    endloop
  endfacet
  facet normal 0 -1 0
    outer loop
      vertex 140.51 0 18.4716
      vertex 140.51 0 12.5284
      vertex 140.56 0 12.356
    endloop
  endfacet
  facet normal 0 -1 0
    outer loop
      vertex 140.56 0 18.644
      vertex 140.56 0 12.356
      vertex 140.59 0 12.1791
    endloop
  endfacet
  facet normal 0 -1 0
    outer loop
      vertex 140.59 0 18.8209
      vertex 140.59 0 12.1791
      vertex 190 0 0
    endloop
  endfacet
  facet normal 0 -1 0
    outer loop
      vertex 190 0 0
      vertex 140.59 0 12.1791
      vertex 140.6 0 12
    endloop
  endfacet
  facet normal 0 -1 0
    outer loop
      vertex 190 0 0
      vertex 140.6 0 12
      vertex 140.59 0 11.8209
    endloop
  endfacet
  facet normal 0 -1 0
    outer loop
      vertex 190 0 0
      vertex 140.59 0 11.8209
      vertex 140.56 0 11.644
    endloop
  endfacet
  facet normal 0 -1 0
    outer loop
      vertex 190 0 0
      vertex 140.56 0 11.644
      vertex 140.51 0 11.4716
    endloop
  endfacet
  facet normal 0 -1 0
    outer loop
      vertex 190 0 0
      vertex 140.51 0 11.4716
      vertex 140.442 0 11.3058
    endloop
  endfacet
  facet normal 0 -1 0
    outer loop
      vertex 132 0 10.4
      vertex 190 0 0
      vertex 139 0 10.4
    endloop
  endfacet
  facet normal 0 -1 0
    outer loop
      vertex 159 0 45
      vertex 190 0 0
      vertex 190 0 107
    endloop
  endfacet
  facet normal 0 -1 0
    outer loop
      vertex 140.6 0 19
      vertex 190 0 0
      vertex 159 0 45
    endloop
  endfacet
  facet normal 0 -1 0
    outer loop
      vertex 140.355 0 11.1487
      vertex 190 0 0
      vertex 140.442 0 11.3058
    endloop
  endfacet
  facet normal 0 -1 0
    outer loop
      vertex 140.251 0 11.0024
      vertex 190 0 0
      vertex 140.355 0 11.1487
    endloop
  endfacet
  facet normal 0 -1 0
    outer loop
      vertex 140.131 0 10.8686
      vertex 190 0 0
      vertex 140.251 0 11.0024
    endloop
  endfacet
  facet normal 0 -1 0
    outer loop
      vertex 139.998 0 10.7491
      vertex 190 0 0
      vertex 140.131 0 10.8686
    endloop
  endfacet
  facet normal 0 -1 0
    outer loop
      vertex 139.851 0 10.6452
      vertex 190 0 0
      vertex 139.998 0 10.7491
    endloop
  endfacet
  facet normal 0 -1 0
    outer loop
      vertex 139.694 0 10.5584
      vertex 190 0 0
      vertex 139.851 0 10.6452
    endloop
  endfacet
  facet normal 0 -1 0
    outer loop
      vertex 139.528 0 10.4898
      vertex 190 0 0
      vertex 139.694 0 10.5584
    endloop
  endfacet
  facet normal 0 -1 0
    outer loop
      vertex 139.356 0 10.4401
      vertex 190 0 0
      vertex 139.528 0 10.4898
    endloop
  endfacet
  facet normal 0 -1 0
    outer loop
      vertex 139.179 0 10.4101
      vertex 190 0 0
      vertex 139.356 0 10.4401
    endloop
  endfacet
  facet normal 0 -1 0
    outer loop
      vertex 139 0 10.4
      vertex 190 0 0
      vertex 139.179 0 10.4101
    endloop
  endfacet
  facet normal 0 -1 0
    outer loop
      vertex 54.7482 0 13.01
      vertex 56.9153 0 16.7476
      vertex 54.6384 0 13.0879
    endloop
  endfacet
  facet normal 0 -1 0
    outer loop
      vertex 58.2799 0 16.5157
      vertex 61.8656 0 13.2643
      vertex 62 0 13.2718
    endloop
  endfacet
  facet normal 0 -1 -0
    outer loop
      vertex 56.9153 0 16.7476
      vertex 54.7482 0 13.01
      vertex 57.1743 0 16.6403
    endloop
  endfacet
  facet normal 0 -1 0
    outer loop
      vertex 58.2799 0 16.5157
      vertex 61.733 0 13.2417
      vertex 61.8656 0 13.2643
    endloop
  endfacet
  facet normal 0 -1 0
    outer loop
      vertex 54.8485 0 12.9203
      vertex 57.1743 0 16.6403
      vertex 54.7482 0 13.01
    endloop
  endfacet
  facet normal 0 -1 0
    outer loop
      vertex 58.2799 0 16.5157
      vertex 61.6037 0 13.2045
      vertex 61.733 0 13.2417
    endloop
  endfacet
  facet normal 0 -1 0
    outer loop
      vertex 54.9382 0 12.82
      vertex 57.1743 0 16.6403
      vertex 54.8485 0 12.9203
    endloop
  endfacet
  facet normal 0 -1 0
    outer loop
      vertex 58.2799 0 16.5157
      vertex 61.4793 0 13.153
      vertex 61.6037 0 13.2045
    endloop
  endfacet
  facet normal 0 -1 -0
    outer loop
      vertex 57.1743 0 16.6403
      vertex 54.9382 0 12.82
      vertex 57.4437 0 16.5627
    endloop
  endfacet
  facet normal 0 -1 0
    outer loop
      vertex 58.2799 0 16.5157
      vertex 61.3616 0 13.0879
      vertex 61.4793 0 13.153
    endloop
  endfacet
  facet normal 0 -1 0
    outer loop
      vertex 55.0161 0 12.7102
      vertex 57.4437 0 16.5627
      vertex 54.9382 0 12.82
    endloop
  endfacet
  facet normal 0 -1 0
    outer loop
      vertex 58.2799 0 16.5157
      vertex 61.2518 0 13.01
      vertex 61.3616 0 13.0879
    endloop
  endfacet
  facet normal 0 -1 -0
    outer loop
      vertex 57.4437 0 16.5627
      vertex 55.0161 0 12.7102
      vertex 57.7201 0 16.5157
    endloop
  endfacet
  facet normal 0 -1 0
    outer loop
      vertex 58.2799 0 16.5157
      vertex 61.1515 0 12.9203
      vertex 61.2518 0 13.01
    endloop
  endfacet
  facet normal 0 -1 0
    outer loop
      vertex 55.0812 0 12.5925
      vertex 57.7201 0 16.5157
      vertex 55.0161 0 12.7102
    endloop
  endfacet
  facet normal 0 -1 0
    outer loop
      vertex 58.2799 0 16.5157
      vertex 61.0618 0 12.82
      vertex 61.1515 0 12.9203
    endloop
  endfacet
  facet normal 0 -1 -0
    outer loop
      vertex 57.7201 0 16.5157
      vertex 55.0812 0 12.5925
      vertex 58 0 16.5
    endloop
  endfacet
  facet normal 0 -1 0
    outer loop
      vertex 58.2799 0 16.5157
      vertex 60.9839 0 12.7102
      vertex 61.0618 0 12.82
    endloop
  endfacet
  facet normal 0 -1 0
    outer loop
      vertex 55.1327 0 12.4681
      vertex 58 0 16.5
      vertex 55.0812 0 12.5925
    endloop
  endfacet
  facet normal 0 -1 0
    outer loop
      vertex 58.2799 0 16.5157
      vertex 60.9188 0 12.5925
      vertex 60.9839 0 12.7102
    endloop
  endfacet
  facet normal 0 -1 0
    outer loop
      vertex 60.8673 0 12.4681
      vertex 58 0 16.5
      vertex 55.1327 0 12.4681
    endloop
  endfacet
  facet normal 0 -1 0
    outer loop
      vertex 58 0 16.5
      vertex 60.8673 0 12.4681
      vertex 60.9188 0 12.5925
    endloop
  endfacet
  facet normal 0 -1 0
    outer loop
      vertex 55.1699 0 12.3388
      vertex 60.8673 0 12.4681
      vertex 55.1327 0 12.4681
    endloop
  endfacet
  facet normal 0 -1 0
    outer loop
      vertex 55.1699 0 12.3388
      vertex 60.8301 0 12.3388
      vertex 60.8673 0 12.4681
    endloop
  endfacet
  facet normal 0 -1 0
    outer loop
      vertex 55.1925 0 12.2062
      vertex 60.8301 0 12.3388
      vertex 55.1699 0 12.3388
    endloop
  endfacet
  facet normal 0 -1 0
    outer loop
      vertex 55.1925 0 12.2062
      vertex 60.8075 0 12.2062
      vertex 60.8301 0 12.3388
    endloop
  endfacet
  facet normal 0 -1 0
    outer loop
      vertex 55.2 0 12.0718
      vertex 60.8075 0 12.2062
      vertex 55.1925 0 12.2062
    endloop
  endfacet
  facet normal 0 -1 0
    outer loop
      vertex 55.2 0 12.0718
      vertex 60.8 0 12.0718
      vertex 60.8075 0 12.2062
    endloop
  endfacet
  facet normal 0 -1 0
    outer loop
      vertex 55.1925 0 11.9374
      vertex 60.8 0 12.0718
      vertex 55.2 0 12.0718
    endloop
  endfacet
  facet normal 0 -1 0
    outer loop
      vertex 55.1925 0 11.9374
      vertex 60.8075 0 11.9374
      vertex 60.8 0 12.0718
    endloop
  endfacet
  facet normal 0 -1 0
    outer loop
      vertex 55.1699 0 11.8048
      vertex 60.8075 0 11.9374
      vertex 55.1925 0 11.9374
    endloop
  endfacet
  facet normal 0 -1 0
    outer loop
      vertex 55.1699 0 11.8048
      vertex 60.8301 0 11.8048
      vertex 60.8075 0 11.9374
    endloop
  endfacet
  facet normal 0 -1 0
    outer loop
      vertex 55.1327 0 11.6755
      vertex 60.8301 0 11.8048
      vertex 55.1699 0 11.8048
    endloop
  endfacet
  facet normal 0 -1 0
    outer loop
      vertex 55.1327 0 11.6755
      vertex 60.8673 0 11.6755
      vertex 60.8301 0 11.8048
    endloop
  endfacet
  facet normal 0 -1 0
    outer loop
      vertex 55.0812 0 11.5511
      vertex 60.8673 0 11.6755
      vertex 55.1327 0 11.6755
    endloop
  endfacet
  facet normal 0 -1 0
    outer loop
      vertex 55.0812 0 11.5511
      vertex 60.9188 0 11.5511
      vertex 60.8673 0 11.6755
    endloop
  endfacet
  facet normal 0 -1 0
    outer loop
      vertex 55.0161 0 11.4334
      vertex 60.9188 0 11.5511
      vertex 55.0812 0 11.5511
    endloop
  endfacet
  facet normal 0 -1 0
    outer loop
      vertex 55.0161 0 11.4334
      vertex 60.9839 0 11.4334
      vertex 60.9188 0 11.5511
    endloop
  endfacet
  facet normal 0 -1 0
    outer loop
      vertex 54.9382 0 11.3236
      vertex 60.9839 0 11.4334
      vertex 55.0161 0 11.4334
    endloop
  endfacet
  facet normal 0 -1 0
    outer loop
      vertex 54.9382 0 11.3236
      vertex 61.0618 0 11.3236
      vertex 60.9839 0 11.4334
    endloop
  endfacet
  facet normal 0 -1 0
    outer loop
      vertex 54.8485 0 11.2233
      vertex 61.0618 0 11.3236
      vertex 54.9382 0 11.3236
    endloop
  endfacet
  facet normal 0 -1 0
    outer loop
      vertex 54.8485 0 11.2233
      vertex 61.1515 0 11.2233
      vertex 61.0618 0 11.3236
    endloop
  endfacet
  facet normal 0 -1 0
    outer loop
      vertex 54.7482 0 11.1336
      vertex 61.1515 0 11.2233
      vertex 54.8485 0 11.2233
    endloop
  endfacet
  facet normal 0 -1 0
    outer loop
      vertex 54.7482 0 11.1336
      vertex 61.2518 0 11.1336
      vertex 61.1515 0 11.2233
    endloop
  endfacet
  facet normal 0 -1 0
    outer loop
      vertex 54.6384 0 11.0557
      vertex 61.2518 0 11.1336
      vertex 54.7482 0 11.1336
    endloop
  endfacet
  facet normal 0 -1 0
    outer loop
      vertex 54.6384 0 11.0557
      vertex 61.3616 0 11.0557
      vertex 61.2518 0 11.1336
    endloop
  endfacet
  facet normal 0 -1 0
    outer loop
      vertex 54.5207 0 10.9906
      vertex 61.3616 0 11.0557
      vertex 54.6384 0 11.0557
    endloop
  endfacet
  facet normal 0 -1 0
    outer loop
      vertex 54.5207 0 10.9906
      vertex 61.4793 0 10.9906
      vertex 61.3616 0 11.0557
    endloop
  endfacet
  facet normal 0 -1 0
    outer loop
      vertex 54.3963 0 10.9391
      vertex 61.4793 0 10.9906
      vertex 54.5207 0 10.9906
    endloop
  endfacet
  facet normal 0 -1 0
    outer loop
      vertex 54.3963 0 10.9391
      vertex 61.6037 0 10.9391
      vertex 61.4793 0 10.9906
    endloop
  endfacet
  facet normal 0 -1 0
    outer loop
      vertex 54.267 0 10.9019
      vertex 61.6037 0 10.9391
      vertex 54.3963 0 10.9391
    endloop
  endfacet
  facet normal 0 -1 0
    outer loop
      vertex 54.267 0 10.9019
      vertex 61.733 0 10.9019
      vertex 61.6037 0 10.9391
    endloop
  endfacet
  facet normal 0 -1 0
    outer loop
      vertex 54.1344 0 10.8793
      vertex 61.733 0 10.9019
      vertex 54.267 0 10.9019
    endloop
  endfacet
  facet normal 0 -1 0
    outer loop
      vertex 54.1344 0 10.8793
      vertex 61.8656 0 10.8793
      vertex 61.733 0 10.9019
    endloop
  endfacet
  facet normal 0 -1 0
    outer loop
      vertex 54 0 10.8718
      vertex 61.8656 0 10.8793
      vertex 54.1344 0 10.8793
    endloop
  endfacet
  facet normal 0 -1 -0
    outer loop
      vertex 61.8656 0 10.8793
      vertex 54 0 10.8718
      vertex 62 0 10.8718
    endloop
  endfacet
  facet normal 0 -1 0
    outer loop
      vertex 132.998 0 13.2509
      vertex 139 0 17.4
      vertex 132.851 0 13.3548
    endloop
  endfacet
  facet normal 0 -1 0
    outer loop
      vertex 139.356 0 13.5599
      vertex 139.356 0 17.4401
      vertex 139.179 0 13.5899
    endloop
  endfacet
  facet normal 0 -1 0
    outer loop
      vertex 138.002 0 13.2509
      vertex 139 0 17.4
      vertex 132.998 0 13.2509
    endloop
  endfacet
  facet normal 0 -1 0
    outer loop
      vertex 139.179 0 17.4101
      vertex 139.179 0 13.5899
      vertex 139.356 0 17.4401
    endloop
  endfacet
  facet normal -0 -1 0
    outer loop
      vertex 138.149 0 13.3548
      vertex 139 0 17.4
      vertex 138.002 0 13.2509
    endloop
  endfacet
  facet normal 0 -1 0
    outer loop
      vertex 139.179 0 13.5899
      vertex 139.179 0 17.4101
      vertex 139 0 13.6
    endloop
  endfacet
  facet normal -0 -1 0
    outer loop
      vertex 138.306 0 13.4415
      vertex 139 0 17.4
      vertex 138.149 0 13.3548
    endloop
  endfacet
  facet normal 0 -1 0
    outer loop
      vertex 139 0 17.4
      vertex 139 0 13.6
      vertex 139.179 0 17.4101
    endloop
  endfacet
  facet normal -0 -1 0
    outer loop
      vertex 138.472 0 13.5102
      vertex 139 0 17.4
      vertex 138.306 0 13.4415
    endloop
  endfacet
  facet normal -0 -1 0
    outer loop
      vertex 139 0 13.6
      vertex 139 0 17.4
      vertex 138.821 0 13.5899
    endloop
  endfacet
  facet normal -0 -1 0
    outer loop
      vertex 138.644 0 13.5599
      vertex 139 0 17.4
      vertex 138.472 0 13.5102
    endloop
  endfacet
  facet normal -0 -1 0
    outer loop
      vertex 138.821 0 13.5899
      vertex 139 0 17.4
      vertex 138.644 0 13.5599
    endloop
  endfacet
  facet normal 0 -1 0
    outer loop
      vertex 133.131 0 13.1314
      vertex 138.002 0 13.2509
      vertex 132.998 0 13.2509
    endloop
  endfacet
  facet normal 0 -1 0
    outer loop
      vertex 133.131 0 13.1314
      vertex 137.869 0 13.1314
      vertex 138.002 0 13.2509
    endloop
  endfacet
  facet normal 0 -1 0
    outer loop
      vertex 133.251 0 12.9976
      vertex 137.869 0 13.1314
      vertex 133.131 0 13.1314
    endloop
  endfacet
  facet normal 0 -1 0
    outer loop
      vertex 133.251 0 12.9976
      vertex 137.749 0 12.9976
      vertex 137.869 0 13.1314
    endloop
  endfacet
  facet normal 0 -1 0
    outer loop
      vertex 133.355 0 12.8513
      vertex 137.749 0 12.9976
      vertex 133.251 0 12.9976
    endloop
  endfacet
  facet normal 0 -1 0
    outer loop
      vertex 133.355 0 12.8513
      vertex 137.645 0 12.8513
      vertex 137.749 0 12.9976
    endloop
  endfacet
  facet normal 0 -1 0
    outer loop
      vertex 133.442 0 12.6942
      vertex 137.645 0 12.8513
      vertex 133.355 0 12.8513
    endloop
  endfacet
  facet normal 0 -1 0
    outer loop
      vertex 133.442 0 12.6942
      vertex 137.558 0 12.6942
      vertex 137.645 0 12.8513
    endloop
  endfacet
  facet normal 0 -1 0
    outer loop
      vertex 133.51 0 12.5284
      vertex 137.558 0 12.6942
      vertex 133.442 0 12.6942
    endloop
  endfacet
  facet normal 0 -1 0
    outer loop
      vertex 133.51 0 12.5284
      vertex 137.49 0 12.5284
      vertex 137.558 0 12.6942
    endloop
  endfacet
  facet normal 0 -1 0
    outer loop
      vertex 133.56 0 12.356
      vertex 137.49 0 12.5284
      vertex 133.51 0 12.5284
    endloop
  endfacet
  facet normal 0 -1 0
    outer loop
      vertex 133.56 0 12.356
      vertex 137.44 0 12.356
      vertex 137.49 0 12.5284
    endloop
  endfacet
  facet normal 0 -1 0
    outer loop
      vertex 133.59 0 12.1791
      vertex 137.44 0 12.356
      vertex 133.56 0 12.356
    endloop
  endfacet
  facet normal 0 -1 0
    outer loop
      vertex 133.59 0 12.1791
      vertex 137.41 0 12.1791
      vertex 137.44 0 12.356
    endloop
  endfacet
  facet normal 0 -1 0
    outer loop
      vertex 133.6 0 12
      vertex 137.41 0 12.1791
      vertex 133.59 0 12.1791
    endloop
  endfacet
  facet normal 0 -1 0
    outer loop
      vertex 133.6 0 12
      vertex 137.4 0 12
      vertex 137.41 0 12.1791
    endloop
  endfacet
  facet normal 0 -1 0
    outer loop
      vertex 133.59 0 11.8209
      vertex 137.4 0 12
      vertex 133.6 0 12
    endloop
  endfacet
  facet normal 0 -1 0
    outer loop
      vertex 133.59 0 11.8209
      vertex 137.41 0 11.8209
      vertex 137.4 0 12
    endloop
  endfacet
  facet normal 0 -1 0
    outer loop
      vertex 133.56 0 11.644
      vertex 137.41 0 11.8209
      vertex 133.59 0 11.8209
    endloop
  endfacet
  facet normal 0 -1 0
    outer loop
      vertex 133.56 0 11.644
      vertex 137.44 0 11.644
      vertex 137.41 0 11.8209
    endloop
  endfacet
  facet normal 0 -1 0
    outer loop
      vertex 133.51 0 11.4716
      vertex 137.44 0 11.644
      vertex 133.56 0 11.644
    endloop
  endfacet
  facet normal 0 -1 0
    outer loop
      vertex 133.51 0 11.4716
      vertex 137.49 0 11.4716
      vertex 137.44 0 11.644
    endloop
  endfacet
  facet normal 0 -1 0
    outer loop
      vertex 133.442 0 11.3058
      vertex 137.49 0 11.4716
      vertex 133.51 0 11.4716
    endloop
  endfacet
  facet normal 0 -1 0
    outer loop
      vertex 133.442 0 11.3058
      vertex 137.558 0 11.3058
      vertex 137.49 0 11.4716
    endloop
  endfacet
  facet normal 0 -1 0
    outer loop
      vertex 133.355 0 11.1487
      vertex 137.558 0 11.3058
      vertex 133.442 0 11.3058
    endloop
  endfacet
  facet normal 0 -1 0
    outer loop
      vertex 133.355 0 11.1487
      vertex 137.645 0 11.1487
      vertex 137.558 0 11.3058
    endloop
  endfacet
  facet normal 0 -1 0
    outer loop
      vertex 133.251 0 11.0024
      vertex 137.645 0 11.1487
      vertex 133.355 0 11.1487
    endloop
  endfacet
  facet normal 0 -1 0
    outer loop
      vertex 133.251 0 11.0024
      vertex 137.749 0 11.0024
      vertex 137.645 0 11.1487
    endloop
  endfacet
  facet normal 0 -1 0
    outer loop
      vertex 133.131 0 10.8686
      vertex 137.749 0 11.0024
      vertex 133.251 0 11.0024
    endloop
  endfacet
  facet normal 0 -1 0
    outer loop
      vertex 133.131 0 10.8686
      vertex 137.869 0 10.8686
      vertex 137.749 0 11.0024
    endloop
  endfacet
  facet normal 0 -1 0
    outer loop
      vertex 132.998 0 10.7491
      vertex 137.869 0 10.8686
      vertex 133.131 0 10.8686
    endloop
  endfacet
  facet normal 0 -1 0
    outer loop
      vertex 132.998 0 10.7491
      vertex 138.002 0 10.7491
      vertex 137.869 0 10.8686
    endloop
  endfacet
  facet normal 0 -1 0
    outer loop
      vertex 132.851 0 10.6452
      vertex 138.002 0 10.7491
      vertex 132.998 0 10.7491
    endloop
  endfacet
  facet normal 0 -1 0
    outer loop
      vertex 132.851 0 10.6452
      vertex 138.149 0 10.6452
      vertex 138.002 0 10.7491
    endloop
  endfacet
  facet normal 0 -1 0
    outer loop
      vertex 132.694 0 10.5584
      vertex 138.149 0 10.6452
      vertex 132.851 0 10.6452
    endloop
  endfacet
  facet normal 0 -1 0
    outer loop
      vertex 132.694 0 10.5584
      vertex 138.306 0 10.5584
      vertex 138.149 0 10.6452
    endloop
  endfacet
  facet normal 0 -1 0
    outer loop
      vertex 132.528 0 10.4898
      vertex 138.306 0 10.5584
      vertex 132.694 0 10.5584
    endloop
  endfacet
  facet normal 0 -1 0
    outer loop
      vertex 132.528 0 10.4898
      vertex 138.472 0 10.4898
      vertex 138.306 0 10.5584
    endloop
  endfacet
  facet normal 0 -1 0
    outer loop
      vertex 132.356 0 10.4401
      vertex 138.472 0 10.4898
      vertex 132.528 0 10.4898
    endloop
  endfacet
  facet normal 0 -1 0
    outer loop
      vertex 132.356 0 10.4401
      vertex 138.644 0 10.4401
      vertex 138.472 0 10.4898
    endloop
  endfacet
  facet normal 0 -1 0
    outer loop
      vertex 132.179 0 10.4101
      vertex 138.644 0 10.4401
      vertex 132.356 0 10.4401
    endloop
  endfacet
  facet normal 0 -1 0
    outer loop
      vertex 132.179 0 10.4101
      vertex 138.821 0 10.4101
      vertex 138.644 0 10.4401
    endloop
  endfacet
  facet normal 0 -1 0
    outer loop
      vertex 132 0 10.4
      vertex 138.821 0 10.4101
      vertex 132.179 0 10.4101
    endloop
  endfacet
  facet normal 0 -1 -0
    outer loop
      vertex 138.821 0 10.4101
      vertex 132 0 10.4
      vertex 139 0 10.4
    endloop
  endfacet
  facet normal -0 -1 0
    outer loop
      vertex 132 0 13.6
      vertex 125 0 17.4
      vertex 131.821 0 13.5899
    endloop
  endfacet
  facet normal 0 -1 0
    outer loop
      vertex 132.356 0 13.5599
      vertex 139 0 17.4
      vertex 132.179 0 13.5899
    endloop
  endfacet
  facet normal 0 -1 0
    outer loop
      vertex 125 0 17.4
      vertex 132 0 13.6
      vertex 139 0 17.4
    endloop
  endfacet
  facet normal 0 -1 0
    outer loop
      vertex 132.179 0 13.5899
      vertex 139 0 17.4
      vertex 132 0 13.6
    endloop
  endfacet
  facet normal 0 -1 0
    outer loop
      vertex 125.694 0 13.4415
      vertex 125 0 17.4
      vertex 125.528 0 13.5102
    endloop
  endfacet
  facet normal 0 -1 0
    outer loop
      vertex 125 0 17.4
      vertex 131.472 0 13.5102
      vertex 131.644 0 13.5599
    endloop
  endfacet
  facet normal 0 -1 0
    outer loop
      vertex 125.851 0 13.3548
      vertex 125 0 17.4
      vertex 125.694 0 13.4415
    endloop
  endfacet
  facet normal 0 -1 0
    outer loop
      vertex 125 0 17.4
      vertex 131.306 0 13.4415
      vertex 131.472 0 13.5102
    endloop
  endfacet
  facet normal 0 -1 0
    outer loop
      vertex 125.998 0 13.2509
      vertex 125 0 17.4
      vertex 125.851 0 13.3548
    endloop
  endfacet
  facet normal 0 -1 0
    outer loop
      vertex 125 0 17.4
      vertex 131.149 0 13.3548
      vertex 131.306 0 13.4415
    endloop
  endfacet
  facet normal 0 -1 0
    outer loop
      vertex 131.002 0 13.2509
      vertex 125 0 17.4
      vertex 125.998 0 13.2509
    endloop
  endfacet
  facet normal 0 -1 0
    outer loop
      vertex 125 0 17.4
      vertex 131.002 0 13.2509
      vertex 131.149 0 13.3548
    endloop
  endfacet
  facet normal 0 -1 0
    outer loop
      vertex 126.131 0 13.1314
      vertex 131.002 0 13.2509
      vertex 125.998 0 13.2509
    endloop
  endfacet
  facet normal 0 -1 0
    outer loop
      vertex 126.131 0 13.1314
      vertex 130.869 0 13.1314
      vertex 131.002 0 13.2509
    endloop
  endfacet
  facet normal 0 -1 0
    outer loop
      vertex 126.251 0 12.9976
      vertex 130.869 0 13.1314
      vertex 126.131 0 13.1314
    endloop
  endfacet
  facet normal 0 -1 0
    outer loop
      vertex 126.251 0 12.9976
      vertex 130.749 0 12.9976
      vertex 130.869 0 13.1314
    endloop
  endfacet
  facet normal 0 -1 0
    outer loop
      vertex 126.355 0 12.8513
      vertex 130.749 0 12.9976
      vertex 126.251 0 12.9976
    endloop
  endfacet
  facet normal 0 -1 0
    outer loop
      vertex 126.355 0 12.8513
      vertex 130.645 0 12.8513
      vertex 130.749 0 12.9976
    endloop
  endfacet
  facet normal 0 -1 0
    outer loop
      vertex 126.442 0 12.6942
      vertex 130.645 0 12.8513
      vertex 126.355 0 12.8513
    endloop
  endfacet
  facet normal 0 -1 0
    outer loop
      vertex 126.442 0 12.6942
      vertex 130.558 0 12.6942
      vertex 130.645 0 12.8513
    endloop
  endfacet
  facet normal 0 -1 0
    outer loop
      vertex 126.51 0 12.5284
      vertex 130.558 0 12.6942
      vertex 126.442 0 12.6942
    endloop
  endfacet
  facet normal 0 -1 0
    outer loop
      vertex 126.51 0 12.5284
      vertex 130.49 0 12.5284
      vertex 130.558 0 12.6942
    endloop
  endfacet
  facet normal 0 -1 0
    outer loop
      vertex 126.56 0 12.356
      vertex 130.49 0 12.5284
      vertex 126.51 0 12.5284
    endloop
  endfacet
  facet normal 0 -1 0
    outer loop
      vertex 126.56 0 12.356
      vertex 130.44 0 12.356
      vertex 130.49 0 12.5284
    endloop
  endfacet
  facet normal 0 -1 0
    outer loop
      vertex 126.59 0 12.1791
      vertex 130.44 0 12.356
      vertex 126.56 0 12.356
    endloop
  endfacet
  facet normal 0 -1 0
    outer loop
      vertex 126.59 0 12.1791
      vertex 130.41 0 12.1791
      vertex 130.44 0 12.356
    endloop
  endfacet
  facet normal 0 -1 0
    outer loop
      vertex 126.6 0 12
      vertex 130.41 0 12.1791
      vertex 126.59 0 12.1791
    endloop
  endfacet
  facet normal 0 -1 0
    outer loop
      vertex 126.6 0 12
      vertex 130.4 0 12
      vertex 130.41 0 12.1791
    endloop
  endfacet
  facet normal 0 -1 0
    outer loop
      vertex 126.59 0 11.8209
      vertex 130.4 0 12
      vertex 126.6 0 12
    endloop
  endfacet
  facet normal 0 -1 0
    outer loop
      vertex 126.59 0 11.8209
      vertex 130.41 0 11.8209
      vertex 130.4 0 12
    endloop
  endfacet
  facet normal 0 -1 0
    outer loop
      vertex 126.56 0 11.644
      vertex 130.41 0 11.8209
      vertex 126.59 0 11.8209
    endloop
  endfacet
  facet normal 0 -1 0
    outer loop
      vertex 126.56 0 11.644
      vertex 130.44 0 11.644
      vertex 130.41 0 11.8209
    endloop
  endfacet
  facet normal 0 -1 0
    outer loop
      vertex 126.51 0 11.4716
      vertex 130.44 0 11.644
      vertex 126.56 0 11.644
    endloop
  endfacet
  facet normal 0 -1 0
    outer loop
      vertex 126.51 0 11.4716
      vertex 130.49 0 11.4716
      vertex 130.44 0 11.644
    endloop
  endfacet
  facet normal 0 -1 0
    outer loop
      vertex 126.442 0 11.3058
      vertex 130.49 0 11.4716
      vertex 126.51 0 11.4716
    endloop
  endfacet
  facet normal 0 -1 0
    outer loop
      vertex 126.442 0 11.3058
      vertex 130.558 0 11.3058
      vertex 130.49 0 11.4716
    endloop
  endfacet
  facet normal 0 -1 0
    outer loop
      vertex 126.355 0 11.1487
      vertex 130.558 0 11.3058
      vertex 126.442 0 11.3058
    endloop
  endfacet
  facet normal 0 -1 0
    outer loop
      vertex 126.355 0 11.1487
      vertex 130.645 0 11.1487
      vertex 130.558 0 11.3058
    endloop
  endfacet
  facet normal 0 -1 0
    outer loop
      vertex 126.251 0 11.0024
      vertex 130.645 0 11.1487
      vertex 126.355 0 11.1487
    endloop
  endfacet
  facet normal 0 -1 0
    outer loop
      vertex 126.251 0 11.0024
      vertex 130.749 0 11.0024
      vertex 130.645 0 11.1487
    endloop
  endfacet
  facet normal 0 -1 0
    outer loop
      vertex 126.131 0 10.8686
      vertex 130.749 0 11.0024
      vertex 126.251 0 11.0024
    endloop
  endfacet
  facet normal 0 -1 0
    outer loop
      vertex 126.131 0 10.8686
      vertex 130.869 0 10.8686
      vertex 130.749 0 11.0024
    endloop
  endfacet
  facet normal 0 -1 0
    outer loop
      vertex 125.998 0 10.7491
      vertex 130.869 0 10.8686
      vertex 126.131 0 10.8686
    endloop
  endfacet
  facet normal 0 -1 0
    outer loop
      vertex 125.998 0 10.7491
      vertex 131.002 0 10.7491
      vertex 130.869 0 10.8686
    endloop
  endfacet
  facet normal 0 -1 0
    outer loop
      vertex 125.851 0 10.6452
      vertex 131.002 0 10.7491
      vertex 125.998 0 10.7491
    endloop
  endfacet
  facet normal 0 -1 0
    outer loop
      vertex 125.851 0 10.6452
      vertex 131.149 0 10.6452
      vertex 131.002 0 10.7491
    endloop
  endfacet
  facet normal 0 -1 0
    outer loop
      vertex 125.694 0 10.5584
      vertex 131.149 0 10.6452
      vertex 125.851 0 10.6452
    endloop
  endfacet
  facet normal 0 -1 0
    outer loop
      vertex 125.694 0 10.5584
      vertex 131.306 0 10.5584
      vertex 131.149 0 10.6452
    endloop
  endfacet
  facet normal 0 -1 0
    outer loop
      vertex 125.528 0 10.4898
      vertex 131.306 0 10.5584
      vertex 125.694 0 10.5584
    endloop
  endfacet
  facet normal 0 -1 0
    outer loop
      vertex 125.528 0 10.4898
      vertex 131.472 0 10.4898
      vertex 131.306 0 10.5584
    endloop
  endfacet
  facet normal 0 -1 0
    outer loop
      vertex 125.356 0 10.4401
      vertex 131.472 0 10.4898
      vertex 125.528 0 10.4898
    endloop
  endfacet
  facet normal 0 -1 0
    outer loop
      vertex 125.356 0 10.4401
      vertex 131.644 0 10.4401
      vertex 131.472 0 10.4898
    endloop
  endfacet
  facet normal 0 -1 0
    outer loop
      vertex 125.179 0 10.4101
      vertex 131.644 0 10.4401
      vertex 125.356 0 10.4401
    endloop
  endfacet
  facet normal 0 -1 0
    outer loop
      vertex 125.179 0 10.4101
      vertex 131.821 0 10.4101
      vertex 131.644 0 10.4401
    endloop
  endfacet
  facet normal 0 -1 0
    outer loop
      vertex 125 0 10.4
      vertex 131.821 0 10.4101
      vertex 125.179 0 10.4101
    endloop
  endfacet
  facet normal 0 -1 -0
    outer loop
      vertex 131.821 0 10.4101
      vertex 125 0 10.4
      vertex 132 0 10.4
    endloop
  endfacet
  facet normal 0 -1 0
    outer loop
      vertex 58.2799 0 16.5157
      vertex 62 0 13.2718
      vertex 62.1344 0 13.2643
    endloop
  endfacet
  facet normal 0 -1 0
    outer loop
      vertex 58.2799 0 16.5157
      vertex 62.1344 0 13.2643
      vertex 62.267 0 13.2417
    endloop
  endfacet
  facet normal 0 -1 0
    outer loop
      vertex 58.2799 0 16.5157
      vertex 62.267 0 13.2417
      vertex 62.3963 0 13.2045
    endloop
  endfacet
  facet normal 0 -1 0
    outer loop
      vertex 58.2799 0 16.5157
      vertex 62.3963 0 13.2045
      vertex 62.5207 0 13.153
    endloop
  endfacet
  facet normal 0 -1 0
    outer loop
      vertex 58.2799 0 16.5157
      vertex 62.5207 0 13.153
      vertex 62.6384 0 13.0879
    endloop
  endfacet
  facet normal 0 -1 0
    outer loop
      vertex 58.2799 0 16.5157
      vertex 62.6384 0 13.0879
      vertex 124.149 0 13.3548
    endloop
  endfacet
  facet normal 0 -1 0
    outer loop
      vertex 124.149 0 13.3548
      vertex 62.6384 0 13.0879
      vertex 124.002 0 13.2509
    endloop
  endfacet
  facet normal 0 -1 0
    outer loop
      vertex 62.7482 0 13.01
      vertex 124.002 0 13.2509
      vertex 62.6384 0 13.0879
    endloop
  endfacet
  facet normal 0 -1 0
    outer loop
      vertex 124.002 0 13.2509
      vertex 62.7482 0 13.01
      vertex 123.869 0 13.1314
    endloop
  endfacet
  facet normal 0 -1 0
    outer loop
      vertex 62.8485 0 12.9203
      vertex 123.869 0 13.1314
      vertex 62.7482 0 13.01
    endloop
  endfacet
  facet normal 0 -1 0
    outer loop
      vertex 123.869 0 13.1314
      vertex 62.8485 0 12.9203
      vertex 123.749 0 12.9976
    endloop
  endfacet
  facet normal 0 -1 0
    outer loop
      vertex 62.9382 0 12.82
      vertex 123.749 0 12.9976
      vertex 62.8485 0 12.9203
    endloop
  endfacet
  facet normal 0 -1 0
    outer loop
      vertex 123.749 0 12.9976
      vertex 62.9382 0 12.82
      vertex 123.645 0 12.8513
    endloop
  endfacet
  facet normal 0 -1 0
    outer loop
      vertex 63.0161 0 12.7102
      vertex 123.645 0 12.8513
      vertex 62.9382 0 12.82
    endloop
  endfacet
  facet normal 0 -1 0
    outer loop
      vertex 63.0161 0 12.7102
      vertex 123.558 0 12.6942
      vertex 123.645 0 12.8513
    endloop
  endfacet
  facet normal 0 -1 0
    outer loop
      vertex 63.0812 0 12.5925
      vertex 123.558 0 12.6942
      vertex 63.0161 0 12.7102
    endloop
  endfacet
  facet normal 0 -1 0
    outer loop
      vertex 63.0812 0 12.5925
      vertex 123.49 0 12.5284
      vertex 123.558 0 12.6942
    endloop
  endfacet
  facet normal 0 -1 0
    outer loop
      vertex 63.1327 0 12.4681
      vertex 123.49 0 12.5284
      vertex 63.0812 0 12.5925
    endloop
  endfacet
  facet normal 0 -1 0
    outer loop
      vertex 63.1327 0 12.4681
      vertex 123.44 0 12.356
      vertex 123.49 0 12.5284
    endloop
  endfacet
  facet normal 0 -1 0
    outer loop
      vertex 63.1699 0 12.3388
      vertex 123.44 0 12.356
      vertex 63.1327 0 12.4681
    endloop
  endfacet
  facet normal 0 -1 0
    outer loop
      vertex 63.1925 0 12.2062
      vertex 123.44 0 12.356
      vertex 63.1699 0 12.3388
    endloop
  endfacet
  facet normal 0 -1 0
    outer loop
      vertex 63.1925 0 12.2062
      vertex 123.41 0 12.1791
      vertex 123.44 0 12.356
    endloop
  endfacet
  facet normal 0 -1 0
    outer loop
      vertex 63.2 0 12.0718
      vertex 123.41 0 12.1791
      vertex 63.1925 0 12.2062
    endloop
  endfacet
  facet normal 0 -1 0
    outer loop
      vertex 63.2 0 12.0718
      vertex 123.4 0 12
      vertex 123.41 0 12.1791
    endloop
  endfacet
  facet normal 0 -1 0
    outer loop
      vertex 63.1925 0 11.9374
      vertex 123.4 0 12
      vertex 63.2 0 12.0718
    endloop
  endfacet
  facet normal 0 -1 0
    outer loop
      vertex 63.1925 0 11.9374
      vertex 123.41 0 11.8209
      vertex 123.4 0 12
    endloop
  endfacet
  facet normal 0 -1 0
    outer loop
      vertex 63.1699 0 11.8048
      vertex 123.41 0 11.8209
      vertex 63.1925 0 11.9374
    endloop
  endfacet
  facet normal 0 -1 0
    outer loop
      vertex 123.44 0 11.644
      vertex 63.1699 0 11.8048
      vertex 63.1327 0 11.6755
    endloop
  endfacet
  facet normal 0 -1 0
    outer loop
      vertex 63.1699 0 11.8048
      vertex 123.44 0 11.644
      vertex 123.41 0 11.8209
    endloop
  endfacet
  facet normal 0 -1 0
    outer loop
      vertex 123.49 0 11.4716
      vertex 63.1327 0 11.6755
      vertex 63.0812 0 11.5511
    endloop
  endfacet
  facet normal 0 -1 0
    outer loop
      vertex 63.1327 0 11.6755
      vertex 123.49 0 11.4716
      vertex 123.44 0 11.644
    endloop
  endfacet
  facet normal 0 -1 0
    outer loop
      vertex 123.558 0 11.3058
      vertex 63.0812 0 11.5511
      vertex 63.0161 0 11.4334
    endloop
  endfacet
  facet normal 0 -1 0
    outer loop
      vertex 123.645 0 11.1487
      vertex 63.0161 0 11.4334
      vertex 62.9382 0 11.3236
    endloop
  endfacet
  facet normal 0 -1 0
    outer loop
      vertex 63.0812 0 11.5511
      vertex 123.558 0 11.3058
      vertex 123.49 0 11.4716
    endloop
  endfacet
  facet normal 0 -1 0
    outer loop
      vertex 123.749 0 11.0024
      vertex 62.9382 0 11.3236
      vertex 62.8485 0 11.2233
    endloop
  endfacet
  facet normal 0 -1 0
    outer loop
      vertex 63.0161 0 11.4334
      vertex 123.645 0 11.1487
      vertex 123.558 0 11.3058
    endloop
  endfacet
  facet normal 0 -1 0
    outer loop
      vertex 123.869 0 10.8686
      vertex 62.8485 0 11.2233
      vertex 62.7482 0 11.1336
    endloop
  endfacet
  facet normal 0 -1 0
    outer loop
      vertex 123.869 0 10.8686
      vertex 62.7482 0 11.1336
      vertex 62.6384 0 11.0557
    endloop
  endfacet
  facet normal 0 -1 0
    outer loop
      vertex 62.9382 0 11.3236
      vertex 123.749 0 11.0024
      vertex 123.645 0 11.1487
    endloop
  endfacet
  facet normal 0 -1 0
    outer loop
      vertex 123.869 0 10.8686
      vertex 62.6384 0 11.0557
      vertex 62.5207 0 10.9906
    endloop
  endfacet
  facet normal 0 -1 0
    outer loop
      vertex 123.869 0 10.8686
      vertex 62.5207 0 10.9906
      vertex 62.3963 0 10.9391
    endloop
  endfacet
  facet normal 0 -1 0
    outer loop
      vertex 123.869 0 10.8686
      vertex 62.3963 0 10.9391
      vertex 62.267 0 10.9019
    endloop
  endfacet
  facet normal 0 -1 0
    outer loop
      vertex 123.869 0 10.8686
      vertex 62.267 0 10.9019
      vertex 62.1344 0 10.8793
    endloop
  endfacet
  facet normal 0 -1 0
    outer loop
      vertex 123.869 0 10.8686
      vertex 62.1344 0 10.8793
      vertex 62 0 10.8718
    endloop
  endfacet
  facet normal 0 -1 0
    outer loop
      vertex 62.8485 0 11.2233
      vertex 123.869 0 10.8686
      vertex 123.749 0 11.0024
    endloop
  endfacet
  facet normal 0 -1 0
    outer loop
      vertex 132 0 24.4
      vertex 132.998 0 20.2509
      vertex 139 0 24.4
    endloop
  endfacet
  facet normal 0 -1 0
    outer loop
      vertex 139.356 0 20.5599
      vertex 139.356 0 24.4401
      vertex 139.179 0 20.5899
    endloop
  endfacet
  facet normal 0 -1 0
    outer loop
      vertex 138.002 0 20.2509
      vertex 139 0 24.4
      vertex 132.998 0 20.2509
    endloop
  endfacet
  facet normal 0 -1 0
    outer loop
      vertex 139.179 0 24.4101
      vertex 139.179 0 20.5899
      vertex 139.356 0 24.4401
    endloop
  endfacet
  facet normal -0 -1 0
    outer loop
      vertex 138.149 0 20.3548
      vertex 139 0 24.4
      vertex 138.002 0 20.2509
    endloop
  endfacet
  facet normal 0 -1 0
    outer loop
      vertex 139.179 0 20.5899
      vertex 139.179 0 24.4101
      vertex 139 0 20.6
    endloop
  endfacet
  facet normal -0 -1 0
    outer loop
      vertex 138.306 0 20.4415
      vertex 139 0 24.4
      vertex 138.149 0 20.3548
    endloop
  endfacet
  facet normal 0 -1 0
    outer loop
      vertex 139 0 24.4
      vertex 139 0 20.6
      vertex 139.179 0 24.4101
    endloop
  endfacet
  facet normal -0 -1 0
    outer loop
      vertex 138.472 0 20.5102
      vertex 139 0 24.4
      vertex 138.306 0 20.4415
    endloop
  endfacet
  facet normal -0 -1 0
    outer loop
      vertex 139 0 20.6
      vertex 139 0 24.4
      vertex 138.821 0 20.5899
    endloop
  endfacet
  facet normal -0 -1 0
    outer loop
      vertex 138.644 0 20.5599
      vertex 139 0 24.4
      vertex 138.472 0 20.5102
    endloop
  endfacet
  facet normal -0 -1 0
    outer loop
      vertex 138.821 0 20.5899
      vertex 139 0 24.4
      vertex 138.644 0 20.5599
    endloop
  endfacet
  facet normal 0 -1 0
    outer loop
      vertex 133.131 0 20.1314
      vertex 138.002 0 20.2509
      vertex 132.998 0 20.2509
    endloop
  endfacet
  facet normal 0 -1 0
    outer loop
      vertex 133.131 0 20.1314
      vertex 137.869 0 20.1314
      vertex 138.002 0 20.2509
    endloop
  endfacet
  facet normal 0 -1 0
    outer loop
      vertex 133.251 0 19.9976
      vertex 137.869 0 20.1314
      vertex 133.131 0 20.1314
    endloop
  endfacet
  facet normal 0 -1 0
    outer loop
      vertex 133.251 0 19.9976
      vertex 137.749 0 19.9976
      vertex 137.869 0 20.1314
    endloop
  endfacet
  facet normal 0 -1 0
    outer loop
      vertex 133.355 0 19.8512
      vertex 137.749 0 19.9976
      vertex 133.251 0 19.9976
    endloop
  endfacet
  facet normal 0 -1 0
    outer loop
      vertex 133.355 0 19.8512
      vertex 137.645 0 19.8512
      vertex 137.749 0 19.9976
    endloop
  endfacet
  facet normal 0 -1 0
    outer loop
      vertex 133.442 0 19.6942
      vertex 137.645 0 19.8512
      vertex 133.355 0 19.8512
    endloop
  endfacet
  facet normal 0 -1 0
    outer loop
      vertex 133.442 0 19.6942
      vertex 137.558 0 19.6942
      vertex 137.645 0 19.8512
    endloop
  endfacet
  facet normal 0 -1 0
    outer loop
      vertex 133.51 0 19.5284
      vertex 137.558 0 19.6942
      vertex 133.442 0 19.6942
    endloop
  endfacet
  facet normal 0 -1 0
    outer loop
      vertex 133.51 0 19.5284
      vertex 137.49 0 19.5284
      vertex 137.558 0 19.6942
    endloop
  endfacet
  facet normal 0 -1 0
    outer loop
      vertex 133.56 0 19.356
      vertex 137.49 0 19.5284
      vertex 133.51 0 19.5284
    endloop
  endfacet
  facet normal 0 -1 0
    outer loop
      vertex 133.56 0 19.356
      vertex 137.44 0 19.356
      vertex 137.49 0 19.5284
    endloop
  endfacet
  facet normal 0 -1 0
    outer loop
      vertex 133.59 0 19.1791
      vertex 137.44 0 19.356
      vertex 133.56 0 19.356
    endloop
  endfacet
  facet normal 0 -1 0
    outer loop
      vertex 133.59 0 19.1791
      vertex 137.41 0 19.1791
      vertex 137.44 0 19.356
    endloop
  endfacet
  facet normal 0 -1 0
    outer loop
      vertex 133.6 0 19
      vertex 137.41 0 19.1791
      vertex 133.59 0 19.1791
    endloop
  endfacet
  facet normal 0 -1 0
    outer loop
      vertex 133.6 0 19
      vertex 137.4 0 19
      vertex 137.41 0 19.1791
    endloop
  endfacet
  facet normal 0 -1 0
    outer loop
      vertex 133.59 0 18.8209
      vertex 137.4 0 19
      vertex 133.6 0 19
    endloop
  endfacet
  facet normal 0 -1 0
    outer loop
      vertex 133.59 0 18.8209
      vertex 137.41 0 18.8209
      vertex 137.4 0 19
    endloop
  endfacet
  facet normal 0 -1 0
    outer loop
      vertex 133.56 0 18.644
      vertex 137.41 0 18.8209
      vertex 133.59 0 18.8209
    endloop
  endfacet
  facet normal 0 -1 0
    outer loop
      vertex 133.56 0 18.644
      vertex 137.44 0 18.644
      vertex 137.41 0 18.8209
    endloop
  endfacet
  facet normal 0 -1 0
    outer loop
      vertex 133.51 0 18.4716
      vertex 137.44 0 18.644
      vertex 133.56 0 18.644
    endloop
  endfacet
  facet normal 0 -1 0
    outer loop
      vertex 133.51 0 18.4716
      vertex 137.49 0 18.4716
      vertex 137.44 0 18.644
    endloop
  endfacet
  facet normal 0 -1 0
    outer loop
      vertex 133.442 0 18.3058
      vertex 137.49 0 18.4716
      vertex 133.51 0 18.4716
    endloop
  endfacet
  facet normal 0 -1 0
    outer loop
      vertex 133.442 0 18.3058
      vertex 137.558 0 18.3058
      vertex 137.49 0 18.4716
    endloop
  endfacet
  facet normal 0 -1 0
    outer loop
      vertex 133.355 0 18.1487
      vertex 137.558 0 18.3058
      vertex 133.442 0 18.3058
    endloop
  endfacet
  facet normal 0 -1 0
    outer loop
      vertex 133.355 0 18.1487
      vertex 137.645 0 18.1487
      vertex 137.558 0 18.3058
    endloop
  endfacet
  facet normal 0 -1 0
    outer loop
      vertex 133.251 0 18.0024
      vertex 137.645 0 18.1487
      vertex 133.355 0 18.1487
    endloop
  endfacet
  facet normal 0 -1 0
    outer loop
      vertex 133.251 0 18.0024
      vertex 137.749 0 18.0024
      vertex 137.645 0 18.1487
    endloop
  endfacet
  facet normal 0 -1 0
    outer loop
      vertex 133.131 0 17.8686
      vertex 137.749 0 18.0024
      vertex 133.251 0 18.0024
    endloop
  endfacet
  facet normal 0 -1 0
    outer loop
      vertex 133.131 0 17.8686
      vertex 137.869 0 17.8686
      vertex 137.749 0 18.0024
    endloop
  endfacet
  facet normal 0 -1 0
    outer loop
      vertex 132.998 0 17.7491
      vertex 137.869 0 17.8686
      vertex 133.131 0 17.8686
    endloop
  endfacet
  facet normal 0 -1 0
    outer loop
      vertex 132.998 0 17.7491
      vertex 138.002 0 17.7491
      vertex 137.869 0 17.8686
    endloop
  endfacet
  facet normal 0 -1 0
    outer loop
      vertex 132.851 0 17.6452
      vertex 138.002 0 17.7491
      vertex 132.998 0 17.7491
    endloop
  endfacet
  facet normal 0 -1 0
    outer loop
      vertex 132.851 0 17.6452
      vertex 138.149 0 17.6452
      vertex 138.002 0 17.7491
    endloop
  endfacet
  facet normal 0 -1 0
    outer loop
      vertex 132.694 0 17.5584
      vertex 138.149 0 17.6452
      vertex 132.851 0 17.6452
    endloop
  endfacet
  facet normal 0 -1 0
    outer loop
      vertex 132.694 0 17.5584
      vertex 138.306 0 17.5584
      vertex 138.149 0 17.6452
    endloop
  endfacet
  facet normal 0 -1 0
    outer loop
      vertex 132.528 0 17.4898
      vertex 138.306 0 17.5584
      vertex 132.694 0 17.5584
    endloop
  endfacet
  facet normal 0 -1 0
    outer loop
      vertex 132.528 0 17.4898
      vertex 138.472 0 17.4898
      vertex 138.306 0 17.5584
    endloop
  endfacet
  facet normal 0 -1 0
    outer loop
      vertex 132.356 0 17.4401
      vertex 138.472 0 17.4898
      vertex 132.528 0 17.4898
    endloop
  endfacet
  facet normal 0 -1 0
    outer loop
      vertex 132.356 0 17.4401
      vertex 138.644 0 17.4401
      vertex 138.472 0 17.4898
    endloop
  endfacet
  facet normal 0 -1 0
    outer loop
      vertex 132.179 0 17.4101
      vertex 138.644 0 17.4401
      vertex 132.356 0 17.4401
    endloop
  endfacet
  facet normal 0 -1 0
    outer loop
      vertex 132.179 0 17.4101
      vertex 138.821 0 17.4101
      vertex 138.644 0 17.4401
    endloop
  endfacet
  facet normal 0 -1 0
    outer loop
      vertex 132 0 17.4
      vertex 138.821 0 17.4101
      vertex 132.179 0 17.4101
    endloop
  endfacet
  facet normal 0 -1 -0
    outer loop
      vertex 138.821 0 17.4101
      vertex 132 0 17.4
      vertex 139 0 17.4
    endloop
  endfacet
  facet normal 0 -1 -0
    outer loop
      vertex 132 0 24.4
      vertex 131.821 0 20.5899
      vertex 132 0 20.6
    endloop
  endfacet
  facet normal 0 -1 0
    outer loop
      vertex 132.528 0 20.5102
      vertex 132 0 24.4
      vertex 132.356 0 20.5599
    endloop
  endfacet
  facet normal 0 -1 0
    outer loop
      vertex 132.179 0 20.5899
      vertex 132 0 24.4
      vertex 132 0 20.6
    endloop
  endfacet
  facet normal 0 -1 0
    outer loop
      vertex 132.356 0 20.5599
      vertex 132 0 24.4
      vertex 132.179 0 20.5899
    endloop
  endfacet
  facet normal 0 -1 0
    outer loop
      vertex 125.694 0 20.4415
      vertex 125 0 24.4
      vertex 125.528 0 20.5102
    endloop
  endfacet
  facet normal -0 -1 0
    outer loop
      vertex 131.821 0 20.5899
      vertex 131.821 0 24.4101
      vertex 131.644 0 20.5599
    endloop
  endfacet
  facet normal 0 -1 0
    outer loop
      vertex 125.851 0 20.3548
      vertex 125 0 24.4
      vertex 125.694 0 20.4415
    endloop
  endfacet
  facet normal 0 -1 0
    outer loop
      vertex 131.644 0 24.4401
      vertex 131.644 0 20.5599
      vertex 131.821 0 24.4101
    endloop
  endfacet
  facet normal 0 -1 0
    outer loop
      vertex 125.998 0 20.2509
      vertex 125 0 24.4
      vertex 125.851 0 20.3548
    endloop
  endfacet
  facet normal -0 -1 0
    outer loop
      vertex 131.644 0 20.5599
      vertex 131.644 0 24.4401
      vertex 131.472 0 20.5102
    endloop
  endfacet
  facet normal 0 -1 0
    outer loop
      vertex 131.002 0 20.2509
      vertex 125 0 24.4
      vertex 125.998 0 20.2509
    endloop
  endfacet
  facet normal 0 -1 0
    outer loop
      vertex 131.472 0 24.4898
      vertex 131.472 0 20.5102
      vertex 131.644 0 24.4401
    endloop
  endfacet
  facet normal 0 -1 0
    outer loop
      vertex 126.131 0 20.1314
      vertex 131.002 0 20.2509
      vertex 125.998 0 20.2509
    endloop
  endfacet
  facet normal 0 -1 0
    outer loop
      vertex 126.131 0 20.1314
      vertex 130.869 0 20.1314
      vertex 131.002 0 20.2509
    endloop
  endfacet
  facet normal 0 -1 0
    outer loop
      vertex 126.251 0 19.9976
      vertex 130.869 0 20.1314
      vertex 126.131 0 20.1314
    endloop
  endfacet
  facet normal 0 -1 0
    outer loop
      vertex 126.251 0 19.9976
      vertex 130.749 0 19.9976
      vertex 130.869 0 20.1314
    endloop
  endfacet
  facet normal 0 -1 0
    outer loop
      vertex 126.355 0 19.8512
      vertex 130.749 0 19.9976
      vertex 126.251 0 19.9976
    endloop
  endfacet
  facet normal 0 -1 0
    outer loop
      vertex 126.355 0 19.8512
      vertex 130.645 0 19.8512
      vertex 130.749 0 19.9976
    endloop
  endfacet
  facet normal 0 -1 0
    outer loop
      vertex 126.442 0 19.6942
      vertex 130.645 0 19.8512
      vertex 126.355 0 19.8512
    endloop
  endfacet
  facet normal 0 -1 0
    outer loop
      vertex 126.442 0 19.6942
      vertex 130.558 0 19.6942
      vertex 130.645 0 19.8512
    endloop
  endfacet
  facet normal 0 -1 0
    outer loop
      vertex 126.51 0 19.5284
      vertex 130.558 0 19.6942
      vertex 126.442 0 19.6942
    endloop
  endfacet
  facet normal 0 -1 0
    outer loop
      vertex 126.51 0 19.5284
      vertex 130.49 0 19.5284
      vertex 130.558 0 19.6942
    endloop
  endfacet
  facet normal 0 -1 0
    outer loop
      vertex 126.56 0 19.356
      vertex 130.49 0 19.5284
      vertex 126.51 0 19.5284
    endloop
  endfacet
  facet normal 0 -1 0
    outer loop
      vertex 126.56 0 19.356
      vertex 130.44 0 19.356
      vertex 130.49 0 19.5284
    endloop
  endfacet
  facet normal 0 -1 0
    outer loop
      vertex 126.59 0 19.1791
      vertex 130.44 0 19.356
      vertex 126.56 0 19.356
    endloop
  endfacet
  facet normal 0 -1 0
    outer loop
      vertex 126.59 0 19.1791
      vertex 130.41 0 19.1791
      vertex 130.44 0 19.356
    endloop
  endfacet
  facet normal 0 -1 0
    outer loop
      vertex 126.6 0 19
      vertex 130.41 0 19.1791
      vertex 126.59 0 19.1791
    endloop
  endfacet
  facet normal 0 -1 0
    outer loop
      vertex 126.6 0 19
      vertex 130.4 0 19
      vertex 130.41 0 19.1791
    endloop
  endfacet
  facet normal 0 -1 0
    outer loop
      vertex 126.59 0 18.8209
      vertex 130.4 0 19
      vertex 126.6 0 19
    endloop
  endfacet
  facet normal 0 -1 0
    outer loop
      vertex 126.59 0 18.8209
      vertex 130.41 0 18.8209
      vertex 130.4 0 19
    endloop
  endfacet
  facet normal 0 -1 0
    outer loop
      vertex 126.56 0 18.644
      vertex 130.41 0 18.8209
      vertex 126.59 0 18.8209
    endloop
  endfacet
  facet normal 0 -1 0
    outer loop
      vertex 126.56 0 18.644
      vertex 130.44 0 18.644
      vertex 130.41 0 18.8209
    endloop
  endfacet
  facet normal 0 -1 0
    outer loop
      vertex 126.51 0 18.4716
      vertex 130.44 0 18.644
      vertex 126.56 0 18.644
    endloop
  endfacet
  facet normal 0 -1 0
    outer loop
      vertex 126.51 0 18.4716
      vertex 130.49 0 18.4716
      vertex 130.44 0 18.644
    endloop
  endfacet
  facet normal 0 -1 0
    outer loop
      vertex 126.442 0 18.3058
      vertex 130.49 0 18.4716
      vertex 126.51 0 18.4716
    endloop
  endfacet
  facet normal 0 -1 0
    outer loop
      vertex 126.442 0 18.3058
      vertex 130.558 0 18.3058
      vertex 130.49 0 18.4716
    endloop
  endfacet
  facet normal 0 -1 0
    outer loop
      vertex 126.355 0 18.1487
      vertex 130.558 0 18.3058
      vertex 126.442 0 18.3058
    endloop
  endfacet
  facet normal 0 -1 0
    outer loop
      vertex 126.355 0 18.1487
      vertex 130.645 0 18.1487
      vertex 130.558 0 18.3058
    endloop
  endfacet
  facet normal 0 -1 0
    outer loop
      vertex 126.251 0 18.0024
      vertex 130.645 0 18.1487
      vertex 126.355 0 18.1487
    endloop
  endfacet
  facet normal 0 -1 0
    outer loop
      vertex 126.251 0 18.0024
      vertex 130.749 0 18.0024
      vertex 130.645 0 18.1487
    endloop
  endfacet
  facet normal 0 -1 0
    outer loop
      vertex 126.131 0 17.8686
      vertex 130.749 0 18.0024
      vertex 126.251 0 18.0024
    endloop
  endfacet
  facet normal 0 -1 0
    outer loop
      vertex 126.131 0 17.8686
      vertex 130.869 0 17.8686
      vertex 130.749 0 18.0024
    endloop
  endfacet
  facet normal 0 -1 0
    outer loop
      vertex 125.998 0 17.7491
      vertex 130.869 0 17.8686
      vertex 126.131 0 17.8686
    endloop
  endfacet
  facet normal 0 -1 0
    outer loop
      vertex 125.998 0 17.7491
      vertex 131.002 0 17.7491
      vertex 130.869 0 17.8686
    endloop
  endfacet
  facet normal 0 -1 0
    outer loop
      vertex 125.851 0 17.6452
      vertex 131.002 0 17.7491
      vertex 125.998 0 17.7491
    endloop
  endfacet
  facet normal 0 -1 0
    outer loop
      vertex 125.851 0 17.6452
      vertex 131.149 0 17.6452
      vertex 131.002 0 17.7491
    endloop
  endfacet
  facet normal 0 -1 0
    outer loop
      vertex 125.694 0 17.5584
      vertex 131.149 0 17.6452
      vertex 125.851 0 17.6452
    endloop
  endfacet
  facet normal 0 -1 0
    outer loop
      vertex 125.694 0 17.5584
      vertex 131.306 0 17.5584
      vertex 131.149 0 17.6452
    endloop
  endfacet
  facet normal 0 -1 0
    outer loop
      vertex 125.528 0 17.4898
      vertex 131.306 0 17.5584
      vertex 125.694 0 17.5584
    endloop
  endfacet
  facet normal 0 -1 0
    outer loop
      vertex 125.528 0 17.4898
      vertex 131.472 0 17.4898
      vertex 131.306 0 17.5584
    endloop
  endfacet
  facet normal 0 -1 0
    outer loop
      vertex 125.356 0 17.4401
      vertex 131.472 0 17.4898
      vertex 125.528 0 17.4898
    endloop
  endfacet
  facet normal 0 -1 0
    outer loop
      vertex 125.356 0 17.4401
      vertex 131.644 0 17.4401
      vertex 131.472 0 17.4898
    endloop
  endfacet
  facet normal 0 -1 0
    outer loop
      vertex 125.179 0 17.4101
      vertex 131.644 0 17.4401
      vertex 125.356 0 17.4401
    endloop
  endfacet
  facet normal 0 -1 0
    outer loop
      vertex 125.179 0 17.4101
      vertex 131.821 0 17.4101
      vertex 131.644 0 17.4401
    endloop
  endfacet
  facet normal 0 -1 0
    outer loop
      vertex 125 0 17.4
      vertex 131.821 0 17.4101
      vertex 125.179 0 17.4101
    endloop
  endfacet
  facet normal 0 -1 -0
    outer loop
      vertex 131.821 0 17.4101
      vertex 125 0 17.4
      vertex 132 0 17.4
    endloop
  endfacet
  facet normal 0 -1 0
    outer loop
      vertex 125.179 0 20.5899
      vertex 125 0 24.4
      vertex 125 0 20.6
    endloop
  endfacet
  facet normal 0 -1 0
    outer loop
      vertex 66.9382 0 19.7482
      vertex 124.149 0 24.6452
      vertex 66.8485 0 19.8485
    endloop
  endfacet
  facet normal 0 -1 0
    outer loop
      vertex 60.1168 0 20.3301
      vertex 62 0 24.7282
      vertex 59.9546 0 20.5587
    endloop
  endfacet
  facet normal 0 -1 0
    outer loop
      vertex 62 0 24.7282
      vertex 66 0 20.2
      vertex 66.1344 0 20.1925
    endloop
  endfacet
  facet normal -0 -1 0
    outer loop
      vertex 125 0 20.6
      vertex 125 0 24.4
      vertex 124.821 0 20.5899
    endloop
  endfacet
  facet normal 0 -1 0
    outer loop
      vertex 124.821 0 24.4101
      vertex 124.821 0 20.5899
      vertex 125 0 24.4
    endloop
  endfacet
  facet normal 0 -1 0
    outer loop
      vertex 65.0618 0 19.7482
      vertex 62 0 24.7282
      vertex 60.1168 0 20.3301
    endloop
  endfacet
  facet normal -0 -1 0
    outer loop
      vertex 124.821 0 20.5899
      vertex 124.821 0 24.4101
      vertex 124.644 0 20.5599
    endloop
  endfacet
  facet normal 0 -1 0
    outer loop
      vertex 67.0161 0 19.6384
      vertex 124.149 0 24.6452
      vertex 66.9382 0 19.7482
    endloop
  endfacet
  facet normal 0 -1 0
    outer loop
      vertex 62 0 24.7282
      vertex 65.8656 0 20.1925
      vertex 66 0 20.2
    endloop
  endfacet
  facet normal 0 -1 0
    outer loop
      vertex 62 0 24.7282
      vertex 65.733 0 20.1699
      vertex 65.8656 0 20.1925
    endloop
  endfacet
  facet normal 0 -1 0
    outer loop
      vertex 62 0 24.7282
      vertex 65.6037 0 20.1327
      vertex 65.733 0 20.1699
    endloop
  endfacet
  facet normal 0 -1 0
    outer loop
      vertex 65.0618 0 19.7482
      vertex 60.1168 0 20.3301
      vertex 60.2524 0 20.0847
    endloop
  endfacet
  facet normal 0 -1 0
    outer loop
      vertex 62 0 24.7282
      vertex 65.4793 0 20.0812
      vertex 65.6037 0 20.1327
    endloop
  endfacet
  facet normal 0 -1 0
    outer loop
      vertex 62 0 24.7282
      vertex 65.3616 0 20.0161
      vertex 65.4793 0 20.0812
    endloop
  endfacet
  facet normal 0 -1 0
    outer loop
      vertex 62 0 24.7282
      vertex 65.2518 0 19.9382
      vertex 65.3616 0 20.0161
    endloop
  endfacet
  facet normal 0 -1 0
    outer loop
      vertex 62 0 24.7282
      vertex 65.1515 0 19.8485
      vertex 65.2518 0 19.9382
    endloop
  endfacet
  facet normal 0 -1 0
    outer loop
      vertex 64.9839 0 19.6384
      vertex 60.2524 0 20.0847
      vertex 60.3597 0 19.8257
    endloop
  endfacet
  facet normal 0 -1 0
    outer loop
      vertex 62 0 24.7282
      vertex 65.0618 0 19.7482
      vertex 65.1515 0 19.8485
    endloop
  endfacet
  facet normal 0 -1 0
    outer loop
      vertex 60.2524 0 20.0847
      vertex 64.9839 0 19.6384
      vertex 65.0618 0 19.7482
    endloop
  endfacet
  facet normal 0 -1 0
    outer loop
      vertex 64.9188 0 19.5207
      vertex 60.3597 0 19.8257
      vertex 60.4373 0 19.5563
    endloop
  endfacet
  facet normal 0 -1 0
    outer loop
      vertex 60.3597 0 19.8257
      vertex 64.9188 0 19.5207
      vertex 64.9839 0 19.6384
    endloop
  endfacet
  facet normal 0 -1 0
    outer loop
      vertex 60.4373 0 19.5563
      vertex 64.8673 0 19.3963
      vertex 64.9188 0 19.5207
    endloop
  endfacet
  facet normal 0 -1 0
    outer loop
      vertex 64.8301 0 19.267
      vertex 60.4373 0 19.5563
      vertex 60.4843 0 19.2799
    endloop
  endfacet
  facet normal 0 -1 0
    outer loop
      vertex 60.4373 0 19.5563
      vertex 64.8301 0 19.267
      vertex 64.8673 0 19.3963
    endloop
  endfacet
  facet normal 0 -1 0
    outer loop
      vertex 60.4843 0 19.2799
      vertex 64.8075 0 19.1344
      vertex 64.8301 0 19.267
    endloop
  endfacet
  facet normal 0 -1 0
    outer loop
      vertex 60.5 0 19
      vertex 64.8075 0 19.1344
      vertex 60.4843 0 19.2799
    endloop
  endfacet
  facet normal 0 -1 0
    outer loop
      vertex 60.5 0 19
      vertex 64.8 0 19
      vertex 64.8075 0 19.1344
    endloop
  endfacet
  facet normal 0 -1 0
    outer loop
      vertex 60.5 0 19
      vertex 64.8075 0 18.8656
      vertex 64.8 0 19
    endloop
  endfacet
  facet normal 0 -1 0
    outer loop
      vertex 60.4843 0 18.7201
      vertex 64.8075 0 18.8656
      vertex 60.5 0 19
    endloop
  endfacet
  facet normal 0 -1 -0
    outer loop
      vertex 64.8075 0 18.8656
      vertex 60.4843 0 18.7201
      vertex 64.8301 0 18.733
    endloop
  endfacet
  facet normal 0 -1 0
    outer loop
      vertex 60.4373 0 18.4437
      vertex 64.8301 0 18.733
      vertex 60.4843 0 18.7201
    endloop
  endfacet
  facet normal 0 -1 -0
    outer loop
      vertex 64.8301 0 18.733
      vertex 60.4373 0 18.4437
      vertex 64.8673 0 18.6037
    endloop
  endfacet
  facet normal 0 -1 -0
    outer loop
      vertex 64.8673 0 18.6037
      vertex 60.4373 0 18.4437
      vertex 64.9188 0 18.4793
    endloop
  endfacet
  facet normal 0 -1 0
    outer loop
      vertex 60.3597 0 18.1743
      vertex 64.9188 0 18.4793
      vertex 60.4373 0 18.4437
    endloop
  endfacet
  facet normal 0 -1 -0
    outer loop
      vertex 64.9188 0 18.4793
      vertex 60.3597 0 18.1743
      vertex 64.9839 0 18.3616
    endloop
  endfacet
  facet normal 0 -1 0
    outer loop
      vertex 60.2524 0 17.9153
      vertex 64.9839 0 18.3616
      vertex 60.3597 0 18.1743
    endloop
  endfacet
  facet normal 0 -1 -0
    outer loop
      vertex 64.9839 0 18.3616
      vertex 60.2524 0 17.9153
      vertex 65.0618 0 18.2518
    endloop
  endfacet
  facet normal 0 -1 0
    outer loop
      vertex 60.1168 0 17.6699
      vertex 65.0618 0 18.2518
      vertex 60.2524 0 17.9153
    endloop
  endfacet
  facet normal 0 -1 -0
    outer loop
      vertex 65.0618 0 18.2518
      vertex 60.1168 0 17.6699
      vertex 65.1515 0 18.1515
    endloop
  endfacet
  facet normal 0 -1 0
    outer loop
      vertex 59.9546 0 17.4413
      vertex 65.1515 0 18.1515
      vertex 60.1168 0 17.6699
    endloop
  endfacet
  facet normal 0 -1 -0
    outer loop
      vertex 65.1515 0 18.1515
      vertex 59.9546 0 17.4413
      vertex 65.2518 0 18.0618
    endloop
  endfacet
  facet normal 0 -1 -0
    outer loop
      vertex 65.2518 0 18.0618
      vertex 59.9546 0 17.4413
      vertex 65.3616 0 17.9839
    endloop
  endfacet
  facet normal 0 -1 0
    outer loop
      vertex 59.7678 0 17.2322
      vertex 65.3616 0 17.9839
      vertex 59.9546 0 17.4413
    endloop
  endfacet
  facet normal 0 -1 -0
    outer loop
      vertex 65.3616 0 17.9839
      vertex 59.7678 0 17.2322
      vertex 65.4793 0 17.9188
    endloop
  endfacet
  facet normal 0 -1 0
    outer loop
      vertex 59.5587 0 17.0454
      vertex 65.4793 0 17.9188
      vertex 59.7678 0 17.2322
    endloop
  endfacet
  facet normal 0 -1 -0
    outer loop
      vertex 65.4793 0 17.9188
      vertex 59.5587 0 17.0454
      vertex 65.6037 0 17.8673
    endloop
  endfacet
  facet normal 0 -1 -0
    outer loop
      vertex 65.6037 0 17.8673
      vertex 59.5587 0 17.0454
      vertex 65.733 0 17.8301
    endloop
  endfacet
  facet normal 0 -1 -0
    outer loop
      vertex 65.733 0 17.8301
      vertex 59.5587 0 17.0454
      vertex 65.8656 0 17.8075
    endloop
  endfacet
  facet normal 0 -1 -0
    outer loop
      vertex 65.8656 0 17.8075
      vertex 59.5587 0 17.0454
      vertex 66 0 17.8
    endloop
  endfacet
  facet normal 0 -1 0
    outer loop
      vertex 124.821 0 13.5899
      vertex 124.002 0 17.7491
      vertex 123.869 0 17.8686
    endloop
  endfacet
  facet normal 0 -1 0
    outer loop
      vertex 124.821 0 13.5899
      vertex 124.149 0 17.6452
      vertex 124.002 0 17.7491
    endloop
  endfacet
  facet normal 0 -1 0
    outer loop
      vertex 124.821 0 13.5899
      vertex 124.306 0 17.5584
      vertex 124.149 0 17.6452
    endloop
  endfacet
  facet normal 0 -1 0
    outer loop
      vertex 124.821 0 13.5899
      vertex 124.472 0 17.4898
      vertex 124.306 0 17.5584
    endloop
  endfacet
  facet normal 0 -1 0
    outer loop
      vertex 124.821 0 13.5899
      vertex 124.644 0 17.4401
      vertex 124.472 0 17.4898
    endloop
  endfacet
  facet normal 0 0 0
    outer loop
      vertex 125 0 17.4
      vertex 139 0 17.4
      vertex 132 0 17.4
    endloop
  endfacet
  facet normal 0 -1 0
    outer loop
      vertex 124.821 0 13.5899
      vertex 124.821 0 17.4101
      vertex 124.644 0 17.4401
    endloop
  endfacet
  facet normal 0 -1 0
    outer loop
      vertex 124.821 0 13.5899
      vertex 66 0 17.8
      vertex 59.5587 0 17.0454
    endloop
  endfacet
  facet normal 0 -1 0
    outer loop
      vertex 54.267 0 27.0981
      vertex 38.75 0 43
      vertex 54.1344 0 27.1207
    endloop
  endfacet
  facet normal 0 -1 0
    outer loop
      vertex 38.75 0 43
      vertex 61.8656 0 27.1207
      vertex 62 0 27.1282
    endloop
  endfacet
  facet normal 0 -1 0
    outer loop
      vertex 61.733 0 27.0981
      vertex 38.75 0 43
      vertex 54.267 0 27.0981
    endloop
  endfacet
  facet normal 0 -1 0
    outer loop
      vertex 38.75 0 43
      vertex 61.733 0 27.0981
      vertex 61.8656 0 27.1207
    endloop
  endfacet
  facet normal 0 -1 0
    outer loop
      vertex 54.3963 0 27.0609
      vertex 61.733 0 27.0981
      vertex 54.267 0 27.0981
    endloop
  endfacet
  facet normal 0 -1 0
    outer loop
      vertex 54.3963 0 27.0609
      vertex 61.6037 0 27.0609
      vertex 61.733 0 27.0981
    endloop
  endfacet
  facet normal 0 -1 0
    outer loop
      vertex 54.5207 0 27.0094
      vertex 61.6037 0 27.0609
      vertex 54.3963 0 27.0609
    endloop
  endfacet
  facet normal 0 -1 0
    outer loop
      vertex 54.5207 0 27.0094
      vertex 61.4793 0 27.0094
      vertex 61.6037 0 27.0609
    endloop
  endfacet
  facet normal 0 -1 0
    outer loop
      vertex 54.6384 0 26.9443
      vertex 61.4793 0 27.0094
      vertex 54.5207 0 27.0094
    endloop
  endfacet
  facet normal 0 -1 0
    outer loop
      vertex 54.6384 0 26.9443
      vertex 61.3616 0 26.9443
      vertex 61.4793 0 27.0094
    endloop
  endfacet
  facet normal 0 -1 0
    outer loop
      vertex 54.7482 0 26.8664
      vertex 61.3616 0 26.9443
      vertex 54.6384 0 26.9443
    endloop
  endfacet
  facet normal 0 -1 0
    outer loop
      vertex 54.7482 0 26.8664
      vertex 61.2518 0 26.8664
      vertex 61.3616 0 26.9443
    endloop
  endfacet
  facet normal 0 -1 0
    outer loop
      vertex 54.8485 0 26.7767
      vertex 61.2518 0 26.8664
      vertex 54.7482 0 26.8664
    endloop
  endfacet
  facet normal 0 -1 0
    outer loop
      vertex 54.8485 0 26.7767
      vertex 61.1515 0 26.7767
      vertex 61.2518 0 26.8664
    endloop
  endfacet
  facet normal 0 -1 0
    outer loop
      vertex 54.9382 0 26.6764
      vertex 61.1515 0 26.7767
      vertex 54.8485 0 26.7767
    endloop
  endfacet
  facet normal 0 -1 0
    outer loop
      vertex 54.9382 0 26.6764
      vertex 61.0618 0 26.6764
      vertex 61.1515 0 26.7767
    endloop
  endfacet
  facet normal 0 -1 0
    outer loop
      vertex 55.0161 0 26.5666
      vertex 61.0618 0 26.6764
      vertex 54.9382 0 26.6764
    endloop
  endfacet
  facet normal 0 -1 0
    outer loop
      vertex 55.0161 0 26.5666
      vertex 60.9839 0 26.5666
      vertex 61.0618 0 26.6764
    endloop
  endfacet
  facet normal 0 -1 0
    outer loop
      vertex 55.0812 0 26.4489
      vertex 60.9839 0 26.5666
      vertex 55.0161 0 26.5666
    endloop
  endfacet
  facet normal 0 -1 0
    outer loop
      vertex 55.0812 0 26.4489
      vertex 60.9188 0 26.4489
      vertex 60.9839 0 26.5666
    endloop
  endfacet
  facet normal 0 -1 0
    outer loop
      vertex 55.1327 0 26.3245
      vertex 60.9188 0 26.4489
      vertex 55.0812 0 26.4489
    endloop
  endfacet
  facet normal 0 -1 0
    outer loop
      vertex 55.1327 0 26.3245
      vertex 60.8673 0 26.3245
      vertex 60.9188 0 26.4489
    endloop
  endfacet
  facet normal 0 -1 0
    outer loop
      vertex 55.1699 0 26.1952
      vertex 60.8673 0 26.3245
      vertex 55.1327 0 26.3245
    endloop
  endfacet
  facet normal 0 -1 0
    outer loop
      vertex 55.1699 0 26.1952
      vertex 60.8301 0 26.1952
      vertex 60.8673 0 26.3245
    endloop
  endfacet
  facet normal 0 -1 0
    outer loop
      vertex 55.1925 0 26.0626
      vertex 60.8301 0 26.1952
      vertex 55.1699 0 26.1952
    endloop
  endfacet
  facet normal 0 -1 0
    outer loop
      vertex 55.1925 0 26.0626
      vertex 60.8075 0 26.0626
      vertex 60.8301 0 26.1952
    endloop
  endfacet
  facet normal 0 -1 0
    outer loop
      vertex 55.2 0 25.9282
      vertex 60.8075 0 26.0626
      vertex 55.1925 0 26.0626
    endloop
  endfacet
  facet normal 0 -1 0
    outer loop
      vertex 55.2 0 25.9282
      vertex 60.8 0 25.9282
      vertex 60.8075 0 26.0626
    endloop
  endfacet
  facet normal 0 -1 0
    outer loop
      vertex 55.1925 0 25.7938
      vertex 60.8 0 25.9282
      vertex 55.2 0 25.9282
    endloop
  endfacet
  facet normal 0 -1 0
    outer loop
      vertex 55.1925 0 25.7938
      vertex 60.8075 0 25.7938
      vertex 60.8 0 25.9282
    endloop
  endfacet
  facet normal 0 -1 0
    outer loop
      vertex 55.1699 0 25.6612
      vertex 60.8075 0 25.7938
      vertex 55.1925 0 25.7938
    endloop
  endfacet
  facet normal 0 -1 0
    outer loop
      vertex 55.1699 0 25.6612
      vertex 60.8301 0 25.6612
      vertex 60.8075 0 25.7938
    endloop
  endfacet
  facet normal 0 -1 0
    outer loop
      vertex 55.1327 0 25.5319
      vertex 60.8301 0 25.6612
      vertex 55.1699 0 25.6612
    endloop
  endfacet
  facet normal 0 -1 0
    outer loop
      vertex 55.1327 0 25.5319
      vertex 60.8673 0 25.5319
      vertex 60.8301 0 25.6612
    endloop
  endfacet
  facet normal 0 -1 0
    outer loop
      vertex 58 0 21.5
      vertex 55.1327 0 25.5319
      vertex 55.0812 0 25.4075
    endloop
  endfacet
  facet normal 0 -1 0
    outer loop
      vertex 55.1327 0 25.5319
      vertex 58 0 21.5
      vertex 60.8673 0 25.5319
    endloop
  endfacet
  facet normal 0 -1 0
    outer loop
      vertex 58 0 21.5
      vertex 55.0812 0 25.4075
      vertex 55.0161 0 25.2898
    endloop
  endfacet
  facet normal 0 -1 -0
    outer loop
      vertex 60.8673 0 25.5319
      vertex 58 0 21.5
      vertex 60.9188 0 25.4075
    endloop
  endfacet
  facet normal 0 -1 0
    outer loop
      vertex 58 0 21.5
      vertex 55.0161 0 25.2898
      vertex 54.9382 0 25.18
    endloop
  endfacet
  facet normal 0 -1 0
    outer loop
      vertex 58.2799 0 21.4843
      vertex 60.9188 0 25.4075
      vertex 58 0 21.5
    endloop
  endfacet
  facet normal 0 -1 0
    outer loop
      vertex 58 0 21.5
      vertex 54.9382 0 25.18
      vertex 54.8485 0 25.0797
    endloop
  endfacet
  facet normal 0 -1 -0
    outer loop
      vertex 60.9188 0 25.4075
      vertex 58.2799 0 21.4843
      vertex 60.9839 0 25.2898
    endloop
  endfacet
  facet normal 0 -1 0
    outer loop
      vertex 58 0 21.5
      vertex 54.8485 0 25.0797
      vertex 54.7482 0 24.99
    endloop
  endfacet
  facet normal 0 -1 0
    outer loop
      vertex 58.5563 0 21.4373
      vertex 60.9839 0 25.2898
      vertex 58.2799 0 21.4843
    endloop
  endfacet
  facet normal 0 -1 0
    outer loop
      vertex 58 0 21.5
      vertex 54.7482 0 24.99
      vertex 54.6384 0 24.9121
    endloop
  endfacet
  facet normal 0 -1 -0
    outer loop
      vertex 60.9839 0 25.2898
      vertex 58.5563 0 21.4373
      vertex 61.0618 0 25.18
    endloop
  endfacet
  facet normal 0 -1 0
    outer loop
      vertex 58 0 21.5
      vertex 54.6384 0 24.9121
      vertex 54.5207 0 24.847
    endloop
  endfacet
  facet normal 0 -1 0
    outer loop
      vertex 58.8257 0 21.3597
      vertex 61.0618 0 25.18
      vertex 58.5563 0 21.4373
    endloop
  endfacet
  facet normal 0 -1 0
    outer loop
      vertex 58 0 21.5
      vertex 54.5207 0 24.847
      vertex 54.3963 0 24.7955
    endloop
  endfacet
  facet normal 0 -1 -0
    outer loop
      vertex 61.0618 0 25.18
      vertex 58.8257 0 21.3597
      vertex 61.1515 0 25.0797
    endloop
  endfacet
  facet normal 0 -1 0
    outer loop
      vertex 58 0 21.5
      vertex 54.3963 0 24.7955
      vertex 54.267 0 24.7583
    endloop
  endfacet
  facet normal 0 -1 -0
    outer loop
      vertex 61.1515 0 25.0797
      vertex 58.8257 0 21.3597
      vertex 61.2518 0 24.99
    endloop
  endfacet
  facet normal 0 -1 0
    outer loop
      vertex 58 0 21.5
      vertex 54.267 0 24.7583
      vertex 54.1344 0 24.7357
    endloop
  endfacet
  facet normal 0 -1 0
    outer loop
      vertex 59.0847 0 21.2524
      vertex 61.2518 0 24.99
      vertex 58.8257 0 21.3597
    endloop
  endfacet
  facet normal 0 -1 0
    outer loop
      vertex 58 0 21.5
      vertex 54.1344 0 24.7357
      vertex 54 0 24.7282
    endloop
  endfacet
  facet normal 0 -1 -0
    outer loop
      vertex 61.2518 0 24.99
      vertex 59.0847 0 21.2524
      vertex 61.3616 0 24.9121
    endloop
  endfacet
  facet normal -0 -1 0
    outer loop
      vertex 139 0 27.6
      vertex 123.5 0 45
      vertex 138.821 0 27.5899
    endloop
  endfacet
  facet normal 0 -1 0
    outer loop
      vertex 139.179 0 27.5899
      vertex 123.5 0 45
      vertex 139 0 27.6
    endloop
  endfacet
  facet normal 0 -1 0
    outer loop
      vertex 138.644 0 27.5599
      vertex 123.5 0 45
      vertex 132.356 0 27.5599
    endloop
  endfacet
  facet normal 0 -1 0
    outer loop
      vertex 123.5 0 45
      vertex 138.644 0 27.5599
      vertex 138.821 0 27.5899
    endloop
  endfacet
  facet normal 0 -1 0
    outer loop
      vertex 132.528 0 27.5102
      vertex 138.644 0 27.5599
      vertex 132.356 0 27.5599
    endloop
  endfacet
  facet normal 0 -1 0
    outer loop
      vertex 132.528 0 27.5102
      vertex 138.472 0 27.5102
      vertex 138.644 0 27.5599
    endloop
  endfacet
  facet normal 0 -1 0
    outer loop
      vertex 132.694 0 27.4415
      vertex 138.472 0 27.5102
      vertex 132.528 0 27.5102
    endloop
  endfacet
  facet normal 0 -1 0
    outer loop
      vertex 132.694 0 27.4415
      vertex 138.306 0 27.4415
      vertex 138.472 0 27.5102
    endloop
  endfacet
  facet normal 0 -1 0
    outer loop
      vertex 132.851 0 27.3548
      vertex 138.306 0 27.4415
      vertex 132.694 0 27.4415
    endloop
  endfacet
  facet normal 0 -1 0
    outer loop
      vertex 132.851 0 27.3548
      vertex 138.149 0 27.3548
      vertex 138.306 0 27.4415
    endloop
  endfacet
  facet normal 0 -1 0
    outer loop
      vertex 132.998 0 27.2509
      vertex 138.149 0 27.3548
      vertex 132.851 0 27.3548
    endloop
  endfacet
  facet normal 0 -1 0
    outer loop
      vertex 132.998 0 27.2509
      vertex 138.002 0 27.2509
      vertex 138.149 0 27.3548
    endloop
  endfacet
  facet normal 0 -1 0
    outer loop
      vertex 133.131 0 27.1314
      vertex 138.002 0 27.2509
      vertex 132.998 0 27.2509
    endloop
  endfacet
  facet normal 0 -1 0
    outer loop
      vertex 133.131 0 27.1314
      vertex 137.869 0 27.1314
      vertex 138.002 0 27.2509
    endloop
  endfacet
  facet normal 0 -1 0
    outer loop
      vertex 133.251 0 26.9976
      vertex 137.869 0 27.1314
      vertex 133.131 0 27.1314
    endloop
  endfacet
  facet normal 0 -1 0
    outer loop
      vertex 133.251 0 26.9976
      vertex 137.749 0 26.9976
      vertex 137.869 0 27.1314
    endloop
  endfacet
  facet normal 0 -1 0
    outer loop
      vertex 133.355 0 26.8512
      vertex 137.749 0 26.9976
      vertex 133.251 0 26.9976
    endloop
  endfacet
  facet normal 0 -1 0
    outer loop
      vertex 133.355 0 26.8512
      vertex 137.645 0 26.8512
      vertex 137.749 0 26.9976
    endloop
  endfacet
  facet normal 0 -1 0
    outer loop
      vertex 133.442 0 26.6942
      vertex 137.645 0 26.8512
      vertex 133.355 0 26.8512
    endloop
  endfacet
  facet normal 0 -1 0
    outer loop
      vertex 133.442 0 26.6942
      vertex 137.558 0 26.6942
      vertex 137.645 0 26.8512
    endloop
  endfacet
  facet normal 0 -1 0
    outer loop
      vertex 133.51 0 26.5284
      vertex 137.558 0 26.6942
      vertex 133.442 0 26.6942
    endloop
  endfacet
  facet normal 0 -1 0
    outer loop
      vertex 133.51 0 26.5284
      vertex 137.49 0 26.5284
      vertex 137.558 0 26.6942
    endloop
  endfacet
  facet normal 0 -1 0
    outer loop
      vertex 133.56 0 26.356
      vertex 137.49 0 26.5284
      vertex 133.51 0 26.5284
    endloop
  endfacet
  facet normal 0 -1 0
    outer loop
      vertex 133.56 0 26.356
      vertex 137.44 0 26.356
      vertex 137.49 0 26.5284
    endloop
  endfacet
  facet normal 0 -1 0
    outer loop
      vertex 133.59 0 26.1791
      vertex 137.44 0 26.356
      vertex 133.56 0 26.356
    endloop
  endfacet
  facet normal 0 -1 0
    outer loop
      vertex 133.59 0 26.1791
      vertex 137.41 0 26.1791
      vertex 137.44 0 26.356
    endloop
  endfacet
  facet normal 0 -1 0
    outer loop
      vertex 133.6 0 26
      vertex 137.41 0 26.1791
      vertex 133.59 0 26.1791
    endloop
  endfacet
  facet normal 0 -1 0
    outer loop
      vertex 133.6 0 26
      vertex 137.4 0 26
      vertex 137.41 0 26.1791
    endloop
  endfacet
  facet normal 0 -1 0
    outer loop
      vertex 133.59 0 25.8209
      vertex 137.4 0 26
      vertex 133.6 0 26
    endloop
  endfacet
  facet normal 0 -1 0
    outer loop
      vertex 133.59 0 25.8209
      vertex 137.41 0 25.8209
      vertex 137.4 0 26
    endloop
  endfacet
  facet normal 0 -1 0
    outer loop
      vertex 133.56 0 25.644
      vertex 137.41 0 25.8209
      vertex 133.59 0 25.8209
    endloop
  endfacet
  facet normal 0 -1 0
    outer loop
      vertex 133.56 0 25.644
      vertex 137.44 0 25.644
      vertex 137.41 0 25.8209
    endloop
  endfacet
  facet normal 0 -1 0
    outer loop
      vertex 133.51 0 25.4716
      vertex 137.44 0 25.644
      vertex 133.56 0 25.644
    endloop
  endfacet
  facet normal 0 -1 0
    outer loop
      vertex 133.51 0 25.4716
      vertex 137.49 0 25.4716
      vertex 137.44 0 25.644
    endloop
  endfacet
  facet normal 0 -1 0
    outer loop
      vertex 133.442 0 25.3058
      vertex 137.49 0 25.4716
      vertex 133.51 0 25.4716
    endloop
  endfacet
  facet normal 0 -1 0
    outer loop
      vertex 133.442 0 25.3058
      vertex 137.558 0 25.3058
      vertex 137.49 0 25.4716
    endloop
  endfacet
  facet normal 0 -1 0
    outer loop
      vertex 133.355 0 25.1487
      vertex 137.558 0 25.3058
      vertex 133.442 0 25.3058
    endloop
  endfacet
  facet normal 0 -1 0
    outer loop
      vertex 133.355 0 25.1487
      vertex 137.645 0 25.1487
      vertex 137.558 0 25.3058
    endloop
  endfacet
  facet normal 0 -1 0
    outer loop
      vertex 133.251 0 25.0024
      vertex 137.645 0 25.1487
      vertex 133.355 0 25.1487
    endloop
  endfacet
  facet normal 0 -1 0
    outer loop
      vertex 133.251 0 25.0024
      vertex 137.749 0 25.0024
      vertex 137.645 0 25.1487
    endloop
  endfacet
  facet normal 0 -1 0
    outer loop
      vertex 133.131 0 24.8686
      vertex 137.749 0 25.0024
      vertex 133.251 0 25.0024
    endloop
  endfacet
  facet normal 0 -1 0
    outer loop
      vertex 133.131 0 24.8686
      vertex 137.869 0 24.8686
      vertex 137.749 0 25.0024
    endloop
  endfacet
  facet normal 0 -1 0
    outer loop
      vertex 132.998 0 24.7491
      vertex 137.869 0 24.8686
      vertex 133.131 0 24.8686
    endloop
  endfacet
  facet normal 0 -1 0
    outer loop
      vertex 132.998 0 24.7491
      vertex 138.002 0 24.7491
      vertex 137.869 0 24.8686
    endloop
  endfacet
  facet normal 0 -1 0
    outer loop
      vertex 132.851 0 24.6452
      vertex 138.002 0 24.7491
      vertex 132.998 0 24.7491
    endloop
  endfacet
  facet normal 0 -1 0
    outer loop
      vertex 132.851 0 24.6452
      vertex 138.149 0 24.6452
      vertex 138.002 0 24.7491
    endloop
  endfacet
  facet normal 0 -1 0
    outer loop
      vertex 132.694 0 24.5584
      vertex 138.149 0 24.6452
      vertex 132.851 0 24.6452
    endloop
  endfacet
  facet normal 0 -1 0
    outer loop
      vertex 132.694 0 24.5584
      vertex 138.306 0 24.5584
      vertex 138.149 0 24.6452
    endloop
  endfacet
  facet normal 0 -1 0
    outer loop
      vertex 132.528 0 24.4898
      vertex 138.306 0 24.5584
      vertex 132.694 0 24.5584
    endloop
  endfacet
  facet normal 0 -1 0
    outer loop
      vertex 132.528 0 24.4898
      vertex 138.472 0 24.4898
      vertex 138.306 0 24.5584
    endloop
  endfacet
  facet normal 0 -1 0
    outer loop
      vertex 132.356 0 24.4401
      vertex 138.472 0 24.4898
      vertex 132.528 0 24.4898
    endloop
  endfacet
  facet normal 0 -1 0
    outer loop
      vertex 132.356 0 24.4401
      vertex 138.644 0 24.4401
      vertex 138.472 0 24.4898
    endloop
  endfacet
  facet normal 0 -1 0
    outer loop
      vertex 132.179 0 24.4101
      vertex 138.644 0 24.4401
      vertex 132.356 0 24.4401
    endloop
  endfacet
  facet normal 0 -1 0
    outer loop
      vertex 132.179 0 24.4101
      vertex 138.821 0 24.4101
      vertex 138.644 0 24.4401
    endloop
  endfacet
  facet normal 0 -1 0
    outer loop
      vertex 132 0 24.4
      vertex 138.821 0 24.4101
      vertex 132.179 0 24.4101
    endloop
  endfacet
  facet normal 0 -1 -0
    outer loop
      vertex 138.821 0 24.4101
      vertex 132 0 24.4
      vertex 139 0 24.4
    endloop
  endfacet
  facet normal 0 -1 0
    outer loop
      vertex 123.5 0 45
      vertex 131.821 0 27.5899
      vertex 132 0 27.6
    endloop
  endfacet
  facet normal 0 -1 0
    outer loop
      vertex 123.5 0 45
      vertex 132 0 27.6
      vertex 132.179 0 27.5899
    endloop
  endfacet
  facet normal 0 -1 0
    outer loop
      vertex 125.528 0 27.5102
      vertex 123.5 0 45
      vertex 125.356 0 27.5599
    endloop
  endfacet
  facet normal 0 -1 0
    outer loop
      vertex 123.5 0 45
      vertex 131.644 0 27.5599
      vertex 131.821 0 27.5899
    endloop
  endfacet
  facet normal 0 -1 0
    outer loop
      vertex 131.472 0 27.5102
      vertex 123.5 0 45
      vertex 125.528 0 27.5102
    endloop
  endfacet
  facet normal 0 -1 0
    outer loop
      vertex 123.5 0 45
      vertex 131.472 0 27.5102
      vertex 131.644 0 27.5599
    endloop
  endfacet
  facet normal 0 -1 0
    outer loop
      vertex 125.694 0 27.4415
      vertex 131.472 0 27.5102
      vertex 125.528 0 27.5102
    endloop
  endfacet
  facet normal 0 -1 0
    outer loop
      vertex 125.694 0 27.4415
      vertex 131.306 0 27.4415
      vertex 131.472 0 27.5102
    endloop
  endfacet
  facet normal 0 -1 0
    outer loop
      vertex 125.851 0 27.3548
      vertex 131.306 0 27.4415
      vertex 125.694 0 27.4415
    endloop
  endfacet
  facet normal 0 -1 0
    outer loop
      vertex 125.851 0 27.3548
      vertex 131.149 0 27.3548
      vertex 131.306 0 27.4415
    endloop
  endfacet
  facet normal 0 -1 0
    outer loop
      vertex 125.998 0 27.2509
      vertex 131.149 0 27.3548
      vertex 125.851 0 27.3548
    endloop
  endfacet
  facet normal 0 -1 0
    outer loop
      vertex 125.998 0 27.2509
      vertex 131.002 0 27.2509
      vertex 131.149 0 27.3548
    endloop
  endfacet
  facet normal 0 -1 0
    outer loop
      vertex 126.131 0 27.1314
      vertex 131.002 0 27.2509
      vertex 125.998 0 27.2509
    endloop
  endfacet
  facet normal 0 -1 0
    outer loop
      vertex 126.131 0 27.1314
      vertex 130.869 0 27.1314
      vertex 131.002 0 27.2509
    endloop
  endfacet
  facet normal 0 -1 0
    outer loop
      vertex 126.251 0 26.9976
      vertex 130.869 0 27.1314
      vertex 126.131 0 27.1314
    endloop
  endfacet
  facet normal 0 -1 0
    outer loop
      vertex 126.251 0 26.9976
      vertex 130.749 0 26.9976
      vertex 130.869 0 27.1314
    endloop
  endfacet
  facet normal 0 -1 0
    outer loop
      vertex 126.355 0 26.8512
      vertex 130.749 0 26.9976
      vertex 126.251 0 26.9976
    endloop
  endfacet
  facet normal 0 -1 0
    outer loop
      vertex 126.355 0 26.8512
      vertex 130.645 0 26.8512
      vertex 130.749 0 26.9976
    endloop
  endfacet
  facet normal 0 -1 0
    outer loop
      vertex 126.442 0 26.6942
      vertex 130.645 0 26.8512
      vertex 126.355 0 26.8512
    endloop
  endfacet
  facet normal 0 -1 0
    outer loop
      vertex 126.442 0 26.6942
      vertex 130.558 0 26.6942
      vertex 130.645 0 26.8512
    endloop
  endfacet
  facet normal 0 -1 0
    outer loop
      vertex 126.51 0 26.5284
      vertex 130.558 0 26.6942
      vertex 126.442 0 26.6942
    endloop
  endfacet
  facet normal 0 -1 0
    outer loop
      vertex 126.51 0 26.5284
      vertex 130.49 0 26.5284
      vertex 130.558 0 26.6942
    endloop
  endfacet
  facet normal 0 -1 0
    outer loop
      vertex 126.56 0 26.356
      vertex 130.49 0 26.5284
      vertex 126.51 0 26.5284
    endloop
  endfacet
  facet normal 0 -1 0
    outer loop
      vertex 126.56 0 26.356
      vertex 130.44 0 26.356
      vertex 130.49 0 26.5284
    endloop
  endfacet
  facet normal 0 -1 0
    outer loop
      vertex 126.59 0 26.1791
      vertex 130.44 0 26.356
      vertex 126.56 0 26.356
    endloop
  endfacet
  facet normal 0 -1 0
    outer loop
      vertex 126.59 0 26.1791
      vertex 130.41 0 26.1791
      vertex 130.44 0 26.356
    endloop
  endfacet
  facet normal 0 -1 0
    outer loop
      vertex 126.6 0 26
      vertex 130.41 0 26.1791
      vertex 126.59 0 26.1791
    endloop
  endfacet
  facet normal 0 -1 0
    outer loop
      vertex 126.6 0 26
      vertex 130.4 0 26
      vertex 130.41 0 26.1791
    endloop
  endfacet
  facet normal 0 -1 0
    outer loop
      vertex 126.59 0 25.8209
      vertex 130.4 0 26
      vertex 126.6 0 26
    endloop
  endfacet
  facet normal 0 -1 0
    outer loop
      vertex 126.59 0 25.8209
      vertex 130.41 0 25.8209
      vertex 130.4 0 26
    endloop
  endfacet
  facet normal 0 -1 0
    outer loop
      vertex 126.56 0 25.644
      vertex 130.41 0 25.8209
      vertex 126.59 0 25.8209
    endloop
  endfacet
  facet normal 0 -1 0
    outer loop
      vertex 126.56 0 25.644
      vertex 130.44 0 25.644
      vertex 130.41 0 25.8209
    endloop
  endfacet
  facet normal 0 -1 0
    outer loop
      vertex 126.51 0 25.4716
      vertex 130.44 0 25.644
      vertex 126.56 0 25.644
    endloop
  endfacet
  facet normal 0 -1 0
    outer loop
      vertex 126.51 0 25.4716
      vertex 130.49 0 25.4716
      vertex 130.44 0 25.644
    endloop
  endfacet
  facet normal 0 -1 0
    outer loop
      vertex 126.442 0 25.3058
      vertex 130.49 0 25.4716
      vertex 126.51 0 25.4716
    endloop
  endfacet
  facet normal 0 -1 0
    outer loop
      vertex 126.442 0 25.3058
      vertex 130.558 0 25.3058
      vertex 130.49 0 25.4716
    endloop
  endfacet
  facet normal 0 -1 0
    outer loop
      vertex 126.355 0 25.1487
      vertex 130.558 0 25.3058
      vertex 126.442 0 25.3058
    endloop
  endfacet
  facet normal 0 -1 0
    outer loop
      vertex 126.355 0 25.1487
      vertex 130.645 0 25.1487
      vertex 130.558 0 25.3058
    endloop
  endfacet
  facet normal 0 -1 0
    outer loop
      vertex 126.251 0 25.0024
      vertex 130.645 0 25.1487
      vertex 126.355 0 25.1487
    endloop
  endfacet
  facet normal 0 -1 0
    outer loop
      vertex 126.251 0 25.0024
      vertex 130.749 0 25.0024
      vertex 130.645 0 25.1487
    endloop
  endfacet
  facet normal 0 -1 0
    outer loop
      vertex 126.131 0 24.8686
      vertex 130.749 0 25.0024
      vertex 126.251 0 25.0024
    endloop
  endfacet
  facet normal 0 -1 0
    outer loop
      vertex 126.131 0 24.8686
      vertex 130.869 0 24.8686
      vertex 130.749 0 25.0024
    endloop
  endfacet
  facet normal 0 -1 0
    outer loop
      vertex 131.002 0 20.2509
      vertex 126.131 0 24.8686
      vertex 125.998 0 24.7491
    endloop
  endfacet
  facet normal 0 -1 0
    outer loop
      vertex 126.131 0 24.8686
      vertex 131.002 0 20.2509
      vertex 130.869 0 24.8686
    endloop
  endfacet
  facet normal 0 -1 0
    outer loop
      vertex 131.002 0 20.2509
      vertex 125.998 0 24.7491
      vertex 125.851 0 24.6452
    endloop
  endfacet
  facet normal 0 -1 0
    outer loop
      vertex 130.869 0 24.8686
      vertex 131.002 0 20.2509
      vertex 131.002 0 24.7491
    endloop
  endfacet
  facet normal 0 -1 0
    outer loop
      vertex 131.002 0 20.2509
      vertex 125.851 0 24.6452
      vertex 125.694 0 24.5584
    endloop
  endfacet
  facet normal 0 -1 0
    outer loop
      vertex 131.002 0 24.7491
      vertex 131.002 0 20.2509
      vertex 131.149 0 24.6452
    endloop
  endfacet
  facet normal 0 -1 0
    outer loop
      vertex 131.002 0 20.2509
      vertex 125.694 0 24.5584
      vertex 125.528 0 24.4898
    endloop
  endfacet
  facet normal -0 -1 0
    outer loop
      vertex 131.149 0 20.3548
      vertex 131.149 0 24.6452
      vertex 131.002 0 20.2509
    endloop
  endfacet
  facet normal 0 -1 0
    outer loop
      vertex 131.002 0 20.2509
      vertex 125.528 0 24.4898
      vertex 125.356 0 24.4401
    endloop
  endfacet
  facet normal 0 -1 0
    outer loop
      vertex 131.149 0 24.6452
      vertex 131.149 0 20.3548
      vertex 131.306 0 24.5584
    endloop
  endfacet
  facet normal 0 -1 0
    outer loop
      vertex 131.002 0 20.2509
      vertex 125.356 0 24.4401
      vertex 125.179 0 24.4101
    endloop
  endfacet
  facet normal -0 -1 0
    outer loop
      vertex 131.306 0 20.4415
      vertex 131.306 0 24.5584
      vertex 131.149 0 20.3548
    endloop
  endfacet
  facet normal 0 -1 0
    outer loop
      vertex 131.002 0 20.2509
      vertex 125.179 0 24.4101
      vertex 125 0 24.4
    endloop
  endfacet
  facet normal 0 -1 0
    outer loop
      vertex 131.306 0 24.5584
      vertex 131.306 0 20.4415
      vertex 131.472 0 24.4898
    endloop
  endfacet
  facet normal 0 -1 0
    outer loop
      vertex 62.1344 0 27.1207
      vertex 38.75 0 43
      vertex 62 0 27.1282
    endloop
  endfacet
  facet normal 0 -1 0
    outer loop
      vertex 62.267 0 27.0981
      vertex 38.75 0 43
      vertex 62.1344 0 27.1207
    endloop
  endfacet
  facet normal 0 -1 0
    outer loop
      vertex 109.75 0 43
      vertex 62.267 0 27.0981
      vertex 62.3963 0 27.0609
    endloop
  endfacet
  facet normal 0 -1 0
    outer loop
      vertex 109.75 0 43
      vertex 62.3963 0 27.0609
      vertex 62.5207 0 27.0094
    endloop
  endfacet
  facet normal 0 -1 0
    outer loop
      vertex 123.5 0 45
      vertex 124.002 0 27.2509
      vertex 124.149 0 27.3548
    endloop
  endfacet
  facet normal 0 -1 0
    outer loop
      vertex 62.8485 0 26.7767
      vertex 109.75 0 43
      vertex 62.7482 0 26.8664
    endloop
  endfacet
  facet normal 0 -1 0
    outer loop
      vertex 109.75 0 43
      vertex 123.869 0 27.1314
      vertex 124.002 0 27.2509
    endloop
  endfacet
  facet normal 0 -1 0
    outer loop
      vertex 62.9382 0 26.6764
      vertex 109.75 0 43
      vertex 62.8485 0 26.7767
    endloop
  endfacet
  facet normal 0 -1 0
    outer loop
      vertex 109.75 0 43
      vertex 123.749 0 26.9976
      vertex 123.869 0 27.1314
    endloop
  endfacet
  facet normal 0 -1 0
    outer loop
      vertex 63.0161 0 26.5666
      vertex 109.75 0 43
      vertex 62.9382 0 26.6764
    endloop
  endfacet
  facet normal 0 -1 0
    outer loop
      vertex 109.75 0 43
      vertex 123.645 0 26.8512
      vertex 123.749 0 26.9976
    endloop
  endfacet
  facet normal 0 -1 0
    outer loop
      vertex 63.0812 0 26.4489
      vertex 109.75 0 43
      vertex 63.0161 0 26.5666
    endloop
  endfacet
  facet normal 0 -1 0
    outer loop
      vertex 109.75 0 43
      vertex 123.558 0 26.6942
      vertex 123.645 0 26.8512
    endloop
  endfacet
  facet normal 0 -1 0
    outer loop
      vertex 63.1327 0 26.3245
      vertex 109.75 0 43
      vertex 63.0812 0 26.4489
    endloop
  endfacet
  facet normal 0 -1 0
    outer loop
      vertex 109.75 0 43
      vertex 123.49 0 26.5284
      vertex 123.558 0 26.6942
    endloop
  endfacet
  facet normal 0 -1 0
    outer loop
      vertex 63.1699 0 26.1952
      vertex 109.75 0 43
      vertex 63.1327 0 26.3245
    endloop
  endfacet
  facet normal 0 -1 0
    outer loop
      vertex 109.75 0 43
      vertex 123.44 0 26.356
      vertex 123.49 0 26.5284
    endloop
  endfacet
  facet normal 0 -1 0
    outer loop
      vertex 63.1925 0 26.0626
      vertex 109.75 0 43
      vertex 63.1699 0 26.1952
    endloop
  endfacet
  facet normal 0 -1 0
    outer loop
      vertex 109.75 0 43
      vertex 123.41 0 26.1791
      vertex 123.44 0 26.356
    endloop
  endfacet
  facet normal 0 -1 0
    outer loop
      vertex 63.2 0 25.9282
      vertex 109.75 0 43
      vertex 63.1925 0 26.0626
    endloop
  endfacet
  facet normal 0 -1 0
    outer loop
      vertex 109.75 0 43
      vertex 123.4 0 26
      vertex 123.41 0 26.1791
    endloop
  endfacet
  facet normal 0 -1 0
    outer loop
      vertex 63.1925 0 25.7938
      vertex 109.75 0 43
      vertex 63.2 0 25.9282
    endloop
  endfacet
  facet normal 0 -1 0
    outer loop
      vertex 109.75 0 43
      vertex 123.41 0 25.8209
      vertex 123.4 0 26
    endloop
  endfacet
  facet normal 0 -1 0
    outer loop
      vertex 63.1699 0 25.6612
      vertex 109.75 0 43
      vertex 63.1925 0 25.7938
    endloop
  endfacet
  facet normal 0 -1 0
    outer loop
      vertex 63.1327 0 25.5319
      vertex 109.75 0 43
      vertex 63.1699 0 25.6612
    endloop
  endfacet
  facet normal 0 -1 0
    outer loop
      vertex 109.75 0 43
      vertex 123.44 0 25.644
      vertex 123.41 0 25.8209
    endloop
  endfacet
  facet normal 0 -1 0
    outer loop
      vertex 123.49 0 25.4716
      vertex 109.75 0 43
      vertex 63.1327 0 25.5319
    endloop
  endfacet
  facet normal 0 -1 0
    outer loop
      vertex 109.75 0 43
      vertex 123.49 0 25.4716
      vertex 123.44 0 25.644
    endloop
  endfacet
  facet normal 0 -1 0
    outer loop
      vertex 63.0812 0 25.4075
      vertex 123.49 0 25.4716
      vertex 63.1327 0 25.5319
    endloop
  endfacet
  facet normal 0 -1 0
    outer loop
      vertex 63.0812 0 25.4075
      vertex 123.558 0 25.3058
      vertex 123.49 0 25.4716
    endloop
  endfacet
  facet normal 0 -1 0
    outer loop
      vertex 63.0161 0 25.2898
      vertex 123.558 0 25.3058
      vertex 63.0812 0 25.4075
    endloop
  endfacet
  facet normal 0 -1 0
    outer loop
      vertex 123.645 0 25.1487
      vertex 63.0161 0 25.2898
      vertex 62.9382 0 25.18
    endloop
  endfacet
  facet normal 0 -1 0
    outer loop
      vertex 63.0161 0 25.2898
      vertex 123.645 0 25.1487
      vertex 123.558 0 25.3058
    endloop
  endfacet
  facet normal 0 -1 0
    outer loop
      vertex 123.749 0 25.0024
      vertex 62.9382 0 25.18
      vertex 62.8485 0 25.0797
    endloop
  endfacet
  facet normal 0 -1 0
    outer loop
      vertex 62.9382 0 25.18
      vertex 123.749 0 25.0024
      vertex 123.645 0 25.1487
    endloop
  endfacet
  facet normal 0 -1 0
    outer loop
      vertex 123.869 0 24.8686
      vertex 62.8485 0 25.0797
      vertex 62.7482 0 24.99
    endloop
  endfacet
  facet normal 0 -1 0
    outer loop
      vertex 124.002 0 24.7491
      vertex 62.7482 0 24.99
      vertex 62.6384 0 24.9121
    endloop
  endfacet
  facet normal 0 -1 0
    outer loop
      vertex 62.8485 0 25.0797
      vertex 123.869 0 24.8686
      vertex 123.749 0 25.0024
    endloop
  endfacet
  facet normal 0 -1 0
    outer loop
      vertex 124.149 0 24.6452
      vertex 62.6384 0 24.9121
      vertex 62.5207 0 24.847
    endloop
  endfacet
  facet normal 0 -1 0
    outer loop
      vertex 124.149 0 24.6452
      vertex 62.5207 0 24.847
      vertex 62.3963 0 24.7955
    endloop
  endfacet
  facet normal 0 -1 0
    outer loop
      vertex 124.149 0 24.6452
      vertex 62.3963 0 24.7955
      vertex 62.267 0 24.7583
    endloop
  endfacet
  facet normal 0 -1 0
    outer loop
      vertex 62.7482 0 24.99
      vertex 124.002 0 24.7491
      vertex 123.869 0 24.8686
    endloop
  endfacet
  facet normal 0 -1 0
    outer loop
      vertex 124.149 0 24.6452
      vertex 62.267 0 24.7583
      vertex 62.1344 0 24.7357
    endloop
  endfacet
  facet normal 0 -1 0
    outer loop
      vertex 124.149 0 24.6452
      vertex 62.1344 0 24.7357
      vertex 62 0 24.7282
    endloop
  endfacet
  facet normal 0 -1 0
    outer loop
      vertex 62.6384 0 24.9121
      vertex 124.149 0 24.6452
      vertex 124.002 0 24.7491
    endloop
  endfacet
  facet normal 0 -1 0
    outer loop
      vertex 53.3616 0 24.9121
      vertex 50.5207 0 20.0812
      vertex 50.6384 0 20.0161
    endloop
  endfacet
  facet normal 0 -1 0
    outer loop
      vertex 54 0 24.7282
      vertex 56.2322 0 20.7678
      vertex 56.4413 0 20.9546
    endloop
  endfacet
  facet normal 0 -1 0
    outer loop
      vertex 53.4793 0 24.847
      vertex 50.6384 0 20.0161
      vertex 50.7482 0 19.9382
    endloop
  endfacet
  facet normal 0 -1 0
    outer loop
      vertex 54 0 24.7282
      vertex 56.0454 0 20.5587
      vertex 56.2322 0 20.7678
    endloop
  endfacet
  facet normal 0 -1 0
    outer loop
      vertex 53.6037 0 24.7955
      vertex 50.7482 0 19.9382
      vertex 50.8485 0 19.8485
    endloop
  endfacet
  facet normal 0 -1 0
    outer loop
      vertex 53.733 0 24.7583
      vertex 50.8485 0 19.8485
      vertex 50.9382 0 19.7482
    endloop
  endfacet
  facet normal 0 -1 0
    outer loop
      vertex 53.8656 0 24.7357
      vertex 55.8832 0 20.3301
      vertex 56.0454 0 20.5587
    endloop
  endfacet
  facet normal 0 -1 -0
    outer loop
      vertex 53.733 0 24.7583
      vertex 50.9382 0 19.7482
      vertex 55.8832 0 20.3301
    endloop
  endfacet
  facet normal 0 -1 0
    outer loop
      vertex 55.8832 0 20.3301
      vertex 50.9382 0 19.7482
      vertex 55.7476 0 20.0847
    endloop
  endfacet
  facet normal 0 -1 0
    outer loop
      vertex 51.0161 0 19.6384
      vertex 55.7476 0 20.0847
      vertex 50.9382 0 19.7482
    endloop
  endfacet
  facet normal 0 -1 0
    outer loop
      vertex 55.7476 0 20.0847
      vertex 51.0161 0 19.6384
      vertex 55.6403 0 19.8257
    endloop
  endfacet
  facet normal 0 -1 0
    outer loop
      vertex 51.0812 0 19.5207
      vertex 55.6403 0 19.8257
      vertex 51.0161 0 19.6384
    endloop
  endfacet
  facet normal 0 -1 0
    outer loop
      vertex 55.6403 0 19.8257
      vertex 51.0812 0 19.5207
      vertex 55.5627 0 19.5563
    endloop
  endfacet
  facet normal 0 -1 0
    outer loop
      vertex 51.1327 0 19.3963
      vertex 55.5627 0 19.5563
      vertex 51.0812 0 19.5207
    endloop
  endfacet
  facet normal 0 -1 0
    outer loop
      vertex 51.1699 0 19.267
      vertex 55.5627 0 19.5563
      vertex 51.1327 0 19.3963
    endloop
  endfacet
  facet normal 0 -1 0
    outer loop
      vertex 55.5627 0 19.5563
      vertex 51.1699 0 19.267
      vertex 55.5157 0 19.2799
    endloop
  endfacet
  facet normal 0 -1 0
    outer loop
      vertex 51.1925 0 19.1344
      vertex 55.5157 0 19.2799
      vertex 51.1699 0 19.267
    endloop
  endfacet
  facet normal 0 -1 0
    outer loop
      vertex 55.5 0 19
      vertex 51.1925 0 19.1344
      vertex 51.2 0 19
    endloop
  endfacet
  facet normal 0 -1 0
    outer loop
      vertex 51.1925 0 19.1344
      vertex 55.5 0 19
      vertex 55.5157 0 19.2799
    endloop
  endfacet
  facet normal 0 -1 0
    outer loop
      vertex 51.1925 0 18.8656
      vertex 55.5 0 19
      vertex 51.2 0 19
    endloop
  endfacet
  facet normal 0 -1 0
    outer loop
      vertex 55.5157 0 18.7201
      vertex 51.1925 0 18.8656
      vertex 51.1699 0 18.733
    endloop
  endfacet
  facet normal 0 -1 0
    outer loop
      vertex 51.1925 0 18.8656
      vertex 55.5157 0 18.7201
      vertex 55.5 0 19
    endloop
  endfacet
  facet normal 0 -1 0
    outer loop
      vertex 55.5627 0 18.4437
      vertex 51.1699 0 18.733
      vertex 51.1327 0 18.6037
    endloop
  endfacet
  facet normal 0 -1 0
    outer loop
      vertex 55.5627 0 18.4437
      vertex 51.1327 0 18.6037
      vertex 51.0812 0 18.4793
    endloop
  endfacet
  facet normal 0 -1 0
    outer loop
      vertex 51.1699 0 18.733
      vertex 55.5627 0 18.4437
      vertex 55.5157 0 18.7201
    endloop
  endfacet
  facet normal 0 -1 0
    outer loop
      vertex 55.6403 0 18.1743
      vertex 51.0812 0 18.4793
      vertex 51.0161 0 18.3616
    endloop
  endfacet
  facet normal 0 -1 0
    outer loop
      vertex 55.7476 0 17.9153
      vertex 51.0161 0 18.3616
      vertex 50.9382 0 18.2518
    endloop
  endfacet
  facet normal 0 -1 0
    outer loop
      vertex 51.0812 0 18.4793
      vertex 55.6403 0 18.1743
      vertex 55.5627 0 18.4437
    endloop
  endfacet
  facet normal 0 -1 0
    outer loop
      vertex 55.8832 0 17.6699
      vertex 50.9382 0 18.2518
      vertex 50.8485 0 18.1515
    endloop
  endfacet
  facet normal 0 -1 0
    outer loop
      vertex 56.0454 0 17.4413
      vertex 50.8485 0 18.1515
      vertex 50.7482 0 18.0618
    endloop
  endfacet
  facet normal 0 -1 0
    outer loop
      vertex 56.0454 0 17.4413
      vertex 50.7482 0 18.0618
      vertex 50.6384 0 17.9839
    endloop
  endfacet
  facet normal 0 -1 0
    outer loop
      vertex 56.0454 0 17.4413
      vertex 50.6384 0 17.9839
      vertex 50.5207 0 17.9188
    endloop
  endfacet
  facet normal 0 -1 0
    outer loop
      vertex 51.0161 0 18.3616
      vertex 55.7476 0 17.9153
      vertex 55.6403 0 18.1743
    endloop
  endfacet
  facet normal 0 -1 0
    outer loop
      vertex 56.0454 0 17.4413
      vertex 50.5207 0 17.9188
      vertex 50.3963 0 17.8673
    endloop
  endfacet
  facet normal 0 -1 0
    outer loop
      vertex 56.0454 0 17.4413
      vertex 50.3963 0 17.8673
      vertex 50.267 0 17.8301
    endloop
  endfacet
  facet normal 0 -1 0
    outer loop
      vertex 56.0454 0 17.4413
      vertex 50.267 0 17.8301
      vertex 50.1344 0 17.8075
    endloop
  endfacet
  facet normal 0 -1 0
    outer loop
      vertex 52.9839 0 12.7102
      vertex 50.1344 0 17.8075
      vertex 50 0 17.8
    endloop
  endfacet
  facet normal 0 -1 0
    outer loop
      vertex 50.9382 0 18.2518
      vertex 55.8832 0 17.6699
      vertex 55.7476 0 17.9153
    endloop
  endfacet
  facet normal 0 -1 0
    outer loop
      vertex 124.644 0 24.4401
      vertex 124.644 0 20.5599
      vertex 124.821 0 24.4101
    endloop
  endfacet
  facet normal 0 -1 0
    outer loop
      vertex 67.0812 0 19.5207
      vertex 124.149 0 24.6452
      vertex 67.0161 0 19.6384
    endloop
  endfacet
  facet normal -0 -1 0
    outer loop
      vertex 124.644 0 20.5599
      vertex 124.644 0 24.4401
      vertex 124.472 0 20.5102
    endloop
  endfacet
  facet normal 0 -1 0
    outer loop
      vertex 67.1327 0 19.3963
      vertex 124.149 0 24.6452
      vertex 67.0812 0 19.5207
    endloop
  endfacet
  facet normal 0 -1 0
    outer loop
      vertex 124.472 0 24.4898
      vertex 124.472 0 20.5102
      vertex 124.644 0 24.4401
    endloop
  endfacet
  facet normal 0 -1 0
    outer loop
      vertex 67.1699 0 19.267
      vertex 124.149 0 24.6452
      vertex 67.1327 0 19.3963
    endloop
  endfacet
  facet normal -0 -1 0
    outer loop
      vertex 124.472 0 20.5102
      vertex 124.472 0 24.4898
      vertex 124.306 0 20.4415
    endloop
  endfacet
  facet normal -0 -1 0
    outer loop
      vertex 123.44 0 19.356
      vertex 124.149 0 24.6452
      vertex 67.1699 0 19.267
    endloop
  endfacet
  facet normal 0 -1 0
    outer loop
      vertex 124.306 0 24.5584
      vertex 124.306 0 20.4415
      vertex 124.472 0 24.4898
    endloop
  endfacet
  facet normal -0 -1 0
    outer loop
      vertex 123.645 0 19.8512
      vertex 124.149 0 24.6452
      vertex 123.558 0 19.6942
    endloop
  endfacet
  facet normal -0 -1 0
    outer loop
      vertex 124.306 0 20.4415
      vertex 124.306 0 24.5584
      vertex 124.149 0 20.3548
    endloop
  endfacet
  facet normal -0 -1 0
    outer loop
      vertex 123.749 0 19.9976
      vertex 124.149 0 24.6452
      vertex 123.645 0 19.8512
    endloop
  endfacet
  facet normal 0 -1 0
    outer loop
      vertex 124.149 0 24.6452
      vertex 124.149 0 20.3548
      vertex 124.306 0 24.5584
    endloop
  endfacet
  facet normal -0 -1 0
    outer loop
      vertex 124.002 0 20.2509
      vertex 124.149 0 24.6452
      vertex 123.869 0 20.1314
    endloop
  endfacet
  facet normal -0 -1 0
    outer loop
      vertex 124.149 0 20.3548
      vertex 124.149 0 24.6452
      vertex 124.002 0 20.2509
    endloop
  endfacet
  facet normal -0 -1 0
    outer loop
      vertex 123.869 0 20.1314
      vertex 124.149 0 24.6452
      vertex 123.749 0 19.9976
    endloop
  endfacet
  facet normal -0 -1 0
    outer loop
      vertex 123.558 0 19.6942
      vertex 124.149 0 24.6452
      vertex 123.49 0 19.5284
    endloop
  endfacet
  facet normal -0 -1 0
    outer loop
      vertex 123.49 0 19.5284
      vertex 124.149 0 24.6452
      vertex 123.44 0 19.356
    endloop
  endfacet
  facet normal 0 -1 0
    outer loop
      vertex 67.1699 0 19.267
      vertex 123.41 0 19.1791
      vertex 123.44 0 19.356
    endloop
  endfacet
  facet normal 0 -1 0
    outer loop
      vertex 67.1925 0 19.1344
      vertex 123.41 0 19.1791
      vertex 67.1699 0 19.267
    endloop
  endfacet
  facet normal 0 -1 0
    outer loop
      vertex 67.2 0 19
      vertex 123.41 0 19.1791
      vertex 67.1925 0 19.1344
    endloop
  endfacet
  facet normal 0 -1 0
    outer loop
      vertex 67.2 0 19
      vertex 123.4 0 19
      vertex 123.41 0 19.1791
    endloop
  endfacet
  facet normal 0 -1 0
    outer loop
      vertex 67.1925 0 18.8656
      vertex 123.4 0 19
      vertex 67.2 0 19
    endloop
  endfacet
  facet normal 0 -1 0
    outer loop
      vertex 67.1925 0 18.8656
      vertex 123.41 0 18.8209
      vertex 123.4 0 19
    endloop
  endfacet
  facet normal 0 -1 0
    outer loop
      vertex 67.1699 0 18.733
      vertex 123.41 0 18.8209
      vertex 67.1925 0 18.8656
    endloop
  endfacet
  facet normal 0 -1 0
    outer loop
      vertex 67.1699 0 18.733
      vertex 123.44 0 18.644
      vertex 123.41 0 18.8209
    endloop
  endfacet
  facet normal 0 -1 0
    outer loop
      vertex 67.1327 0 18.6037
      vertex 123.44 0 18.644
      vertex 67.1699 0 18.733
    endloop
  endfacet
  facet normal 0 -1 0
    outer loop
      vertex 124.821 0 13.5899
      vertex 67.1327 0 18.6037
      vertex 67.0812 0 18.4793
    endloop
  endfacet
  facet normal 0 -1 0
    outer loop
      vertex 67.1327 0 18.6037
      vertex 123.49 0 18.4716
      vertex 123.44 0 18.644
    endloop
  endfacet
  facet normal 0 -1 0
    outer loop
      vertex 124.821 0 13.5899
      vertex 67.0812 0 18.4793
      vertex 67.0161 0 18.3616
    endloop
  endfacet
  facet normal 0 -1 0
    outer loop
      vertex 67.1327 0 18.6037
      vertex 124.821 0 13.5899
      vertex 123.49 0 18.4716
    endloop
  endfacet
  facet normal 0 -1 0
    outer loop
      vertex 124.821 0 13.5899
      vertex 67.0161 0 18.3616
      vertex 66.9382 0 18.2518
    endloop
  endfacet
  facet normal 0 -1 0
    outer loop
      vertex 124.821 0 13.5899
      vertex 66.9382 0 18.2518
      vertex 66.8485 0 18.1515
    endloop
  endfacet
  facet normal 0 -1 0
    outer loop
      vertex 124.821 0 13.5899
      vertex 123.558 0 18.3058
      vertex 123.49 0 18.4716
    endloop
  endfacet
  facet normal 0 -1 0
    outer loop
      vertex 124.821 0 13.5899
      vertex 66.8485 0 18.1515
      vertex 66.7482 0 18.0618
    endloop
  endfacet
  facet normal 0 -1 0
    outer loop
      vertex 124.821 0 13.5899
      vertex 123.645 0 18.1487
      vertex 123.558 0 18.3058
    endloop
  endfacet
  facet normal 0 -1 0
    outer loop
      vertex 124.821 0 13.5899
      vertex 66.7482 0 18.0618
      vertex 66.6384 0 17.9839
    endloop
  endfacet
  facet normal 0 -1 0
    outer loop
      vertex 124.821 0 13.5899
      vertex 66.6384 0 17.9839
      vertex 66.5207 0 17.9188
    endloop
  endfacet
  facet normal 0 -1 0
    outer loop
      vertex 124.821 0 13.5899
      vertex 123.749 0 18.0024
      vertex 123.645 0 18.1487
    endloop
  endfacet
  facet normal 0 -1 0
    outer loop
      vertex 124.821 0 13.5899
      vertex 66.5207 0 17.9188
      vertex 66.3963 0 17.8673
    endloop
  endfacet
  facet normal 0 -1 0
    outer loop
      vertex 124.821 0 13.5899
      vertex 66.3963 0 17.8673
      vertex 66.267 0 17.8301
    endloop
  endfacet
  facet normal 0 -1 0
    outer loop
      vertex 124.821 0 13.5899
      vertex 66.267 0 17.8301
      vertex 66.1344 0 17.8075
    endloop
  endfacet
  facet normal 0 -1 0
    outer loop
      vertex 124.821 0 13.5899
      vertex 66.1344 0 17.8075
      vertex 66 0 17.8
    endloop
  endfacet
  facet normal 0 -1 0
    outer loop
      vertex 124.821 0 13.5899
      vertex 123.869 0 17.8686
      vertex 123.749 0 18.0024
    endloop
  endfacet
  facet normal 1 -0 0
    outer loop
      vertex 182 4 8
      vertex 182 9 4
      vertex 182 9 8
    endloop
  endfacet
  facet normal 1 0 0
    outer loop
      vertex 182 9 4
      vertex 182 4 8
      vertex 182 4 4
    endloop
  endfacet
  facet normal 0 0 -1
    outer loop
      vertex 162 4 4
      vertex 182 9 4
      vertex 182 4 4
    endloop
  endfacet
  facet normal -0 0 -1
    outer loop
      vertex 182 9 4
      vertex 162 4 4
      vertex 162 9 4
    endloop
  endfacet
  facet normal 0 0 -1
    outer loop
      vertex 8 4 4
      vertex 28 9 4
      vertex 28 4 4
    endloop
  endfacet
  facet normal -0 0 -1
    outer loop
      vertex 28 9 4
      vertex 8 4 4
      vertex 8 9 4
    endloop
  endfacet
  facet normal 0 0 -1
    outer loop
      vertex 50 4 4
      vertex 140 9 4
      vertex 140 4 4
    endloop
  endfacet
  facet normal -0 0 -1
    outer loop
      vertex 140 9 4
      vertex 50 4 4
      vertex 50 9 4
    endloop
  endfacet
  facet normal -1 0 0
    outer loop
      vertex 8 4 4
      vertex 8 9 8
      vertex 8 9 4
    endloop
  endfacet
  facet normal -1 -0 0
    outer loop
      vertex 8 9 8
      vertex 8 4 4
      vertex 8 4 8
    endloop
  endfacet
  facet normal 0 1 -0
    outer loop
      vertex 28 9 4
      vertex 8 9 8
      vertex 28 9 8
    endloop
  endfacet
  facet normal 0 1 0
    outer loop
      vertex 8 9 8
      vertex 28 9 4
      vertex 8 9 4
    endloop
  endfacet
  facet normal 0 1 -0
    outer loop
      vertex 182 9 4
      vertex 162 9 8
      vertex 182 9 8
    endloop
  endfacet
  facet normal 0 1 0
    outer loop
      vertex 162 9 8
      vertex 182 9 4
      vertex 162 9 4
    endloop
  endfacet
  facet normal 0 1 -0
    outer loop
      vertex 140 9 4
      vertex 50 9 8
      vertex 140 9 8
    endloop
  endfacet
  facet normal 0 1 0
    outer loop
      vertex 50 9 8
      vertex 140 9 4
      vertex 50 9 4
    endloop
  endfacet
  facet normal -0.985785 0 0.168015
    outer loop
      vertex 67.1699 0 18.733
      vertex 67.1925 4 18.8656
      vertex 67.1699 4 18.733
    endloop
  endfacet
  facet normal -0.985785 0 0.168015
    outer loop
      vertex 67.1925 4 18.8656
      vertex 67.1699 0 18.733
      vertex 67.1925 0 18.8656
    endloop
  endfacet
  facet normal -0.0557169 0 0.998447
    outer loop
      vertex 66 4 17.8
      vertex 66.1344 0 17.8075
      vertex 66.1344 4 17.8075
    endloop
  endfacet
  facet normal -0.0557169 0 0.998447
    outer loop
      vertex 66.1344 0 17.8075
      vertex 66 4 17.8
      vertex 66 0 17.8
    endloop
  endfacet
  facet normal -0.745397 0 0.666621
    outer loop
      vertex 66.8485 0 18.1515
      vertex 66.9382 4 18.2518
      vertex 66.8485 4 18.1515
    endloop
  endfacet
  facet normal -0.745397 0 0.666621
    outer loop
      vertex 66.9382 4 18.2518
      vertex 66.8485 0 18.1515
      vertex 66.9382 0 18.2518
    endloop
  endfacet
  facet normal -0.745397 0 -0.666621
    outer loop
      vertex 66.9382 0 19.7482
      vertex 66.8485 4 19.8485
      vertex 66.9382 4 19.7482
    endloop
  endfacet
  facet normal -0.745397 -0 -0.666621
    outer loop
      vertex 66.8485 4 19.8485
      vertex 66.9382 0 19.7482
      vertex 66.8485 0 19.8485
    endloop
  endfacet
  facet normal 0.0557169 0 -0.998447
    outer loop
      vertex 65.8656 0 20.1925
      vertex 66 4 20.2
      vertex 66 0 20.2
    endloop
  endfacet
  facet normal 0.0557169 0 -0.998447
    outer loop
      vertex 66 4 20.2
      vertex 65.8656 0 20.1925
      vertex 65.8656 4 20.1925
    endloop
  endfacet
  facet normal 0.985785 0 -0.168015
    outer loop
      vertex 64.8301 0 19.267
      vertex 64.8075 4 19.1344
      vertex 64.8301 4 19.267
    endloop
  endfacet
  facet normal 0.985785 0 -0.168015
    outer loop
      vertex 64.8075 4 19.1344
      vertex 64.8301 0 19.267
      vertex 64.8075 0 19.1344
    endloop
  endfacet
  facet normal 0.998447 -0 0.0557169
    outer loop
      vertex 64.8 0 19
      vertex 64.8075 4 18.8656
      vertex 64.8 4 19
    endloop
  endfacet
  facet normal 0.998447 0 0.0557169
    outer loop
      vertex 64.8075 4 18.8656
      vertex 64.8 0 19
      vertex 64.8075 0 18.8656
    endloop
  endfacet
  facet normal 0.875068 -0 0.484001
    outer loop
      vertex 64.9188 0 18.4793
      vertex 64.9839 4 18.3616
      vertex 64.9188 4 18.4793
    endloop
  endfacet
  facet normal 0.875068 0 0.484001
    outer loop
      vertex 64.9839 4 18.3616
      vertex 64.9188 0 18.4793
      vertex 64.9839 0 18.3616
    endloop
  endfacet
  facet normal -0.276488 0 0.961017
    outer loop
      vertex 66.267 4 17.8301
      vertex 66.3963 0 17.8673
      vertex 66.3963 4 17.8673
    endloop
  endfacet
  facet normal -0.276488 0 0.961017
    outer loop
      vertex 66.3963 0 17.8673
      vertex 66.267 4 17.8301
      vertex 66.267 0 17.8301
    endloop
  endfacet
  facet normal -0.998447 0 -0.0557169
    outer loop
      vertex 67.2 0 19
      vertex 67.1925 4 19.1344
      vertex 67.2 4 19
    endloop
  endfacet
  facet normal -0.998447 -0 -0.0557169
    outer loop
      vertex 67.1925 4 19.1344
      vertex 67.2 0 19
      vertex 67.1925 0 19.1344
    endloop
  endfacet
  facet normal 0.276488 0 -0.961017
    outer loop
      vertex 65.6037 0 20.1327
      vertex 65.733 4 20.1699
      vertex 65.733 0 20.1699
    endloop
  endfacet
  facet normal 0.276488 0 -0.961017
    outer loop
      vertex 65.733 4 20.1699
      vertex 65.6037 0 20.1327
      vertex 65.6037 4 20.1327
    endloop
  endfacet
  facet normal -0.484001 0 0.875068
    outer loop
      vertex 66.5207 4 17.9188
      vertex 66.6384 0 17.9839
      vertex 66.6384 4 17.9839
    endloop
  endfacet
  facet normal -0.484001 0 0.875068
    outer loop
      vertex 66.6384 0 17.9839
      vertex 66.5207 4 17.9188
      vertex 66.5207 0 17.9188
    endloop
  endfacet
  facet normal -0.998447 0 0.0557169
    outer loop
      vertex 67.1925 0 18.8656
      vertex 67.2 4 19
      vertex 67.1925 4 18.8656
    endloop
  endfacet
  facet normal -0.998447 0 0.0557169
    outer loop
      vertex 67.2 4 19
      vertex 67.1925 0 18.8656
      vertex 67.2 0 19
    endloop
  endfacet
  facet normal 0.961017 -0 0.276488
    outer loop
      vertex 64.8301 0 18.733
      vertex 64.8673 4 18.6037
      vertex 64.8301 4 18.733
    endloop
  endfacet
  facet normal 0.961017 0 0.276488
    outer loop
      vertex 64.8673 4 18.6037
      vertex 64.8301 0 18.733
      vertex 64.8673 0 18.6037
    endloop
  endfacet
  facet normal -0.875068 0 -0.484001
    outer loop
      vertex 67.0812 0 19.5207
      vertex 67.0161 4 19.6384
      vertex 67.0812 4 19.5207
    endloop
  endfacet
  facet normal -0.875068 -0 -0.484001
    outer loop
      vertex 67.0161 4 19.6384
      vertex 67.0812 0 19.5207
      vertex 67.0161 0 19.6384
    endloop
  endfacet
  facet normal -0.923953 0 0.382505
    outer loop
      vertex 67.0812 0 18.4793
      vertex 67.1327 4 18.6037
      vertex 67.0812 4 18.4793
    endloop
  endfacet
  facet normal -0.923953 0 0.382505
    outer loop
      vertex 67.1327 4 18.6037
      vertex 67.0812 0 18.4793
      vertex 67.1327 0 18.6037
    endloop
  endfacet
  facet normal -0.168015 0 -0.985785
    outer loop
      vertex 66.1344 0 20.1925
      vertex 66.267 4 20.1699
      vertex 66.267 0 20.1699
    endloop
  endfacet
  facet normal -0.168015 0 -0.985785
    outer loop
      vertex 66.267 4 20.1699
      vertex 66.1344 0 20.1925
      vertex 66.1344 4 20.1925
    endloop
  endfacet
  facet normal -0.875068 0 0.484001
    outer loop
      vertex 67.0161 0 18.3616
      vertex 67.0812 4 18.4793
      vertex 67.0161 4 18.3616
    endloop
  endfacet
  facet normal -0.875068 0 0.484001
    outer loop
      vertex 67.0812 4 18.4793
      vertex 67.0161 0 18.3616
      vertex 67.0812 0 18.4793
    endloop
  endfacet
  facet normal 0.923953 -0 0.382505
    outer loop
      vertex 64.8673 0 18.6037
      vertex 64.9188 4 18.4793
      vertex 64.8673 4 18.6037
    endloop
  endfacet
  facet normal 0.923953 0 0.382505
    outer loop
      vertex 64.9188 4 18.4793
      vertex 64.8673 0 18.6037
      vertex 64.9188 0 18.4793
    endloop
  endfacet
  facet normal -0.961017 0 0.276488
    outer loop
      vertex 67.1327 0 18.6037
      vertex 67.1699 4 18.733
      vertex 67.1327 4 18.6037
    endloop
  endfacet
  facet normal -0.961017 0 0.276488
    outer loop
      vertex 67.1699 4 18.733
      vertex 67.1327 0 18.6037
      vertex 67.1699 0 18.733
    endloop
  endfacet
  facet normal 0.961017 0 -0.276488
    outer loop
      vertex 64.8673 0 19.3963
      vertex 64.8301 4 19.267
      vertex 64.8673 4 19.3963
    endloop
  endfacet
  facet normal 0.961017 0 -0.276488
    outer loop
      vertex 64.8301 4 19.267
      vertex 64.8673 0 19.3963
      vertex 64.8301 0 19.267
    endloop
  endfacet
  facet normal 0.985785 -0 0.168015
    outer loop
      vertex 64.8075 0 18.8656
      vertex 64.8301 4 18.733
      vertex 64.8075 4 18.8656
    endloop
  endfacet
  facet normal 0.985785 0 0.168015
    outer loop
      vertex 64.8301 4 18.733
      vertex 64.8075 0 18.8656
      vertex 64.8301 0 18.733
    endloop
  endfacet
  facet normal -0.276488 0 -0.961017
    outer loop
      vertex 66.267 0 20.1699
      vertex 66.3963 4 20.1327
      vertex 66.3963 0 20.1327
    endloop
  endfacet
  facet normal -0.276488 0 -0.961017
    outer loop
      vertex 66.3963 4 20.1327
      vertex 66.267 0 20.1699
      vertex 66.267 4 20.1699
    endloop
  endfacet
  facet normal 0.666621 0 0.745397
    outer loop
      vertex 65.1515 4 18.1515
      vertex 65.2518 0 18.0618
      vertex 65.2518 4 18.0618
    endloop
  endfacet
  facet normal 0.666621 0 0.745397
    outer loop
      vertex 65.2518 0 18.0618
      vertex 65.1515 4 18.1515
      vertex 65.1515 0 18.1515
    endloop
  endfacet
  facet normal 0.666621 0 -0.745397
    outer loop
      vertex 65.1515 0 19.8485
      vertex 65.2518 4 19.9382
      vertex 65.2518 0 19.9382
    endloop
  endfacet
  facet normal 0.666621 0 -0.745397
    outer loop
      vertex 65.2518 4 19.9382
      vertex 65.1515 0 19.8485
      vertex 65.1515 4 19.8485
    endloop
  endfacet
  facet normal -0.0557169 0 -0.998447
    outer loop
      vertex 66 0 20.2
      vertex 66.1344 4 20.1925
      vertex 66.1344 0 20.1925
    endloop
  endfacet
  facet normal -0.0557169 0 -0.998447
    outer loop
      vertex 66.1344 4 20.1925
      vertex 66 0 20.2
      vertex 66 4 20.2
    endloop
  endfacet
  facet normal -0.168015 0 0.985785
    outer loop
      vertex 66.1344 4 17.8075
      vertex 66.267 0 17.8301
      vertex 66.267 4 17.8301
    endloop
  endfacet
  facet normal -0.168015 0 0.985785
    outer loop
      vertex 66.267 0 17.8301
      vertex 66.1344 4 17.8075
      vertex 66.1344 0 17.8075
    endloop
  endfacet
  facet normal 0.382505 0 0.923953
    outer loop
      vertex 65.4793 4 17.9188
      vertex 65.6037 0 17.8673
      vertex 65.6037 4 17.8673
    endloop
  endfacet
  facet normal 0.382505 0 0.923953
    outer loop
      vertex 65.6037 0 17.8673
      vertex 65.4793 4 17.9188
      vertex 65.4793 0 17.9188
    endloop
  endfacet
  facet normal 0.382505 0 -0.923953
    outer loop
      vertex 65.4793 0 20.0812
      vertex 65.6037 4 20.1327
      vertex 65.6037 0 20.1327
    endloop
  endfacet
  facet normal 0.382505 0 -0.923953
    outer loop
      vertex 65.6037 4 20.1327
      vertex 65.4793 0 20.0812
      vertex 65.4793 4 20.0812
    endloop
  endfacet
  facet normal -0.985785 0 -0.168015
    outer loop
      vertex 67.1925 0 19.1344
      vertex 67.1699 4 19.267
      vertex 67.1925 4 19.1344
    endloop
  endfacet
  facet normal -0.985785 -0 -0.168015
    outer loop
      vertex 67.1699 4 19.267
      vertex 67.1925 0 19.1344
      vertex 67.1699 0 19.267
    endloop
  endfacet
  facet normal 0.168015 0 0.985785
    outer loop
      vertex 65.733 4 17.8301
      vertex 65.8656 0 17.8075
      vertex 65.8656 4 17.8075
    endloop
  endfacet
  facet normal 0.168015 0 0.985785
    outer loop
      vertex 65.8656 0 17.8075
      vertex 65.733 4 17.8301
      vertex 65.733 0 17.8301
    endloop
  endfacet
  facet normal 0.923953 0 -0.382505
    outer loop
      vertex 64.9188 0 19.5207
      vertex 64.8673 4 19.3963
      vertex 64.9188 4 19.5207
    endloop
  endfacet
  facet normal 0.923953 0 -0.382505
    outer loop
      vertex 64.8673 4 19.3963
      vertex 64.9188 0 19.5207
      vertex 64.8673 0 19.3963
    endloop
  endfacet
  facet normal 0.276488 0 0.961017
    outer loop
      vertex 65.6037 4 17.8673
      vertex 65.733 0 17.8301
      vertex 65.733 4 17.8301
    endloop
  endfacet
  facet normal 0.276488 0 0.961017
    outer loop
      vertex 65.733 0 17.8301
      vertex 65.6037 4 17.8673
      vertex 65.6037 0 17.8673
    endloop
  endfacet
  facet normal -0.815586 0 0.578635
    outer loop
      vertex 66.9382 0 18.2518
      vertex 67.0161 4 18.3616
      vertex 66.9382 4 18.2518
    endloop
  endfacet
  facet normal -0.815586 0 0.578635
    outer loop
      vertex 67.0161 4 18.3616
      vertex 66.9382 0 18.2518
      vertex 67.0161 0 18.3616
    endloop
  endfacet
  facet normal -0.815586 0 -0.578635
    outer loop
      vertex 67.0161 0 19.6384
      vertex 66.9382 4 19.7482
      vertex 67.0161 4 19.6384
    endloop
  endfacet
  facet normal -0.815586 -0 -0.578635
    outer loop
      vertex 66.9382 4 19.7482
      vertex 67.0161 0 19.6384
      vertex 66.9382 0 19.7482
    endloop
  endfacet
  facet normal -0.382505 0 0.923953
    outer loop
      vertex 66.3963 4 17.8673
      vertex 66.5207 0 17.9188
      vertex 66.5207 4 17.9188
    endloop
  endfacet
  facet normal -0.382505 0 0.923953
    outer loop
      vertex 66.5207 0 17.9188
      vertex 66.3963 4 17.8673
      vertex 66.3963 0 17.8673
    endloop
  endfacet
  facet normal -0.961017 0 -0.276488
    outer loop
      vertex 67.1699 0 19.267
      vertex 67.1327 4 19.3963
      vertex 67.1699 4 19.267
    endloop
  endfacet
  facet normal -0.961017 -0 -0.276488
    outer loop
      vertex 67.1327 4 19.3963
      vertex 67.1699 0 19.267
      vertex 67.1327 0 19.3963
    endloop
  endfacet
  facet normal 0.875068 0 -0.484001
    outer loop
      vertex 64.9839 0 19.6384
      vertex 64.9188 4 19.5207
      vertex 64.9839 4 19.6384
    endloop
  endfacet
  facet normal 0.875068 0 -0.484001
    outer loop
      vertex 64.9188 4 19.5207
      vertex 64.9839 0 19.6384
      vertex 64.9188 0 19.5207
    endloop
  endfacet
  facet normal -0.923953 0 -0.382505
    outer loop
      vertex 67.1327 0 19.3963
      vertex 67.0812 4 19.5207
      vertex 67.1327 4 19.3963
    endloop
  endfacet
  facet normal -0.923953 -0 -0.382505
    outer loop
      vertex 67.0812 4 19.5207
      vertex 67.1327 0 19.3963
      vertex 67.0812 0 19.5207
    endloop
  endfacet
  facet normal 0.578635 0 0.815586
    outer loop
      vertex 65.2518 4 18.0618
      vertex 65.3616 0 17.9839
      vertex 65.3616 4 17.9839
    endloop
  endfacet
  facet normal 0.578635 0 0.815586
    outer loop
      vertex 65.3616 0 17.9839
      vertex 65.2518 4 18.0618
      vertex 65.2518 0 18.0618
    endloop
  endfacet
  facet normal 0.484001 0 0.875068
    outer loop
      vertex 65.3616 4 17.9839
      vertex 65.4793 0 17.9188
      vertex 65.4793 4 17.9188
    endloop
  endfacet
  facet normal 0.484001 0 0.875068
    outer loop
      vertex 65.4793 0 17.9188
      vertex 65.3616 4 17.9839
      vertex 65.3616 0 17.9839
    endloop
  endfacet
  facet normal -0.578635 0 0.815586
    outer loop
      vertex 66.6384 4 17.9839
      vertex 66.7482 0 18.0618
      vertex 66.7482 4 18.0618
    endloop
  endfacet
  facet normal -0.578635 0 0.815586
    outer loop
      vertex 66.7482 0 18.0618
      vertex 66.6384 4 17.9839
      vertex 66.6384 0 17.9839
    endloop
  endfacet
  facet normal 0.815586 -0 0.578635
    outer loop
      vertex 64.9839 0 18.3616
      vertex 65.0618 4 18.2518
      vertex 64.9839 4 18.3616
    endloop
  endfacet
  facet normal 0.815586 0 0.578635
    outer loop
      vertex 65.0618 4 18.2518
      vertex 64.9839 0 18.3616
      vertex 65.0618 0 18.2518
    endloop
  endfacet
  facet normal -0.666621 0 0.745397
    outer loop
      vertex 66.7482 4 18.0618
      vertex 66.8485 0 18.1515
      vertex 66.8485 4 18.1515
    endloop
  endfacet
  facet normal -0.666621 0 0.745397
    outer loop
      vertex 66.8485 0 18.1515
      vertex 66.7482 4 18.0618
      vertex 66.7482 0 18.0618
    endloop
  endfacet
  facet normal 0.815586 0 -0.578635
    outer loop
      vertex 65.0618 0 19.7482
      vertex 64.9839 4 19.6384
      vertex 65.0618 4 19.7482
    endloop
  endfacet
  facet normal 0.815586 0 -0.578635
    outer loop
      vertex 64.9839 4 19.6384
      vertex 65.0618 0 19.7482
      vertex 64.9839 0 19.6384
    endloop
  endfacet
  facet normal 0.745397 0 -0.666621
    outer loop
      vertex 65.1515 0 19.8485
      vertex 65.0618 4 19.7482
      vertex 65.1515 4 19.8485
    endloop
  endfacet
  facet normal 0.745397 0 -0.666621
    outer loop
      vertex 65.0618 4 19.7482
      vertex 65.1515 0 19.8485
      vertex 65.0618 0 19.7482
    endloop
  endfacet
  facet normal 0.0557169 0 0.998447
    outer loop
      vertex 65.8656 4 17.8075
      vertex 66 0 17.8
      vertex 66 4 17.8
    endloop
  endfacet
  facet normal 0.0557169 0 0.998447
    outer loop
      vertex 66 0 17.8
      vertex 65.8656 4 17.8075
      vertex 65.8656 0 17.8075
    endloop
  endfacet
  facet normal -0.382505 0 -0.923953
    outer loop
      vertex 66.3963 0 20.1327
      vertex 66.5207 4 20.0812
      vertex 66.5207 0 20.0812
    endloop
  endfacet
  facet normal -0.382505 0 -0.923953
    outer loop
      vertex 66.5207 4 20.0812
      vertex 66.3963 0 20.1327
      vertex 66.3963 4 20.1327
    endloop
  endfacet
  facet normal -0.484001 0 -0.875068
    outer loop
      vertex 66.5207 0 20.0812
      vertex 66.6384 4 20.0161
      vertex 66.6384 0 20.0161
    endloop
  endfacet
  facet normal -0.484001 0 -0.875068
    outer loop
      vertex 66.6384 4 20.0161
      vertex 66.5207 0 20.0812
      vertex 66.5207 4 20.0812
    endloop
  endfacet
  facet normal 0.998447 0 -0.0557169
    outer loop
      vertex 64.8075 0 19.1344
      vertex 64.8 4 19
      vertex 64.8075 4 19.1344
    endloop
  endfacet
  facet normal 0.998447 0 -0.0557169
    outer loop
      vertex 64.8 4 19
      vertex 64.8075 0 19.1344
      vertex 64.8 0 19
    endloop
  endfacet
  facet normal 0.484001 0 -0.875068
    outer loop
      vertex 65.3616 0 20.0161
      vertex 65.4793 4 20.0812
      vertex 65.4793 0 20.0812
    endloop
  endfacet
  facet normal 0.484001 0 -0.875068
    outer loop
      vertex 65.4793 4 20.0812
      vertex 65.3616 0 20.0161
      vertex 65.3616 4 20.0161
    endloop
  endfacet
  facet normal -0.578635 0 -0.815586
    outer loop
      vertex 66.6384 0 20.0161
      vertex 66.7482 4 19.9382
      vertex 66.7482 0 19.9382
    endloop
  endfacet
  facet normal -0.578635 0 -0.815586
    outer loop
      vertex 66.7482 4 19.9382
      vertex 66.6384 0 20.0161
      vertex 66.6384 4 20.0161
    endloop
  endfacet
  facet normal 0.745397 -0 0.666621
    outer loop
      vertex 65.0618 0 18.2518
      vertex 65.1515 4 18.1515
      vertex 65.0618 4 18.2518
    endloop
  endfacet
  facet normal 0.745397 0 0.666621
    outer loop
      vertex 65.1515 4 18.1515
      vertex 65.0618 0 18.2518
      vertex 65.1515 0 18.1515
    endloop
  endfacet
  facet normal 0.168015 0 -0.985785
    outer loop
      vertex 65.733 0 20.1699
      vertex 65.8656 4 20.1925
      vertex 65.8656 0 20.1925
    endloop
  endfacet
  facet normal 0.168015 0 -0.985785
    outer loop
      vertex 65.8656 4 20.1925
      vertex 65.733 0 20.1699
      vertex 65.733 4 20.1699
    endloop
  endfacet
  facet normal -0.666621 0 -0.745397
    outer loop
      vertex 66.7482 0 19.9382
      vertex 66.8485 4 19.8485
      vertex 66.8485 0 19.8485
    endloop
  endfacet
  facet normal -0.666621 0 -0.745397
    outer loop
      vertex 66.8485 4 19.8485
      vertex 66.7482 0 19.9382
      vertex 66.7482 4 19.9382
    endloop
  endfacet
  facet normal 0.578635 0 -0.815586
    outer loop
      vertex 65.2518 0 19.9382
      vertex 65.3616 4 20.0161
      vertex 65.3616 0 20.0161
    endloop
  endfacet
  facet normal 0.578635 0 -0.815586
    outer loop
      vertex 65.3616 4 20.0161
      vertex 65.2518 0 19.9382
      vertex 65.2518 4 19.9382
    endloop
  endfacet
  facet normal -0.985785 0 0.168015
    outer loop
      vertex 63.1699 0 25.6612
      vertex 63.1925 4 25.7938
      vertex 63.1699 4 25.6612
    endloop
  endfacet
  facet normal -0.985785 0 0.168015
    outer loop
      vertex 63.1925 4 25.7938
      vertex 63.1699 0 25.6612
      vertex 63.1925 0 25.7938
    endloop
  endfacet
  facet normal -0.0557169 0 0.998447
    outer loop
      vertex 62 4 24.7282
      vertex 62.1344 0 24.7357
      vertex 62.1344 4 24.7357
    endloop
  endfacet
  facet normal -0.0557169 0 0.998447
    outer loop
      vertex 62.1344 0 24.7357
      vertex 62 4 24.7282
      vertex 62 0 24.7282
    endloop
  endfacet
  facet normal -0.815586 0 -0.578635
    outer loop
      vertex 63.0161 0 26.5666
      vertex 62.9382 4 26.6764
      vertex 63.0161 4 26.5666
    endloop
  endfacet
  facet normal -0.815586 -0 -0.578635
    outer loop
      vertex 62.9382 4 26.6764
      vertex 63.0161 0 26.5666
      vertex 62.9382 0 26.6764
    endloop
  endfacet
  facet normal -0.578635 0 -0.815586
    outer loop
      vertex 62.6384 0 26.9443
      vertex 62.7482 4 26.8664
      vertex 62.7482 0 26.8664
    endloop
  endfacet
  facet normal -0.578635 0 -0.815586
    outer loop
      vertex 62.7482 4 26.8664
      vertex 62.6384 0 26.9443
      vertex 62.6384 4 26.9443
    endloop
  endfacet
  facet normal -0.998447 0 -0.0557169
    outer loop
      vertex 63.2 0 25.9282
      vertex 63.1925 4 26.0626
      vertex 63.2 4 25.9282
    endloop
  endfacet
  facet normal -0.998447 -0 -0.0557169
    outer loop
      vertex 63.1925 4 26.0626
      vertex 63.2 0 25.9282
      vertex 63.1925 0 26.0626
    endloop
  endfacet
  facet normal 0.382505 0 -0.923953
    outer loop
      vertex 61.4793 0 27.0094
      vertex 61.6037 4 27.0609
      vertex 61.6037 0 27.0609
    endloop
  endfacet
  facet normal 0.382505 0 -0.923953
    outer loop
      vertex 61.6037 4 27.0609
      vertex 61.4793 0 27.0094
      vertex 61.4793 4 27.0094
    endloop
  endfacet
  facet normal -0.0557169 0 -0.998447
    outer loop
      vertex 62 0 27.1282
      vertex 62.1344 4 27.1207
      vertex 62.1344 0 27.1207
    endloop
  endfacet
  facet normal -0.0557169 0 -0.998447
    outer loop
      vertex 62.1344 4 27.1207
      vertex 62 0 27.1282
      vertex 62 4 27.1282
    endloop
  endfacet
  facet normal 0.998447 -0 0.0557169
    outer loop
      vertex 60.8 0 25.9282
      vertex 60.8075 4 25.7938
      vertex 60.8 4 25.9282
    endloop
  endfacet
  facet normal 0.998447 0 0.0557169
    outer loop
      vertex 60.8075 4 25.7938
      vertex 60.8 0 25.9282
      vertex 60.8075 0 25.7938
    endloop
  endfacet
  facet normal 0.961017 0 -0.276488
    outer loop
      vertex 60.8673 0 26.3245
      vertex 60.8301 4 26.1952
      vertex 60.8673 4 26.3245
    endloop
  endfacet
  facet normal 0.961017 0 -0.276488
    outer loop
      vertex 60.8301 4 26.1952
      vertex 60.8673 0 26.3245
      vertex 60.8301 0 26.1952
    endloop
  endfacet
  facet normal -0.923953 0 0.382505
    outer loop
      vertex 63.0812 0 25.4075
      vertex 63.1327 4 25.5319
      vertex 63.0812 4 25.4075
    endloop
  endfacet
  facet normal -0.923953 0 0.382505
    outer loop
      vertex 63.1327 4 25.5319
      vertex 63.0812 0 25.4075
      vertex 63.1327 0 25.5319
    endloop
  endfacet
  facet normal 0.168015 0 0.985785
    outer loop
      vertex 61.733 4 24.7583
      vertex 61.8656 0 24.7357
      vertex 61.8656 4 24.7357
    endloop
  endfacet
  facet normal 0.168015 0 0.985785
    outer loop
      vertex 61.8656 0 24.7357
      vertex 61.733 4 24.7583
      vertex 61.733 0 24.7583
    endloop
  endfacet
  facet normal -0.875068 0 0.484001
    outer loop
      vertex 63.0161 0 25.2898
      vertex 63.0812 4 25.4075
      vertex 63.0161 4 25.2898
    endloop
  endfacet
  facet normal -0.875068 0 0.484001
    outer loop
      vertex 63.0812 4 25.4075
      vertex 63.0161 0 25.2898
      vertex 63.0812 0 25.4075
    endloop
  endfacet
  facet normal -0.815586 0 0.578635
    outer loop
      vertex 62.9382 0 25.18
      vertex 63.0161 4 25.2898
      vertex 62.9382 4 25.18
    endloop
  endfacet
  facet normal -0.815586 0 0.578635
    outer loop
      vertex 63.0161 4 25.2898
      vertex 62.9382 0 25.18
      vertex 63.0161 0 25.2898
    endloop
  endfacet
  facet normal -0.484001 0 0.875068
    outer loop
      vertex 62.5207 4 24.847
      vertex 62.6384 0 24.9121
      vertex 62.6384 4 24.9121
    endloop
  endfacet
  facet normal -0.484001 0 0.875068
    outer loop
      vertex 62.6384 0 24.9121
      vertex 62.5207 4 24.847
      vertex 62.5207 0 24.847
    endloop
  endfacet
  facet normal 0.815586 0 -0.578635
    outer loop
      vertex 61.0618 0 26.6764
      vertex 60.9839 4 26.5666
      vertex 61.0618 4 26.6764
    endloop
  endfacet
  facet normal 0.815586 0 -0.578635
    outer loop
      vertex 60.9839 4 26.5666
      vertex 61.0618 0 26.6764
      vertex 60.9839 0 26.5666
    endloop
  endfacet
  facet normal -0.923953 0 -0.382505
    outer loop
      vertex 63.1327 0 26.3245
      vertex 63.0812 4 26.4489
      vertex 63.1327 4 26.3245
    endloop
  endfacet
  facet normal -0.923953 -0 -0.382505
    outer loop
      vertex 63.0812 4 26.4489
      vertex 63.1327 0 26.3245
      vertex 63.0812 0 26.4489
    endloop
  endfacet
  facet normal 0.815586 -0 0.578635
    outer loop
      vertex 60.9839 0 25.2898
      vertex 61.0618 4 25.18
      vertex 60.9839 4 25.2898
    endloop
  endfacet
  facet normal 0.815586 0 0.578635
    outer loop
      vertex 61.0618 4 25.18
      vertex 60.9839 0 25.2898
      vertex 61.0618 0 25.18
    endloop
  endfacet
  facet normal -0.998447 0 0.0557169
    outer loop
      vertex 63.1925 0 25.7938
      vertex 63.2 4 25.9282
      vertex 63.1925 4 25.7938
    endloop
  endfacet
  facet normal -0.998447 0 0.0557169
    outer loop
      vertex 63.2 4 25.9282
      vertex 63.1925 0 25.7938
      vertex 63.2 0 25.9282
    endloop
  endfacet
  facet normal 0.923953 0 -0.382505
    outer loop
      vertex 60.9188 0 26.4489
      vertex 60.8673 4 26.3245
      vertex 60.9188 4 26.4489
    endloop
  endfacet
  facet normal 0.923953 0 -0.382505
    outer loop
      vertex 60.8673 4 26.3245
      vertex 60.9188 0 26.4489
      vertex 60.8673 0 26.3245
    endloop
  endfacet
  facet normal -0.961017 0 0.276488
    outer loop
      vertex 63.1327 0 25.5319
      vertex 63.1699 4 25.6612
      vertex 63.1327 4 25.5319
    endloop
  endfacet
  facet normal -0.961017 0 0.276488
    outer loop
      vertex 63.1699 4 25.6612
      vertex 63.1327 0 25.5319
      vertex 63.1699 0 25.6612
    endloop
  endfacet
  facet normal 0.276488 0 -0.961017
    outer loop
      vertex 61.6037 0 27.0609
      vertex 61.733 4 27.0981
      vertex 61.733 0 27.0981
    endloop
  endfacet
  facet normal 0.276488 0 -0.961017
    outer loop
      vertex 61.733 4 27.0981
      vertex 61.6037 0 27.0609
      vertex 61.6037 4 27.0609
    endloop
  endfacet
  facet normal -0.745397 0 0.666621
    outer loop
      vertex 62.8485 0 25.0797
      vertex 62.9382 4 25.18
      vertex 62.8485 4 25.0797
    endloop
  endfacet
  facet normal -0.745397 0 0.666621
    outer loop
      vertex 62.9382 4 25.18
      vertex 62.8485 0 25.0797
      vertex 62.9382 0 25.18
    endloop
  endfacet
  facet normal 0.985785 0 -0.168015
    outer loop
      vertex 60.8301 0 26.1952
      vertex 60.8075 4 26.0626
      vertex 60.8301 4 26.1952
    endloop
  endfacet
  facet normal 0.985785 0 -0.168015
    outer loop
      vertex 60.8075 4 26.0626
      vertex 60.8301 0 26.1952
      vertex 60.8075 0 26.0626
    endloop
  endfacet
  facet normal -0.745397 0 -0.666621
    outer loop
      vertex 62.9382 0 26.6764
      vertex 62.8485 4 26.7767
      vertex 62.9382 4 26.6764
    endloop
  endfacet
  facet normal -0.745397 -0 -0.666621
    outer loop
      vertex 62.8485 4 26.7767
      vertex 62.9382 0 26.6764
      vertex 62.8485 0 26.7767
    endloop
  endfacet
  facet normal -0.382505 0 0.923953
    outer loop
      vertex 62.3963 4 24.7955
      vertex 62.5207 0 24.847
      vertex 62.5207 4 24.847
    endloop
  endfacet
  facet normal -0.382505 0 0.923953
    outer loop
      vertex 62.5207 0 24.847
      vertex 62.3963 4 24.7955
      vertex 62.3963 0 24.7955
    endloop
  endfacet
  facet normal -0.276488 0 0.961017
    outer loop
      vertex 62.267 4 24.7583
      vertex 62.3963 0 24.7955
      vertex 62.3963 4 24.7955
    endloop
  endfacet
  facet normal -0.276488 0 0.961017
    outer loop
      vertex 62.3963 0 24.7955
      vertex 62.267 4 24.7583
      vertex 62.267 0 24.7583
    endloop
  endfacet
  facet normal -0.168015 0 0.985785
    outer loop
      vertex 62.1344 4 24.7357
      vertex 62.267 0 24.7583
      vertex 62.267 4 24.7583
    endloop
  endfacet
  facet normal -0.168015 0 0.985785
    outer loop
      vertex 62.267 0 24.7583
      vertex 62.1344 4 24.7357
      vertex 62.1344 0 24.7357
    endloop
  endfacet
  facet normal 0.923953 -0 0.382505
    outer loop
      vertex 60.8673 0 25.5319
      vertex 60.9188 4 25.4075
      vertex 60.8673 4 25.5319
    endloop
  endfacet
  facet normal 0.923953 0 0.382505
    outer loop
      vertex 60.9188 4 25.4075
      vertex 60.8673 0 25.5319
      vertex 60.9188 0 25.4075
    endloop
  endfacet
  facet normal 0.382505 0 0.923953
    outer loop
      vertex 61.4793 4 24.847
      vertex 61.6037 0 24.7955
      vertex 61.6037 4 24.7955
    endloop
  endfacet
  facet normal 0.382505 0 0.923953
    outer loop
      vertex 61.6037 0 24.7955
      vertex 61.4793 4 24.847
      vertex 61.4793 0 24.847
    endloop
  endfacet
  facet normal 0.484001 0 -0.875068
    outer loop
      vertex 61.3616 0 26.9443
      vertex 61.4793 4 27.0094
      vertex 61.4793 0 27.0094
    endloop
  endfacet
  facet normal 0.484001 0 -0.875068
    outer loop
      vertex 61.4793 4 27.0094
      vertex 61.3616 0 26.9443
      vertex 61.3616 4 26.9443
    endloop
  endfacet
  facet normal -0.985785 0 -0.168015
    outer loop
      vertex 63.1925 0 26.0626
      vertex 63.1699 4 26.1952
      vertex 63.1925 4 26.0626
    endloop
  endfacet
  facet normal -0.985785 -0 -0.168015
    outer loop
      vertex 63.1699 4 26.1952
      vertex 63.1925 0 26.0626
      vertex 63.1699 0 26.1952
    endloop
  endfacet
  facet normal -0.168015 0 -0.985785
    outer loop
      vertex 62.1344 0 27.1207
      vertex 62.267 4 27.0981
      vertex 62.267 0 27.0981
    endloop
  endfacet
  facet normal -0.168015 0 -0.985785
    outer loop
      vertex 62.267 4 27.0981
      vertex 62.1344 0 27.1207
      vertex 62.1344 4 27.1207
    endloop
  endfacet
  facet normal 0.578635 0 0.815586
    outer loop
      vertex 61.2518 4 24.99
      vertex 61.3616 0 24.9121
      vertex 61.3616 4 24.9121
    endloop
  endfacet
  facet normal 0.578635 0 0.815586
    outer loop
      vertex 61.3616 0 24.9121
      vertex 61.2518 4 24.99
      vertex 61.2518 0 24.99
    endloop
  endfacet
  facet normal 0.875068 0 -0.484001
    outer loop
      vertex 60.9839 0 26.5666
      vertex 60.9188 4 26.4489
      vertex 60.9839 4 26.5666
    endloop
  endfacet
  facet normal 0.875068 0 -0.484001
    outer loop
      vertex 60.9188 4 26.4489
      vertex 60.9839 0 26.5666
      vertex 60.9188 0 26.4489
    endloop
  endfacet
  facet normal 0.276488 0 0.961017
    outer loop
      vertex 61.6037 4 24.7955
      vertex 61.733 0 24.7583
      vertex 61.733 4 24.7583
    endloop
  endfacet
  facet normal 0.276488 0 0.961017
    outer loop
      vertex 61.733 0 24.7583
      vertex 61.6037 4 24.7955
      vertex 61.6037 0 24.7955
    endloop
  endfacet
  facet normal -0.666621 0 0.745397
    outer loop
      vertex 62.7482 4 24.99
      vertex 62.8485 0 25.0797
      vertex 62.8485 4 25.0797
    endloop
  endfacet
  facet normal -0.666621 0 0.745397
    outer loop
      vertex 62.8485 0 25.0797
      vertex 62.7482 4 24.99
      vertex 62.7482 0 24.99
    endloop
  endfacet
  facet normal -0.875068 0 -0.484001
    outer loop
      vertex 63.0812 0 26.4489
      vertex 63.0161 4 26.5666
      vertex 63.0812 4 26.4489
    endloop
  endfacet
  facet normal -0.875068 -0 -0.484001
    outer loop
      vertex 63.0161 4 26.5666
      vertex 63.0812 0 26.4489
      vertex 63.0161 0 26.5666
    endloop
  endfacet
  facet normal -0.961017 0 -0.276488
    outer loop
      vertex 63.1699 0 26.1952
      vertex 63.1327 4 26.3245
      vertex 63.1699 4 26.1952
    endloop
  endfacet
  facet normal -0.961017 -0 -0.276488
    outer loop
      vertex 63.1327 4 26.3245
      vertex 63.1699 0 26.1952
      vertex 63.1327 0 26.3245
    endloop
  endfacet
  facet normal 0.0557169 0 -0.998447
    outer loop
      vertex 61.8656 0 27.1207
      vertex 62 4 27.1282
      vertex 62 0 27.1282
    endloop
  endfacet
  facet normal 0.0557169 0 -0.998447
    outer loop
      vertex 62 4 27.1282
      vertex 61.8656 0 27.1207
      vertex 61.8656 4 27.1207
    endloop
  endfacet
  facet normal 0.961017 -0 0.276488
    outer loop
      vertex 60.8301 0 25.6612
      vertex 60.8673 4 25.5319
      vertex 60.8301 4 25.6612
    endloop
  endfacet
  facet normal 0.961017 0 0.276488
    outer loop
      vertex 60.8673 4 25.5319
      vertex 60.8301 0 25.6612
      vertex 60.8673 0 25.5319
    endloop
  endfacet
  facet normal 0.985785 -0 0.168015
    outer loop
      vertex 60.8075 0 25.7938
      vertex 60.8301 4 25.6612
      vertex 60.8075 4 25.7938
    endloop
  endfacet
  facet normal 0.985785 0 0.168015
    outer loop
      vertex 60.8301 4 25.6612
      vertex 60.8075 0 25.7938
      vertex 60.8301 0 25.6612
    endloop
  endfacet
  facet normal -0.578635 0 0.815586
    outer loop
      vertex 62.6384 4 24.9121
      vertex 62.7482 0 24.99
      vertex 62.7482 4 24.99
    endloop
  endfacet
  facet normal -0.578635 0 0.815586
    outer loop
      vertex 62.7482 0 24.99
      vertex 62.6384 4 24.9121
      vertex 62.6384 0 24.9121
    endloop
  endfacet
  facet normal 0.666621 0 0.745397
    outer loop
      vertex 61.1515 4 25.0797
      vertex 61.2518 0 24.99
      vertex 61.2518 4 24.99
    endloop
  endfacet
  facet normal 0.666621 0 0.745397
    outer loop
      vertex 61.2518 0 24.99
      vertex 61.1515 4 25.0797
      vertex 61.1515 0 25.0797
    endloop
  endfacet
  facet normal -0.276488 0 -0.961017
    outer loop
      vertex 62.267 0 27.0981
      vertex 62.3963 4 27.0609
      vertex 62.3963 0 27.0609
    endloop
  endfacet
  facet normal -0.276488 0 -0.961017
    outer loop
      vertex 62.3963 4 27.0609
      vertex 62.267 0 27.0981
      vertex 62.267 4 27.0981
    endloop
  endfacet
  facet normal 0.875068 -0 0.484001
    outer loop
      vertex 60.9188 0 25.4075
      vertex 60.9839 4 25.2898
      vertex 60.9188 4 25.4075
    endloop
  endfacet
  facet normal 0.875068 0 0.484001
    outer loop
      vertex 60.9839 4 25.2898
      vertex 60.9188 0 25.4075
      vertex 60.9839 0 25.2898
    endloop
  endfacet
  facet normal 0.745397 0 -0.666621
    outer loop
      vertex 61.1515 0 26.7767
      vertex 61.0618 4 26.6764
      vertex 61.1515 4 26.7767
    endloop
  endfacet
  facet normal 0.745397 0 -0.666621
    outer loop
      vertex 61.0618 4 26.6764
      vertex 61.1515 0 26.7767
      vertex 61.0618 0 26.6764
    endloop
  endfacet
  facet normal 0.0557169 0 0.998447
    outer loop
      vertex 61.8656 4 24.7357
      vertex 62 0 24.7282
      vertex 62 4 24.7282
    endloop
  endfacet
  facet normal 0.0557169 0 0.998447
    outer loop
      vertex 62 0 24.7282
      vertex 61.8656 4 24.7357
      vertex 61.8656 0 24.7357
    endloop
  endfacet
  facet normal 0.998447 0 -0.0557169
    outer loop
      vertex 60.8075 0 26.0626
      vertex 60.8 4 25.9282
      vertex 60.8075 4 26.0626
    endloop
  endfacet
  facet normal 0.998447 0 -0.0557169
    outer loop
      vertex 60.8 4 25.9282
      vertex 60.8075 0 26.0626
      vertex 60.8 0 25.9282
    endloop
  endfacet
  facet normal -0.382505 0 -0.923953
    outer loop
      vertex 62.3963 0 27.0609
      vertex 62.5207 4 27.0094
      vertex 62.5207 0 27.0094
    endloop
  endfacet
  facet normal -0.382505 0 -0.923953
    outer loop
      vertex 62.5207 4 27.0094
      vertex 62.3963 0 27.0609
      vertex 62.3963 4 27.0609
    endloop
  endfacet
  facet normal -0.484001 0 -0.875068
    outer loop
      vertex 62.5207 0 27.0094
      vertex 62.6384 4 26.9443
      vertex 62.6384 0 26.9443
    endloop
  endfacet
  facet normal -0.484001 0 -0.875068
    outer loop
      vertex 62.6384 4 26.9443
      vertex 62.5207 0 27.0094
      vertex 62.5207 4 27.0094
    endloop
  endfacet
  facet normal 0.666621 0 -0.745397
    outer loop
      vertex 61.1515 0 26.7767
      vertex 61.2518 4 26.8664
      vertex 61.2518 0 26.8664
    endloop
  endfacet
  facet normal 0.666621 0 -0.745397
    outer loop
      vertex 61.2518 4 26.8664
      vertex 61.1515 0 26.7767
      vertex 61.1515 4 26.7767
    endloop
  endfacet
  facet normal 0.484001 0 0.875068
    outer loop
      vertex 61.3616 4 24.9121
      vertex 61.4793 0 24.847
      vertex 61.4793 4 24.847
    endloop
  endfacet
  facet normal 0.484001 0 0.875068
    outer loop
      vertex 61.4793 0 24.847
      vertex 61.3616 4 24.9121
      vertex 61.3616 0 24.9121
    endloop
  endfacet
  facet normal -0.666621 0 -0.745397
    outer loop
      vertex 62.7482 0 26.8664
      vertex 62.8485 4 26.7767
      vertex 62.8485 0 26.7767
    endloop
  endfacet
  facet normal -0.666621 0 -0.745397
    outer loop
      vertex 62.8485 4 26.7767
      vertex 62.7482 0 26.8664
      vertex 62.7482 4 26.8664
    endloop
  endfacet
  facet normal 0.745397 -0 0.666621
    outer loop
      vertex 61.0618 0 25.18
      vertex 61.1515 4 25.0797
      vertex 61.0618 4 25.18
    endloop
  endfacet
  facet normal 0.745397 0 0.666621
    outer loop
      vertex 61.1515 4 25.0797
      vertex 61.0618 0 25.18
      vertex 61.1515 0 25.0797
    endloop
  endfacet
  facet normal 0.168015 0 -0.985785
    outer loop
      vertex 61.733 0 27.0981
      vertex 61.8656 4 27.1207
      vertex 61.8656 0 27.1207
    endloop
  endfacet
  facet normal 0.168015 0 -0.985785
    outer loop
      vertex 61.8656 4 27.1207
      vertex 61.733 0 27.0981
      vertex 61.733 4 27.0981
    endloop
  endfacet
  facet normal 0.578635 0 -0.815586
    outer loop
      vertex 61.2518 0 26.8664
      vertex 61.3616 4 26.9443
      vertex 61.3616 0 26.9443
    endloop
  endfacet
  facet normal 0.578635 0 -0.815586
    outer loop
      vertex 61.3616 4 26.9443
      vertex 61.2518 0 26.8664
      vertex 61.2518 4 26.8664
    endloop
  endfacet
  facet normal -0.985785 0 0.168015
    outer loop
      vertex 55.1699 0 25.6612
      vertex 55.1925 4 25.7938
      vertex 55.1699 4 25.6612
    endloop
  endfacet
  facet normal -0.985785 0 0.168015
    outer loop
      vertex 55.1925 4 25.7938
      vertex 55.1699 0 25.6612
      vertex 55.1925 0 25.7938
    endloop
  endfacet
  facet normal -0.666621 0 -0.745397
    outer loop
      vertex 54.7482 0 26.8664
      vertex 54.8485 4 26.7767
      vertex 54.8485 0 26.7767
    endloop
  endfacet
  facet normal -0.666621 0 -0.745397
    outer loop
      vertex 54.8485 4 26.7767
      vertex 54.7482 0 26.8664
      vertex 54.7482 4 26.8664
    endloop
  endfacet
  facet normal -0.0557169 0 0.998447
    outer loop
      vertex 54 4 24.7282
      vertex 54.1344 0 24.7357
      vertex 54.1344 4 24.7357
    endloop
  endfacet
  facet normal -0.0557169 0 0.998447
    outer loop
      vertex 54.1344 0 24.7357
      vertex 54 4 24.7282
      vertex 54 0 24.7282
    endloop
  endfacet
  facet normal -0.815586 0 -0.578635
    outer loop
      vertex 55.0161 0 26.5666
      vertex 54.9382 4 26.6764
      vertex 55.0161 4 26.5666
    endloop
  endfacet
  facet normal -0.815586 -0 -0.578635
    outer loop
      vertex 54.9382 4 26.6764
      vertex 55.0161 0 26.5666
      vertex 54.9382 0 26.6764
    endloop
  endfacet
  facet normal -0.578635 0 -0.815586
    outer loop
      vertex 54.6384 0 26.9443
      vertex 54.7482 4 26.8664
      vertex 54.7482 0 26.8664
    endloop
  endfacet
  facet normal -0.578635 0 -0.815586
    outer loop
      vertex 54.7482 4 26.8664
      vertex 54.6384 0 26.9443
      vertex 54.6384 4 26.9443
    endloop
  endfacet
  facet normal -0.998447 0 -0.0557169
    outer loop
      vertex 55.2 0 25.9282
      vertex 55.1925 4 26.0626
      vertex 55.2 4 25.9282
    endloop
  endfacet
  facet normal -0.998447 -0 -0.0557169
    outer loop
      vertex 55.1925 4 26.0626
      vertex 55.2 0 25.9282
      vertex 55.1925 0 26.0626
    endloop
  endfacet
  facet normal 0.382505 0 -0.923953
    outer loop
      vertex 53.4793 0 27.0094
      vertex 53.6037 4 27.0609
      vertex 53.6037 0 27.0609
    endloop
  endfacet
  facet normal 0.382505 0 -0.923953
    outer loop
      vertex 53.6037 4 27.0609
      vertex 53.4793 0 27.0094
      vertex 53.4793 4 27.0094
    endloop
  endfacet
  facet normal -0.0557169 0 -0.998447
    outer loop
      vertex 54 0 27.1282
      vertex 54.1344 4 27.1207
      vertex 54.1344 0 27.1207
    endloop
  endfacet
  facet normal -0.0557169 0 -0.998447
    outer loop
      vertex 54.1344 4 27.1207
      vertex 54 0 27.1282
      vertex 54 4 27.1282
    endloop
  endfacet
  facet normal 0.998447 -0 0.0557169
    outer loop
      vertex 52.8 0 25.9282
      vertex 52.8075 4 25.7938
      vertex 52.8 4 25.9282
    endloop
  endfacet
  facet normal 0.998447 0 0.0557169
    outer loop
      vertex 52.8075 4 25.7938
      vertex 52.8 0 25.9282
      vertex 52.8075 0 25.7938
    endloop
  endfacet
  facet normal 0.961017 0 -0.276488
    outer loop
      vertex 52.8673 0 26.3245
      vertex 52.8301 4 26.1952
      vertex 52.8673 4 26.3245
    endloop
  endfacet
  facet normal 0.961017 0 -0.276488
    outer loop
      vertex 52.8301 4 26.1952
      vertex 52.8673 0 26.3245
      vertex 52.8301 0 26.1952
    endloop
  endfacet
  facet normal -0.923953 0 0.382505
    outer loop
      vertex 55.0812 0 25.4075
      vertex 55.1327 4 25.5319
      vertex 55.0812 4 25.4075
    endloop
  endfacet
  facet normal -0.923953 0 0.382505
    outer loop
      vertex 55.1327 4 25.5319
      vertex 55.0812 0 25.4075
      vertex 55.1327 0 25.5319
    endloop
  endfacet
  facet normal 0.168015 0 0.985785
    outer loop
      vertex 53.733 4 24.7583
      vertex 53.8656 0 24.7357
      vertex 53.8656 4 24.7357
    endloop
  endfacet
  facet normal 0.168015 0 0.985785
    outer loop
      vertex 53.8656 0 24.7357
      vertex 53.733 4 24.7583
      vertex 53.733 0 24.7583
    endloop
  endfacet
  facet normal -0.875068 0 0.484001
    outer loop
      vertex 55.0161 0 25.2898
      vertex 55.0812 4 25.4075
      vertex 55.0161 4 25.2898
    endloop
  endfacet
  facet normal -0.875068 0 0.484001
    outer loop
      vertex 55.0812 4 25.4075
      vertex 55.0161 0 25.2898
      vertex 55.0812 0 25.4075
    endloop
  endfacet
  facet normal -0.815586 0 0.578635
    outer loop
      vertex 54.9382 0 25.18
      vertex 55.0161 4 25.2898
      vertex 54.9382 4 25.18
    endloop
  endfacet
  facet normal -0.815586 0 0.578635
    outer loop
      vertex 55.0161 4 25.2898
      vertex 54.9382 0 25.18
      vertex 55.0161 0 25.2898
    endloop
  endfacet
  facet normal -0.484001 0 0.875068
    outer loop
      vertex 54.5207 4 24.847
      vertex 54.6384 0 24.9121
      vertex 54.6384 4 24.9121
    endloop
  endfacet
  facet normal -0.484001 0 0.875068
    outer loop
      vertex 54.6384 0 24.9121
      vertex 54.5207 4 24.847
      vertex 54.5207 0 24.847
    endloop
  endfacet
  facet normal 0.815586 0 -0.578635
    outer loop
      vertex 53.0618 0 26.6764
      vertex 52.9839 4 26.5666
      vertex 53.0618 4 26.6764
    endloop
  endfacet
  facet normal 0.815586 0 -0.578635
    outer loop
      vertex 52.9839 4 26.5666
      vertex 53.0618 0 26.6764
      vertex 52.9839 0 26.5666
    endloop
  endfacet
  facet normal -0.923953 0 -0.382505
    outer loop
      vertex 55.1327 0 26.3245
      vertex 55.0812 4 26.4489
      vertex 55.1327 4 26.3245
    endloop
  endfacet
  facet normal -0.923953 -0 -0.382505
    outer loop
      vertex 55.0812 4 26.4489
      vertex 55.1327 0 26.3245
      vertex 55.0812 0 26.4489
    endloop
  endfacet
  facet normal 0.815586 -0 0.578635
    outer loop
      vertex 52.9839 0 25.2898
      vertex 53.0618 4 25.18
      vertex 52.9839 4 25.2898
    endloop
  endfacet
  facet normal 0.815586 0 0.578635
    outer loop
      vertex 53.0618 4 25.18
      vertex 52.9839 0 25.2898
      vertex 53.0618 0 25.18
    endloop
  endfacet
  facet normal -0.998447 0 0.0557169
    outer loop
      vertex 55.1925 0 25.7938
      vertex 55.2 4 25.9282
      vertex 55.1925 4 25.7938
    endloop
  endfacet
  facet normal -0.998447 0 0.0557169
    outer loop
      vertex 55.2 4 25.9282
      vertex 55.1925 0 25.7938
      vertex 55.2 0 25.9282
    endloop
  endfacet
  facet normal 0.923953 0 -0.382505
    outer loop
      vertex 52.9188 0 26.4489
      vertex 52.8673 4 26.3245
      vertex 52.9188 4 26.4489
    endloop
  endfacet
  facet normal 0.923953 0 -0.382505
    outer loop
      vertex 52.8673 4 26.3245
      vertex 52.9188 0 26.4489
      vertex 52.8673 0 26.3245
    endloop
  endfacet
  facet normal -0.961017 0 0.276488
    outer loop
      vertex 55.1327 0 25.5319
      vertex 55.1699 4 25.6612
      vertex 55.1327 4 25.5319
    endloop
  endfacet
  facet normal -0.961017 0 0.276488
    outer loop
      vertex 55.1699 4 25.6612
      vertex 55.1327 0 25.5319
      vertex 55.1699 0 25.6612
    endloop
  endfacet
  facet normal 0.276488 0 -0.961017
    outer loop
      vertex 53.6037 0 27.0609
      vertex 53.733 4 27.0981
      vertex 53.733 0 27.0981
    endloop
  endfacet
  facet normal 0.276488 0 -0.961017
    outer loop
      vertex 53.733 4 27.0981
      vertex 53.6037 0 27.0609
      vertex 53.6037 4 27.0609
    endloop
  endfacet
  facet normal -0.745397 0 0.666621
    outer loop
      vertex 54.8485 0 25.0797
      vertex 54.9382 4 25.18
      vertex 54.8485 4 25.0797
    endloop
  endfacet
  facet normal -0.745397 0 0.666621
    outer loop
      vertex 54.9382 4 25.18
      vertex 54.8485 0 25.0797
      vertex 54.9382 0 25.18
    endloop
  endfacet
  facet normal 0.985785 0 -0.168015
    outer loop
      vertex 52.8301 0 26.1952
      vertex 52.8075 4 26.0626
      vertex 52.8301 4 26.1952
    endloop
  endfacet
  facet normal 0.985785 0 -0.168015
    outer loop
      vertex 52.8075 4 26.0626
      vertex 52.8301 0 26.1952
      vertex 52.8075 0 26.0626
    endloop
  endfacet
  facet normal -0.745397 0 -0.666621
    outer loop
      vertex 54.9382 0 26.6764
      vertex 54.8485 4 26.7767
      vertex 54.9382 4 26.6764
    endloop
  endfacet
  facet normal -0.745397 -0 -0.666621
    outer loop
      vertex 54.8485 4 26.7767
      vertex 54.9382 0 26.6764
      vertex 54.8485 0 26.7767
    endloop
  endfacet
  facet normal -0.382505 0 0.923953
    outer loop
      vertex 54.3963 4 24.7955
      vertex 54.5207 0 24.847
      vertex 54.5207 4 24.847
    endloop
  endfacet
  facet normal -0.382505 0 0.923953
    outer loop
      vertex 54.5207 0 24.847
      vertex 54.3963 4 24.7955
      vertex 54.3963 0 24.7955
    endloop
  endfacet
  facet normal -0.276488 0 0.961017
    outer loop
      vertex 54.267 4 24.7583
      vertex 54.3963 0 24.7955
      vertex 54.3963 4 24.7955
    endloop
  endfacet
  facet normal -0.276488 0 0.961017
    outer loop
      vertex 54.3963 0 24.7955
      vertex 54.267 4 24.7583
      vertex 54.267 0 24.7583
    endloop
  endfacet
  facet normal -0.168015 0 0.985785
    outer loop
      vertex 54.1344 4 24.7357
      vertex 54.267 0 24.7583
      vertex 54.267 4 24.7583
    endloop
  endfacet
  facet normal -0.168015 0 0.985785
    outer loop
      vertex 54.267 0 24.7583
      vertex 54.1344 4 24.7357
      vertex 54.1344 0 24.7357
    endloop
  endfacet
  facet normal 0.923953 -0 0.382505
    outer loop
      vertex 52.8673 0 25.5319
      vertex 52.9188 4 25.4075
      vertex 52.8673 4 25.5319
    endloop
  endfacet
  facet normal 0.923953 0 0.382505
    outer loop
      vertex 52.9188 4 25.4075
      vertex 52.8673 0 25.5319
      vertex 52.9188 0 25.4075
    endloop
  endfacet
  facet normal 0.382505 0 0.923953
    outer loop
      vertex 53.4793 4 24.847
      vertex 53.6037 0 24.7955
      vertex 53.6037 4 24.7955
    endloop
  endfacet
  facet normal 0.382505 0 0.923953
    outer loop
      vertex 53.6037 0 24.7955
      vertex 53.4793 4 24.847
      vertex 53.4793 0 24.847
    endloop
  endfacet
  facet normal 0.484001 0 -0.875068
    outer loop
      vertex 53.3616 0 26.9443
      vertex 53.4793 4 27.0094
      vertex 53.4793 0 27.0094
    endloop
  endfacet
  facet normal 0.484001 0 -0.875068
    outer loop
      vertex 53.4793 4 27.0094
      vertex 53.3616 0 26.9443
      vertex 53.3616 4 26.9443
    endloop
  endfacet
  facet normal -0.985785 0 -0.168015
    outer loop
      vertex 55.1925 0 26.0626
      vertex 55.1699 4 26.1952
      vertex 55.1925 4 26.0626
    endloop
  endfacet
  facet normal -0.985785 -0 -0.168015
    outer loop
      vertex 55.1699 4 26.1952
      vertex 55.1925 0 26.0626
      vertex 55.1699 0 26.1952
    endloop
  endfacet
  facet normal -0.168015 0 -0.985785
    outer loop
      vertex 54.1344 0 27.1207
      vertex 54.267 4 27.0981
      vertex 54.267 0 27.0981
    endloop
  endfacet
  facet normal -0.168015 0 -0.985785
    outer loop
      vertex 54.267 4 27.0981
      vertex 54.1344 0 27.1207
      vertex 54.1344 4 27.1207
    endloop
  endfacet
  facet normal 0.578635 0 0.815586
    outer loop
      vertex 53.2518 4 24.99
      vertex 53.3616 0 24.9121
      vertex 53.3616 4 24.9121
    endloop
  endfacet
  facet normal 0.578635 0 0.815586
    outer loop
      vertex 53.3616 0 24.9121
      vertex 53.2518 4 24.99
      vertex 53.2518 0 24.99
    endloop
  endfacet
  facet normal 0.875068 0 -0.484001
    outer loop
      vertex 52.9839 0 26.5666
      vertex 52.9188 4 26.4489
      vertex 52.9839 4 26.5666
    endloop
  endfacet
  facet normal 0.875068 0 -0.484001
    outer loop
      vertex 52.9188 4 26.4489
      vertex 52.9839 0 26.5666
      vertex 52.9188 0 26.4489
    endloop
  endfacet
  facet normal 0.276488 0 0.961017
    outer loop
      vertex 53.6037 4 24.7955
      vertex 53.733 0 24.7583
      vertex 53.733 4 24.7583
    endloop
  endfacet
  facet normal 0.276488 0 0.961017
    outer loop
      vertex 53.733 0 24.7583
      vertex 53.6037 4 24.7955
      vertex 53.6037 0 24.7955
    endloop
  endfacet
  facet normal -0.666621 0 0.745397
    outer loop
      vertex 54.7482 4 24.99
      vertex 54.8485 0 25.0797
      vertex 54.8485 4 25.0797
    endloop
  endfacet
  facet normal -0.666621 0 0.745397
    outer loop
      vertex 54.8485 0 25.0797
      vertex 54.7482 4 24.99
      vertex 54.7482 0 24.99
    endloop
  endfacet
  facet normal -0.875068 0 -0.484001
    outer loop
      vertex 55.0812 0 26.4489
      vertex 55.0161 4 26.5666
      vertex 55.0812 4 26.4489
    endloop
  endfacet
  facet normal -0.875068 -0 -0.484001
    outer loop
      vertex 55.0161 4 26.5666
      vertex 55.0812 0 26.4489
      vertex 55.0161 0 26.5666
    endloop
  endfacet
  facet normal -0.961017 0 -0.276488
    outer loop
      vertex 55.1699 0 26.1952
      vertex 55.1327 4 26.3245
      vertex 55.1699 4 26.1952
    endloop
  endfacet
  facet normal -0.961017 -0 -0.276488
    outer loop
      vertex 55.1327 4 26.3245
      vertex 55.1699 0 26.1952
      vertex 55.1327 0 26.3245
    endloop
  endfacet
  facet normal 0.0557169 0 -0.998447
    outer loop
      vertex 53.8656 0 27.1207
      vertex 54 4 27.1282
      vertex 54 0 27.1282
    endloop
  endfacet
  facet normal 0.0557169 0 -0.998447
    outer loop
      vertex 54 4 27.1282
      vertex 53.8656 0 27.1207
      vertex 53.8656 4 27.1207
    endloop
  endfacet
  facet normal 0.961017 -0 0.276488
    outer loop
      vertex 52.8301 0 25.6612
      vertex 52.8673 4 25.5319
      vertex 52.8301 4 25.6612
    endloop
  endfacet
  facet normal 0.961017 0 0.276488
    outer loop
      vertex 52.8673 4 25.5319
      vertex 52.8301 0 25.6612
      vertex 52.8673 0 25.5319
    endloop
  endfacet
  facet normal 0.985785 -0 0.168015
    outer loop
      vertex 52.8075 0 25.7938
      vertex 52.8301 4 25.6612
      vertex 52.8075 4 25.7938
    endloop
  endfacet
  facet normal 0.985785 0 0.168015
    outer loop
      vertex 52.8301 4 25.6612
      vertex 52.8075 0 25.7938
      vertex 52.8301 0 25.6612
    endloop
  endfacet
  facet normal -0.578635 0 0.815586
    outer loop
      vertex 54.6384 4 24.9121
      vertex 54.7482 0 24.99
      vertex 54.7482 4 24.99
    endloop
  endfacet
  facet normal -0.578635 0 0.815586
    outer loop
      vertex 54.7482 0 24.99
      vertex 54.6384 4 24.9121
      vertex 54.6384 0 24.9121
    endloop
  endfacet
  facet normal 0.666621 0 0.745397
    outer loop
      vertex 53.1515 4 25.0797
      vertex 53.2518 0 24.99
      vertex 53.2518 4 24.99
    endloop
  endfacet
  facet normal 0.666621 0 0.745397
    outer loop
      vertex 53.2518 0 24.99
      vertex 53.1515 4 25.0797
      vertex 53.1515 0 25.0797
    endloop
  endfacet
  facet normal -0.276488 0 -0.961017
    outer loop
      vertex 54.267 0 27.0981
      vertex 54.3963 4 27.0609
      vertex 54.3963 0 27.0609
    endloop
  endfacet
  facet normal -0.276488 0 -0.961017
    outer loop
      vertex 54.3963 4 27.0609
      vertex 54.267 0 27.0981
      vertex 54.267 4 27.0981
    endloop
  endfacet
  facet normal 0.875068 -0 0.484001
    outer loop
      vertex 52.9188 0 25.4075
      vertex 52.9839 4 25.2898
      vertex 52.9188 4 25.4075
    endloop
  endfacet
  facet normal 0.875068 0 0.484001
    outer loop
      vertex 52.9839 4 25.2898
      vertex 52.9188 0 25.4075
      vertex 52.9839 0 25.2898
    endloop
  endfacet
  facet normal 0.745397 0 -0.666621
    outer loop
      vertex 53.1515 0 26.7767
      vertex 53.0618 4 26.6764
      vertex 53.1515 4 26.7767
    endloop
  endfacet
  facet normal 0.745397 0 -0.666621
    outer loop
      vertex 53.0618 4 26.6764
      vertex 53.1515 0 26.7767
      vertex 53.0618 0 26.6764
    endloop
  endfacet
  facet normal 0.0557169 0 0.998447
    outer loop
      vertex 53.8656 4 24.7357
      vertex 54 0 24.7282
      vertex 54 4 24.7282
    endloop
  endfacet
  facet normal 0.0557169 0 0.998447
    outer loop
      vertex 54 0 24.7282
      vertex 53.8656 4 24.7357
      vertex 53.8656 0 24.7357
    endloop
  endfacet
  facet normal 0.998447 0 -0.0557169
    outer loop
      vertex 52.8075 0 26.0626
      vertex 52.8 4 25.9282
      vertex 52.8075 4 26.0626
    endloop
  endfacet
  facet normal 0.998447 0 -0.0557169
    outer loop
      vertex 52.8 4 25.9282
      vertex 52.8075 0 26.0626
      vertex 52.8 0 25.9282
    endloop
  endfacet
  facet normal -0.382505 0 -0.923953
    outer loop
      vertex 54.3963 0 27.0609
      vertex 54.5207 4 27.0094
      vertex 54.5207 0 27.0094
    endloop
  endfacet
  facet normal -0.382505 0 -0.923953
    outer loop
      vertex 54.5207 4 27.0094
      vertex 54.3963 0 27.0609
      vertex 54.3963 4 27.0609
    endloop
  endfacet
  facet normal -0.484001 0 -0.875068
    outer loop
      vertex 54.5207 0 27.0094
      vertex 54.6384 4 26.9443
      vertex 54.6384 0 26.9443
    endloop
  endfacet
  facet normal -0.484001 0 -0.875068
    outer loop
      vertex 54.6384 4 26.9443
      vertex 54.5207 0 27.0094
      vertex 54.5207 4 27.0094
    endloop
  endfacet
  facet normal 0.666621 0 -0.745397
    outer loop
      vertex 53.1515 0 26.7767
      vertex 53.2518 4 26.8664
      vertex 53.2518 0 26.8664
    endloop
  endfacet
  facet normal 0.666621 0 -0.745397
    outer loop
      vertex 53.2518 4 26.8664
      vertex 53.1515 0 26.7767
      vertex 53.1515 4 26.7767
    endloop
  endfacet
  facet normal 0.484001 0 0.875068
    outer loop
      vertex 53.3616 4 24.9121
      vertex 53.4793 0 24.847
      vertex 53.4793 4 24.847
    endloop
  endfacet
  facet normal 0.484001 0 0.875068
    outer loop
      vertex 53.4793 0 24.847
      vertex 53.3616 4 24.9121
      vertex 53.3616 0 24.9121
    endloop
  endfacet
  facet normal 0.745397 -0 0.666621
    outer loop
      vertex 53.0618 0 25.18
      vertex 53.1515 4 25.0797
      vertex 53.0618 4 25.18
    endloop
  endfacet
  facet normal 0.745397 0 0.666621
    outer loop
      vertex 53.1515 4 25.0797
      vertex 53.0618 0 25.18
      vertex 53.1515 0 25.0797
    endloop
  endfacet
  facet normal 0.168015 0 -0.985785
    outer loop
      vertex 53.733 0 27.0981
      vertex 53.8656 4 27.1207
      vertex 53.8656 0 27.1207
    endloop
  endfacet
  facet normal 0.168015 0 -0.985785
    outer loop
      vertex 53.8656 4 27.1207
      vertex 53.733 0 27.0981
      vertex 53.733 4 27.0981
    endloop
  endfacet
  facet normal 0.578635 0 -0.815586
    outer loop
      vertex 53.2518 0 26.8664
      vertex 53.3616 4 26.9443
      vertex 53.3616 0 26.9443
    endloop
  endfacet
  facet normal 0.578635 0 -0.815586
    outer loop
      vertex 53.3616 4 26.9443
      vertex 53.2518 0 26.8664
      vertex 53.2518 4 26.8664
    endloop
  endfacet
  facet normal -0.985785 0 0.168015
    outer loop
      vertex 51.1699 0 18.733
      vertex 51.1925 4 18.8656
      vertex 51.1699 4 18.733
    endloop
  endfacet
  facet normal -0.985785 0 0.168015
    outer loop
      vertex 51.1925 4 18.8656
      vertex 51.1699 0 18.733
      vertex 51.1925 0 18.8656
    endloop
  endfacet
  facet normal -0.0557169 0 0.998447
    outer loop
      vertex 50 4 17.8
      vertex 50.1344 0 17.8075
      vertex 50.1344 4 17.8075
    endloop
  endfacet
  facet normal -0.0557169 0 0.998447
    outer loop
      vertex 50.1344 0 17.8075
      vertex 50 4 17.8
      vertex 50 0 17.8
    endloop
  endfacet
  facet normal -0.745397 0 0.666621
    outer loop
      vertex 50.8485 0 18.1515
      vertex 50.9382 4 18.2518
      vertex 50.8485 4 18.1515
    endloop
  endfacet
  facet normal -0.745397 0 0.666621
    outer loop
      vertex 50.9382 4 18.2518
      vertex 50.8485 0 18.1515
      vertex 50.9382 0 18.2518
    endloop
  endfacet
  facet normal -0.745397 0 -0.666621
    outer loop
      vertex 50.9382 0 19.7482
      vertex 50.8485 4 19.8485
      vertex 50.9382 4 19.7482
    endloop
  endfacet
  facet normal -0.745397 -0 -0.666621
    outer loop
      vertex 50.8485 4 19.8485
      vertex 50.9382 0 19.7482
      vertex 50.8485 0 19.8485
    endloop
  endfacet
  facet normal 0.0557169 0 -0.998447
    outer loop
      vertex 49.8656 0 20.1925
      vertex 50 4 20.2
      vertex 50 0 20.2
    endloop
  endfacet
  facet normal 0.0557169 0 -0.998447
    outer loop
      vertex 50 4 20.2
      vertex 49.8656 0 20.1925
      vertex 49.8656 4 20.1925
    endloop
  endfacet
  facet normal 0.985785 0 -0.168015
    outer loop
      vertex 48.8301 0 19.267
      vertex 48.8075 4 19.1344
      vertex 48.8301 4 19.267
    endloop
  endfacet
  facet normal 0.985785 0 -0.168015
    outer loop
      vertex 48.8075 4 19.1344
      vertex 48.8301 0 19.267
      vertex 48.8075 0 19.1344
    endloop
  endfacet
  facet normal 0.998447 -0 0.0557169
    outer loop
      vertex 48.8 0 19
      vertex 48.8075 4 18.8656
      vertex 48.8 4 19
    endloop
  endfacet
  facet normal 0.998447 0 0.0557169
    outer loop
      vertex 48.8075 4 18.8656
      vertex 48.8 0 19
      vertex 48.8075 0 18.8656
    endloop
  endfacet
  facet normal 0.875068 -0 0.484001
    outer loop
      vertex 48.9188 0 18.4793
      vertex 48.9839 4 18.3616
      vertex 48.9188 4 18.4793
    endloop
  endfacet
  facet normal 0.875068 0 0.484001
    outer loop
      vertex 48.9839 4 18.3616
      vertex 48.9188 0 18.4793
      vertex 48.9839 0 18.3616
    endloop
  endfacet
  facet normal -0.276488 0 0.961017
    outer loop
      vertex 50.267 4 17.8301
      vertex 50.3963 0 17.8673
      vertex 50.3963 4 17.8673
    endloop
  endfacet
  facet normal -0.276488 0 0.961017
    outer loop
      vertex 50.3963 0 17.8673
      vertex 50.267 4 17.8301
      vertex 50.267 0 17.8301
    endloop
  endfacet
  facet normal -0.998447 0 -0.0557169
    outer loop
      vertex 51.2 0 19
      vertex 51.1925 4 19.1344
      vertex 51.2 4 19
    endloop
  endfacet
  facet normal -0.998447 -0 -0.0557169
    outer loop
      vertex 51.1925 4 19.1344
      vertex 51.2 0 19
      vertex 51.1925 0 19.1344
    endloop
  endfacet
  facet normal 0.276488 0 -0.961017
    outer loop
      vertex 49.6037 0 20.1327
      vertex 49.733 4 20.1699
      vertex 49.733 0 20.1699
    endloop
  endfacet
  facet normal 0.276488 0 -0.961017
    outer loop
      vertex 49.733 4 20.1699
      vertex 49.6037 0 20.1327
      vertex 49.6037 4 20.1327
    endloop
  endfacet
  facet normal -0.484001 0 0.875068
    outer loop
      vertex 50.5207 4 17.9188
      vertex 50.6384 0 17.9839
      vertex 50.6384 4 17.9839
    endloop
  endfacet
  facet normal -0.484001 0 0.875068
    outer loop
      vertex 50.6384 0 17.9839
      vertex 50.5207 4 17.9188
      vertex 50.5207 0 17.9188
    endloop
  endfacet
  facet normal -0.998447 0 0.0557169
    outer loop
      vertex 51.1925 0 18.8656
      vertex 51.2 4 19
      vertex 51.1925 4 18.8656
    endloop
  endfacet
  facet normal -0.998447 0 0.0557169
    outer loop
      vertex 51.2 4 19
      vertex 51.1925 0 18.8656
      vertex 51.2 0 19
    endloop
  endfacet
  facet normal 0.961017 -0 0.276488
    outer loop
      vertex 48.8301 0 18.733
      vertex 48.8673 4 18.6037
      vertex 48.8301 4 18.733
    endloop
  endfacet
  facet normal 0.961017 0 0.276488
    outer loop
      vertex 48.8673 4 18.6037
      vertex 48.8301 0 18.733
      vertex 48.8673 0 18.6037
    endloop
  endfacet
  facet normal -0.875068 0 -0.484001
    outer loop
      vertex 51.0812 0 19.5207
      vertex 51.0161 4 19.6384
      vertex 51.0812 4 19.5207
    endloop
  endfacet
  facet normal -0.875068 -0 -0.484001
    outer loop
      vertex 51.0161 4 19.6384
      vertex 51.0812 0 19.5207
      vertex 51.0161 0 19.6384
    endloop
  endfacet
  facet normal -0.923953 0 0.382505
    outer loop
      vertex 51.0812 0 18.4793
      vertex 51.1327 4 18.6037
      vertex 51.0812 4 18.4793
    endloop
  endfacet
  facet normal -0.923953 0 0.382505
    outer loop
      vertex 51.1327 4 18.6037
      vertex 51.0812 0 18.4793
      vertex 51.1327 0 18.6037
    endloop
  endfacet
  facet normal -0.168015 0 -0.985785
    outer loop
      vertex 50.1344 0 20.1925
      vertex 50.267 4 20.1699
      vertex 50.267 0 20.1699
    endloop
  endfacet
  facet normal -0.168015 0 -0.985785
    outer loop
      vertex 50.267 4 20.1699
      vertex 50.1344 0 20.1925
      vertex 50.1344 4 20.1925
    endloop
  endfacet
  facet normal -0.875068 0 0.484001
    outer loop
      vertex 51.0161 0 18.3616
      vertex 51.0812 4 18.4793
      vertex 51.0161 4 18.3616
    endloop
  endfacet
  facet normal -0.875068 0 0.484001
    outer loop
      vertex 51.0812 4 18.4793
      vertex 51.0161 0 18.3616
      vertex 51.0812 0 18.4793
    endloop
  endfacet
  facet normal 0.923953 -0 0.382505
    outer loop
      vertex 48.8673 0 18.6037
      vertex 48.9188 4 18.4793
      vertex 48.8673 4 18.6037
    endloop
  endfacet
  facet normal 0.923953 0 0.382505
    outer loop
      vertex 48.9188 4 18.4793
      vertex 48.8673 0 18.6037
      vertex 48.9188 0 18.4793
    endloop
  endfacet
  facet normal -0.961017 0 0.276488
    outer loop
      vertex 51.1327 0 18.6037
      vertex 51.1699 4 18.733
      vertex 51.1327 4 18.6037
    endloop
  endfacet
  facet normal -0.961017 0 0.276488
    outer loop
      vertex 51.1699 4 18.733
      vertex 51.1327 0 18.6037
      vertex 51.1699 0 18.733
    endloop
  endfacet
  facet normal 0.961017 0 -0.276488
    outer loop
      vertex 48.8673 0 19.3963
      vertex 48.8301 4 19.267
      vertex 48.8673 4 19.3963
    endloop
  endfacet
  facet normal 0.961017 0 -0.276488
    outer loop
      vertex 48.8301 4 19.267
      vertex 48.8673 0 19.3963
      vertex 48.8301 0 19.267
    endloop
  endfacet
  facet normal 0.985785 -0 0.168015
    outer loop
      vertex 48.8075 0 18.8656
      vertex 48.8301 4 18.733
      vertex 48.8075 4 18.8656
    endloop
  endfacet
  facet normal 0.985785 0 0.168015
    outer loop
      vertex 48.8301 4 18.733
      vertex 48.8075 0 18.8656
      vertex 48.8301 0 18.733
    endloop
  endfacet
  facet normal -0.276488 0 -0.961017
    outer loop
      vertex 50.267 0 20.1699
      vertex 50.3963 4 20.1327
      vertex 50.3963 0 20.1327
    endloop
  endfacet
  facet normal -0.276488 0 -0.961017
    outer loop
      vertex 50.3963 4 20.1327
      vertex 50.267 0 20.1699
      vertex 50.267 4 20.1699
    endloop
  endfacet
  facet normal 0.666621 0 0.745397
    outer loop
      vertex 49.1515 4 18.1515
      vertex 49.2518 0 18.0618
      vertex 49.2518 4 18.0618
    endloop
  endfacet
  facet normal 0.666621 0 0.745397
    outer loop
      vertex 49.2518 0 18.0618
      vertex 49.1515 4 18.1515
      vertex 49.1515 0 18.1515
    endloop
  endfacet
  facet normal 0.666621 0 -0.745397
    outer loop
      vertex 49.1515 0 19.8485
      vertex 49.2518 4 19.9382
      vertex 49.2518 0 19.9382
    endloop
  endfacet
  facet normal 0.666621 0 -0.745397
    outer loop
      vertex 49.2518 4 19.9382
      vertex 49.1515 0 19.8485
      vertex 49.1515 4 19.8485
    endloop
  endfacet
  facet normal -0.0557169 0 -0.998447
    outer loop
      vertex 50 0 20.2
      vertex 50.1344 4 20.1925
      vertex 50.1344 0 20.1925
    endloop
  endfacet
  facet normal -0.0557169 0 -0.998447
    outer loop
      vertex 50.1344 4 20.1925
      vertex 50 0 20.2
      vertex 50 4 20.2
    endloop
  endfacet
  facet normal -0.168015 0 0.985785
    outer loop
      vertex 50.1344 4 17.8075
      vertex 50.267 0 17.8301
      vertex 50.267 4 17.8301
    endloop
  endfacet
  facet normal -0.168015 0 0.985785
    outer loop
      vertex 50.267 0 17.8301
      vertex 50.1344 4 17.8075
      vertex 50.1344 0 17.8075
    endloop
  endfacet
  facet normal 0.382505 0 0.923953
    outer loop
      vertex 49.4793 4 17.9188
      vertex 49.6037 0 17.8673
      vertex 49.6037 4 17.8673
    endloop
  endfacet
  facet normal 0.382505 0 0.923953
    outer loop
      vertex 49.6037 0 17.8673
      vertex 49.4793 4 17.9188
      vertex 49.4793 0 17.9188
    endloop
  endfacet
  facet normal 0.382505 0 -0.923953
    outer loop
      vertex 49.4793 0 20.0812
      vertex 49.6037 4 20.1327
      vertex 49.6037 0 20.1327
    endloop
  endfacet
  facet normal 0.382505 0 -0.923953
    outer loop
      vertex 49.6037 4 20.1327
      vertex 49.4793 0 20.0812
      vertex 49.4793 4 20.0812
    endloop
  endfacet
  facet normal -0.985785 0 -0.168015
    outer loop
      vertex 51.1925 0 19.1344
      vertex 51.1699 4 19.267
      vertex 51.1925 4 19.1344
    endloop
  endfacet
  facet normal -0.985785 -0 -0.168015
    outer loop
      vertex 51.1699 4 19.267
      vertex 51.1925 0 19.1344
      vertex 51.1699 0 19.267
    endloop
  endfacet
  facet normal 0.168015 0 0.985785
    outer loop
      vertex 49.733 4 17.8301
      vertex 49.8656 0 17.8075
      vertex 49.8656 4 17.8075
    endloop
  endfacet
  facet normal 0.168015 0 0.985785
    outer loop
      vertex 49.8656 0 17.8075
      vertex 49.733 4 17.8301
      vertex 49.733 0 17.8301
    endloop
  endfacet
  facet normal 0.923953 0 -0.382505
    outer loop
      vertex 48.9188 0 19.5207
      vertex 48.8673 4 19.3963
      vertex 48.9188 4 19.5207
    endloop
  endfacet
  facet normal 0.923953 0 -0.382505
    outer loop
      vertex 48.8673 4 19.3963
      vertex 48.9188 0 19.5207
      vertex 48.8673 0 19.3963
    endloop
  endfacet
  facet normal 0.276488 0 0.961017
    outer loop
      vertex 49.6037 4 17.8673
      vertex 49.733 0 17.8301
      vertex 49.733 4 17.8301
    endloop
  endfacet
  facet normal 0.276488 0 0.961017
    outer loop
      vertex 49.733 0 17.8301
      vertex 49.6037 4 17.8673
      vertex 49.6037 0 17.8673
    endloop
  endfacet
  facet normal -0.815586 0 0.578635
    outer loop
      vertex 50.9382 0 18.2518
      vertex 51.0161 4 18.3616
      vertex 50.9382 4 18.2518
    endloop
  endfacet
  facet normal -0.815586 0 0.578635
    outer loop
      vertex 51.0161 4 18.3616
      vertex 50.9382 0 18.2518
      vertex 51.0161 0 18.3616
    endloop
  endfacet
  facet normal -0.815586 0 -0.578635
    outer loop
      vertex 51.0161 0 19.6384
      vertex 50.9382 4 19.7482
      vertex 51.0161 4 19.6384
    endloop
  endfacet
  facet normal -0.815586 -0 -0.578635
    outer loop
      vertex 50.9382 4 19.7482
      vertex 51.0161 0 19.6384
      vertex 50.9382 0 19.7482
    endloop
  endfacet
  facet normal -0.382505 0 0.923953
    outer loop
      vertex 50.3963 4 17.8673
      vertex 50.5207 0 17.9188
      vertex 50.5207 4 17.9188
    endloop
  endfacet
  facet normal -0.382505 0 0.923953
    outer loop
      vertex 50.5207 0 17.9188
      vertex 50.3963 4 17.8673
      vertex 50.3963 0 17.8673
    endloop
  endfacet
  facet normal -0.961017 0 -0.276488
    outer loop
      vertex 51.1699 0 19.267
      vertex 51.1327 4 19.3963
      vertex 51.1699 4 19.267
    endloop
  endfacet
  facet normal -0.961017 -0 -0.276488
    outer loop
      vertex 51.1327 4 19.3963
      vertex 51.1699 0 19.267
      vertex 51.1327 0 19.3963
    endloop
  endfacet
  facet normal 0.875068 0 -0.484001
    outer loop
      vertex 48.9839 0 19.6384
      vertex 48.9188 4 19.5207
      vertex 48.9839 4 19.6384
    endloop
  endfacet
  facet normal 0.875068 0 -0.484001
    outer loop
      vertex 48.9188 4 19.5207
      vertex 48.9839 0 19.6384
      vertex 48.9188 0 19.5207
    endloop
  endfacet
  facet normal -0.923953 0 -0.382505
    outer loop
      vertex 51.1327 0 19.3963
      vertex 51.0812 4 19.5207
      vertex 51.1327 4 19.3963
    endloop
  endfacet
  facet normal -0.923953 -0 -0.382505
    outer loop
      vertex 51.0812 4 19.5207
      vertex 51.1327 0 19.3963
      vertex 51.0812 0 19.5207
    endloop
  endfacet
  facet normal 0.578635 0 0.815586
    outer loop
      vertex 49.2518 4 18.0618
      vertex 49.3616 0 17.9839
      vertex 49.3616 4 17.9839
    endloop
  endfacet
  facet normal 0.578635 0 0.815586
    outer loop
      vertex 49.3616 0 17.9839
      vertex 49.2518 4 18.0618
      vertex 49.2518 0 18.0618
    endloop
  endfacet
  facet normal 0.484001 0 0.875068
    outer loop
      vertex 49.3616 4 17.9839
      vertex 49.4793 0 17.9188
      vertex 49.4793 4 17.9188
    endloop
  endfacet
  facet normal 0.484001 0 0.875068
    outer loop
      vertex 49.4793 0 17.9188
      vertex 49.3616 4 17.9839
      vertex 49.3616 0 17.9839
    endloop
  endfacet
  facet normal -0.578635 0 0.815586
    outer loop
      vertex 50.6384 4 17.9839
      vertex 50.7482 0 18.0618
      vertex 50.7482 4 18.0618
    endloop
  endfacet
  facet normal -0.578635 0 0.815586
    outer loop
      vertex 50.7482 0 18.0618
      vertex 50.6384 4 17.9839
      vertex 50.6384 0 17.9839
    endloop
  endfacet
  facet normal 0.815586 -0 0.578635
    outer loop
      vertex 48.9839 0 18.3616
      vertex 49.0618 4 18.2518
      vertex 48.9839 4 18.3616
    endloop
  endfacet
  facet normal 0.815586 0 0.578635
    outer loop
      vertex 49.0618 4 18.2518
      vertex 48.9839 0 18.3616
      vertex 49.0618 0 18.2518
    endloop
  endfacet
  facet normal -0.666621 0 0.745397
    outer loop
      vertex 50.7482 4 18.0618
      vertex 50.8485 0 18.1515
      vertex 50.8485 4 18.1515
    endloop
  endfacet
  facet normal -0.666621 0 0.745397
    outer loop
      vertex 50.8485 0 18.1515
      vertex 50.7482 4 18.0618
      vertex 50.7482 0 18.0618
    endloop
  endfacet
  facet normal 0.815586 0 -0.578635
    outer loop
      vertex 49.0618 0 19.7482
      vertex 48.9839 4 19.6384
      vertex 49.0618 4 19.7482
    endloop
  endfacet
  facet normal 0.815586 0 -0.578635
    outer loop
      vertex 48.9839 4 19.6384
      vertex 49.0618 0 19.7482
      vertex 48.9839 0 19.6384
    endloop
  endfacet
  facet normal 0.745397 0 -0.666621
    outer loop
      vertex 49.1515 0 19.8485
      vertex 49.0618 4 19.7482
      vertex 49.1515 4 19.8485
    endloop
  endfacet
  facet normal 0.745397 0 -0.666621
    outer loop
      vertex 49.0618 4 19.7482
      vertex 49.1515 0 19.8485
      vertex 49.0618 0 19.7482
    endloop
  endfacet
  facet normal 0.0557169 0 0.998447
    outer loop
      vertex 49.8656 4 17.8075
      vertex 50 0 17.8
      vertex 50 4 17.8
    endloop
  endfacet
  facet normal 0.0557169 0 0.998447
    outer loop
      vertex 50 0 17.8
      vertex 49.8656 4 17.8075
      vertex 49.8656 0 17.8075
    endloop
  endfacet
  facet normal -0.382505 0 -0.923953
    outer loop
      vertex 50.3963 0 20.1327
      vertex 50.5207 4 20.0812
      vertex 50.5207 0 20.0812
    endloop
  endfacet
  facet normal -0.382505 0 -0.923953
    outer loop
      vertex 50.5207 4 20.0812
      vertex 50.3963 0 20.1327
      vertex 50.3963 4 20.1327
    endloop
  endfacet
  facet normal -0.484001 0 -0.875068
    outer loop
      vertex 50.5207 0 20.0812
      vertex 50.6384 4 20.0161
      vertex 50.6384 0 20.0161
    endloop
  endfacet
  facet normal -0.484001 0 -0.875068
    outer loop
      vertex 50.6384 4 20.0161
      vertex 50.5207 0 20.0812
      vertex 50.5207 4 20.0812
    endloop
  endfacet
  facet normal 0.998447 0 -0.0557169
    outer loop
      vertex 48.8075 0 19.1344
      vertex 48.8 4 19
      vertex 48.8075 4 19.1344
    endloop
  endfacet
  facet normal 0.998447 0 -0.0557169
    outer loop
      vertex 48.8 4 19
      vertex 48.8075 0 19.1344
      vertex 48.8 0 19
    endloop
  endfacet
  facet normal 0.484001 0 -0.875068
    outer loop
      vertex 49.3616 0 20.0161
      vertex 49.4793 4 20.0812
      vertex 49.4793 0 20.0812
    endloop
  endfacet
  facet normal 0.484001 0 -0.875068
    outer loop
      vertex 49.4793 4 20.0812
      vertex 49.3616 0 20.0161
      vertex 49.3616 4 20.0161
    endloop
  endfacet
  facet normal -0.578635 0 -0.815586
    outer loop
      vertex 50.6384 0 20.0161
      vertex 50.7482 4 19.9382
      vertex 50.7482 0 19.9382
    endloop
  endfacet
  facet normal -0.578635 0 -0.815586
    outer loop
      vertex 50.7482 4 19.9382
      vertex 50.6384 0 20.0161
      vertex 50.6384 4 20.0161
    endloop
  endfacet
  facet normal 0.745397 -0 0.666621
    outer loop
      vertex 49.0618 0 18.2518
      vertex 49.1515 4 18.1515
      vertex 49.0618 4 18.2518
    endloop
  endfacet
  facet normal 0.745397 0 0.666621
    outer loop
      vertex 49.1515 4 18.1515
      vertex 49.0618 0 18.2518
      vertex 49.1515 0 18.1515
    endloop
  endfacet
  facet normal 0.168015 0 -0.985785
    outer loop
      vertex 49.733 0 20.1699
      vertex 49.8656 4 20.1925
      vertex 49.8656 0 20.1925
    endloop
  endfacet
  facet normal 0.168015 0 -0.985785
    outer loop
      vertex 49.8656 4 20.1925
      vertex 49.733 0 20.1699
      vertex 49.733 4 20.1699
    endloop
  endfacet
  facet normal -0.666621 0 -0.745397
    outer loop
      vertex 50.7482 0 19.9382
      vertex 50.8485 4 19.8485
      vertex 50.8485 0 19.8485
    endloop
  endfacet
  facet normal -0.666621 0 -0.745397
    outer loop
      vertex 50.8485 4 19.8485
      vertex 50.7482 0 19.9382
      vertex 50.7482 4 19.9382
    endloop
  endfacet
  facet normal 0.578635 0 -0.815586
    outer loop
      vertex 49.2518 0 19.9382
      vertex 49.3616 4 20.0161
      vertex 49.3616 0 20.0161
    endloop
  endfacet
  facet normal 0.578635 0 -0.815586
    outer loop
      vertex 49.3616 4 20.0161
      vertex 49.2518 0 19.9382
      vertex 49.2518 4 19.9382
    endloop
  endfacet
  facet normal -0.985785 0 0.168015
    outer loop
      vertex 55.1699 0 11.8048
      vertex 55.1925 4 11.9374
      vertex 55.1699 4 11.8048
    endloop
  endfacet
  facet normal -0.985785 0 0.168015
    outer loop
      vertex 55.1925 4 11.9374
      vertex 55.1699 0 11.8048
      vertex 55.1925 0 11.9374
    endloop
  endfacet
  facet normal -0.168015 0 0.985785
    outer loop
      vertex 54.1344 4 10.8793
      vertex 54.267 0 10.9019
      vertex 54.267 4 10.9019
    endloop
  endfacet
  facet normal -0.168015 0 0.985785
    outer loop
      vertex 54.267 0 10.9019
      vertex 54.1344 4 10.8793
      vertex 54.1344 0 10.8793
    endloop
  endfacet
  facet normal -0.815586 0 -0.578635
    outer loop
      vertex 55.0161 0 12.7102
      vertex 54.9382 4 12.82
      vertex 55.0161 4 12.7102
    endloop
  endfacet
  facet normal -0.815586 -0 -0.578635
    outer loop
      vertex 54.9382 4 12.82
      vertex 55.0161 0 12.7102
      vertex 54.9382 0 12.82
    endloop
  endfacet
  facet normal -0.0557169 0 -0.998447
    outer loop
      vertex 54 0 13.2718
      vertex 54.1344 4 13.2643
      vertex 54.1344 0 13.2643
    endloop
  endfacet
  facet normal -0.0557169 0 -0.998447
    outer loop
      vertex 54.1344 4 13.2643
      vertex 54 0 13.2718
      vertex 54 4 13.2718
    endloop
  endfacet
  facet normal 0.382505 0 -0.923953
    outer loop
      vertex 53.4793 0 13.153
      vertex 53.6037 4 13.2045
      vertex 53.6037 0 13.2045
    endloop
  endfacet
  facet normal 0.382505 0 -0.923953
    outer loop
      vertex 53.6037 4 13.2045
      vertex 53.4793 0 13.153
      vertex 53.4793 4 13.153
    endloop
  endfacet
  facet normal 0.666621 0 0.745397
    outer loop
      vertex 53.1515 4 11.2233
      vertex 53.2518 0 11.1336
      vertex 53.2518 4 11.1336
    endloop
  endfacet
  facet normal 0.666621 0 0.745397
    outer loop
      vertex 53.2518 0 11.1336
      vertex 53.1515 4 11.2233
      vertex 53.1515 0 11.2233
    endloop
  endfacet
  facet normal -0.923953 0 0.382505
    outer loop
      vertex 55.0812 0 11.5511
      vertex 55.1327 4 11.6755
      vertex 55.0812 4 11.5511
    endloop
  endfacet
  facet normal -0.923953 0 0.382505
    outer loop
      vertex 55.1327 4 11.6755
      vertex 55.0812 0 11.5511
      vertex 55.1327 0 11.6755
    endloop
  endfacet
  facet normal 0.168015 0 0.985785
    outer loop
      vertex 53.733 4 10.9019
      vertex 53.8656 0 10.8793
      vertex 53.8656 4 10.8793
    endloop
  endfacet
  facet normal 0.168015 0 0.985785
    outer loop
      vertex 53.8656 0 10.8793
      vertex 53.733 4 10.9019
      vertex 53.733 0 10.9019
    endloop
  endfacet
  facet normal -0.875068 0 0.484001
    outer loop
      vertex 55.0161 0 11.4334
      vertex 55.0812 4 11.5511
      vertex 55.0161 4 11.4334
    endloop
  endfacet
  facet normal -0.875068 0 0.484001
    outer loop
      vertex 55.0812 4 11.5511
      vertex 55.0161 0 11.4334
      vertex 55.0812 0 11.5511
    endloop
  endfacet
  facet normal -0.815586 0 0.578635
    outer loop
      vertex 54.9382 0 11.3236
      vertex 55.0161 4 11.4334
      vertex 54.9382 4 11.3236
    endloop
  endfacet
  facet normal -0.815586 0 0.578635
    outer loop
      vertex 55.0161 4 11.4334
      vertex 54.9382 0 11.3236
      vertex 55.0161 0 11.4334
    endloop
  endfacet
  facet normal 0.745397 0 -0.666621
    outer loop
      vertex 53.1515 0 12.9203
      vertex 53.0618 4 12.82
      vertex 53.1515 4 12.9203
    endloop
  endfacet
  facet normal 0.745397 0 -0.666621
    outer loop
      vertex 53.0618 4 12.82
      vertex 53.1515 0 12.9203
      vertex 53.0618 0 12.82
    endloop
  endfacet
  facet normal -0.923953 0 -0.382505
    outer loop
      vertex 55.1327 0 12.4681
      vertex 55.0812 4 12.5925
      vertex 55.1327 4 12.4681
    endloop
  endfacet
  facet normal -0.923953 -0 -0.382505
    outer loop
      vertex 55.0812 4 12.5925
      vertex 55.1327 0 12.4681
      vertex 55.0812 0 12.5925
    endloop
  endfacet
  facet normal -0.998447 0 0.0557169
    outer loop
      vertex 55.1925 0 11.9374
      vertex 55.2 4 12.0718
      vertex 55.1925 4 11.9374
    endloop
  endfacet
  facet normal -0.998447 0 0.0557169
    outer loop
      vertex 55.2 4 12.0718
      vertex 55.1925 0 11.9374
      vertex 55.2 0 12.0718
    endloop
  endfacet
  facet normal 0.923953 0 -0.382505
    outer loop
      vertex 52.9188 0 12.5925
      vertex 52.8673 4 12.4681
      vertex 52.9188 4 12.5925
    endloop
  endfacet
  facet normal 0.923953 0 -0.382505
    outer loop
      vertex 52.8673 4 12.4681
      vertex 52.9188 0 12.5925
      vertex 52.8673 0 12.4681
    endloop
  endfacet
  facet normal -0.578635 0 0.815586
    outer loop
      vertex 54.6384 4 11.0557
      vertex 54.7482 0 11.1336
      vertex 54.7482 4 11.1336
    endloop
  endfacet
  facet normal -0.578635 0 0.815586
    outer loop
      vertex 54.7482 0 11.1336
      vertex 54.6384 4 11.0557
      vertex 54.6384 0 11.0557
    endloop
  endfacet
  facet normal -0.961017 0 0.276488
    outer loop
      vertex 55.1327 0 11.6755
      vertex 55.1699 4 11.8048
      vertex 55.1327 4 11.6755
    endloop
  endfacet
  facet normal -0.961017 0 0.276488
    outer loop
      vertex 55.1699 4 11.8048
      vertex 55.1327 0 11.6755
      vertex 55.1699 0 11.8048
    endloop
  endfacet
  facet normal 0.961017 0 -0.276488
    outer loop
      vertex 52.8673 0 12.4681
      vertex 52.8301 4 12.3388
      vertex 52.8673 4 12.4681
    endloop
  endfacet
  facet normal 0.961017 0 -0.276488
    outer loop
      vertex 52.8301 4 12.3388
      vertex 52.8673 0 12.4681
      vertex 52.8301 0 12.3388
    endloop
  endfacet
  facet normal 0.815586 -0 0.578635
    outer loop
      vertex 52.9839 0 11.4334
      vertex 53.0618 4 11.3236
      vertex 52.9839 4 11.4334
    endloop
  endfacet
  facet normal 0.815586 0 0.578635
    outer loop
      vertex 53.0618 4 11.3236
      vertex 52.9839 0 11.4334
      vertex 53.0618 0 11.3236
    endloop
  endfacet
  facet normal 0.276488 0 -0.961017
    outer loop
      vertex 53.6037 0 13.2045
      vertex 53.733 4 13.2417
      vertex 53.733 0 13.2417
    endloop
  endfacet
  facet normal 0.276488 0 -0.961017
    outer loop
      vertex 53.733 4 13.2417
      vertex 53.6037 0 13.2045
      vertex 53.6037 4 13.2045
    endloop
  endfacet
  facet normal -0.382505 0 0.923953
    outer loop
      vertex 54.3963 4 10.9391
      vertex 54.5207 0 10.9906
      vertex 54.5207 4 10.9906
    endloop
  endfacet
  facet normal -0.382505 0 0.923953
    outer loop
      vertex 54.5207 0 10.9906
      vertex 54.3963 4 10.9391
      vertex 54.3963 0 10.9391
    endloop
  endfacet
  facet normal -0.745397 0 0.666621
    outer loop
      vertex 54.8485 0 11.2233
      vertex 54.9382 4 11.3236
      vertex 54.8485 4 11.2233
    endloop
  endfacet
  facet normal -0.745397 0 0.666621
    outer loop
      vertex 54.9382 4 11.3236
      vertex 54.8485 0 11.2233
      vertex 54.9382 0 11.3236
    endloop
  endfacet
  facet normal -0.745397 0 -0.666621
    outer loop
      vertex 54.9382 0 12.82
      vertex 54.8485 4 12.9203
      vertex 54.9382 4 12.82
    endloop
  endfacet
  facet normal -0.745397 -0 -0.666621
    outer loop
      vertex 54.8485 4 12.9203
      vertex 54.9382 0 12.82
      vertex 54.8485 0 12.9203
    endloop
  endfacet
  facet normal 0.578635 0 0.815586
    outer loop
      vertex 53.2518 4 11.1336
      vertex 53.3616 0 11.0557
      vertex 53.3616 4 11.0557
    endloop
  endfacet
  facet normal 0.578635 0 0.815586
    outer loop
      vertex 53.3616 0 11.0557
      vertex 53.2518 4 11.1336
      vertex 53.2518 0 11.1336
    endloop
  endfacet
  facet normal 0.985785 0 -0.168015
    outer loop
      vertex 52.8301 0 12.3388
      vertex 52.8075 4 12.2062
      vertex 52.8301 4 12.3388
    endloop
  endfacet
  facet normal 0.985785 0 -0.168015
    outer loop
      vertex 52.8075 4 12.2062
      vertex 52.8301 0 12.3388
      vertex 52.8075 0 12.2062
    endloop
  endfacet
  facet normal -0.276488 0 0.961017
    outer loop
      vertex 54.267 4 10.9019
      vertex 54.3963 0 10.9391
      vertex 54.3963 4 10.9391
    endloop
  endfacet
  facet normal -0.276488 0 0.961017
    outer loop
      vertex 54.3963 0 10.9391
      vertex 54.267 4 10.9019
      vertex 54.267 0 10.9019
    endloop
  endfacet
  facet normal 0.923953 -0 0.382505
    outer loop
      vertex 52.8673 0 11.6755
      vertex 52.9188 4 11.5511
      vertex 52.8673 4 11.6755
    endloop
  endfacet
  facet normal 0.923953 0 0.382505
    outer loop
      vertex 52.9188 4 11.5511
      vertex 52.8673 0 11.6755
      vertex 52.9188 0 11.5511
    endloop
  endfacet
  facet normal -0.998447 0 -0.0557169
    outer loop
      vertex 55.2 0 12.0718
      vertex 55.1925 4 12.2062
      vertex 55.2 4 12.0718
    endloop
  endfacet
  facet normal -0.998447 -0 -0.0557169
    outer loop
      vertex 55.1925 4 12.2062
      vertex 55.2 0 12.0718
      vertex 55.1925 0 12.2062
    endloop
  endfacet
  facet normal 0.382505 0 0.923953
    outer loop
      vertex 53.4793 4 10.9906
      vertex 53.6037 0 10.9391
      vertex 53.6037 4 10.9391
    endloop
  endfacet
  facet normal 0.382505 0 0.923953
    outer loop
      vertex 53.6037 0 10.9391
      vertex 53.4793 4 10.9906
      vertex 53.4793 0 10.9906
    endloop
  endfacet
  facet normal 0.484001 0 -0.875068
    outer loop
      vertex 53.3616 0 13.0879
      vertex 53.4793 4 13.153
      vertex 53.4793 0 13.153
    endloop
  endfacet
  facet normal 0.484001 0 -0.875068
    outer loop
      vertex 53.4793 4 13.153
      vertex 53.3616 0 13.0879
      vertex 53.3616 4 13.0879
    endloop
  endfacet
  facet normal -0.0557169 0 0.998447
    outer loop
      vertex 54 4 10.8718
      vertex 54.1344 0 10.8793
      vertex 54.1344 4 10.8793
    endloop
  endfacet
  facet normal -0.0557169 0 0.998447
    outer loop
      vertex 54.1344 0 10.8793
      vertex 54 4 10.8718
      vertex 54 0 10.8718
    endloop
  endfacet
  facet normal -0.985785 0 -0.168015
    outer loop
      vertex 55.1925 0 12.2062
      vertex 55.1699 4 12.3388
      vertex 55.1925 4 12.2062
    endloop
  endfacet
  facet normal -0.985785 -0 -0.168015
    outer loop
      vertex 55.1699 4 12.3388
      vertex 55.1925 0 12.2062
      vertex 55.1699 0 12.3388
    endloop
  endfacet
  facet normal -0.168015 0 -0.985785
    outer loop
      vertex 54.1344 0 13.2643
      vertex 54.267 4 13.2417
      vertex 54.267 0 13.2417
    endloop
  endfacet
  facet normal -0.168015 0 -0.985785
    outer loop
      vertex 54.267 4 13.2417
      vertex 54.1344 0 13.2643
      vertex 54.1344 4 13.2643
    endloop
  endfacet
  facet normal 0.875068 0 -0.484001
    outer loop
      vertex 52.9839 0 12.7102
      vertex 52.9188 4 12.5925
      vertex 52.9839 4 12.7102
    endloop
  endfacet
  facet normal 0.875068 0 -0.484001
    outer loop
      vertex 52.9188 4 12.5925
      vertex 52.9839 0 12.7102
      vertex 52.9188 0 12.5925
    endloop
  endfacet
  facet normal 0.276488 0 0.961017
    outer loop
      vertex 53.6037 4 10.9391
      vertex 53.733 0 10.9019
      vertex 53.733 4 10.9019
    endloop
  endfacet
  facet normal 0.276488 0 0.961017
    outer loop
      vertex 53.733 0 10.9019
      vertex 53.6037 4 10.9391
      vertex 53.6037 0 10.9391
    endloop
  endfacet
  facet normal -0.666621 0 0.745397
    outer loop
      vertex 54.7482 4 11.1336
      vertex 54.8485 0 11.2233
      vertex 54.8485 4 11.2233
    endloop
  endfacet
  facet normal -0.666621 0 0.745397
    outer loop
      vertex 54.8485 0 11.2233
      vertex 54.7482 4 11.1336
      vertex 54.7482 0 11.1336
    endloop
  endfacet
  facet normal -0.875068 0 -0.484001
    outer loop
      vertex 55.0812 0 12.5925
      vertex 55.0161 4 12.7102
      vertex 55.0812 4 12.5925
    endloop
  endfacet
  facet normal -0.875068 -0 -0.484001
    outer loop
      vertex 55.0161 4 12.7102
      vertex 55.0812 0 12.5925
      vertex 55.0161 0 12.7102
    endloop
  endfacet
  facet normal 0.815586 0 -0.578635
    outer loop
      vertex 53.0618 0 12.82
      vertex 52.9839 4 12.7102
      vertex 53.0618 4 12.82
    endloop
  endfacet
  facet normal 0.815586 0 -0.578635
    outer loop
      vertex 52.9839 4 12.7102
      vertex 53.0618 0 12.82
      vertex 52.9839 0 12.7102
    endloop
  endfacet
  facet normal -0.961017 0 -0.276488
    outer loop
      vertex 55.1699 0 12.3388
      vertex 55.1327 4 12.4681
      vertex 55.1699 4 12.3388
    endloop
  endfacet
  facet normal -0.961017 -0 -0.276488
    outer loop
      vertex 55.1327 4 12.4681
      vertex 55.1699 0 12.3388
      vertex 55.1327 0 12.4681
    endloop
  endfacet
  facet normal 0.0557169 0 -0.998447
    outer loop
      vertex 53.8656 0 13.2643
      vertex 54 4 13.2718
      vertex 54 0 13.2718
    endloop
  endfacet
  facet normal 0.0557169 0 -0.998447
    outer loop
      vertex 54 4 13.2718
      vertex 53.8656 0 13.2643
      vertex 53.8656 4 13.2643
    endloop
  endfacet
  facet normal 0.961017 -0 0.276488
    outer loop
      vertex 52.8301 0 11.8048
      vertex 52.8673 4 11.6755
      vertex 52.8301 4 11.8048
    endloop
  endfacet
  facet normal 0.961017 0 0.276488
    outer loop
      vertex 52.8673 4 11.6755
      vertex 52.8301 0 11.8048
      vertex 52.8673 0 11.6755
    endloop
  endfacet
  facet normal 0.985785 -0 0.168015
    outer loop
      vertex 52.8075 0 11.9374
      vertex 52.8301 4 11.8048
      vertex 52.8075 4 11.9374
    endloop
  endfacet
  facet normal 0.985785 0 0.168015
    outer loop
      vertex 52.8301 4 11.8048
      vertex 52.8075 0 11.9374
      vertex 52.8301 0 11.8048
    endloop
  endfacet
  facet normal -0.484001 0 0.875068
    outer loop
      vertex 54.5207 4 10.9906
      vertex 54.6384 0 11.0557
      vertex 54.6384 4 11.0557
    endloop
  endfacet
  facet normal -0.484001 0 0.875068
    outer loop
      vertex 54.6384 0 11.0557
      vertex 54.5207 4 10.9906
      vertex 54.5207 0 10.9906
    endloop
  endfacet
  facet normal -0.276488 0 -0.961017
    outer loop
      vertex 54.267 0 13.2417
      vertex 54.3963 4 13.2045
      vertex 54.3963 0 13.2045
    endloop
  endfacet
  facet normal -0.276488 0 -0.961017
    outer loop
      vertex 54.3963 4 13.2045
      vertex 54.267 0 13.2417
      vertex 54.267 4 13.2417
    endloop
  endfacet
  facet normal 0.875068 -0 0.484001
    outer loop
      vertex 52.9188 0 11.5511
      vertex 52.9839 4 11.4334
      vertex 52.9188 4 11.5511
    endloop
  endfacet
  facet normal 0.875068 0 0.484001
    outer loop
      vertex 52.9839 4 11.4334
      vertex 52.9188 0 11.5511
      vertex 52.9839 0 11.4334
    endloop
  endfacet
  facet normal 0.0557169 0 0.998447
    outer loop
      vertex 53.8656 4 10.8793
      vertex 54 0 10.8718
      vertex 54 4 10.8718
    endloop
  endfacet
  facet normal 0.0557169 0 0.998447
    outer loop
      vertex 54 0 10.8718
      vertex 53.8656 4 10.8793
      vertex 53.8656 0 10.8793
    endloop
  endfacet
  facet normal 0.998447 -0 0.0557169
    outer loop
      vertex 52.8 0 12.0718
      vertex 52.8075 4 11.9374
      vertex 52.8 4 12.0718
    endloop
  endfacet
  facet normal 0.998447 0 0.0557169
    outer loop
      vertex 52.8075 4 11.9374
      vertex 52.8 0 12.0718
      vertex 52.8075 0 11.9374
    endloop
  endfacet
  facet normal 0.998447 0 -0.0557169
    outer loop
      vertex 52.8075 0 12.2062
      vertex 52.8 4 12.0718
      vertex 52.8075 4 12.2062
    endloop
  endfacet
  facet normal 0.998447 0 -0.0557169
    outer loop
      vertex 52.8 4 12.0718
      vertex 52.8075 0 12.2062
      vertex 52.8 0 12.0718
    endloop
  endfacet
  facet normal -0.382505 0 -0.923953
    outer loop
      vertex 54.3963 0 13.2045
      vertex 54.5207 4 13.153
      vertex 54.5207 0 13.153
    endloop
  endfacet
  facet normal -0.382505 0 -0.923953
    outer loop
      vertex 54.5207 4 13.153
      vertex 54.3963 0 13.2045
      vertex 54.3963 4 13.2045
    endloop
  endfacet
  facet normal -0.484001 0 -0.875068
    outer loop
      vertex 54.5207 0 13.153
      vertex 54.6384 4 13.0879
      vertex 54.6384 0 13.0879
    endloop
  endfacet
  facet normal -0.484001 0 -0.875068
    outer loop
      vertex 54.6384 4 13.0879
      vertex 54.5207 0 13.153
      vertex 54.5207 4 13.153
    endloop
  endfacet
  facet normal -0.578635 0 -0.815586
    outer loop
      vertex 54.6384 0 13.0879
      vertex 54.7482 4 13.01
      vertex 54.7482 0 13.01
    endloop
  endfacet
  facet normal -0.578635 0 -0.815586
    outer loop
      vertex 54.7482 4 13.01
      vertex 54.6384 0 13.0879
      vertex 54.6384 4 13.0879
    endloop
  endfacet
  facet normal 0.666621 0 -0.745397
    outer loop
      vertex 53.1515 0 12.9203
      vertex 53.2518 4 13.01
      vertex 53.2518 0 13.01
    endloop
  endfacet
  facet normal 0.666621 0 -0.745397
    outer loop
      vertex 53.2518 4 13.01
      vertex 53.1515 0 12.9203
      vertex 53.1515 4 12.9203
    endloop
  endfacet
  facet normal 0.484001 0 0.875068
    outer loop
      vertex 53.3616 4 11.0557
      vertex 53.4793 0 10.9906
      vertex 53.4793 4 10.9906
    endloop
  endfacet
  facet normal 0.484001 0 0.875068
    outer loop
      vertex 53.4793 0 10.9906
      vertex 53.3616 4 11.0557
      vertex 53.3616 0 11.0557
    endloop
  endfacet
  facet normal -0.666621 0 -0.745397
    outer loop
      vertex 54.7482 0 13.01
      vertex 54.8485 4 12.9203
      vertex 54.8485 0 12.9203
    endloop
  endfacet
  facet normal -0.666621 0 -0.745397
    outer loop
      vertex 54.8485 4 12.9203
      vertex 54.7482 0 13.01
      vertex 54.7482 4 13.01
    endloop
  endfacet
  facet normal 0.745397 -0 0.666621
    outer loop
      vertex 53.0618 0 11.3236
      vertex 53.1515 4 11.2233
      vertex 53.0618 4 11.3236
    endloop
  endfacet
  facet normal 0.745397 0 0.666621
    outer loop
      vertex 53.1515 4 11.2233
      vertex 53.0618 0 11.3236
      vertex 53.1515 0 11.2233
    endloop
  endfacet
  facet normal 0.168015 0 -0.985785
    outer loop
      vertex 53.733 0 13.2417
      vertex 53.8656 4 13.2643
      vertex 53.8656 0 13.2643
    endloop
  endfacet
  facet normal 0.168015 0 -0.985785
    outer loop
      vertex 53.8656 4 13.2643
      vertex 53.733 0 13.2417
      vertex 53.733 4 13.2417
    endloop
  endfacet
  facet normal 0.578635 0 -0.815586
    outer loop
      vertex 53.2518 0 13.01
      vertex 53.3616 4 13.0879
      vertex 53.3616 0 13.0879
    endloop
  endfacet
  facet normal 0.578635 0 -0.815586
    outer loop
      vertex 53.3616 4 13.0879
      vertex 53.2518 0 13.01
      vertex 53.2518 4 13.01
    endloop
  endfacet
  facet normal -0.985785 0 0.168015
    outer loop
      vertex 63.1699 0 11.8048
      vertex 63.1925 4 11.9374
      vertex 63.1699 4 11.8048
    endloop
  endfacet
  facet normal -0.985785 0 0.168015
    outer loop
      vertex 63.1925 4 11.9374
      vertex 63.1699 0 11.8048
      vertex 63.1925 0 11.9374
    endloop
  endfacet
  facet normal -0.168015 0 0.985785
    outer loop
      vertex 62.1344 4 10.8793
      vertex 62.267 0 10.9019
      vertex 62.267 4 10.9019
    endloop
  endfacet
  facet normal -0.168015 0 0.985785
    outer loop
      vertex 62.267 0 10.9019
      vertex 62.1344 4 10.8793
      vertex 62.1344 0 10.8793
    endloop
  endfacet
  facet normal -0.815586 0 -0.578635
    outer loop
      vertex 63.0161 0 12.7102
      vertex 62.9382 4 12.82
      vertex 63.0161 4 12.7102
    endloop
  endfacet
  facet normal -0.815586 -0 -0.578635
    outer loop
      vertex 62.9382 4 12.82
      vertex 63.0161 0 12.7102
      vertex 62.9382 0 12.82
    endloop
  endfacet
  facet normal -0.0557169 0 -0.998447
    outer loop
      vertex 62 0 13.2718
      vertex 62.1344 4 13.2643
      vertex 62.1344 0 13.2643
    endloop
  endfacet
  facet normal -0.0557169 0 -0.998447
    outer loop
      vertex 62.1344 4 13.2643
      vertex 62 0 13.2718
      vertex 62 4 13.2718
    endloop
  endfacet
  facet normal 0.382505 0 -0.923953
    outer loop
      vertex 61.4793 0 13.153
      vertex 61.6037 4 13.2045
      vertex 61.6037 0 13.2045
    endloop
  endfacet
  facet normal 0.382505 0 -0.923953
    outer loop
      vertex 61.6037 4 13.2045
      vertex 61.4793 0 13.153
      vertex 61.4793 4 13.153
    endloop
  endfacet
  facet normal 0.666621 0 0.745397
    outer loop
      vertex 61.1515 4 11.2233
      vertex 61.2518 0 11.1336
      vertex 61.2518 4 11.1336
    endloop
  endfacet
  facet normal 0.666621 0 0.745397
    outer loop
      vertex 61.2518 0 11.1336
      vertex 61.1515 4 11.2233
      vertex 61.1515 0 11.2233
    endloop
  endfacet
  facet normal -0.923953 0 0.382505
    outer loop
      vertex 63.0812 0 11.5511
      vertex 63.1327 4 11.6755
      vertex 63.0812 4 11.5511
    endloop
  endfacet
  facet normal -0.923953 0 0.382505
    outer loop
      vertex 63.1327 4 11.6755
      vertex 63.0812 0 11.5511
      vertex 63.1327 0 11.6755
    endloop
  endfacet
  facet normal 0.168015 0 0.985785
    outer loop
      vertex 61.733 4 10.9019
      vertex 61.8656 0 10.8793
      vertex 61.8656 4 10.8793
    endloop
  endfacet
  facet normal 0.168015 0 0.985785
    outer loop
      vertex 61.8656 0 10.8793
      vertex 61.733 4 10.9019
      vertex 61.733 0 10.9019
    endloop
  endfacet
  facet normal -0.875068 0 0.484001
    outer loop
      vertex 63.0161 0 11.4334
      vertex 63.0812 4 11.5511
      vertex 63.0161 4 11.4334
    endloop
  endfacet
  facet normal -0.875068 0 0.484001
    outer loop
      vertex 63.0812 4 11.5511
      vertex 63.0161 0 11.4334
      vertex 63.0812 0 11.5511
    endloop
  endfacet
  facet normal -0.815586 0 0.578635
    outer loop
      vertex 62.9382 0 11.3236
      vertex 63.0161 4 11.4334
      vertex 62.9382 4 11.3236
    endloop
  endfacet
  facet normal -0.815586 0 0.578635
    outer loop
      vertex 63.0161 4 11.4334
      vertex 62.9382 0 11.3236
      vertex 63.0161 0 11.4334
    endloop
  endfacet
  facet normal 0.745397 0 -0.666621
    outer loop
      vertex 61.1515 0 12.9203
      vertex 61.0618 4 12.82
      vertex 61.1515 4 12.9203
    endloop
  endfacet
  facet normal 0.745397 0 -0.666621
    outer loop
      vertex 61.0618 4 12.82
      vertex 61.1515 0 12.9203
      vertex 61.0618 0 12.82
    endloop
  endfacet
  facet normal -0.923953 0 -0.382505
    outer loop
      vertex 63.1327 0 12.4681
      vertex 63.0812 4 12.5925
      vertex 63.1327 4 12.4681
    endloop
  endfacet
  facet normal -0.923953 -0 -0.382505
    outer loop
      vertex 63.0812 4 12.5925
      vertex 63.1327 0 12.4681
      vertex 63.0812 0 12.5925
    endloop
  endfacet
  facet normal -0.998447 0 0.0557169
    outer loop
      vertex 63.1925 0 11.9374
      vertex 63.2 4 12.0718
      vertex 63.1925 4 11.9374
    endloop
  endfacet
  facet normal -0.998447 0 0.0557169
    outer loop
      vertex 63.2 4 12.0718
      vertex 63.1925 0 11.9374
      vertex 63.2 0 12.0718
    endloop
  endfacet
  facet normal 0.923953 0 -0.382505
    outer loop
      vertex 60.9188 0 12.5925
      vertex 60.8673 4 12.4681
      vertex 60.9188 4 12.5925
    endloop
  endfacet
  facet normal 0.923953 0 -0.382505
    outer loop
      vertex 60.8673 4 12.4681
      vertex 60.9188 0 12.5925
      vertex 60.8673 0 12.4681
    endloop
  endfacet
  facet normal -0.578635 0 0.815586
    outer loop
      vertex 62.6384 4 11.0557
      vertex 62.7482 0 11.1336
      vertex 62.7482 4 11.1336
    endloop
  endfacet
  facet normal -0.578635 0 0.815586
    outer loop
      vertex 62.7482 0 11.1336
      vertex 62.6384 4 11.0557
      vertex 62.6384 0 11.0557
    endloop
  endfacet
  facet normal -0.961017 0 0.276488
    outer loop
      vertex 63.1327 0 11.6755
      vertex 63.1699 4 11.8048
      vertex 63.1327 4 11.6755
    endloop
  endfacet
  facet normal -0.961017 0 0.276488
    outer loop
      vertex 63.1699 4 11.8048
      vertex 63.1327 0 11.6755
      vertex 63.1699 0 11.8048
    endloop
  endfacet
  facet normal 0.961017 0 -0.276488
    outer loop
      vertex 60.8673 0 12.4681
      vertex 60.8301 4 12.3388
      vertex 60.8673 4 12.4681
    endloop
  endfacet
  facet normal 0.961017 0 -0.276488
    outer loop
      vertex 60.8301 4 12.3388
      vertex 60.8673 0 12.4681
      vertex 60.8301 0 12.3388
    endloop
  endfacet
  facet normal 0.815586 -0 0.578635
    outer loop
      vertex 60.9839 0 11.4334
      vertex 61.0618 4 11.3236
      vertex 60.9839 4 11.4334
    endloop
  endfacet
  facet normal 0.815586 0 0.578635
    outer loop
      vertex 61.0618 4 11.3236
      vertex 60.9839 0 11.4334
      vertex 61.0618 0 11.3236
    endloop
  endfacet
  facet normal 0.276488 0 -0.961017
    outer loop
      vertex 61.6037 0 13.2045
      vertex 61.733 4 13.2417
      vertex 61.733 0 13.2417
    endloop
  endfacet
  facet normal 0.276488 0 -0.961017
    outer loop
      vertex 61.733 4 13.2417
      vertex 61.6037 0 13.2045
      vertex 61.6037 4 13.2045
    endloop
  endfacet
  facet normal -0.382505 0 0.923953
    outer loop
      vertex 62.3963 4 10.9391
      vertex 62.5207 0 10.9906
      vertex 62.5207 4 10.9906
    endloop
  endfacet
  facet normal -0.382505 0 0.923953
    outer loop
      vertex 62.5207 0 10.9906
      vertex 62.3963 4 10.9391
      vertex 62.3963 0 10.9391
    endloop
  endfacet
  facet normal -0.745397 0 0.666621
    outer loop
      vertex 62.8485 0 11.2233
      vertex 62.9382 4 11.3236
      vertex 62.8485 4 11.2233
    endloop
  endfacet
  facet normal -0.745397 0 0.666621
    outer loop
      vertex 62.9382 4 11.3236
      vertex 62.8485 0 11.2233
      vertex 62.9382 0 11.3236
    endloop
  endfacet
  facet normal -0.745397 0 -0.666621
    outer loop
      vertex 62.9382 0 12.82
      vertex 62.8485 4 12.9203
      vertex 62.9382 4 12.82
    endloop
  endfacet
  facet normal -0.745397 -0 -0.666621
    outer loop
      vertex 62.8485 4 12.9203
      vertex 62.9382 0 12.82
      vertex 62.8485 0 12.9203
    endloop
  endfacet
  facet normal 0.578635 0 0.815586
    outer loop
      vertex 61.2518 4 11.1336
      vertex 61.3616 0 11.0557
      vertex 61.3616 4 11.0557
    endloop
  endfacet
  facet normal 0.578635 0 0.815586
    outer loop
      vertex 61.3616 0 11.0557
      vertex 61.2518 4 11.1336
      vertex 61.2518 0 11.1336
    endloop
  endfacet
  facet normal 0.985785 0 -0.168015
    outer loop
      vertex 60.8301 0 12.3388
      vertex 60.8075 4 12.2062
      vertex 60.8301 4 12.3388
    endloop
  endfacet
  facet normal 0.985785 0 -0.168015
    outer loop
      vertex 60.8075 4 12.2062
      vertex 60.8301 0 12.3388
      vertex 60.8075 0 12.2062
    endloop
  endfacet
  facet normal -0.276488 0 0.961017
    outer loop
      vertex 62.267 4 10.9019
      vertex 62.3963 0 10.9391
      vertex 62.3963 4 10.9391
    endloop
  endfacet
  facet normal -0.276488 0 0.961017
    outer loop
      vertex 62.3963 0 10.9391
      vertex 62.267 4 10.9019
      vertex 62.267 0 10.9019
    endloop
  endfacet
  facet normal 0.923953 -0 0.382505
    outer loop
      vertex 60.8673 0 11.6755
      vertex 60.9188 4 11.5511
      vertex 60.8673 4 11.6755
    endloop
  endfacet
  facet normal 0.923953 0 0.382505
    outer loop
      vertex 60.9188 4 11.5511
      vertex 60.8673 0 11.6755
      vertex 60.9188 0 11.5511
    endloop
  endfacet
  facet normal -0.998447 0 -0.0557169
    outer loop
      vertex 63.2 0 12.0718
      vertex 63.1925 4 12.2062
      vertex 63.2 4 12.0718
    endloop
  endfacet
  facet normal -0.998447 -0 -0.0557169
    outer loop
      vertex 63.1925 4 12.2062
      vertex 63.2 0 12.0718
      vertex 63.1925 0 12.2062
    endloop
  endfacet
  facet normal 0.382505 0 0.923953
    outer loop
      vertex 61.4793 4 10.9906
      vertex 61.6037 0 10.9391
      vertex 61.6037 4 10.9391
    endloop
  endfacet
  facet normal 0.382505 0 0.923953
    outer loop
      vertex 61.6037 0 10.9391
      vertex 61.4793 4 10.9906
      vertex 61.4793 0 10.9906
    endloop
  endfacet
  facet normal 0.484001 0 -0.875068
    outer loop
      vertex 61.3616 0 13.0879
      vertex 61.4793 4 13.153
      vertex 61.4793 0 13.153
    endloop
  endfacet
  facet normal 0.484001 0 -0.875068
    outer loop
      vertex 61.4793 4 13.153
      vertex 61.3616 0 13.0879
      vertex 61.3616 4 13.0879
    endloop
  endfacet
  facet normal -0.0557169 0 0.998447
    outer loop
      vertex 62 4 10.8718
      vertex 62.1344 0 10.8793
      vertex 62.1344 4 10.8793
    endloop
  endfacet
  facet normal -0.0557169 0 0.998447
    outer loop
      vertex 62.1344 0 10.8793
      vertex 62 4 10.8718
      vertex 62 0 10.8718
    endloop
  endfacet
  facet normal -0.985785 0 -0.168015
    outer loop
      vertex 63.1925 0 12.2062
      vertex 63.1699 4 12.3388
      vertex 63.1925 4 12.2062
    endloop
  endfacet
  facet normal -0.985785 -0 -0.168015
    outer loop
      vertex 63.1699 4 12.3388
      vertex 63.1925 0 12.2062
      vertex 63.1699 0 12.3388
    endloop
  endfacet
  facet normal -0.168015 0 -0.985785
    outer loop
      vertex 62.1344 0 13.2643
      vertex 62.267 4 13.2417
      vertex 62.267 0 13.2417
    endloop
  endfacet
  facet normal -0.168015 0 -0.985785
    outer loop
      vertex 62.267 4 13.2417
      vertex 62.1344 0 13.2643
      vertex 62.1344 4 13.2643
    endloop
  endfacet
  facet normal 0.875068 0 -0.484001
    outer loop
      vertex 60.9839 0 12.7102
      vertex 60.9188 4 12.5925
      vertex 60.9839 4 12.7102
    endloop
  endfacet
  facet normal 0.875068 0 -0.484001
    outer loop
      vertex 60.9188 4 12.5925
      vertex 60.9839 0 12.7102
      vertex 60.9188 0 12.5925
    endloop
  endfacet
  facet normal 0.276488 0 0.961017
    outer loop
      vertex 61.6037 4 10.9391
      vertex 61.733 0 10.9019
      vertex 61.733 4 10.9019
    endloop
  endfacet
  facet normal 0.276488 0 0.961017
    outer loop
      vertex 61.733 0 10.9019
      vertex 61.6037 4 10.9391
      vertex 61.6037 0 10.9391
    endloop
  endfacet
  facet normal -0.666621 0 0.745397
    outer loop
      vertex 62.7482 4 11.1336
      vertex 62.8485 0 11.2233
      vertex 62.8485 4 11.2233
    endloop
  endfacet
  facet normal -0.666621 0 0.745397
    outer loop
      vertex 62.8485 0 11.2233
      vertex 62.7482 4 11.1336
      vertex 62.7482 0 11.1336
    endloop
  endfacet
  facet normal -0.875068 0 -0.484001
    outer loop
      vertex 63.0812 0 12.5925
      vertex 63.0161 4 12.7102
      vertex 63.0812 4 12.5925
    endloop
  endfacet
  facet normal -0.875068 -0 -0.484001
    outer loop
      vertex 63.0161 4 12.7102
      vertex 63.0812 0 12.5925
      vertex 63.0161 0 12.7102
    endloop
  endfacet
  facet normal 0.815586 0 -0.578635
    outer loop
      vertex 61.0618 0 12.82
      vertex 60.9839 4 12.7102
      vertex 61.0618 4 12.82
    endloop
  endfacet
  facet normal 0.815586 0 -0.578635
    outer loop
      vertex 60.9839 4 12.7102
      vertex 61.0618 0 12.82
      vertex 60.9839 0 12.7102
    endloop
  endfacet
  facet normal -0.961017 0 -0.276488
    outer loop
      vertex 63.1699 0 12.3388
      vertex 63.1327 4 12.4681
      vertex 63.1699 4 12.3388
    endloop
  endfacet
  facet normal -0.961017 -0 -0.276488
    outer loop
      vertex 63.1327 4 12.4681
      vertex 63.1699 0 12.3388
      vertex 63.1327 0 12.4681
    endloop
  endfacet
  facet normal 0.0557169 0 -0.998447
    outer loop
      vertex 61.8656 0 13.2643
      vertex 62 4 13.2718
      vertex 62 0 13.2718
    endloop
  endfacet
  facet normal 0.0557169 0 -0.998447
    outer loop
      vertex 62 4 13.2718
      vertex 61.8656 0 13.2643
      vertex 61.8656 4 13.2643
    endloop
  endfacet
  facet normal 0.961017 -0 0.276488
    outer loop
      vertex 60.8301 0 11.8048
      vertex 60.8673 4 11.6755
      vertex 60.8301 4 11.8048
    endloop
  endfacet
  facet normal 0.961017 0 0.276488
    outer loop
      vertex 60.8673 4 11.6755
      vertex 60.8301 0 11.8048
      vertex 60.8673 0 11.6755
    endloop
  endfacet
  facet normal 0.985785 -0 0.168015
    outer loop
      vertex 60.8075 0 11.9374
      vertex 60.8301 4 11.8048
      vertex 60.8075 4 11.9374
    endloop
  endfacet
  facet normal 0.985785 0 0.168015
    outer loop
      vertex 60.8301 4 11.8048
      vertex 60.8075 0 11.9374
      vertex 60.8301 0 11.8048
    endloop
  endfacet
  facet normal -0.484001 0 0.875068
    outer loop
      vertex 62.5207 4 10.9906
      vertex 62.6384 0 11.0557
      vertex 62.6384 4 11.0557
    endloop
  endfacet
  facet normal -0.484001 0 0.875068
    outer loop
      vertex 62.6384 0 11.0557
      vertex 62.5207 4 10.9906
      vertex 62.5207 0 10.9906
    endloop
  endfacet
  facet normal -0.276488 0 -0.961017
    outer loop
      vertex 62.267 0 13.2417
      vertex 62.3963 4 13.2045
      vertex 62.3963 0 13.2045
    endloop
  endfacet
  facet normal -0.276488 0 -0.961017
    outer loop
      vertex 62.3963 4 13.2045
      vertex 62.267 0 13.2417
      vertex 62.267 4 13.2417
    endloop
  endfacet
  facet normal 0.875068 -0 0.484001
    outer loop
      vertex 60.9188 0 11.5511
      vertex 60.9839 4 11.4334
      vertex 60.9188 4 11.5511
    endloop
  endfacet
  facet normal 0.875068 0 0.484001
    outer loop
      vertex 60.9839 4 11.4334
      vertex 60.9188 0 11.5511
      vertex 60.9839 0 11.4334
    endloop
  endfacet
  facet normal 0.0557169 0 0.998447
    outer loop
      vertex 61.8656 4 10.8793
      vertex 62 0 10.8718
      vertex 62 4 10.8718
    endloop
  endfacet
  facet normal 0.0557169 0 0.998447
    outer loop
      vertex 62 0 10.8718
      vertex 61.8656 4 10.8793
      vertex 61.8656 0 10.8793
    endloop
  endfacet
  facet normal 0.998447 -0 0.0557169
    outer loop
      vertex 60.8 0 12.0718
      vertex 60.8075 4 11.9374
      vertex 60.8 4 12.0718
    endloop
  endfacet
  facet normal 0.998447 0 0.0557169
    outer loop
      vertex 60.8075 4 11.9374
      vertex 60.8 0 12.0718
      vertex 60.8075 0 11.9374
    endloop
  endfacet
  facet normal 0.998447 0 -0.0557169
    outer loop
      vertex 60.8075 0 12.2062
      vertex 60.8 4 12.0718
      vertex 60.8075 4 12.2062
    endloop
  endfacet
  facet normal 0.998447 0 -0.0557169
    outer loop
      vertex 60.8 4 12.0718
      vertex 60.8075 0 12.2062
      vertex 60.8 0 12.0718
    endloop
  endfacet
  facet normal -0.382505 0 -0.923953
    outer loop
      vertex 62.3963 0 13.2045
      vertex 62.5207 4 13.153
      vertex 62.5207 0 13.153
    endloop
  endfacet
  facet normal -0.382505 0 -0.923953
    outer loop
      vertex 62.5207 4 13.153
      vertex 62.3963 0 13.2045
      vertex 62.3963 4 13.2045
    endloop
  endfacet
  facet normal -0.484001 0 -0.875068
    outer loop
      vertex 62.5207 0 13.153
      vertex 62.6384 4 13.0879
      vertex 62.6384 0 13.0879
    endloop
  endfacet
  facet normal -0.484001 0 -0.875068
    outer loop
      vertex 62.6384 4 13.0879
      vertex 62.5207 0 13.153
      vertex 62.5207 4 13.153
    endloop
  endfacet
  facet normal -0.578635 0 -0.815586
    outer loop
      vertex 62.6384 0 13.0879
      vertex 62.7482 4 13.01
      vertex 62.7482 0 13.01
    endloop
  endfacet
  facet normal -0.578635 0 -0.815586
    outer loop
      vertex 62.7482 4 13.01
      vertex 62.6384 0 13.0879
      vertex 62.6384 4 13.0879
    endloop
  endfacet
  facet normal 0.666621 0 -0.745397
    outer loop
      vertex 61.1515 0 12.9203
      vertex 61.2518 4 13.01
      vertex 61.2518 0 13.01
    endloop
  endfacet
  facet normal 0.666621 0 -0.745397
    outer loop
      vertex 61.2518 4 13.01
      vertex 61.1515 0 12.9203
      vertex 61.1515 4 12.9203
    endloop
  endfacet
  facet normal 0.484001 0 0.875068
    outer loop
      vertex 61.3616 4 11.0557
      vertex 61.4793 0 10.9906
      vertex 61.4793 4 10.9906
    endloop
  endfacet
  facet normal 0.484001 0 0.875068
    outer loop
      vertex 61.4793 0 10.9906
      vertex 61.3616 4 11.0557
      vertex 61.3616 0 11.0557
    endloop
  endfacet
  facet normal -0.666621 0 -0.745397
    outer loop
      vertex 62.7482 0 13.01
      vertex 62.8485 4 12.9203
      vertex 62.8485 0 12.9203
    endloop
  endfacet
  facet normal -0.666621 0 -0.745397
    outer loop
      vertex 62.8485 4 12.9203
      vertex 62.7482 0 13.01
      vertex 62.7482 4 13.01
    endloop
  endfacet
  facet normal 0.745397 -0 0.666621
    outer loop
      vertex 61.0618 0 11.3236
      vertex 61.1515 4 11.2233
      vertex 61.0618 4 11.3236
    endloop
  endfacet
  facet normal 0.745397 0 0.666621
    outer loop
      vertex 61.1515 4 11.2233
      vertex 61.0618 0 11.3236
      vertex 61.1515 0 11.2233
    endloop
  endfacet
  facet normal 0.168015 0 -0.985785
    outer loop
      vertex 61.733 0 13.2417
      vertex 61.8656 4 13.2643
      vertex 61.8656 0 13.2643
    endloop
  endfacet
  facet normal 0.168015 0 -0.985785
    outer loop
      vertex 61.8656 4 13.2643
      vertex 61.733 0 13.2417
      vertex 61.733 4 13.2417
    endloop
  endfacet
  facet normal 0.578635 0 -0.815586
    outer loop
      vertex 61.2518 0 13.01
      vertex 61.3616 4 13.0879
      vertex 61.3616 0 13.0879
    endloop
  endfacet
  facet normal 0.578635 0 -0.815586
    outer loop
      vertex 61.3616 4 13.0879
      vertex 61.2518 0 13.01
      vertex 61.2518 4 13.01
    endloop
  endfacet
  facet normal 0.985923 0 -0.1672
    outer loop
      vertex 123.44 0 12.356
      vertex 123.41 4 12.1791
      vertex 123.44 4 12.356
    endloop
  endfacet
  facet normal 0.985923 0 -0.1672
    outer loop
      vertex 123.41 4 12.1791
      vertex 123.44 0 12.356
      vertex 123.41 0 12.1791
    endloop
  endfacet
  facet normal -0.925209 0 -0.379458
    outer loop
      vertex 126.51 0 12.5284
      vertex 126.442 4 12.6942
      vertex 126.51 4 12.5284
    endloop
  endfacet
  facet normal -0.925209 -0 -0.379458
    outer loop
      vertex 126.442 4 12.6942
      vertex 126.51 0 12.5284
      vertex 126.442 0 12.6942
    endloop
  endfacet
  facet normal 0.744455 0 -0.667673
    outer loop
      vertex 123.869 0 13.1314
      vertex 123.749 4 12.9976
      vertex 123.869 4 13.1314
    endloop
  endfacet
  facet normal 0.744455 0 -0.667673
    outer loop
      vertex 123.749 4 12.9976
      vertex 123.869 0 13.1314
      vertex 123.749 0 12.9976
    endloop
  endfacet
  facet normal 0.167108 0 0.985939
    outer loop
      vertex 124.644 4 10.4401
      vertex 124.821 0 10.4101
      vertex 124.821 4 10.4101
    endloop
  endfacet
  facet normal 0.167108 0 0.985939
    outer loop
      vertex 124.821 0 10.4101
      vertex 124.644 4 10.4401
      vertex 124.644 0 10.4401
    endloop
  endfacet
  facet normal 0.925209 -0 0.379458
    outer loop
      vertex 123.49 0 11.4716
      vertex 123.558 4 11.3058
      vertex 123.49 4 11.4716
    endloop
  endfacet
  facet normal 0.925209 0 0.379458
    outer loop
      vertex 123.558 4 11.3058
      vertex 123.49 0 11.4716
      vertex 123.558 0 11.3058
    endloop
  endfacet
  facet normal -0.577185 0 0.816614
    outer loop
      vertex 125.851 4 10.6452
      vertex 125.998 0 10.7491
      vertex 125.998 4 10.7491
    endloop
  endfacet
  facet normal -0.577185 0 0.816614
    outer loop
      vertex 125.998 0 10.7491
      vertex 125.851 4 10.6452
      vertex 125.851 0 10.6452
    endloop
  endfacet
  facet normal 0.056335 0 0.998412
    outer loop
      vertex 124.821 4 10.4101
      vertex 125 0 10.4
      vertex 125 4 10.4
    endloop
  endfacet
  facet normal 0.056335 0 0.998412
    outer loop
      vertex 125 0 10.4
      vertex 124.821 4 10.4101
      vertex 124.821 0 10.4101
    endloop
  endfacet
  facet normal -0.985923 0 0.1672
    outer loop
      vertex 126.56 0 11.644
      vertex 126.59 4 11.8209
      vertex 126.56 4 11.644
    endloop
  endfacet
  facet normal -0.985923 0 0.1672
    outer loop
      vertex 126.59 4 11.8209
      vertex 126.56 0 11.644
      vertex 126.59 0 11.8209
    endloop
  endfacet
  facet normal -0.815049 0 -0.579392
    outer loop
      vertex 126.355 0 12.8513
      vertex 126.251 4 12.9976
      vertex 126.355 4 12.8513
    endloop
  endfacet
  facet normal -0.815049 -0 -0.579392
    outer loop
      vertex 126.251 4 12.9976
      vertex 126.355 0 12.8513
      vertex 126.251 0 12.9976
    endloop
  endfacet
  facet normal -0.744455 0 -0.667673
    outer loop
      vertex 126.251 0 12.9976
      vertex 126.131 4 13.1314
      vertex 126.251 4 12.9976
    endloop
  endfacet
  facet normal -0.744455 -0 -0.667673
    outer loop
      vertex 126.131 4 13.1314
      vertex 126.251 0 12.9976
      vertex 126.131 0 13.1314
    endloop
  endfacet
  facet normal -0.381926 0 0.924193
    outer loop
      vertex 125.528 4 10.4898
      vertex 125.694 0 10.5584
      vertex 125.694 4 10.5584
    endloop
  endfacet
  facet normal -0.381926 0 0.924193
    outer loop
      vertex 125.694 0 10.5584
      vertex 125.528 4 10.4898
      vertex 125.528 0 10.4898
    endloop
  endfacet
  facet normal 0.277597 0 0.960698
    outer loop
      vertex 124.472 4 10.4898
      vertex 124.644 0 10.4401
      vertex 124.644 4 10.4401
    endloop
  endfacet
  facet normal 0.277597 0 0.960698
    outer loop
      vertex 124.644 0 10.4401
      vertex 124.472 4 10.4898
      vertex 124.472 0 10.4898
    endloop
  endfacet
  facet normal -0.483843 0 0.875155
    outer loop
      vertex 125.694 4 10.5584
      vertex 125.851 0 10.6452
      vertex 125.851 4 10.6452
    endloop
  endfacet
  facet normal -0.483843 0 0.875155
    outer loop
      vertex 125.851 0 10.6452
      vertex 125.694 4 10.5584
      vertex 125.694 0 10.5584
    endloop
  endfacet
  facet normal 0.668347 0 -0.74385
    outer loop
      vertex 123.869 0 13.1314
      vertex 124.002 4 13.2509
      vertex 124.002 0 13.2509
    endloop
  endfacet
  facet normal 0.668347 0 -0.74385
    outer loop
      vertex 124.002 4 13.2509
      vertex 123.869 0 13.1314
      vertex 123.869 4 13.1314
    endloop
  endfacet
  facet normal -0.744455 0 0.667673
    outer loop
      vertex 126.131 0 10.8686
      vertex 126.251 4 11.0024
      vertex 126.131 4 10.8686
    endloop
  endfacet
  facet normal -0.744455 0 0.667673
    outer loop
      vertex 126.251 4 11.0024
      vertex 126.131 0 10.8686
      vertex 126.251 0 11.0024
    endloop
  endfacet
  facet normal -0.577185 0 -0.816614
    outer loop
      vertex 125.851 0 13.3548
      vertex 125.998 4 13.2509
      vertex 125.998 0 13.2509
    endloop
  endfacet
  facet normal -0.577185 0 -0.816614
    outer loop
      vertex 125.998 4 13.2509
      vertex 125.851 0 13.3548
      vertex 125.851 4 13.3548
    endloop
  endfacet
  facet normal -0.874813 0 0.48446
    outer loop
      vertex 126.355 0 11.1487
      vertex 126.442 4 11.3058
      vertex 126.355 4 11.1487
    endloop
  endfacet
  facet normal -0.874813 0 0.48446
    outer loop
      vertex 126.442 4 11.3058
      vertex 126.355 0 11.1487
      vertex 126.442 0 11.3058
    endloop
  endfacet
  facet normal 0.382401 0 -0.923996
    outer loop
      vertex 124.306 0 13.4415
      vertex 124.472 4 13.5102
      vertex 124.472 0 13.5102
    endloop
  endfacet
  facet normal 0.382401 0 -0.923996
    outer loop
      vertex 124.472 4 13.5102
      vertex 124.306 0 13.4415
      vertex 124.306 4 13.4415
    endloop
  endfacet
  facet normal -0.925209 0 0.379458
    outer loop
      vertex 126.442 0 11.3058
      vertex 126.51 4 11.4716
      vertex 126.442 4 11.3058
    endloop
  endfacet
  facet normal -0.925209 0 0.379458
    outer loop
      vertex 126.51 4 11.4716
      vertex 126.442 0 11.3058
      vertex 126.51 0 11.4716
    endloop
  endfacet
  facet normal -0.998445 0 0.0557479
    outer loop
      vertex 126.59 0 11.8209
      vertex 126.6 4 12
      vertex 126.59 4 11.8209
    endloop
  endfacet
  facet normal -0.998445 0 0.0557479
    outer loop
      vertex 126.6 4 12
      vertex 126.59 0 11.8209
      vertex 126.6 0 12
    endloop
  endfacet
  facet normal 0.483843 0 0.875155
    outer loop
      vertex 124.149 4 10.6452
      vertex 124.306 0 10.5584
      vertex 124.306 4 10.5584
    endloop
  endfacet
  facet normal 0.483843 0 0.875155
    outer loop
      vertex 124.306 0 10.5584
      vertex 124.149 4 10.6452
      vertex 124.149 0 10.6452
    endloop
  endfacet
  facet normal 0.668347 0 0.74385
    outer loop
      vertex 123.869 4 10.8686
      vertex 124.002 0 10.7491
      vertex 124.002 4 10.7491
    endloop
  endfacet
  facet normal 0.668347 0 0.74385
    outer loop
      vertex 124.002 0 10.7491
      vertex 123.869 4 10.8686
      vertex 123.869 0 10.8686
    endloop
  endfacet
  facet normal -0.668347 0 -0.74385
    outer loop
      vertex 125.998 0 13.2509
      vertex 126.131 4 13.1314
      vertex 126.131 0 13.1314
    endloop
  endfacet
  facet normal -0.668347 0 -0.74385
    outer loop
      vertex 126.131 4 13.1314
      vertex 125.998 0 13.2509
      vertex 125.998 4 13.2509
    endloop
  endfacet
  facet normal -0.668347 0 0.74385
    outer loop
      vertex 125.998 4 10.7491
      vertex 126.131 0 10.8686
      vertex 126.131 4 10.8686
    endloop
  endfacet
  facet normal -0.668347 0 0.74385
    outer loop
      vertex 126.131 0 10.8686
      vertex 125.998 4 10.7491
      vertex 125.998 0 10.7491
    endloop
  endfacet
  facet normal -0.998445 0 -0.0557479
    outer loop
      vertex 126.6 0 12
      vertex 126.59 4 12.1791
      vertex 126.6 4 12
    endloop
  endfacet
  facet normal -0.998445 -0 -0.0557479
    outer loop
      vertex 126.59 4 12.1791
      vertex 126.6 0 12
      vertex 126.59 0 12.1791
    endloop
  endfacet
  facet normal 0.998445 0 -0.0557479
    outer loop
      vertex 123.41 0 12.1791
      vertex 123.4 4 12
      vertex 123.41 4 12.1791
    endloop
  endfacet
  facet normal 0.998445 0 -0.0557479
    outer loop
      vertex 123.4 4 12
      vertex 123.41 0 12.1791
      vertex 123.4 0 12
    endloop
  endfacet
  facet normal -0.874813 0 -0.48446
    outer loop
      vertex 126.442 0 12.6942
      vertex 126.355 4 12.8513
      vertex 126.442 4 12.6942
    endloop
  endfacet
  facet normal -0.874813 -0 -0.48446
    outer loop
      vertex 126.355 4 12.8513
      vertex 126.442 0 12.6942
      vertex 126.355 0 12.8513
    endloop
  endfacet
  facet normal -0.960423 0 0.278545
    outer loop
      vertex 126.51 0 11.4716
      vertex 126.56 4 11.644
      vertex 126.51 4 11.4716
    endloop
  endfacet
  facet normal -0.960423 0 0.278545
    outer loop
      vertex 126.56 4 11.644
      vertex 126.51 0 11.4716
      vertex 126.56 0 11.644
    endloop
  endfacet
  facet normal -0.277597 0 -0.960698
    outer loop
      vertex 125.356 0 13.5599
      vertex 125.528 4 13.5102
      vertex 125.528 0 13.5102
    endloop
  endfacet
  facet normal -0.277597 0 -0.960698
    outer loop
      vertex 125.528 4 13.5102
      vertex 125.356 0 13.5599
      vertex 125.356 4 13.5599
    endloop
  endfacet
  facet normal 0.277597 0 -0.960698
    outer loop
      vertex 124.472 0 13.5102
      vertex 124.644 4 13.5599
      vertex 124.644 0 13.5599
    endloop
  endfacet
  facet normal 0.277597 0 -0.960698
    outer loop
      vertex 124.644 4 13.5599
      vertex 124.472 0 13.5102
      vertex 124.472 4 13.5102
    endloop
  endfacet
  facet normal -0.815049 0 0.579392
    outer loop
      vertex 126.251 0 11.0024
      vertex 126.355 4 11.1487
      vertex 126.251 4 11.0024
    endloop
  endfacet
  facet normal -0.815049 0 0.579392
    outer loop
      vertex 126.355 4 11.1487
      vertex 126.251 0 11.0024
      vertex 126.355 0 11.1487
    endloop
  endfacet
  facet normal -0.167108 0 0.985939
    outer loop
      vertex 125.179 4 10.4101
      vertex 125.356 0 10.4401
      vertex 125.356 4 10.4401
    endloop
  endfacet
  facet normal -0.167108 0 0.985939
    outer loop
      vertex 125.356 0 10.4401
      vertex 125.179 4 10.4101
      vertex 125.179 0 10.4101
    endloop
  endfacet
  facet normal -0.382401 0 -0.923996
    outer loop
      vertex 125.528 0 13.5102
      vertex 125.694 4 13.4415
      vertex 125.694 0 13.4415
    endloop
  endfacet
  facet normal -0.382401 0 -0.923996
    outer loop
      vertex 125.694 4 13.4415
      vertex 125.528 0 13.5102
      vertex 125.528 4 13.5102
    endloop
  endfacet
  facet normal 0.744455 -0 0.667673
    outer loop
      vertex 123.749 0 11.0024
      vertex 123.869 4 10.8686
      vertex 123.749 4 11.0024
    endloop
  endfacet
  facet normal 0.744455 0 0.667673
    outer loop
      vertex 123.869 4 10.8686
      vertex 123.749 0 11.0024
      vertex 123.869 0 10.8686
    endloop
  endfacet
  facet normal 0.998445 -0 0.0557479
    outer loop
      vertex 123.4 0 12
      vertex 123.41 4 11.8209
      vertex 123.4 4 12
    endloop
  endfacet
  facet normal 0.998445 0 0.0557479
    outer loop
      vertex 123.41 4 11.8209
      vertex 123.4 0 12
      vertex 123.41 0 11.8209
    endloop
  endfacet
  facet normal 0.381926 0 0.924193
    outer loop
      vertex 124.306 4 10.5584
      vertex 124.472 0 10.4898
      vertex 124.472 4 10.4898
    endloop
  endfacet
  facet normal 0.381926 0 0.924193
    outer loop
      vertex 124.472 0 10.4898
      vertex 124.306 4 10.5584
      vertex 124.306 0 10.5584
    endloop
  endfacet
  facet normal 0.960423 -0 0.278545
    outer loop
      vertex 123.44 0 11.644
      vertex 123.49 4 11.4716
      vertex 123.44 4 11.644
    endloop
  endfacet
  facet normal 0.960423 0 0.278545
    outer loop
      vertex 123.49 4 11.4716
      vertex 123.44 0 11.644
      vertex 123.49 0 11.4716
    endloop
  endfacet
  facet normal 0.985923 -0 0.1672
    outer loop
      vertex 123.41 0 11.8209
      vertex 123.44 4 11.644
      vertex 123.41 4 11.8209
    endloop
  endfacet
  facet normal 0.985923 0 0.1672
    outer loop
      vertex 123.44 4 11.644
      vertex 123.41 0 11.8209
      vertex 123.44 0 11.644
    endloop
  endfacet
  facet normal 0.577185 0 0.816614
    outer loop
      vertex 124.002 4 10.7491
      vertex 124.149 0 10.6452
      vertex 124.149 4 10.6452
    endloop
  endfacet
  facet normal 0.577185 0 0.816614
    outer loop
      vertex 124.149 0 10.6452
      vertex 124.002 4 10.7491
      vertex 124.002 0 10.7491
    endloop
  endfacet
  facet normal -0.985923 0 -0.1672
    outer loop
      vertex 126.59 0 12.1791
      vertex 126.56 4 12.356
      vertex 126.59 4 12.1791
    endloop
  endfacet
  facet normal -0.985923 -0 -0.1672
    outer loop
      vertex 126.56 4 12.356
      vertex 126.59 0 12.1791
      vertex 126.56 0 12.356
    endloop
  endfacet
  facet normal 0.874813 -0 0.48446
    outer loop
      vertex 123.558 0 11.3058
      vertex 123.645 4 11.1487
      vertex 123.558 4 11.3058
    endloop
  endfacet
  facet normal 0.874813 0 0.48446
    outer loop
      vertex 123.645 4 11.1487
      vertex 123.558 0 11.3058
      vertex 123.645 0 11.1487
    endloop
  endfacet
  facet normal -0.277597 0 0.960698
    outer loop
      vertex 125.356 4 10.4401
      vertex 125.528 0 10.4898
      vertex 125.528 4 10.4898
    endloop
  endfacet
  facet normal -0.277597 0 0.960698
    outer loop
      vertex 125.528 0 10.4898
      vertex 125.356 4 10.4401
      vertex 125.356 0 10.4401
    endloop
  endfacet
  facet normal 0.960423 0 -0.278545
    outer loop
      vertex 123.49 0 12.5284
      vertex 123.44 4 12.356
      vertex 123.49 4 12.5284
    endloop
  endfacet
  facet normal 0.960423 0 -0.278545
    outer loop
      vertex 123.44 4 12.356
      vertex 123.49 0 12.5284
      vertex 123.44 0 12.356
    endloop
  endfacet
  facet normal -0.167108 0 -0.985939
    outer loop
      vertex 125.179 0 13.5899
      vertex 125.356 4 13.5599
      vertex 125.356 0 13.5599
    endloop
  endfacet
  facet normal -0.167108 0 -0.985939
    outer loop
      vertex 125.356 4 13.5599
      vertex 125.179 0 13.5899
      vertex 125.179 4 13.5899
    endloop
  endfacet
  facet normal -0.483416 0 -0.875391
    outer loop
      vertex 125.694 0 13.4415
      vertex 125.851 4 13.3548
      vertex 125.851 0 13.3548
    endloop
  endfacet
  facet normal -0.483416 0 -0.875391
    outer loop
      vertex 125.851 4 13.3548
      vertex 125.694 0 13.4415
      vertex 125.694 4 13.4415
    endloop
  endfacet
  facet normal -0.056335 0 -0.998412
    outer loop
      vertex 125 0 13.6
      vertex 125.179 4 13.5899
      vertex 125.179 0 13.5899
    endloop
  endfacet
  facet normal -0.056335 0 -0.998412
    outer loop
      vertex 125.179 4 13.5899
      vertex 125 0 13.6
      vertex 125 4 13.6
    endloop
  endfacet
  facet normal -0.056335 0 0.998412
    outer loop
      vertex 125 4 10.4
      vertex 125.179 0 10.4101
      vertex 125.179 4 10.4101
    endloop
  endfacet
  facet normal -0.056335 0 0.998412
    outer loop
      vertex 125.179 0 10.4101
      vertex 125 4 10.4
      vertex 125 0 10.4
    endloop
  endfacet
  facet normal 0.167108 0 -0.985939
    outer loop
      vertex 124.644 0 13.5599
      vertex 124.821 4 13.5899
      vertex 124.821 0 13.5899
    endloop
  endfacet
  facet normal 0.167108 0 -0.985939
    outer loop
      vertex 124.821 4 13.5899
      vertex 124.644 0 13.5599
      vertex 124.644 4 13.5599
    endloop
  endfacet
  facet normal -0.960423 0 -0.278545
    outer loop
      vertex 126.56 0 12.356
      vertex 126.51 4 12.5284
      vertex 126.56 4 12.356
    endloop
  endfacet
  facet normal -0.960423 -0 -0.278545
    outer loop
      vertex 126.51 4 12.5284
      vertex 126.56 0 12.356
      vertex 126.51 0 12.5284
    endloop
  endfacet
  facet normal 0.815049 0 -0.579392
    outer loop
      vertex 123.749 0 12.9976
      vertex 123.645 4 12.8513
      vertex 123.749 4 12.9976
    endloop
  endfacet
  facet normal 0.815049 0 -0.579392
    outer loop
      vertex 123.645 4 12.8513
      vertex 123.749 0 12.9976
      vertex 123.645 0 12.8513
    endloop
  endfacet
  facet normal 0.056335 0 -0.998412
    outer loop
      vertex 124.821 0 13.5899
      vertex 125 4 13.6
      vertex 125 0 13.6
    endloop
  endfacet
  facet normal 0.056335 0 -0.998412
    outer loop
      vertex 125 4 13.6
      vertex 124.821 0 13.5899
      vertex 124.821 4 13.5899
    endloop
  endfacet
  facet normal 0.815049 -0 0.579392
    outer loop
      vertex 123.645 0 11.1487
      vertex 123.749 4 11.0024
      vertex 123.645 4 11.1487
    endloop
  endfacet
  facet normal 0.815049 0 0.579392
    outer loop
      vertex 123.749 4 11.0024
      vertex 123.645 0 11.1487
      vertex 123.749 0 11.0024
    endloop
  endfacet
  facet normal 0.483416 0 -0.875391
    outer loop
      vertex 124.149 0 13.3548
      vertex 124.306 4 13.4415
      vertex 124.306 0 13.4415
    endloop
  endfacet
  facet normal 0.483416 0 -0.875391
    outer loop
      vertex 124.306 4 13.4415
      vertex 124.149 0 13.3548
      vertex 124.149 4 13.3548
    endloop
  endfacet
  facet normal 0.874813 0 -0.48446
    outer loop
      vertex 123.645 0 12.8513
      vertex 123.558 4 12.6942
      vertex 123.645 4 12.8513
    endloop
  endfacet
  facet normal 0.874813 0 -0.48446
    outer loop
      vertex 123.558 4 12.6942
      vertex 123.645 0 12.8513
      vertex 123.558 0 12.6942
    endloop
  endfacet
  facet normal 0.925209 0 -0.379458
    outer loop
      vertex 123.558 0 12.6942
      vertex 123.49 4 12.5284
      vertex 123.558 4 12.6942
    endloop
  endfacet
  facet normal 0.925209 0 -0.379458
    outer loop
      vertex 123.49 4 12.5284
      vertex 123.558 0 12.6942
      vertex 123.49 0 12.5284
    endloop
  endfacet
  facet normal 0.577185 0 -0.816614
    outer loop
      vertex 124.002 0 13.2509
      vertex 124.149 4 13.3548
      vertex 124.149 0 13.3548
    endloop
  endfacet
  facet normal 0.577185 0 -0.816614
    outer loop
      vertex 124.149 4 13.3548
      vertex 124.002 0 13.2509
      vertex 124.002 4 13.2509
    endloop
  endfacet
  facet normal 0.985923 0 -0.1672
    outer loop
      vertex 123.44 0 19.356
      vertex 123.41 4 19.1791
      vertex 123.44 4 19.356
    endloop
  endfacet
  facet normal 0.985923 0 -0.1672
    outer loop
      vertex 123.41 4 19.1791
      vertex 123.44 0 19.356
      vertex 123.41 0 19.1791
    endloop
  endfacet
  facet normal -0.925209 0 -0.379458
    outer loop
      vertex 126.51 0 19.5284
      vertex 126.442 4 19.6942
      vertex 126.51 4 19.5284
    endloop
  endfacet
  facet normal -0.925209 -0 -0.379458
    outer loop
      vertex 126.442 4 19.6942
      vertex 126.51 0 19.5284
      vertex 126.442 0 19.6942
    endloop
  endfacet
  facet normal 0.744455 0 -0.667673
    outer loop
      vertex 123.869 0 20.1314
      vertex 123.749 4 19.9976
      vertex 123.869 4 20.1314
    endloop
  endfacet
  facet normal 0.744455 0 -0.667673
    outer loop
      vertex 123.749 4 19.9976
      vertex 123.869 0 20.1314
      vertex 123.749 0 19.9976
    endloop
  endfacet
  facet normal 0.167108 0 0.985939
    outer loop
      vertex 124.644 4 17.4401
      vertex 124.821 0 17.4101
      vertex 124.821 4 17.4101
    endloop
  endfacet
  facet normal 0.167108 0 0.985939
    outer loop
      vertex 124.821 0 17.4101
      vertex 124.644 4 17.4401
      vertex 124.644 0 17.4401
    endloop
  endfacet
  facet normal 0.925209 -0 0.379458
    outer loop
      vertex 123.49 0 18.4716
      vertex 123.558 4 18.3058
      vertex 123.49 4 18.4716
    endloop
  endfacet
  facet normal 0.925209 0 0.379458
    outer loop
      vertex 123.558 4 18.3058
      vertex 123.49 0 18.4716
      vertex 123.558 0 18.3058
    endloop
  endfacet
  facet normal -0.577185 0 0.816614
    outer loop
      vertex 125.851 4 17.6452
      vertex 125.998 0 17.7491
      vertex 125.998 4 17.7491
    endloop
  endfacet
  facet normal -0.577185 0 0.816614
    outer loop
      vertex 125.998 0 17.7491
      vertex 125.851 4 17.6452
      vertex 125.851 0 17.6452
    endloop
  endfacet
  facet normal 0.056335 0 0.998412
    outer loop
      vertex 124.821 4 17.4101
      vertex 125 0 17.4
      vertex 125 4 17.4
    endloop
  endfacet
  facet normal 0.056335 0 0.998412
    outer loop
      vertex 125 0 17.4
      vertex 124.821 4 17.4101
      vertex 124.821 0 17.4101
    endloop
  endfacet
  facet normal -0.985923 0 0.1672
    outer loop
      vertex 126.56 0 18.644
      vertex 126.59 4 18.8209
      vertex 126.56 4 18.644
    endloop
  endfacet
  facet normal -0.985923 0 0.1672
    outer loop
      vertex 126.59 4 18.8209
      vertex 126.56 0 18.644
      vertex 126.59 0 18.8209
    endloop
  endfacet
  facet normal -0.815236 0 -0.579129
    outer loop
      vertex 126.355 0 19.8512
      vertex 126.251 4 19.9976
      vertex 126.355 4 19.8512
    endloop
  endfacet
  facet normal -0.815236 -0 -0.579129
    outer loop
      vertex 126.251 4 19.9976
      vertex 126.355 0 19.8512
      vertex 126.251 0 19.9976
    endloop
  endfacet
  facet normal -0.744455 0 -0.667673
    outer loop
      vertex 126.251 0 19.9976
      vertex 126.131 4 20.1314
      vertex 126.251 4 19.9976
    endloop
  endfacet
  facet normal -0.744455 -0 -0.667673
    outer loop
      vertex 126.131 4 20.1314
      vertex 126.251 0 19.9976
      vertex 126.131 0 20.1314
    endloop
  endfacet
  facet normal -0.381926 0 0.924193
    outer loop
      vertex 125.528 4 17.4898
      vertex 125.694 0 17.5584
      vertex 125.694 4 17.5584
    endloop
  endfacet
  facet normal -0.381926 0 0.924193
    outer loop
      vertex 125.694 0 17.5584
      vertex 125.528 4 17.4898
      vertex 125.528 0 17.4898
    endloop
  endfacet
  facet normal 0.277597 0 0.960698
    outer loop
      vertex 124.472 4 17.4898
      vertex 124.644 0 17.4401
      vertex 124.644 4 17.4401
    endloop
  endfacet
  facet normal 0.277597 0 0.960698
    outer loop
      vertex 124.644 0 17.4401
      vertex 124.472 4 17.4898
      vertex 124.472 0 17.4898
    endloop
  endfacet
  facet normal -0.483843 0 0.875155
    outer loop
      vertex 125.694 4 17.5584
      vertex 125.851 0 17.6452
      vertex 125.851 4 17.6452
    endloop
  endfacet
  facet normal -0.483843 0 0.875155
    outer loop
      vertex 125.851 0 17.6452
      vertex 125.694 4 17.5584
      vertex 125.694 0 17.5584
    endloop
  endfacet
  facet normal 0.668347 0 -0.74385
    outer loop
      vertex 123.869 0 20.1314
      vertex 124.002 4 20.2509
      vertex 124.002 0 20.2509
    endloop
  endfacet
  facet normal 0.668347 0 -0.74385
    outer loop
      vertex 124.002 4 20.2509
      vertex 123.869 0 20.1314
      vertex 123.869 4 20.1314
    endloop
  endfacet
  facet normal -0.744455 0 0.667673
    outer loop
      vertex 126.131 0 17.8686
      vertex 126.251 4 18.0024
      vertex 126.131 4 17.8686
    endloop
  endfacet
  facet normal -0.744455 0 0.667673
    outer loop
      vertex 126.251 4 18.0024
      vertex 126.131 0 17.8686
      vertex 126.251 0 18.0024
    endloop
  endfacet
  facet normal -0.577185 0 -0.816614
    outer loop
      vertex 125.851 0 20.3548
      vertex 125.998 4 20.2509
      vertex 125.998 0 20.2509
    endloop
  endfacet
  facet normal -0.577185 0 -0.816614
    outer loop
      vertex 125.998 4 20.2509
      vertex 125.851 0 20.3548
      vertex 125.851 4 20.3548
    endloop
  endfacet
  facet normal -0.874813 0 0.48446
    outer loop
      vertex 126.355 0 18.1487
      vertex 126.442 4 18.3058
      vertex 126.355 4 18.1487
    endloop
  endfacet
  facet normal -0.874813 0 0.48446
    outer loop
      vertex 126.442 4 18.3058
      vertex 126.355 0 18.1487
      vertex 126.442 0 18.3058
    endloop
  endfacet
  facet normal 0.382401 0 -0.923996
    outer loop
      vertex 124.306 0 20.4415
      vertex 124.472 4 20.5102
      vertex 124.472 0 20.5102
    endloop
  endfacet
  facet normal 0.382401 0 -0.923996
    outer loop
      vertex 124.472 4 20.5102
      vertex 124.306 0 20.4415
      vertex 124.306 4 20.4415
    endloop
  endfacet
  facet normal -0.998445 0 0.0557479
    outer loop
      vertex 126.59 0 18.8209
      vertex 126.6 4 19
      vertex 126.59 4 18.8209
    endloop
  endfacet
  facet normal -0.998445 0 0.0557479
    outer loop
      vertex 126.6 4 19
      vertex 126.59 0 18.8209
      vertex 126.6 0 19
    endloop
  endfacet
  facet normal 0.483843 0 0.875155
    outer loop
      vertex 124.149 4 17.6452
      vertex 124.306 0 17.5584
      vertex 124.306 4 17.5584
    endloop
  endfacet
  facet normal 0.483843 0 0.875155
    outer loop
      vertex 124.306 0 17.5584
      vertex 124.149 4 17.6452
      vertex 124.149 0 17.6452
    endloop
  endfacet
  facet normal 0.668347 0 0.74385
    outer loop
      vertex 123.869 4 17.8686
      vertex 124.002 0 17.7491
      vertex 124.002 4 17.7491
    endloop
  endfacet
  facet normal 0.668347 0 0.74385
    outer loop
      vertex 124.002 0 17.7491
      vertex 123.869 4 17.8686
      vertex 123.869 0 17.8686
    endloop
  endfacet
  facet normal -0.668347 0 -0.74385
    outer loop
      vertex 125.998 0 20.2509
      vertex 126.131 4 20.1314
      vertex 126.131 0 20.1314
    endloop
  endfacet
  facet normal -0.668347 0 -0.74385
    outer loop
      vertex 126.131 4 20.1314
      vertex 125.998 0 20.2509
      vertex 125.998 4 20.2509
    endloop
  endfacet
  facet normal -0.668347 0 0.74385
    outer loop
      vertex 125.998 4 17.7491
      vertex 126.131 0 17.8686
      vertex 126.131 4 17.8686
    endloop
  endfacet
  facet normal -0.668347 0 0.74385
    outer loop
      vertex 126.131 0 17.8686
      vertex 125.998 4 17.7491
      vertex 125.998 0 17.7491
    endloop
  endfacet
  facet normal -0.998445 0 -0.0557479
    outer loop
      vertex 126.6 0 19
      vertex 126.59 4 19.1791
      vertex 126.6 4 19
    endloop
  endfacet
  facet normal -0.998445 -0 -0.0557479
    outer loop
      vertex 126.59 4 19.1791
      vertex 126.6 0 19
      vertex 126.59 0 19.1791
    endloop
  endfacet
  facet normal 0.998445 0 -0.0557479
    outer loop
      vertex 123.41 0 19.1791
      vertex 123.4 4 19
      vertex 123.41 4 19.1791
    endloop
  endfacet
  facet normal 0.998445 0 -0.0557479
    outer loop
      vertex 123.4 4 19
      vertex 123.41 0 19.1791
      vertex 123.4 0 19
    endloop
  endfacet
  facet normal -0.874682 0 -0.484697
    outer loop
      vertex 126.442 0 19.6942
      vertex 126.355 4 19.8512
      vertex 126.442 4 19.6942
    endloop
  endfacet
  facet normal -0.874682 -0 -0.484697
    outer loop
      vertex 126.355 4 19.8512
      vertex 126.442 0 19.6942
      vertex 126.355 0 19.8512
    endloop
  endfacet
  facet normal -0.960423 0 0.278545
    outer loop
      vertex 126.51 0 18.4716
      vertex 126.56 4 18.644
      vertex 126.51 4 18.4716
    endloop
  endfacet
  facet normal -0.960423 0 0.278545
    outer loop
      vertex 126.56 4 18.644
      vertex 126.51 0 18.4716
      vertex 126.56 0 18.644
    endloop
  endfacet
  facet normal -0.277597 0 -0.960698
    outer loop
      vertex 125.356 0 20.5599
      vertex 125.528 4 20.5102
      vertex 125.528 0 20.5102
    endloop
  endfacet
  facet normal -0.277597 0 -0.960698
    outer loop
      vertex 125.528 4 20.5102
      vertex 125.356 0 20.5599
      vertex 125.356 4 20.5599
    endloop
  endfacet
  facet normal 0.277597 0 -0.960698
    outer loop
      vertex 124.472 0 20.5102
      vertex 124.644 4 20.5599
      vertex 124.644 0 20.5599
    endloop
  endfacet
  facet normal 0.277597 0 -0.960698
    outer loop
      vertex 124.644 4 20.5599
      vertex 124.472 0 20.5102
      vertex 124.472 4 20.5102
    endloop
  endfacet
  facet normal -0.815049 0 0.579392
    outer loop
      vertex 126.251 0 18.0024
      vertex 126.355 4 18.1487
      vertex 126.251 4 18.0024
    endloop
  endfacet
  facet normal -0.815049 0 0.579392
    outer loop
      vertex 126.355 4 18.1487
      vertex 126.251 0 18.0024
      vertex 126.355 0 18.1487
    endloop
  endfacet
  facet normal -0.167108 0 0.985939
    outer loop
      vertex 125.179 4 17.4101
      vertex 125.356 0 17.4401
      vertex 125.356 4 17.4401
    endloop
  endfacet
  facet normal -0.167108 0 0.985939
    outer loop
      vertex 125.356 0 17.4401
      vertex 125.179 4 17.4101
      vertex 125.179 0 17.4101
    endloop
  endfacet
  facet normal -0.382401 0 -0.923996
    outer loop
      vertex 125.528 0 20.5102
      vertex 125.694 4 20.4415
      vertex 125.694 0 20.4415
    endloop
  endfacet
  facet normal -0.382401 0 -0.923996
    outer loop
      vertex 125.694 4 20.4415
      vertex 125.528 0 20.5102
      vertex 125.528 4 20.5102
    endloop
  endfacet
  facet normal 0.744455 -0 0.667673
    outer loop
      vertex 123.749 0 18.0024
      vertex 123.869 4 17.8686
      vertex 123.749 4 18.0024
    endloop
  endfacet
  facet normal 0.744455 0 0.667673
    outer loop
      vertex 123.869 4 17.8686
      vertex 123.749 0 18.0024
      vertex 123.869 0 17.8686
    endloop
  endfacet
  facet normal 0.998445 -0 0.0557479
    outer loop
      vertex 123.4 0 19
      vertex 123.41 4 18.8209
      vertex 123.4 4 19
    endloop
  endfacet
  facet normal 0.998445 0 0.0557479
    outer loop
      vertex 123.41 4 18.8209
      vertex 123.4 0 19
      vertex 123.41 0 18.8209
    endloop
  endfacet
  facet normal 0.381926 0 0.924193
    outer loop
      vertex 124.306 4 17.5584
      vertex 124.472 0 17.4898
      vertex 124.472 4 17.4898
    endloop
  endfacet
  facet normal 0.381926 0 0.924193
    outer loop
      vertex 124.472 0 17.4898
      vertex 124.306 4 17.5584
      vertex 124.306 0 17.5584
    endloop
  endfacet
  facet normal 0.960423 -0 0.278545
    outer loop
      vertex 123.44 0 18.644
      vertex 123.49 4 18.4716
      vertex 123.44 4 18.644
    endloop
  endfacet
  facet normal 0.960423 0 0.278545
    outer loop
      vertex 123.49 4 18.4716
      vertex 123.44 0 18.644
      vertex 123.49 0 18.4716
    endloop
  endfacet
  facet normal 0.577185 0 0.816614
    outer loop
      vertex 124.002 4 17.7491
      vertex 124.149 0 17.6452
      vertex 124.149 4 17.6452
    endloop
  endfacet
  facet normal 0.577185 0 0.816614
    outer loop
      vertex 124.149 0 17.6452
      vertex 124.002 4 17.7491
      vertex 124.002 0 17.7491
    endloop
  endfacet
  facet normal -0.985923 0 -0.1672
    outer loop
      vertex 126.59 0 19.1791
      vertex 126.56 4 19.356
      vertex 126.59 4 19.1791
    endloop
  endfacet
  facet normal -0.985923 -0 -0.1672
    outer loop
      vertex 126.56 4 19.356
      vertex 126.59 0 19.1791
      vertex 126.56 0 19.356
    endloop
  endfacet
  facet normal 0.874813 -0 0.48446
    outer loop
      vertex 123.558 0 18.3058
      vertex 123.645 4 18.1487
      vertex 123.558 4 18.3058
    endloop
  endfacet
  facet normal 0.874813 0 0.48446
    outer loop
      vertex 123.645 4 18.1487
      vertex 123.558 0 18.3058
      vertex 123.645 0 18.1487
    endloop
  endfacet
  facet normal -0.277597 0 0.960698
    outer loop
      vertex 125.356 4 17.4401
      vertex 125.528 0 17.4898
      vertex 125.528 4 17.4898
    endloop
  endfacet
  facet normal -0.277597 0 0.960698
    outer loop
      vertex 125.528 0 17.4898
      vertex 125.356 4 17.4401
      vertex 125.356 0 17.4401
    endloop
  endfacet
  facet normal 0.960423 0 -0.278545
    outer loop
      vertex 123.49 0 19.5284
      vertex 123.44 4 19.356
      vertex 123.49 4 19.5284
    endloop
  endfacet
  facet normal 0.960423 0 -0.278545
    outer loop
      vertex 123.44 4 19.356
      vertex 123.49 0 19.5284
      vertex 123.44 0 19.356
    endloop
  endfacet
  facet normal -0.167108 0 -0.985939
    outer loop
      vertex 125.179 0 20.5899
      vertex 125.356 4 20.5599
      vertex 125.356 0 20.5599
    endloop
  endfacet
  facet normal -0.167108 0 -0.985939
    outer loop
      vertex 125.356 4 20.5599
      vertex 125.179 0 20.5899
      vertex 125.179 4 20.5899
    endloop
  endfacet
  facet normal -0.483416 0 -0.875391
    outer loop
      vertex 125.694 0 20.4415
      vertex 125.851 4 20.3548
      vertex 125.851 0 20.3548
    endloop
  endfacet
  facet normal -0.483416 0 -0.875391
    outer loop
      vertex 125.851 4 20.3548
      vertex 125.694 0 20.4415
      vertex 125.694 4 20.4415
    endloop
  endfacet
  facet normal -0.925209 0 0.379458
    outer loop
      vertex 126.442 0 18.3058
      vertex 126.51 4 18.4716
      vertex 126.442 4 18.3058
    endloop
  endfacet
  facet normal -0.925209 0 0.379458
    outer loop
      vertex 126.51 4 18.4716
      vertex 126.442 0 18.3058
      vertex 126.51 0 18.4716
    endloop
  endfacet
  facet normal -0.056335 0 -0.998412
    outer loop
      vertex 125 0 20.6
      vertex 125.179 4 20.5899
      vertex 125.179 0 20.5899
    endloop
  endfacet
  facet normal -0.056335 0 -0.998412
    outer loop
      vertex 125.179 4 20.5899
      vertex 125 0 20.6
      vertex 125 4 20.6
    endloop
  endfacet
  facet normal -0.056335 0 0.998412
    outer loop
      vertex 125 4 17.4
      vertex 125.179 0 17.4101
      vertex 125.179 4 17.4101
    endloop
  endfacet
  facet normal -0.056335 0 0.998412
    outer loop
      vertex 125.179 0 17.4101
      vertex 125 4 17.4
      vertex 125 0 17.4
    endloop
  endfacet
  facet normal 0.167108 0 -0.985939
    outer loop
      vertex 124.644 0 20.5599
      vertex 124.821 4 20.5899
      vertex 124.821 0 20.5899
    endloop
  endfacet
  facet normal 0.167108 0 -0.985939
    outer loop
      vertex 124.821 4 20.5899
      vertex 124.644 0 20.5599
      vertex 124.644 4 20.5599
    endloop
  endfacet
  facet normal -0.960423 0 -0.278545
    outer loop
      vertex 126.56 0 19.356
      vertex 126.51 4 19.5284
      vertex 126.56 4 19.356
    endloop
  endfacet
  facet normal -0.960423 -0 -0.278545
    outer loop
      vertex 126.51 4 19.5284
      vertex 126.56 0 19.356
      vertex 126.51 0 19.5284
    endloop
  endfacet
  facet normal 0.815236 0 -0.579129
    outer loop
      vertex 123.749 0 19.9976
      vertex 123.645 4 19.8512
      vertex 123.749 4 19.9976
    endloop
  endfacet
  facet normal 0.815236 0 -0.579129
    outer loop
      vertex 123.645 4 19.8512
      vertex 123.749 0 19.9976
      vertex 123.645 0 19.8512
    endloop
  endfacet
  facet normal 0.985923 -0 0.1672
    outer loop
      vertex 123.41 0 18.8209
      vertex 123.44 4 18.644
      vertex 123.41 4 18.8209
    endloop
  endfacet
  facet normal 0.985923 0 0.1672
    outer loop
      vertex 123.44 4 18.644
      vertex 123.41 0 18.8209
      vertex 123.44 0 18.644
    endloop
  endfacet
  facet normal 0.056335 0 -0.998412
    outer loop
      vertex 124.821 0 20.5899
      vertex 125 4 20.6
      vertex 125 0 20.6
    endloop
  endfacet
  facet normal 0.056335 0 -0.998412
    outer loop
      vertex 125 4 20.6
      vertex 124.821 0 20.5899
      vertex 124.821 4 20.5899
    endloop
  endfacet
  facet normal 0.815049 -0 0.579392
    outer loop
      vertex 123.645 0 18.1487
      vertex 123.749 4 18.0024
      vertex 123.645 4 18.1487
    endloop
  endfacet
  facet normal 0.815049 0 0.579392
    outer loop
      vertex 123.749 4 18.0024
      vertex 123.645 0 18.1487
      vertex 123.749 0 18.0024
    endloop
  endfacet
  facet normal 0.483416 0 -0.875391
    outer loop
      vertex 124.149 0 20.3548
      vertex 124.306 4 20.4415
      vertex 124.306 0 20.4415
    endloop
  endfacet
  facet normal 0.483416 0 -0.875391
    outer loop
      vertex 124.306 4 20.4415
      vertex 124.149 0 20.3548
      vertex 124.149 4 20.3548
    endloop
  endfacet
  facet normal 0.874682 0 -0.484697
    outer loop
      vertex 123.645 0 19.8512
      vertex 123.558 4 19.6942
      vertex 123.645 4 19.8512
    endloop
  endfacet
  facet normal 0.874682 0 -0.484697
    outer loop
      vertex 123.558 4 19.6942
      vertex 123.645 0 19.8512
      vertex 123.558 0 19.6942
    endloop
  endfacet
  facet normal 0.925209 0 -0.379458
    outer loop
      vertex 123.558 0 19.6942
      vertex 123.49 4 19.5284
      vertex 123.558 4 19.6942
    endloop
  endfacet
  facet normal 0.925209 0 -0.379458
    outer loop
      vertex 123.49 4 19.5284
      vertex 123.558 0 19.6942
      vertex 123.49 0 19.5284
    endloop
  endfacet
  facet normal 0.577185 0 -0.816614
    outer loop
      vertex 124.002 0 20.2509
      vertex 124.149 4 20.3548
      vertex 124.149 0 20.3548
    endloop
  endfacet
  facet normal 0.577185 0 -0.816614
    outer loop
      vertex 124.149 4 20.3548
      vertex 124.002 0 20.2509
      vertex 124.002 4 20.2509
    endloop
  endfacet
  facet normal 0.985923 0 -0.1672
    outer loop
      vertex 123.44 0 26.356
      vertex 123.41 4 26.1791
      vertex 123.44 4 26.356
    endloop
  endfacet
  facet normal 0.985923 0 -0.1672
    outer loop
      vertex 123.41 4 26.1791
      vertex 123.44 0 26.356
      vertex 123.41 0 26.1791
    endloop
  endfacet
  facet normal -0.925209 0 -0.379458
    outer loop
      vertex 126.51 0 26.5284
      vertex 126.442 4 26.6942
      vertex 126.51 4 26.5284
    endloop
  endfacet
  facet normal -0.925209 -0 -0.379458
    outer loop
      vertex 126.442 4 26.6942
      vertex 126.51 0 26.5284
      vertex 126.442 0 26.6942
    endloop
  endfacet
  facet normal 0.744455 0 -0.667673
    outer loop
      vertex 123.869 0 27.1314
      vertex 123.749 4 26.9976
      vertex 123.869 4 27.1314
    endloop
  endfacet
  facet normal 0.744455 0 -0.667673
    outer loop
      vertex 123.749 4 26.9976
      vertex 123.869 0 27.1314
      vertex 123.749 0 26.9976
    endloop
  endfacet
  facet normal 0.167108 0 0.985939
    outer loop
      vertex 124.644 4 24.4401
      vertex 124.821 0 24.4101
      vertex 124.821 4 24.4101
    endloop
  endfacet
  facet normal 0.167108 0 0.985939
    outer loop
      vertex 124.821 0 24.4101
      vertex 124.644 4 24.4401
      vertex 124.644 0 24.4401
    endloop
  endfacet
  facet normal 0.925209 -0 0.379458
    outer loop
      vertex 123.49 0 25.4716
      vertex 123.558 4 25.3058
      vertex 123.49 4 25.4716
    endloop
  endfacet
  facet normal 0.925209 0 0.379458
    outer loop
      vertex 123.558 4 25.3058
      vertex 123.49 0 25.4716
      vertex 123.558 0 25.3058
    endloop
  endfacet
  facet normal -0.577185 0 0.816614
    outer loop
      vertex 125.851 4 24.6452
      vertex 125.998 0 24.7491
      vertex 125.998 4 24.7491
    endloop
  endfacet
  facet normal -0.577185 0 0.816614
    outer loop
      vertex 125.998 0 24.7491
      vertex 125.851 4 24.6452
      vertex 125.851 0 24.6452
    endloop
  endfacet
  facet normal 0.056335 0 0.998412
    outer loop
      vertex 124.821 4 24.4101
      vertex 125 0 24.4
      vertex 125 4 24.4
    endloop
  endfacet
  facet normal 0.056335 0 0.998412
    outer loop
      vertex 125 0 24.4
      vertex 124.821 4 24.4101
      vertex 124.821 0 24.4101
    endloop
  endfacet
  facet normal -0.985923 0 0.1672
    outer loop
      vertex 126.56 0 25.644
      vertex 126.59 4 25.8209
      vertex 126.56 4 25.644
    endloop
  endfacet
  facet normal -0.985923 0 0.1672
    outer loop
      vertex 126.59 4 25.8209
      vertex 126.56 0 25.644
      vertex 126.59 0 25.8209
    endloop
  endfacet
  facet normal -0.815236 0 -0.579129
    outer loop
      vertex 126.355 0 26.8512
      vertex 126.251 4 26.9976
      vertex 126.355 4 26.8512
    endloop
  endfacet
  facet normal -0.815236 -0 -0.579129
    outer loop
      vertex 126.251 4 26.9976
      vertex 126.355 0 26.8512
      vertex 126.251 0 26.9976
    endloop
  endfacet
  facet normal -0.744455 0 -0.667673
    outer loop
      vertex 126.251 0 26.9976
      vertex 126.131 4 27.1314
      vertex 126.251 4 26.9976
    endloop
  endfacet
  facet normal -0.744455 -0 -0.667673
    outer loop
      vertex 126.131 4 27.1314
      vertex 126.251 0 26.9976
      vertex 126.131 0 27.1314
    endloop
  endfacet
  facet normal -0.381926 0 0.924193
    outer loop
      vertex 125.528 4 24.4898
      vertex 125.694 0 24.5584
      vertex 125.694 4 24.5584
    endloop
  endfacet
  facet normal -0.381926 0 0.924193
    outer loop
      vertex 125.694 0 24.5584
      vertex 125.528 4 24.4898
      vertex 125.528 0 24.4898
    endloop
  endfacet
  facet normal 0.277597 0 0.960698
    outer loop
      vertex 124.472 4 24.4898
      vertex 124.644 0 24.4401
      vertex 124.644 4 24.4401
    endloop
  endfacet
  facet normal 0.277597 0 0.960698
    outer loop
      vertex 124.644 0 24.4401
      vertex 124.472 4 24.4898
      vertex 124.472 0 24.4898
    endloop
  endfacet
  facet normal -0.483843 0 0.875155
    outer loop
      vertex 125.694 4 24.5584
      vertex 125.851 0 24.6452
      vertex 125.851 4 24.6452
    endloop
  endfacet
  facet normal -0.483843 0 0.875155
    outer loop
      vertex 125.851 0 24.6452
      vertex 125.694 4 24.5584
      vertex 125.694 0 24.5584
    endloop
  endfacet
  facet normal 0.668347 0 -0.74385
    outer loop
      vertex 123.869 0 27.1314
      vertex 124.002 4 27.2509
      vertex 124.002 0 27.2509
    endloop
  endfacet
  facet normal 0.668347 0 -0.74385
    outer loop
      vertex 124.002 4 27.2509
      vertex 123.869 0 27.1314
      vertex 123.869 4 27.1314
    endloop
  endfacet
  facet normal -0.744455 0 0.667673
    outer loop
      vertex 126.131 0 24.8686
      vertex 126.251 4 25.0024
      vertex 126.131 4 24.8686
    endloop
  endfacet
  facet normal -0.744455 0 0.667673
    outer loop
      vertex 126.251 4 25.0024
      vertex 126.131 0 24.8686
      vertex 126.251 0 25.0024
    endloop
  endfacet
  facet normal -0.577185 0 -0.816614
    outer loop
      vertex 125.851 0 27.3548
      vertex 125.998 4 27.2509
      vertex 125.998 0 27.2509
    endloop
  endfacet
  facet normal -0.577185 0 -0.816614
    outer loop
      vertex 125.998 4 27.2509
      vertex 125.851 0 27.3548
      vertex 125.851 4 27.3548
    endloop
  endfacet
  facet normal -0.874813 0 0.48446
    outer loop
      vertex 126.355 0 25.1487
      vertex 126.442 4 25.3058
      vertex 126.355 4 25.1487
    endloop
  endfacet
  facet normal -0.874813 0 0.48446
    outer loop
      vertex 126.442 4 25.3058
      vertex 126.355 0 25.1487
      vertex 126.442 0 25.3058
    endloop
  endfacet
  facet normal 0.382401 0 -0.923996
    outer loop
      vertex 124.306 0 27.4415
      vertex 124.472 4 27.5102
      vertex 124.472 0 27.5102
    endloop
  endfacet
  facet normal 0.382401 0 -0.923996
    outer loop
      vertex 124.472 4 27.5102
      vertex 124.306 0 27.4415
      vertex 124.306 4 27.4415
    endloop
  endfacet
  facet normal -0.998445 0 0.0557479
    outer loop
      vertex 126.59 0 25.8209
      vertex 126.6 4 26
      vertex 126.59 4 25.8209
    endloop
  endfacet
  facet normal -0.998445 0 0.0557479
    outer loop
      vertex 126.6 4 26
      vertex 126.59 0 25.8209
      vertex 126.6 0 26
    endloop
  endfacet
  facet normal 0.483843 0 0.875155
    outer loop
      vertex 124.149 4 24.6452
      vertex 124.306 0 24.5584
      vertex 124.306 4 24.5584
    endloop
  endfacet
  facet normal 0.483843 0 0.875155
    outer loop
      vertex 124.306 0 24.5584
      vertex 124.149 4 24.6452
      vertex 124.149 0 24.6452
    endloop
  endfacet
  facet normal 0.668347 0 0.74385
    outer loop
      vertex 123.869 4 24.8686
      vertex 124.002 0 24.7491
      vertex 124.002 4 24.7491
    endloop
  endfacet
  facet normal 0.668347 0 0.74385
    outer loop
      vertex 124.002 0 24.7491
      vertex 123.869 4 24.8686
      vertex 123.869 0 24.8686
    endloop
  endfacet
  facet normal -0.668347 0 -0.74385
    outer loop
      vertex 125.998 0 27.2509
      vertex 126.131 4 27.1314
      vertex 126.131 0 27.1314
    endloop
  endfacet
  facet normal -0.668347 0 -0.74385
    outer loop
      vertex 126.131 4 27.1314
      vertex 125.998 0 27.2509
      vertex 125.998 4 27.2509
    endloop
  endfacet
  facet normal -0.668347 0 0.74385
    outer loop
      vertex 125.998 4 24.7491
      vertex 126.131 0 24.8686
      vertex 126.131 4 24.8686
    endloop
  endfacet
  facet normal -0.668347 0 0.74385
    outer loop
      vertex 126.131 0 24.8686
      vertex 125.998 4 24.7491
      vertex 125.998 0 24.7491
    endloop
  endfacet
  facet normal -0.998445 0 -0.0557479
    outer loop
      vertex 126.6 0 26
      vertex 126.59 4 26.1791
      vertex 126.6 4 26
    endloop
  endfacet
  facet normal -0.998445 -0 -0.0557479
    outer loop
      vertex 126.59 4 26.1791
      vertex 126.6 0 26
      vertex 126.59 0 26.1791
    endloop
  endfacet
  facet normal 0.998445 0 -0.0557479
    outer loop
      vertex 123.41 0 26.1791
      vertex 123.4 4 26
      vertex 123.41 4 26.1791
    endloop
  endfacet
  facet normal 0.998445 0 -0.0557479
    outer loop
      vertex 123.4 4 26
      vertex 123.41 0 26.1791
      vertex 123.4 0 26
    endloop
  endfacet
  facet normal -0.874682 0 -0.484697
    outer loop
      vertex 126.442 0 26.6942
      vertex 126.355 4 26.8512
      vertex 126.442 4 26.6942
    endloop
  endfacet
  facet normal -0.874682 -0 -0.484697
    outer loop
      vertex 126.355 4 26.8512
      vertex 126.442 0 26.6942
      vertex 126.355 0 26.8512
    endloop
  endfacet
  facet normal -0.960423 0 0.278545
    outer loop
      vertex 126.51 0 25.4716
      vertex 126.56 4 25.644
      vertex 126.51 4 25.4716
    endloop
  endfacet
  facet normal -0.960423 0 0.278545
    outer loop
      vertex 126.56 4 25.644
      vertex 126.51 0 25.4716
      vertex 126.56 0 25.644
    endloop
  endfacet
  facet normal -0.277597 0 -0.960698
    outer loop
      vertex 125.356 0 27.5599
      vertex 125.528 4 27.5102
      vertex 125.528 0 27.5102
    endloop
  endfacet
  facet normal -0.277597 0 -0.960698
    outer loop
      vertex 125.528 4 27.5102
      vertex 125.356 0 27.5599
      vertex 125.356 4 27.5599
    endloop
  endfacet
  facet normal 0.277597 0 -0.960698
    outer loop
      vertex 124.472 0 27.5102
      vertex 124.644 4 27.5599
      vertex 124.644 0 27.5599
    endloop
  endfacet
  facet normal 0.277597 0 -0.960698
    outer loop
      vertex 124.644 4 27.5599
      vertex 124.472 0 27.5102
      vertex 124.472 4 27.5102
    endloop
  endfacet
  facet normal -0.815049 0 0.579392
    outer loop
      vertex 126.251 0 25.0024
      vertex 126.355 4 25.1487
      vertex 126.251 4 25.0024
    endloop
  endfacet
  facet normal -0.815049 0 0.579392
    outer loop
      vertex 126.355 4 25.1487
      vertex 126.251 0 25.0024
      vertex 126.355 0 25.1487
    endloop
  endfacet
  facet normal -0.167108 0 0.985939
    outer loop
      vertex 125.179 4 24.4101
      vertex 125.356 0 24.4401
      vertex 125.356 4 24.4401
    endloop
  endfacet
  facet normal -0.167108 0 0.985939
    outer loop
      vertex 125.356 0 24.4401
      vertex 125.179 4 24.4101
      vertex 125.179 0 24.4101
    endloop
  endfacet
  facet normal -0.382401 0 -0.923996
    outer loop
      vertex 125.528 0 27.5102
      vertex 125.694 4 27.4415
      vertex 125.694 0 27.4415
    endloop
  endfacet
  facet normal -0.382401 0 -0.923996
    outer loop
      vertex 125.694 4 27.4415
      vertex 125.528 0 27.5102
      vertex 125.528 4 27.5102
    endloop
  endfacet
  facet normal 0.744455 -0 0.667673
    outer loop
      vertex 123.749 0 25.0024
      vertex 123.869 4 24.8686
      vertex 123.749 4 25.0024
    endloop
  endfacet
  facet normal 0.744455 0 0.667673
    outer loop
      vertex 123.869 4 24.8686
      vertex 123.749 0 25.0024
      vertex 123.869 0 24.8686
    endloop
  endfacet
  facet normal 0.998445 -0 0.0557479
    outer loop
      vertex 123.4 0 26
      vertex 123.41 4 25.8209
      vertex 123.4 4 26
    endloop
  endfacet
  facet normal 0.998445 0 0.0557479
    outer loop
      vertex 123.41 4 25.8209
      vertex 123.4 0 26
      vertex 123.41 0 25.8209
    endloop
  endfacet
  facet normal 0.381926 0 0.924193
    outer loop
      vertex 124.306 4 24.5584
      vertex 124.472 0 24.4898
      vertex 124.472 4 24.4898
    endloop
  endfacet
  facet normal 0.381926 0 0.924193
    outer loop
      vertex 124.472 0 24.4898
      vertex 124.306 4 24.5584
      vertex 124.306 0 24.5584
    endloop
  endfacet
  facet normal 0.960423 -0 0.278545
    outer loop
      vertex 123.44 0 25.644
      vertex 123.49 4 25.4716
      vertex 123.44 4 25.644
    endloop
  endfacet
  facet normal 0.960423 0 0.278545
    outer loop
      vertex 123.49 4 25.4716
      vertex 123.44 0 25.644
      vertex 123.49 0 25.4716
    endloop
  endfacet
  facet normal -0.960423 0 -0.278545
    outer loop
      vertex 126.56 0 26.356
      vertex 126.51 4 26.5284
      vertex 126.56 4 26.356
    endloop
  endfacet
  facet normal -0.960423 -0 -0.278545
    outer loop
      vertex 126.51 4 26.5284
      vertex 126.56 0 26.356
      vertex 126.51 0 26.5284
    endloop
  endfacet
  facet normal 0.577185 0 0.816614
    outer loop
      vertex 124.002 4 24.7491
      vertex 124.149 0 24.6452
      vertex 124.149 4 24.6452
    endloop
  endfacet
  facet normal 0.577185 0 0.816614
    outer loop
      vertex 124.149 0 24.6452
      vertex 124.002 4 24.7491
      vertex 124.002 0 24.7491
    endloop
  endfacet
  facet normal -0.985923 0 -0.1672
    outer loop
      vertex 126.59 0 26.1791
      vertex 126.56 4 26.356
      vertex 126.59 4 26.1791
    endloop
  endfacet
  facet normal -0.985923 -0 -0.1672
    outer loop
      vertex 126.56 4 26.356
      vertex 126.59 0 26.1791
      vertex 126.56 0 26.356
    endloop
  endfacet
  facet normal 0.874813 -0 0.48446
    outer loop
      vertex 123.558 0 25.3058
      vertex 123.645 4 25.1487
      vertex 123.558 4 25.3058
    endloop
  endfacet
  facet normal 0.874813 0 0.48446
    outer loop
      vertex 123.645 4 25.1487
      vertex 123.558 0 25.3058
      vertex 123.645 0 25.1487
    endloop
  endfacet
  facet normal -0.277597 0 0.960698
    outer loop
      vertex 125.356 4 24.4401
      vertex 125.528 0 24.4898
      vertex 125.528 4 24.4898
    endloop
  endfacet
  facet normal -0.277597 0 0.960698
    outer loop
      vertex 125.528 0 24.4898
      vertex 125.356 4 24.4401
      vertex 125.356 0 24.4401
    endloop
  endfacet
  facet normal 0.960423 0 -0.278545
    outer loop
      vertex 123.49 0 26.5284
      vertex 123.44 4 26.356
      vertex 123.49 4 26.5284
    endloop
  endfacet
  facet normal 0.960423 0 -0.278545
    outer loop
      vertex 123.44 4 26.356
      vertex 123.49 0 26.5284
      vertex 123.44 0 26.356
    endloop
  endfacet
  facet normal -0.167108 0 -0.985939
    outer loop
      vertex 125.179 0 27.5899
      vertex 125.356 4 27.5599
      vertex 125.356 0 27.5599
    endloop
  endfacet
  facet normal -0.167108 0 -0.985939
    outer loop
      vertex 125.356 4 27.5599
      vertex 125.179 0 27.5899
      vertex 125.179 4 27.5899
    endloop
  endfacet
  facet normal -0.483416 0 -0.875391
    outer loop
      vertex 125.694 0 27.4415
      vertex 125.851 4 27.3548
      vertex 125.851 0 27.3548
    endloop
  endfacet
  facet normal -0.483416 0 -0.875391
    outer loop
      vertex 125.851 4 27.3548
      vertex 125.694 0 27.4415
      vertex 125.694 4 27.4415
    endloop
  endfacet
  facet normal -0.925209 0 0.379458
    outer loop
      vertex 126.442 0 25.3058
      vertex 126.51 4 25.4716
      vertex 126.442 4 25.3058
    endloop
  endfacet
  facet normal -0.925209 0 0.379458
    outer loop
      vertex 126.51 4 25.4716
      vertex 126.442 0 25.3058
      vertex 126.51 0 25.4716
    endloop
  endfacet
  facet normal -0.056335 0 -0.998412
    outer loop
      vertex 125 0 27.6
      vertex 125.179 4 27.5899
      vertex 125.179 0 27.5899
    endloop
  endfacet
  facet normal -0.056335 0 -0.998412
    outer loop
      vertex 125.179 4 27.5899
      vertex 125 0 27.6
      vertex 125 4 27.6
    endloop
  endfacet
  facet normal -0.056335 0 0.998412
    outer loop
      vertex 125 4 24.4
      vertex 125.179 0 24.4101
      vertex 125.179 4 24.4101
    endloop
  endfacet
  facet normal -0.056335 0 0.998412
    outer loop
      vertex 125.179 0 24.4101
      vertex 125 4 24.4
      vertex 125 0 24.4
    endloop
  endfacet
  facet normal 0.167108 0 -0.985939
    outer loop
      vertex 124.644 0 27.5599
      vertex 124.821 4 27.5899
      vertex 124.821 0 27.5899
    endloop
  endfacet
  facet normal 0.167108 0 -0.985939
    outer loop
      vertex 124.821 4 27.5899
      vertex 124.644 0 27.5599
      vertex 124.644 4 27.5599
    endloop
  endfacet
  facet normal 0.815236 0 -0.579129
    outer loop
      vertex 123.749 0 26.9976
      vertex 123.645 4 26.8512
      vertex 123.749 4 26.9976
    endloop
  endfacet
  facet normal 0.815236 0 -0.579129
    outer loop
      vertex 123.645 4 26.8512
      vertex 123.749 0 26.9976
      vertex 123.645 0 26.8512
    endloop
  endfacet
  facet normal 0.985923 -0 0.1672
    outer loop
      vertex 123.41 0 25.8209
      vertex 123.44 4 25.644
      vertex 123.41 4 25.8209
    endloop
  endfacet
  facet normal 0.985923 0 0.1672
    outer loop
      vertex 123.44 4 25.644
      vertex 123.41 0 25.8209
      vertex 123.44 0 25.644
    endloop
  endfacet
  facet normal 0.056335 0 -0.998412
    outer loop
      vertex 124.821 0 27.5899
      vertex 125 4 27.6
      vertex 125 0 27.6
    endloop
  endfacet
  facet normal 0.056335 0 -0.998412
    outer loop
      vertex 125 4 27.6
      vertex 124.821 0 27.5899
      vertex 124.821 4 27.5899
    endloop
  endfacet
  facet normal 0.815049 -0 0.579392
    outer loop
      vertex 123.645 0 25.1487
      vertex 123.749 4 25.0024
      vertex 123.645 4 25.1487
    endloop
  endfacet
  facet normal 0.815049 0 0.579392
    outer loop
      vertex 123.749 4 25.0024
      vertex 123.645 0 25.1487
      vertex 123.749 0 25.0024
    endloop
  endfacet
  facet normal 0.483416 0 -0.875391
    outer loop
      vertex 124.149 0 27.3548
      vertex 124.306 4 27.4415
      vertex 124.306 0 27.4415
    endloop
  endfacet
  facet normal 0.483416 0 -0.875391
    outer loop
      vertex 124.306 4 27.4415
      vertex 124.149 0 27.3548
      vertex 124.149 4 27.3548
    endloop
  endfacet
  facet normal 0.874682 0 -0.484697
    outer loop
      vertex 123.645 0 26.8512
      vertex 123.558 4 26.6942
      vertex 123.645 4 26.8512
    endloop
  endfacet
  facet normal 0.874682 0 -0.484697
    outer loop
      vertex 123.558 4 26.6942
      vertex 123.645 0 26.8512
      vertex 123.558 0 26.6942
    endloop
  endfacet
  facet normal 0.925209 0 -0.379458
    outer loop
      vertex 123.558 0 26.6942
      vertex 123.49 4 26.5284
      vertex 123.558 4 26.6942
    endloop
  endfacet
  facet normal 0.925209 0 -0.379458
    outer loop
      vertex 123.49 4 26.5284
      vertex 123.558 0 26.6942
      vertex 123.49 0 26.5284
    endloop
  endfacet
  facet normal 0.577185 0 -0.816614
    outer loop
      vertex 124.002 0 27.2509
      vertex 124.149 4 27.3548
      vertex 124.149 0 27.3548
    endloop
  endfacet
  facet normal 0.577185 0 -0.816614
    outer loop
      vertex 124.149 4 27.3548
      vertex 124.002 0 27.2509
      vertex 124.002 4 27.2509
    endloop
  endfacet
  facet normal 0.985923 0 -0.1672
    outer loop
      vertex 130.44 0 12.356
      vertex 130.41 4 12.1791
      vertex 130.44 4 12.356
    endloop
  endfacet
  facet normal 0.985923 0 -0.1672
    outer loop
      vertex 130.41 4 12.1791
      vertex 130.44 0 12.356
      vertex 130.41 0 12.1791
    endloop
  endfacet
  facet normal -0.925209 0 -0.379458
    outer loop
      vertex 133.51 0 12.5284
      vertex 133.442 4 12.6942
      vertex 133.51 4 12.5284
    endloop
  endfacet
  facet normal -0.925209 -0 -0.379458
    outer loop
      vertex 133.442 4 12.6942
      vertex 133.51 0 12.5284
      vertex 133.442 0 12.6942
    endloop
  endfacet
  facet normal 0.744455 0 -0.667673
    outer loop
      vertex 130.869 0 13.1314
      vertex 130.749 4 12.9976
      vertex 130.869 4 13.1314
    endloop
  endfacet
  facet normal 0.744455 0 -0.667673
    outer loop
      vertex 130.749 4 12.9976
      vertex 130.869 0 13.1314
      vertex 130.749 0 12.9976
    endloop
  endfacet
  facet normal 0.167108 0 0.985939
    outer loop
      vertex 131.644 4 10.4401
      vertex 131.821 0 10.4101
      vertex 131.821 4 10.4101
    endloop
  endfacet
  facet normal 0.167108 0 0.985939
    outer loop
      vertex 131.821 0 10.4101
      vertex 131.644 4 10.4401
      vertex 131.644 0 10.4401
    endloop
  endfacet
  facet normal -0.577185 0 0.816614
    outer loop
      vertex 132.851 4 10.6452
      vertex 132.998 0 10.7491
      vertex 132.998 4 10.7491
    endloop
  endfacet
  facet normal -0.577185 0 0.816614
    outer loop
      vertex 132.998 0 10.7491
      vertex 132.851 4 10.6452
      vertex 132.851 0 10.6452
    endloop
  endfacet
  facet normal 0.056335 0 0.998412
    outer loop
      vertex 131.821 4 10.4101
      vertex 132 0 10.4
      vertex 132 4 10.4
    endloop
  endfacet
  facet normal 0.056335 0 0.998412
    outer loop
      vertex 132 0 10.4
      vertex 131.821 4 10.4101
      vertex 131.821 0 10.4101
    endloop
  endfacet
  facet normal -0.985923 0 0.1672
    outer loop
      vertex 133.56 0 11.644
      vertex 133.59 4 11.8209
      vertex 133.56 4 11.644
    endloop
  endfacet
  facet normal -0.985923 0 0.1672
    outer loop
      vertex 133.59 4 11.8209
      vertex 133.56 0 11.644
      vertex 133.59 0 11.8209
    endloop
  endfacet
  facet normal -0.815049 0 -0.579392
    outer loop
      vertex 133.355 0 12.8513
      vertex 133.251 4 12.9976
      vertex 133.355 4 12.8513
    endloop
  endfacet
  facet normal -0.815049 -0 -0.579392
    outer loop
      vertex 133.251 4 12.9976
      vertex 133.355 0 12.8513
      vertex 133.251 0 12.9976
    endloop
  endfacet
  facet normal -0.744455 0 -0.667673
    outer loop
      vertex 133.251 0 12.9976
      vertex 133.131 4 13.1314
      vertex 133.251 4 12.9976
    endloop
  endfacet
  facet normal -0.744455 -0 -0.667673
    outer loop
      vertex 133.131 4 13.1314
      vertex 133.251 0 12.9976
      vertex 133.131 0 13.1314
    endloop
  endfacet
  facet normal -0.381926 0 0.924193
    outer loop
      vertex 132.528 4 10.4898
      vertex 132.694 0 10.5584
      vertex 132.694 4 10.5584
    endloop
  endfacet
  facet normal -0.381926 0 0.924193
    outer loop
      vertex 132.694 0 10.5584
      vertex 132.528 4 10.4898
      vertex 132.528 0 10.4898
    endloop
  endfacet
  facet normal 0.277597 0 0.960698
    outer loop
      vertex 131.472 4 10.4898
      vertex 131.644 0 10.4401
      vertex 131.644 4 10.4401
    endloop
  endfacet
  facet normal 0.277597 0 0.960698
    outer loop
      vertex 131.644 0 10.4401
      vertex 131.472 4 10.4898
      vertex 131.472 0 10.4898
    endloop
  endfacet
  facet normal -0.483843 0 0.875155
    outer loop
      vertex 132.694 4 10.5584
      vertex 132.851 0 10.6452
      vertex 132.851 4 10.6452
    endloop
  endfacet
  facet normal -0.483843 0 0.875155
    outer loop
      vertex 132.851 0 10.6452
      vertex 132.694 4 10.5584
      vertex 132.694 0 10.5584
    endloop
  endfacet
  facet normal 0.668347 0 -0.74385
    outer loop
      vertex 130.869 0 13.1314
      vertex 131.002 4 13.2509
      vertex 131.002 0 13.2509
    endloop
  endfacet
  facet normal 0.668347 0 -0.74385
    outer loop
      vertex 131.002 4 13.2509
      vertex 130.869 0 13.1314
      vertex 130.869 4 13.1314
    endloop
  endfacet
  facet normal -0.744455 0 0.667673
    outer loop
      vertex 133.131 0 10.8686
      vertex 133.251 4 11.0024
      vertex 133.131 4 10.8686
    endloop
  endfacet
  facet normal -0.744455 0 0.667673
    outer loop
      vertex 133.251 4 11.0024
      vertex 133.131 0 10.8686
      vertex 133.251 0 11.0024
    endloop
  endfacet
  facet normal -0.577185 0 -0.816614
    outer loop
      vertex 132.851 0 13.3548
      vertex 132.998 4 13.2509
      vertex 132.998 0 13.2509
    endloop
  endfacet
  facet normal -0.577185 0 -0.816614
    outer loop
      vertex 132.998 4 13.2509
      vertex 132.851 0 13.3548
      vertex 132.851 4 13.3548
    endloop
  endfacet
  facet normal -0.874813 0 0.48446
    outer loop
      vertex 133.355 0 11.1487
      vertex 133.442 4 11.3058
      vertex 133.355 4 11.1487
    endloop
  endfacet
  facet normal -0.874813 0 0.48446
    outer loop
      vertex 133.442 4 11.3058
      vertex 133.355 0 11.1487
      vertex 133.442 0 11.3058
    endloop
  endfacet
  facet normal 0.382401 0 -0.923996
    outer loop
      vertex 131.306 0 13.4415
      vertex 131.472 4 13.5102
      vertex 131.472 0 13.5102
    endloop
  endfacet
  facet normal 0.382401 0 -0.923996
    outer loop
      vertex 131.472 4 13.5102
      vertex 131.306 0 13.4415
      vertex 131.306 4 13.4415
    endloop
  endfacet
  facet normal -0.998445 0 0.0557479
    outer loop
      vertex 133.59 0 11.8209
      vertex 133.6 4 12
      vertex 133.59 4 11.8209
    endloop
  endfacet
  facet normal -0.998445 0 0.0557479
    outer loop
      vertex 133.6 4 12
      vertex 133.59 0 11.8209
      vertex 133.6 0 12
    endloop
  endfacet
  facet normal 0.483843 0 0.875155
    outer loop
      vertex 131.149 4 10.6452
      vertex 131.306 0 10.5584
      vertex 131.306 4 10.5584
    endloop
  endfacet
  facet normal 0.483843 0 0.875155
    outer loop
      vertex 131.306 0 10.5584
      vertex 131.149 4 10.6452
      vertex 131.149 0 10.6452
    endloop
  endfacet
  facet normal 0.668347 0 0.74385
    outer loop
      vertex 130.869 4 10.8686
      vertex 131.002 0 10.7491
      vertex 131.002 4 10.7491
    endloop
  endfacet
  facet normal 0.668347 0 0.74385
    outer loop
      vertex 131.002 0 10.7491
      vertex 130.869 4 10.8686
      vertex 130.869 0 10.8686
    endloop
  endfacet
  facet normal -0.668347 0 -0.74385
    outer loop
      vertex 132.998 0 13.2509
      vertex 133.131 4 13.1314
      vertex 133.131 0 13.1314
    endloop
  endfacet
  facet normal -0.668347 0 -0.74385
    outer loop
      vertex 133.131 4 13.1314
      vertex 132.998 0 13.2509
      vertex 132.998 4 13.2509
    endloop
  endfacet
  facet normal -0.668347 0 0.74385
    outer loop
      vertex 132.998 4 10.7491
      vertex 133.131 0 10.8686
      vertex 133.131 4 10.8686
    endloop
  endfacet
  facet normal -0.668347 0 0.74385
    outer loop
      vertex 133.131 0 10.8686
      vertex 132.998 4 10.7491
      vertex 132.998 0 10.7491
    endloop
  endfacet
  facet normal -0.998445 0 -0.0557479
    outer loop
      vertex 133.6 0 12
      vertex 133.59 4 12.1791
      vertex 133.6 4 12
    endloop
  endfacet
  facet normal -0.998445 -0 -0.0557479
    outer loop
      vertex 133.59 4 12.1791
      vertex 133.6 0 12
      vertex 133.59 0 12.1791
    endloop
  endfacet
  facet normal 0.998445 0 -0.0557479
    outer loop
      vertex 130.41 0 12.1791
      vertex 130.4 4 12
      vertex 130.41 4 12.1791
    endloop
  endfacet
  facet normal 0.998445 0 -0.0557479
    outer loop
      vertex 130.4 4 12
      vertex 130.41 0 12.1791
      vertex 130.4 0 12
    endloop
  endfacet
  facet normal -0.874813 0 -0.48446
    outer loop
      vertex 133.442 0 12.6942
      vertex 133.355 4 12.8513
      vertex 133.442 4 12.6942
    endloop
  endfacet
  facet normal -0.874813 -0 -0.48446
    outer loop
      vertex 133.355 4 12.8513
      vertex 133.442 0 12.6942
      vertex 133.355 0 12.8513
    endloop
  endfacet
  facet normal -0.960423 0 0.278545
    outer loop
      vertex 133.51 0 11.4716
      vertex 133.56 4 11.644
      vertex 133.51 4 11.4716
    endloop
  endfacet
  facet normal -0.960423 0 0.278545
    outer loop
      vertex 133.56 4 11.644
      vertex 133.51 0 11.4716
      vertex 133.56 0 11.644
    endloop
  endfacet
  facet normal -0.277597 0 -0.960698
    outer loop
      vertex 132.356 0 13.5599
      vertex 132.528 4 13.5102
      vertex 132.528 0 13.5102
    endloop
  endfacet
  facet normal -0.277597 0 -0.960698
    outer loop
      vertex 132.528 4 13.5102
      vertex 132.356 0 13.5599
      vertex 132.356 4 13.5599
    endloop
  endfacet
  facet normal 0.277597 0 -0.960698
    outer loop
      vertex 131.472 0 13.5102
      vertex 131.644 4 13.5599
      vertex 131.644 0 13.5599
    endloop
  endfacet
  facet normal 0.277597 0 -0.960698
    outer loop
      vertex 131.644 4 13.5599
      vertex 131.472 0 13.5102
      vertex 131.472 4 13.5102
    endloop
  endfacet
  facet normal -0.815049 0 0.579392
    outer loop
      vertex 133.251 0 11.0024
      vertex 133.355 4 11.1487
      vertex 133.251 4 11.0024
    endloop
  endfacet
  facet normal -0.815049 0 0.579392
    outer loop
      vertex 133.355 4 11.1487
      vertex 133.251 0 11.0024
      vertex 133.355 0 11.1487
    endloop
  endfacet
  facet normal -0.167108 0 0.985939
    outer loop
      vertex 132.179 4 10.4101
      vertex 132.356 0 10.4401
      vertex 132.356 4 10.4401
    endloop
  endfacet
  facet normal -0.167108 0 0.985939
    outer loop
      vertex 132.356 0 10.4401
      vertex 132.179 4 10.4101
      vertex 132.179 0 10.4101
    endloop
  endfacet
  facet normal -0.382401 0 -0.923996
    outer loop
      vertex 132.528 0 13.5102
      vertex 132.694 4 13.4415
      vertex 132.694 0 13.4415
    endloop
  endfacet
  facet normal -0.382401 0 -0.923996
    outer loop
      vertex 132.694 4 13.4415
      vertex 132.528 0 13.5102
      vertex 132.528 4 13.5102
    endloop
  endfacet
  facet normal 0.744455 -0 0.667673
    outer loop
      vertex 130.749 0 11.0024
      vertex 130.869 4 10.8686
      vertex 130.749 4 11.0024
    endloop
  endfacet
  facet normal 0.744455 0 0.667673
    outer loop
      vertex 130.869 4 10.8686
      vertex 130.749 0 11.0024
      vertex 130.869 0 10.8686
    endloop
  endfacet
  facet normal 0.998445 -0 0.0557479
    outer loop
      vertex 130.4 0 12
      vertex 130.41 4 11.8209
      vertex 130.4 4 12
    endloop
  endfacet
  facet normal 0.998445 0 0.0557479
    outer loop
      vertex 130.41 4 11.8209
      vertex 130.4 0 12
      vertex 130.41 0 11.8209
    endloop
  endfacet
  facet normal 0.381926 0 0.924193
    outer loop
      vertex 131.306 4 10.5584
      vertex 131.472 0 10.4898
      vertex 131.472 4 10.4898
    endloop
  endfacet
  facet normal 0.381926 0 0.924193
    outer loop
      vertex 131.472 0 10.4898
      vertex 131.306 4 10.5584
      vertex 131.306 0 10.5584
    endloop
  endfacet
  facet normal 0.960423 -0 0.278545
    outer loop
      vertex 130.44 0 11.644
      vertex 130.49 4 11.4716
      vertex 130.44 4 11.644
    endloop
  endfacet
  facet normal 0.960423 0 0.278545
    outer loop
      vertex 130.49 4 11.4716
      vertex 130.44 0 11.644
      vertex 130.49 0 11.4716
    endloop
  endfacet
  facet normal 0.577185 0 0.816614
    outer loop
      vertex 131.002 4 10.7491
      vertex 131.149 0 10.6452
      vertex 131.149 4 10.6452
    endloop
  endfacet
  facet normal 0.577185 0 0.816614
    outer loop
      vertex 131.149 0 10.6452
      vertex 131.002 4 10.7491
      vertex 131.002 0 10.7491
    endloop
  endfacet
  facet normal -0.985923 0 -0.1672
    outer loop
      vertex 133.59 0 12.1791
      vertex 133.56 4 12.356
      vertex 133.59 4 12.1791
    endloop
  endfacet
  facet normal -0.985923 -0 -0.1672
    outer loop
      vertex 133.56 4 12.356
      vertex 133.59 0 12.1791
      vertex 133.56 0 12.356
    endloop
  endfacet
  facet normal 0.874813 -0 0.48446
    outer loop
      vertex 130.558 0 11.3058
      vertex 130.645 4 11.1487
      vertex 130.558 4 11.3058
    endloop
  endfacet
  facet normal 0.874813 0 0.48446
    outer loop
      vertex 130.645 4 11.1487
      vertex 130.558 0 11.3058
      vertex 130.645 0 11.1487
    endloop
  endfacet
  facet normal -0.277597 0 0.960698
    outer loop
      vertex 132.356 4 10.4401
      vertex 132.528 0 10.4898
      vertex 132.528 4 10.4898
    endloop
  endfacet
  facet normal -0.277597 0 0.960698
    outer loop
      vertex 132.528 0 10.4898
      vertex 132.356 4 10.4401
      vertex 132.356 0 10.4401
    endloop
  endfacet
  facet normal 0.960423 0 -0.278545
    outer loop
      vertex 130.49 0 12.5284
      vertex 130.44 4 12.356
      vertex 130.49 4 12.5284
    endloop
  endfacet
  facet normal 0.960423 0 -0.278545
    outer loop
      vertex 130.44 4 12.356
      vertex 130.49 0 12.5284
      vertex 130.44 0 12.356
    endloop
  endfacet
  facet normal -0.167108 0 -0.985939
    outer loop
      vertex 132.179 0 13.5899
      vertex 132.356 4 13.5599
      vertex 132.356 0 13.5599
    endloop
  endfacet
  facet normal -0.167108 0 -0.985939
    outer loop
      vertex 132.356 4 13.5599
      vertex 132.179 0 13.5899
      vertex 132.179 4 13.5899
    endloop
  endfacet
  facet normal -0.483416 0 -0.875391
    outer loop
      vertex 132.694 0 13.4415
      vertex 132.851 4 13.3548
      vertex 132.851 0 13.3548
    endloop
  endfacet
  facet normal -0.483416 0 -0.875391
    outer loop
      vertex 132.851 4 13.3548
      vertex 132.694 0 13.4415
      vertex 132.694 4 13.4415
    endloop
  endfacet
  facet normal -0.925209 0 0.379458
    outer loop
      vertex 133.442 0 11.3058
      vertex 133.51 4 11.4716
      vertex 133.442 4 11.3058
    endloop
  endfacet
  facet normal -0.925209 0 0.379458
    outer loop
      vertex 133.51 4 11.4716
      vertex 133.442 0 11.3058
      vertex 133.51 0 11.4716
    endloop
  endfacet
  facet normal -0.056335 0 -0.998412
    outer loop
      vertex 132 0 13.6
      vertex 132.179 4 13.5899
      vertex 132.179 0 13.5899
    endloop
  endfacet
  facet normal -0.056335 0 -0.998412
    outer loop
      vertex 132.179 4 13.5899
      vertex 132 0 13.6
      vertex 132 4 13.6
    endloop
  endfacet
  facet normal -0.056335 0 0.998412
    outer loop
      vertex 132 4 10.4
      vertex 132.179 0 10.4101
      vertex 132.179 4 10.4101
    endloop
  endfacet
  facet normal -0.056335 0 0.998412
    outer loop
      vertex 132.179 0 10.4101
      vertex 132 4 10.4
      vertex 132 0 10.4
    endloop
  endfacet
  facet normal 0.167108 0 -0.985939
    outer loop
      vertex 131.644 0 13.5599
      vertex 131.821 4 13.5899
      vertex 131.821 0 13.5899
    endloop
  endfacet
  facet normal 0.167108 0 -0.985939
    outer loop
      vertex 131.821 4 13.5899
      vertex 131.644 0 13.5599
      vertex 131.644 4 13.5599
    endloop
  endfacet
  facet normal -0.960423 0 -0.278545
    outer loop
      vertex 133.56 0 12.356
      vertex 133.51 4 12.5284
      vertex 133.56 4 12.356
    endloop
  endfacet
  facet normal -0.960423 -0 -0.278545
    outer loop
      vertex 133.51 4 12.5284
      vertex 133.56 0 12.356
      vertex 133.51 0 12.5284
    endloop
  endfacet
  facet normal 0.815049 0 -0.579392
    outer loop
      vertex 130.749 0 12.9976
      vertex 130.645 4 12.8513
      vertex 130.749 4 12.9976
    endloop
  endfacet
  facet normal 0.815049 0 -0.579392
    outer loop
      vertex 130.645 4 12.8513
      vertex 130.749 0 12.9976
      vertex 130.645 0 12.8513
    endloop
  endfacet
  facet normal 0.985923 -0 0.1672
    outer loop
      vertex 130.41 0 11.8209
      vertex 130.44 4 11.644
      vertex 130.41 4 11.8209
    endloop
  endfacet
  facet normal 0.985923 0 0.1672
    outer loop
      vertex 130.44 4 11.644
      vertex 130.41 0 11.8209
      vertex 130.44 0 11.644
    endloop
  endfacet
  facet normal 0.056335 0 -0.998412
    outer loop
      vertex 131.821 0 13.5899
      vertex 132 4 13.6
      vertex 132 0 13.6
    endloop
  endfacet
  facet normal 0.056335 0 -0.998412
    outer loop
      vertex 132 4 13.6
      vertex 131.821 0 13.5899
      vertex 131.821 4 13.5899
    endloop
  endfacet
  facet normal 0.815049 -0 0.579392
    outer loop
      vertex 130.645 0 11.1487
      vertex 130.749 4 11.0024
      vertex 130.645 4 11.1487
    endloop
  endfacet
  facet normal 0.815049 0 0.579392
    outer loop
      vertex 130.749 4 11.0024
      vertex 130.645 0 11.1487
      vertex 130.749 0 11.0024
    endloop
  endfacet
  facet normal 0.483416 0 -0.875391
    outer loop
      vertex 131.149 0 13.3548
      vertex 131.306 4 13.4415
      vertex 131.306 0 13.4415
    endloop
  endfacet
  facet normal 0.483416 0 -0.875391
    outer loop
      vertex 131.306 4 13.4415
      vertex 131.149 0 13.3548
      vertex 131.149 4 13.3548
    endloop
  endfacet
  facet normal 0.874813 0 -0.48446
    outer loop
      vertex 130.645 0 12.8513
      vertex 130.558 4 12.6942
      vertex 130.645 4 12.8513
    endloop
  endfacet
  facet normal 0.874813 0 -0.48446
    outer loop
      vertex 130.558 4 12.6942
      vertex 130.645 0 12.8513
      vertex 130.558 0 12.6942
    endloop
  endfacet
  facet normal 0.925209 0 -0.379458
    outer loop
      vertex 130.558 0 12.6942
      vertex 130.49 4 12.5284
      vertex 130.558 4 12.6942
    endloop
  endfacet
  facet normal 0.925209 0 -0.379458
    outer loop
      vertex 130.49 4 12.5284
      vertex 130.558 0 12.6942
      vertex 130.49 0 12.5284
    endloop
  endfacet
  facet normal 0.925209 -0 0.379458
    outer loop
      vertex 130.49 0 11.4716
      vertex 130.558 4 11.3058
      vertex 130.49 4 11.4716
    endloop
  endfacet
  facet normal 0.925209 0 0.379458
    outer loop
      vertex 130.558 4 11.3058
      vertex 130.49 0 11.4716
      vertex 130.558 0 11.3058
    endloop
  endfacet
  facet normal 0.577185 0 -0.816614
    outer loop
      vertex 131.002 0 13.2509
      vertex 131.149 4 13.3548
      vertex 131.149 0 13.3548
    endloop
  endfacet
  facet normal 0.577185 0 -0.816614
    outer loop
      vertex 131.149 4 13.3548
      vertex 131.002 0 13.2509
      vertex 131.002 4 13.2509
    endloop
  endfacet
  facet normal 0.985923 0 -0.1672
    outer loop
      vertex 130.44 0 19.356
      vertex 130.41 4 19.1791
      vertex 130.44 4 19.356
    endloop
  endfacet
  facet normal 0.985923 0 -0.1672
    outer loop
      vertex 130.41 4 19.1791
      vertex 130.44 0 19.356
      vertex 130.41 0 19.1791
    endloop
  endfacet
  facet normal -0.925209 0 -0.379458
    outer loop
      vertex 133.51 0 19.5284
      vertex 133.442 4 19.6942
      vertex 133.51 4 19.5284
    endloop
  endfacet
  facet normal -0.925209 -0 -0.379458
    outer loop
      vertex 133.442 4 19.6942
      vertex 133.51 0 19.5284
      vertex 133.442 0 19.6942
    endloop
  endfacet
  facet normal 0.744455 0 -0.667673
    outer loop
      vertex 130.869 0 20.1314
      vertex 130.749 4 19.9976
      vertex 130.869 4 20.1314
    endloop
  endfacet
  facet normal 0.744455 0 -0.667673
    outer loop
      vertex 130.749 4 19.9976
      vertex 130.869 0 20.1314
      vertex 130.749 0 19.9976
    endloop
  endfacet
  facet normal 0.167108 0 0.985939
    outer loop
      vertex 131.644 4 17.4401
      vertex 131.821 0 17.4101
      vertex 131.821 4 17.4101
    endloop
  endfacet
  facet normal 0.167108 0 0.985939
    outer loop
      vertex 131.821 0 17.4101
      vertex 131.644 4 17.4401
      vertex 131.644 0 17.4401
    endloop
  endfacet
  facet normal 0.925209 -0 0.379458
    outer loop
      vertex 130.49 0 18.4716
      vertex 130.558 4 18.3058
      vertex 130.49 4 18.4716
    endloop
  endfacet
  facet normal 0.925209 0 0.379458
    outer loop
      vertex 130.558 4 18.3058
      vertex 130.49 0 18.4716
      vertex 130.558 0 18.3058
    endloop
  endfacet
  facet normal -0.577185 0 0.816614
    outer loop
      vertex 132.851 4 17.6452
      vertex 132.998 0 17.7491
      vertex 132.998 4 17.7491
    endloop
  endfacet
  facet normal -0.577185 0 0.816614
    outer loop
      vertex 132.998 0 17.7491
      vertex 132.851 4 17.6452
      vertex 132.851 0 17.6452
    endloop
  endfacet
  facet normal 0.056335 0 0.998412
    outer loop
      vertex 131.821 4 17.4101
      vertex 132 0 17.4
      vertex 132 4 17.4
    endloop
  endfacet
  facet normal 0.056335 0 0.998412
    outer loop
      vertex 132 0 17.4
      vertex 131.821 4 17.4101
      vertex 131.821 0 17.4101
    endloop
  endfacet
  facet normal -0.985923 0 0.1672
    outer loop
      vertex 133.56 0 18.644
      vertex 133.59 4 18.8209
      vertex 133.56 4 18.644
    endloop
  endfacet
  facet normal -0.985923 0 0.1672
    outer loop
      vertex 133.59 4 18.8209
      vertex 133.56 0 18.644
      vertex 133.59 0 18.8209
    endloop
  endfacet
  facet normal -0.815236 0 -0.579129
    outer loop
      vertex 133.355 0 19.8512
      vertex 133.251 4 19.9976
      vertex 133.355 4 19.8512
    endloop
  endfacet
  facet normal -0.815236 -0 -0.579129
    outer loop
      vertex 133.251 4 19.9976
      vertex 133.355 0 19.8512
      vertex 133.251 0 19.9976
    endloop
  endfacet
  facet normal -0.744455 0 -0.667673
    outer loop
      vertex 133.251 0 19.9976
      vertex 133.131 4 20.1314
      vertex 133.251 4 19.9976
    endloop
  endfacet
  facet normal -0.744455 -0 -0.667673
    outer loop
      vertex 133.131 4 20.1314
      vertex 133.251 0 19.9976
      vertex 133.131 0 20.1314
    endloop
  endfacet
  facet normal -0.381926 0 0.924193
    outer loop
      vertex 132.528 4 17.4898
      vertex 132.694 0 17.5584
      vertex 132.694 4 17.5584
    endloop
  endfacet
  facet normal -0.381926 0 0.924193
    outer loop
      vertex 132.694 0 17.5584
      vertex 132.528 4 17.4898
      vertex 132.528 0 17.4898
    endloop
  endfacet
  facet normal 0.277597 0 0.960698
    outer loop
      vertex 131.472 4 17.4898
      vertex 131.644 0 17.4401
      vertex 131.644 4 17.4401
    endloop
  endfacet
  facet normal 0.277597 0 0.960698
    outer loop
      vertex 131.644 0 17.4401
      vertex 131.472 4 17.4898
      vertex 131.472 0 17.4898
    endloop
  endfacet
  facet normal -0.483843 0 0.875155
    outer loop
      vertex 132.694 4 17.5584
      vertex 132.851 0 17.6452
      vertex 132.851 4 17.6452
    endloop
  endfacet
  facet normal -0.483843 0 0.875155
    outer loop
      vertex 132.851 0 17.6452
      vertex 132.694 4 17.5584
      vertex 132.694 0 17.5584
    endloop
  endfacet
  facet normal 0.668347 0 -0.74385
    outer loop
      vertex 130.869 0 20.1314
      vertex 131.002 4 20.2509
      vertex 131.002 0 20.2509
    endloop
  endfacet
  facet normal 0.668347 0 -0.74385
    outer loop
      vertex 131.002 4 20.2509
      vertex 130.869 0 20.1314
      vertex 130.869 4 20.1314
    endloop
  endfacet
  facet normal -0.744455 0 0.667673
    outer loop
      vertex 133.131 0 17.8686
      vertex 133.251 4 18.0024
      vertex 133.131 4 17.8686
    endloop
  endfacet
  facet normal -0.744455 0 0.667673
    outer loop
      vertex 133.251 4 18.0024
      vertex 133.131 0 17.8686
      vertex 133.251 0 18.0024
    endloop
  endfacet
  facet normal -0.577185 0 -0.816614
    outer loop
      vertex 132.851 0 20.3548
      vertex 132.998 4 20.2509
      vertex 132.998 0 20.2509
    endloop
  endfacet
  facet normal -0.577185 0 -0.816614
    outer loop
      vertex 132.998 4 20.2509
      vertex 132.851 0 20.3548
      vertex 132.851 4 20.3548
    endloop
  endfacet
  facet normal -0.874813 0 0.48446
    outer loop
      vertex 133.355 0 18.1487
      vertex 133.442 4 18.3058
      vertex 133.355 4 18.1487
    endloop
  endfacet
  facet normal -0.874813 0 0.48446
    outer loop
      vertex 133.442 4 18.3058
      vertex 133.355 0 18.1487
      vertex 133.442 0 18.3058
    endloop
  endfacet
  facet normal 0.382401 0 -0.923996
    outer loop
      vertex 131.306 0 20.4415
      vertex 131.472 4 20.5102
      vertex 131.472 0 20.5102
    endloop
  endfacet
  facet normal 0.382401 0 -0.923996
    outer loop
      vertex 131.472 4 20.5102
      vertex 131.306 0 20.4415
      vertex 131.306 4 20.4415
    endloop
  endfacet
  facet normal -0.998445 0 0.0557479
    outer loop
      vertex 133.59 0 18.8209
      vertex 133.6 4 19
      vertex 133.59 4 18.8209
    endloop
  endfacet
  facet normal -0.998445 0 0.0557479
    outer loop
      vertex 133.6 4 19
      vertex 133.59 0 18.8209
      vertex 133.6 0 19
    endloop
  endfacet
  facet normal 0.483843 0 0.875155
    outer loop
      vertex 131.149 4 17.6452
      vertex 131.306 0 17.5584
      vertex 131.306 4 17.5584
    endloop
  endfacet
  facet normal 0.483843 0 0.875155
    outer loop
      vertex 131.306 0 17.5584
      vertex 131.149 4 17.6452
      vertex 131.149 0 17.6452
    endloop
  endfacet
  facet normal 0.668347 0 0.74385
    outer loop
      vertex 130.869 4 17.8686
      vertex 131.002 0 17.7491
      vertex 131.002 4 17.7491
    endloop
  endfacet
  facet normal 0.668347 0 0.74385
    outer loop
      vertex 131.002 0 17.7491
      vertex 130.869 4 17.8686
      vertex 130.869 0 17.8686
    endloop
  endfacet
  facet normal -0.668347 0 -0.74385
    outer loop
      vertex 132.998 0 20.2509
      vertex 133.131 4 20.1314
      vertex 133.131 0 20.1314
    endloop
  endfacet
  facet normal -0.668347 0 -0.74385
    outer loop
      vertex 133.131 4 20.1314
      vertex 132.998 0 20.2509
      vertex 132.998 4 20.2509
    endloop
  endfacet
  facet normal -0.668347 0 0.74385
    outer loop
      vertex 132.998 4 17.7491
      vertex 133.131 0 17.8686
      vertex 133.131 4 17.8686
    endloop
  endfacet
  facet normal -0.668347 0 0.74385
    outer loop
      vertex 133.131 0 17.8686
      vertex 132.998 4 17.7491
      vertex 132.998 0 17.7491
    endloop
  endfacet
  facet normal -0.998445 0 -0.0557479
    outer loop
      vertex 133.6 0 19
      vertex 133.59 4 19.1791
      vertex 133.6 4 19
    endloop
  endfacet
  facet normal -0.998445 -0 -0.0557479
    outer loop
      vertex 133.59 4 19.1791
      vertex 133.6 0 19
      vertex 133.59 0 19.1791
    endloop
  endfacet
  facet normal 0.998445 0 -0.0557479
    outer loop
      vertex 130.41 0 19.1791
      vertex 130.4 4 19
      vertex 130.41 4 19.1791
    endloop
  endfacet
  facet normal 0.998445 0 -0.0557479
    outer loop
      vertex 130.4 4 19
      vertex 130.41 0 19.1791
      vertex 130.4 0 19
    endloop
  endfacet
  facet normal -0.874682 0 -0.484697
    outer loop
      vertex 133.442 0 19.6942
      vertex 133.355 4 19.8512
      vertex 133.442 4 19.6942
    endloop
  endfacet
  facet normal -0.874682 -0 -0.484697
    outer loop
      vertex 133.355 4 19.8512
      vertex 133.442 0 19.6942
      vertex 133.355 0 19.8512
    endloop
  endfacet
  facet normal -0.960423 0 0.278545
    outer loop
      vertex 133.51 0 18.4716
      vertex 133.56 4 18.644
      vertex 133.51 4 18.4716
    endloop
  endfacet
  facet normal -0.960423 0 0.278545
    outer loop
      vertex 133.56 4 18.644
      vertex 133.51 0 18.4716
      vertex 133.56 0 18.644
    endloop
  endfacet
  facet normal -0.277597 0 -0.960698
    outer loop
      vertex 132.356 0 20.5599
      vertex 132.528 4 20.5102
      vertex 132.528 0 20.5102
    endloop
  endfacet
  facet normal -0.277597 0 -0.960698
    outer loop
      vertex 132.528 4 20.5102
      vertex 132.356 0 20.5599
      vertex 132.356 4 20.5599
    endloop
  endfacet
  facet normal 0.277597 0 -0.960698
    outer loop
      vertex 131.472 0 20.5102
      vertex 131.644 4 20.5599
      vertex 131.644 0 20.5599
    endloop
  endfacet
  facet normal 0.277597 0 -0.960698
    outer loop
      vertex 131.644 4 20.5599
      vertex 131.472 0 20.5102
      vertex 131.472 4 20.5102
    endloop
  endfacet
  facet normal -0.815049 0 0.579392
    outer loop
      vertex 133.251 0 18.0024
      vertex 133.355 4 18.1487
      vertex 133.251 4 18.0024
    endloop
  endfacet
  facet normal -0.815049 0 0.579392
    outer loop
      vertex 133.355 4 18.1487
      vertex 133.251 0 18.0024
      vertex 133.355 0 18.1487
    endloop
  endfacet
  facet normal -0.167108 0 0.985939
    outer loop
      vertex 132.179 4 17.4101
      vertex 132.356 0 17.4401
      vertex 132.356 4 17.4401
    endloop
  endfacet
  facet normal -0.167108 0 0.985939
    outer loop
      vertex 132.356 0 17.4401
      vertex 132.179 4 17.4101
      vertex 132.179 0 17.4101
    endloop
  endfacet
  facet normal -0.382401 0 -0.923996
    outer loop
      vertex 132.528 0 20.5102
      vertex 132.694 4 20.4415
      vertex 132.694 0 20.4415
    endloop
  endfacet
  facet normal -0.382401 0 -0.923996
    outer loop
      vertex 132.694 4 20.4415
      vertex 132.528 0 20.5102
      vertex 132.528 4 20.5102
    endloop
  endfacet
  facet normal 0.744455 -0 0.667673
    outer loop
      vertex 130.749 0 18.0024
      vertex 130.869 4 17.8686
      vertex 130.749 4 18.0024
    endloop
  endfacet
  facet normal 0.744455 0 0.667673
    outer loop
      vertex 130.869 4 17.8686
      vertex 130.749 0 18.0024
      vertex 130.869 0 17.8686
    endloop
  endfacet
  facet normal 0.998445 -0 0.0557479
    outer loop
      vertex 130.4 0 19
      vertex 130.41 4 18.8209
      vertex 130.4 4 19
    endloop
  endfacet
  facet normal 0.998445 0 0.0557479
    outer loop
      vertex 130.41 4 18.8209
      vertex 130.4 0 19
      vertex 130.41 0 18.8209
    endloop
  endfacet
  facet normal 0.381926 0 0.924193
    outer loop
      vertex 131.306 4 17.5584
      vertex 131.472 0 17.4898
      vertex 131.472 4 17.4898
    endloop
  endfacet
  facet normal 0.381926 0 0.924193
    outer loop
      vertex 131.472 0 17.4898
      vertex 131.306 4 17.5584
      vertex 131.306 0 17.5584
    endloop
  endfacet
  facet normal 0.960423 -0 0.278545
    outer loop
      vertex 130.44 0 18.644
      vertex 130.49 4 18.4716
      vertex 130.44 4 18.644
    endloop
  endfacet
  facet normal 0.960423 0 0.278545
    outer loop
      vertex 130.49 4 18.4716
      vertex 130.44 0 18.644
      vertex 130.49 0 18.4716
    endloop
  endfacet
  facet normal -0.960423 0 -0.278545
    outer loop
      vertex 133.56 0 19.356
      vertex 133.51 4 19.5284
      vertex 133.56 4 19.356
    endloop
  endfacet
  facet normal -0.960423 -0 -0.278545
    outer loop
      vertex 133.51 4 19.5284
      vertex 133.56 0 19.356
      vertex 133.51 0 19.5284
    endloop
  endfacet
  facet normal 0.577185 0 0.816614
    outer loop
      vertex 131.002 4 17.7491
      vertex 131.149 0 17.6452
      vertex 131.149 4 17.6452
    endloop
  endfacet
  facet normal 0.577185 0 0.816614
    outer loop
      vertex 131.149 0 17.6452
      vertex 131.002 4 17.7491
      vertex 131.002 0 17.7491
    endloop
  endfacet
  facet normal -0.985923 0 -0.1672
    outer loop
      vertex 133.59 0 19.1791
      vertex 133.56 4 19.356
      vertex 133.59 4 19.1791
    endloop
  endfacet
  facet normal -0.985923 -0 -0.1672
    outer loop
      vertex 133.56 4 19.356
      vertex 133.59 0 19.1791
      vertex 133.56 0 19.356
    endloop
  endfacet
  facet normal 0.874813 -0 0.48446
    outer loop
      vertex 130.558 0 18.3058
      vertex 130.645 4 18.1487
      vertex 130.558 4 18.3058
    endloop
  endfacet
  facet normal 0.874813 0 0.48446
    outer loop
      vertex 130.645 4 18.1487
      vertex 130.558 0 18.3058
      vertex 130.645 0 18.1487
    endloop
  endfacet
  facet normal -0.277597 0 0.960698
    outer loop
      vertex 132.356 4 17.4401
      vertex 132.528 0 17.4898
      vertex 132.528 4 17.4898
    endloop
  endfacet
  facet normal -0.277597 0 0.960698
    outer loop
      vertex 132.528 0 17.4898
      vertex 132.356 4 17.4401
      vertex 132.356 0 17.4401
    endloop
  endfacet
  facet normal 0.960423 0 -0.278545
    outer loop
      vertex 130.49 0 19.5284
      vertex 130.44 4 19.356
      vertex 130.49 4 19.5284
    endloop
  endfacet
  facet normal 0.960423 0 -0.278545
    outer loop
      vertex 130.44 4 19.356
      vertex 130.49 0 19.5284
      vertex 130.44 0 19.356
    endloop
  endfacet
  facet normal -0.167108 0 -0.985939
    outer loop
      vertex 132.179 0 20.5899
      vertex 132.356 4 20.5599
      vertex 132.356 0 20.5599
    endloop
  endfacet
  facet normal -0.167108 0 -0.985939
    outer loop
      vertex 132.356 4 20.5599
      vertex 132.179 0 20.5899
      vertex 132.179 4 20.5899
    endloop
  endfacet
  facet normal -0.483416 0 -0.875391
    outer loop
      vertex 132.694 0 20.4415
      vertex 132.851 4 20.3548
      vertex 132.851 0 20.3548
    endloop
  endfacet
  facet normal -0.483416 0 -0.875391
    outer loop
      vertex 132.851 4 20.3548
      vertex 132.694 0 20.4415
      vertex 132.694 4 20.4415
    endloop
  endfacet
  facet normal -0.925209 0 0.379458
    outer loop
      vertex 133.442 0 18.3058
      vertex 133.51 4 18.4716
      vertex 133.442 4 18.3058
    endloop
  endfacet
  facet normal -0.925209 0 0.379458
    outer loop
      vertex 133.51 4 18.4716
      vertex 133.442 0 18.3058
      vertex 133.51 0 18.4716
    endloop
  endfacet
  facet normal -0.056335 0 -0.998412
    outer loop
      vertex 132 0 20.6
      vertex 132.179 4 20.5899
      vertex 132.179 0 20.5899
    endloop
  endfacet
  facet normal -0.056335 0 -0.998412
    outer loop
      vertex 132.179 4 20.5899
      vertex 132 0 20.6
      vertex 132 4 20.6
    endloop
  endfacet
  facet normal -0.056335 0 0.998412
    outer loop
      vertex 132 4 17.4
      vertex 132.179 0 17.4101
      vertex 132.179 4 17.4101
    endloop
  endfacet
  facet normal -0.056335 0 0.998412
    outer loop
      vertex 132.179 0 17.4101
      vertex 132 4 17.4
      vertex 132 0 17.4
    endloop
  endfacet
  facet normal 0.167108 0 -0.985939
    outer loop
      vertex 131.644 0 20.5599
      vertex 131.821 4 20.5899
      vertex 131.821 0 20.5899
    endloop
  endfacet
  facet normal 0.167108 0 -0.985939
    outer loop
      vertex 131.821 4 20.5899
      vertex 131.644 0 20.5599
      vertex 131.644 4 20.5599
    endloop
  endfacet
  facet normal 0.815236 0 -0.579129
    outer loop
      vertex 130.749 0 19.9976
      vertex 130.645 4 19.8512
      vertex 130.749 4 19.9976
    endloop
  endfacet
  facet normal 0.815236 0 -0.579129
    outer loop
      vertex 130.645 4 19.8512
      vertex 130.749 0 19.9976
      vertex 130.645 0 19.8512
    endloop
  endfacet
  facet normal 0.985923 -0 0.1672
    outer loop
      vertex 130.41 0 18.8209
      vertex 130.44 4 18.644
      vertex 130.41 4 18.8209
    endloop
  endfacet
  facet normal 0.985923 0 0.1672
    outer loop
      vertex 130.44 4 18.644
      vertex 130.41 0 18.8209
      vertex 130.44 0 18.644
    endloop
  endfacet
  facet normal 0.056335 0 -0.998412
    outer loop
      vertex 131.821 0 20.5899
      vertex 132 4 20.6
      vertex 132 0 20.6
    endloop
  endfacet
  facet normal 0.056335 0 -0.998412
    outer loop
      vertex 132 4 20.6
      vertex 131.821 0 20.5899
      vertex 131.821 4 20.5899
    endloop
  endfacet
  facet normal 0.815049 -0 0.579392
    outer loop
      vertex 130.645 0 18.1487
      vertex 130.749 4 18.0024
      vertex 130.645 4 18.1487
    endloop
  endfacet
  facet normal 0.815049 0 0.579392
    outer loop
      vertex 130.749 4 18.0024
      vertex 130.645 0 18.1487
      vertex 130.749 0 18.0024
    endloop
  endfacet
  facet normal 0.483416 0 -0.875391
    outer loop
      vertex 131.149 0 20.3548
      vertex 131.306 4 20.4415
      vertex 131.306 0 20.4415
    endloop
  endfacet
  facet normal 0.483416 0 -0.875391
    outer loop
      vertex 131.306 4 20.4415
      vertex 131.149 0 20.3548
      vertex 131.149 4 20.3548
    endloop
  endfacet
  facet normal 0.874682 0 -0.484697
    outer loop
      vertex 130.645 0 19.8512
      vertex 130.558 4 19.6942
      vertex 130.645 4 19.8512
    endloop
  endfacet
  facet normal 0.874682 0 -0.484697
    outer loop
      vertex 130.558 4 19.6942
      vertex 130.645 0 19.8512
      vertex 130.558 0 19.6942
    endloop
  endfacet
  facet normal 0.925209 0 -0.379458
    outer loop
      vertex 130.558 0 19.6942
      vertex 130.49 4 19.5284
      vertex 130.558 4 19.6942
    endloop
  endfacet
  facet normal 0.925209 0 -0.379458
    outer loop
      vertex 130.49 4 19.5284
      vertex 130.558 0 19.6942
      vertex 130.49 0 19.5284
    endloop
  endfacet
  facet normal 0.577185 0 -0.816614
    outer loop
      vertex 131.002 0 20.2509
      vertex 131.149 4 20.3548
      vertex 131.149 0 20.3548
    endloop
  endfacet
  facet normal 0.577185 0 -0.816614
    outer loop
      vertex 131.149 4 20.3548
      vertex 131.002 0 20.2509
      vertex 131.002 4 20.2509
    endloop
  endfacet
  facet normal 0.985923 0 -0.1672
    outer loop
      vertex 130.44 0 26.356
      vertex 130.41 4 26.1791
      vertex 130.44 4 26.356
    endloop
  endfacet
  facet normal 0.985923 0 -0.1672
    outer loop
      vertex 130.41 4 26.1791
      vertex 130.44 0 26.356
      vertex 130.41 0 26.1791
    endloop
  endfacet
  facet normal -0.925209 0 -0.379458
    outer loop
      vertex 133.51 0 26.5284
      vertex 133.442 4 26.6942
      vertex 133.51 4 26.5284
    endloop
  endfacet
  facet normal -0.925209 -0 -0.379458
    outer loop
      vertex 133.442 4 26.6942
      vertex 133.51 0 26.5284
      vertex 133.442 0 26.6942
    endloop
  endfacet
  facet normal 0.744455 0 -0.667673
    outer loop
      vertex 130.869 0 27.1314
      vertex 130.749 4 26.9976
      vertex 130.869 4 27.1314
    endloop
  endfacet
  facet normal 0.744455 0 -0.667673
    outer loop
      vertex 130.749 4 26.9976
      vertex 130.869 0 27.1314
      vertex 130.749 0 26.9976
    endloop
  endfacet
  facet normal 0.167108 0 0.985939
    outer loop
      vertex 131.644 4 24.4401
      vertex 131.821 0 24.4101
      vertex 131.821 4 24.4101
    endloop
  endfacet
  facet normal 0.167108 0 0.985939
    outer loop
      vertex 131.821 0 24.4101
      vertex 131.644 4 24.4401
      vertex 131.644 0 24.4401
    endloop
  endfacet
  facet normal 0.925209 -0 0.379458
    outer loop
      vertex 130.49 0 25.4716
      vertex 130.558 4 25.3058
      vertex 130.49 4 25.4716
    endloop
  endfacet
  facet normal 0.925209 0 0.379458
    outer loop
      vertex 130.558 4 25.3058
      vertex 130.49 0 25.4716
      vertex 130.558 0 25.3058
    endloop
  endfacet
  facet normal -0.577185 0 0.816614
    outer loop
      vertex 132.851 4 24.6452
      vertex 132.998 0 24.7491
      vertex 132.998 4 24.7491
    endloop
  endfacet
  facet normal -0.577185 0 0.816614
    outer loop
      vertex 132.998 0 24.7491
      vertex 132.851 4 24.6452
      vertex 132.851 0 24.6452
    endloop
  endfacet
  facet normal 0.056335 0 0.998412
    outer loop
      vertex 131.821 4 24.4101
      vertex 132 0 24.4
      vertex 132 4 24.4
    endloop
  endfacet
  facet normal 0.056335 0 0.998412
    outer loop
      vertex 132 0 24.4
      vertex 131.821 4 24.4101
      vertex 131.821 0 24.4101
    endloop
  endfacet
  facet normal -0.985923 0 0.1672
    outer loop
      vertex 133.56 0 25.644
      vertex 133.59 4 25.8209
      vertex 133.56 4 25.644
    endloop
  endfacet
  facet normal -0.985923 0 0.1672
    outer loop
      vertex 133.59 4 25.8209
      vertex 133.56 0 25.644
      vertex 133.59 0 25.8209
    endloop
  endfacet
  facet normal -0.815236 0 -0.579129
    outer loop
      vertex 133.355 0 26.8512
      vertex 133.251 4 26.9976
      vertex 133.355 4 26.8512
    endloop
  endfacet
  facet normal -0.815236 -0 -0.579129
    outer loop
      vertex 133.251 4 26.9976
      vertex 133.355 0 26.8512
      vertex 133.251 0 26.9976
    endloop
  endfacet
  facet normal -0.744455 0 -0.667673
    outer loop
      vertex 133.251 0 26.9976
      vertex 133.131 4 27.1314
      vertex 133.251 4 26.9976
    endloop
  endfacet
  facet normal -0.744455 -0 -0.667673
    outer loop
      vertex 133.131 4 27.1314
      vertex 133.251 0 26.9976
      vertex 133.131 0 27.1314
    endloop
  endfacet
  facet normal -0.381926 0 0.924193
    outer loop
      vertex 132.528 4 24.4898
      vertex 132.694 0 24.5584
      vertex 132.694 4 24.5584
    endloop
  endfacet
  facet normal -0.381926 0 0.924193
    outer loop
      vertex 132.694 0 24.5584
      vertex 132.528 4 24.4898
      vertex 132.528 0 24.4898
    endloop
  endfacet
  facet normal 0.277597 0 0.960698
    outer loop
      vertex 131.472 4 24.4898
      vertex 131.644 0 24.4401
      vertex 131.644 4 24.4401
    endloop
  endfacet
  facet normal 0.277597 0 0.960698
    outer loop
      vertex 131.644 0 24.4401
      vertex 131.472 4 24.4898
      vertex 131.472 0 24.4898
    endloop
  endfacet
  facet normal -0.483843 0 0.875155
    outer loop
      vertex 132.694 4 24.5584
      vertex 132.851 0 24.6452
      vertex 132.851 4 24.6452
    endloop
  endfacet
  facet normal -0.483843 0 0.875155
    outer loop
      vertex 132.851 0 24.6452
      vertex 132.694 4 24.5584
      vertex 132.694 0 24.5584
    endloop
  endfacet
  facet normal 0.668347 0 -0.74385
    outer loop
      vertex 130.869 0 27.1314
      vertex 131.002 4 27.2509
      vertex 131.002 0 27.2509
    endloop
  endfacet
  facet normal 0.668347 0 -0.74385
    outer loop
      vertex 131.002 4 27.2509
      vertex 130.869 0 27.1314
      vertex 130.869 4 27.1314
    endloop
  endfacet
  facet normal -0.744455 0 0.667673
    outer loop
      vertex 133.131 0 24.8686
      vertex 133.251 4 25.0024
      vertex 133.131 4 24.8686
    endloop
  endfacet
  facet normal -0.744455 0 0.667673
    outer loop
      vertex 133.251 4 25.0024
      vertex 133.131 0 24.8686
      vertex 133.251 0 25.0024
    endloop
  endfacet
  facet normal -0.577185 0 -0.816614
    outer loop
      vertex 132.851 0 27.3548
      vertex 132.998 4 27.2509
      vertex 132.998 0 27.2509
    endloop
  endfacet
  facet normal -0.577185 0 -0.816614
    outer loop
      vertex 132.998 4 27.2509
      vertex 132.851 0 27.3548
      vertex 132.851 4 27.3548
    endloop
  endfacet
  facet normal -0.874813 0 0.48446
    outer loop
      vertex 133.355 0 25.1487
      vertex 133.442 4 25.3058
      vertex 133.355 4 25.1487
    endloop
  endfacet
  facet normal -0.874813 0 0.48446
    outer loop
      vertex 133.442 4 25.3058
      vertex 133.355 0 25.1487
      vertex 133.442 0 25.3058
    endloop
  endfacet
  facet normal 0.382401 0 -0.923996
    outer loop
      vertex 131.306 0 27.4415
      vertex 131.472 4 27.5102
      vertex 131.472 0 27.5102
    endloop
  endfacet
  facet normal 0.382401 0 -0.923996
    outer loop
      vertex 131.472 4 27.5102
      vertex 131.306 0 27.4415
      vertex 131.306 4 27.4415
    endloop
  endfacet
  facet normal -0.925209 0 0.379458
    outer loop
      vertex 133.442 0 25.3058
      vertex 133.51 4 25.4716
      vertex 133.442 4 25.3058
    endloop
  endfacet
  facet normal -0.925209 0 0.379458
    outer loop
      vertex 133.51 4 25.4716
      vertex 133.442 0 25.3058
      vertex 133.51 0 25.4716
    endloop
  endfacet
  facet normal -0.998445 0 0.0557479
    outer loop
      vertex 133.59 0 25.8209
      vertex 133.6 4 26
      vertex 133.59 4 25.8209
    endloop
  endfacet
  facet normal -0.998445 0 0.0557479
    outer loop
      vertex 133.6 4 26
      vertex 133.59 0 25.8209
      vertex 133.6 0 26
    endloop
  endfacet
  facet normal 0.483843 0 0.875155
    outer loop
      vertex 131.149 4 24.6452
      vertex 131.306 0 24.5584
      vertex 131.306 4 24.5584
    endloop
  endfacet
  facet normal 0.483843 0 0.875155
    outer loop
      vertex 131.306 0 24.5584
      vertex 131.149 4 24.6452
      vertex 131.149 0 24.6452
    endloop
  endfacet
  facet normal 0.668347 0 0.74385
    outer loop
      vertex 130.869 4 24.8686
      vertex 131.002 0 24.7491
      vertex 131.002 4 24.7491
    endloop
  endfacet
  facet normal 0.668347 0 0.74385
    outer loop
      vertex 131.002 0 24.7491
      vertex 130.869 4 24.8686
      vertex 130.869 0 24.8686
    endloop
  endfacet
  facet normal -0.668347 0 -0.74385
    outer loop
      vertex 132.998 0 27.2509
      vertex 133.131 4 27.1314
      vertex 133.131 0 27.1314
    endloop
  endfacet
  facet normal -0.668347 0 -0.74385
    outer loop
      vertex 133.131 4 27.1314
      vertex 132.998 0 27.2509
      vertex 132.998 4 27.2509
    endloop
  endfacet
  facet normal -0.668347 0 0.74385
    outer loop
      vertex 132.998 4 24.7491
      vertex 133.131 0 24.8686
      vertex 133.131 4 24.8686
    endloop
  endfacet
  facet normal -0.668347 0 0.74385
    outer loop
      vertex 133.131 0 24.8686
      vertex 132.998 4 24.7491
      vertex 132.998 0 24.7491
    endloop
  endfacet
  facet normal -0.998445 0 -0.0557479
    outer loop
      vertex 133.6 0 26
      vertex 133.59 4 26.1791
      vertex 133.6 4 26
    endloop
  endfacet
  facet normal -0.998445 -0 -0.0557479
    outer loop
      vertex 133.59 4 26.1791
      vertex 133.6 0 26
      vertex 133.59 0 26.1791
    endloop
  endfacet
  facet normal 0.998445 0 -0.0557479
    outer loop
      vertex 130.41 0 26.1791
      vertex 130.4 4 26
      vertex 130.41 4 26.1791
    endloop
  endfacet
  facet normal 0.998445 0 -0.0557479
    outer loop
      vertex 130.4 4 26
      vertex 130.41 0 26.1791
      vertex 130.4 0 26
    endloop
  endfacet
  facet normal -0.874682 0 -0.484697
    outer loop
      vertex 133.442 0 26.6942
      vertex 133.355 4 26.8512
      vertex 133.442 4 26.6942
    endloop
  endfacet
  facet normal -0.874682 -0 -0.484697
    outer loop
      vertex 133.355 4 26.8512
      vertex 133.442 0 26.6942
      vertex 133.355 0 26.8512
    endloop
  endfacet
  facet normal -0.960423 0 0.278545
    outer loop
      vertex 133.51 0 25.4716
      vertex 133.56 4 25.644
      vertex 133.51 4 25.4716
    endloop
  endfacet
  facet normal -0.960423 0 0.278545
    outer loop
      vertex 133.56 4 25.644
      vertex 133.51 0 25.4716
      vertex 133.56 0 25.644
    endloop
  endfacet
  facet normal -0.277597 0 -0.960698
    outer loop
      vertex 132.356 0 27.5599
      vertex 132.528 4 27.5102
      vertex 132.528 0 27.5102
    endloop
  endfacet
  facet normal -0.277597 0 -0.960698
    outer loop
      vertex 132.528 4 27.5102
      vertex 132.356 0 27.5599
      vertex 132.356 4 27.5599
    endloop
  endfacet
  facet normal 0.277597 0 -0.960698
    outer loop
      vertex 131.472 0 27.5102
      vertex 131.644 4 27.5599
      vertex 131.644 0 27.5599
    endloop
  endfacet
  facet normal 0.277597 0 -0.960698
    outer loop
      vertex 131.644 4 27.5599
      vertex 131.472 0 27.5102
      vertex 131.472 4 27.5102
    endloop
  endfacet
  facet normal -0.815049 0 0.579392
    outer loop
      vertex 133.251 0 25.0024
      vertex 133.355 4 25.1487
      vertex 133.251 4 25.0024
    endloop
  endfacet
  facet normal -0.815049 0 0.579392
    outer loop
      vertex 133.355 4 25.1487
      vertex 133.251 0 25.0024
      vertex 133.355 0 25.1487
    endloop
  endfacet
  facet normal -0.167108 0 0.985939
    outer loop
      vertex 132.179 4 24.4101
      vertex 132.356 0 24.4401
      vertex 132.356 4 24.4401
    endloop
  endfacet
  facet normal -0.167108 0 0.985939
    outer loop
      vertex 132.356 0 24.4401
      vertex 132.179 4 24.4101
      vertex 132.179 0 24.4101
    endloop
  endfacet
  facet normal -0.382401 0 -0.923996
    outer loop
      vertex 132.528 0 27.5102
      vertex 132.694 4 27.4415
      vertex 132.694 0 27.4415
    endloop
  endfacet
  facet normal -0.382401 0 -0.923996
    outer loop
      vertex 132.694 4 27.4415
      vertex 132.528 0 27.5102
      vertex 132.528 4 27.5102
    endloop
  endfacet
  facet normal 0.744455 -0 0.667673
    outer loop
      vertex 130.749 0 25.0024
      vertex 130.869 4 24.8686
      vertex 130.749 4 25.0024
    endloop
  endfacet
  facet normal 0.744455 0 0.667673
    outer loop
      vertex 130.869 4 24.8686
      vertex 130.749 0 25.0024
      vertex 130.869 0 24.8686
    endloop
  endfacet
  facet normal 0.998445 -0 0.0557479
    outer loop
      vertex 130.4 0 26
      vertex 130.41 4 25.8209
      vertex 130.4 4 26
    endloop
  endfacet
  facet normal 0.998445 0 0.0557479
    outer loop
      vertex 130.41 4 25.8209
      vertex 130.4 0 26
      vertex 130.41 0 25.8209
    endloop
  endfacet
  facet normal 0.381926 0 0.924193
    outer loop
      vertex 131.306 4 24.5584
      vertex 131.472 0 24.4898
      vertex 131.472 4 24.4898
    endloop
  endfacet
  facet normal 0.381926 0 0.924193
    outer loop
      vertex 131.472 0 24.4898
      vertex 131.306 4 24.5584
      vertex 131.306 0 24.5584
    endloop
  endfacet
  facet normal 0.960423 -0 0.278545
    outer loop
      vertex 130.44 0 25.644
      vertex 130.49 4 25.4716
      vertex 130.44 4 25.644
    endloop
  endfacet
  facet normal 0.960423 0 0.278545
    outer loop
      vertex 130.49 4 25.4716
      vertex 130.44 0 25.644
      vertex 130.49 0 25.4716
    endloop
  endfacet
  facet normal 0.985923 -0 0.1672
    outer loop
      vertex 130.41 0 25.8209
      vertex 130.44 4 25.644
      vertex 130.41 4 25.8209
    endloop
  endfacet
  facet normal 0.985923 0 0.1672
    outer loop
      vertex 130.44 4 25.644
      vertex 130.41 0 25.8209
      vertex 130.44 0 25.644
    endloop
  endfacet
  facet normal 0.577185 0 0.816614
    outer loop
      vertex 131.002 4 24.7491
      vertex 131.149 0 24.6452
      vertex 131.149 4 24.6452
    endloop
  endfacet
  facet normal 0.577185 0 0.816614
    outer loop
      vertex 131.149 0 24.6452
      vertex 131.002 4 24.7491
      vertex 131.002 0 24.7491
    endloop
  endfacet
  facet normal -0.985923 0 -0.1672
    outer loop
      vertex 133.59 0 26.1791
      vertex 133.56 4 26.356
      vertex 133.59 4 26.1791
    endloop
  endfacet
  facet normal -0.985923 -0 -0.1672
    outer loop
      vertex 133.56 4 26.356
      vertex 133.59 0 26.1791
      vertex 133.56 0 26.356
    endloop
  endfacet
  facet normal 0.874813 -0 0.48446
    outer loop
      vertex 130.558 0 25.3058
      vertex 130.645 4 25.1487
      vertex 130.558 4 25.3058
    endloop
  endfacet
  facet normal 0.874813 0 0.48446
    outer loop
      vertex 130.645 4 25.1487
      vertex 130.558 0 25.3058
      vertex 130.645 0 25.1487
    endloop
  endfacet
  facet normal -0.277597 0 0.960698
    outer loop
      vertex 132.356 4 24.4401
      vertex 132.528 0 24.4898
      vertex 132.528 4 24.4898
    endloop
  endfacet
  facet normal -0.277597 0 0.960698
    outer loop
      vertex 132.528 0 24.4898
      vertex 132.356 4 24.4401
      vertex 132.356 0 24.4401
    endloop
  endfacet
  facet normal 0.960423 0 -0.278545
    outer loop
      vertex 130.49 0 26.5284
      vertex 130.44 4 26.356
      vertex 130.49 4 26.5284
    endloop
  endfacet
  facet normal 0.960423 0 -0.278545
    outer loop
      vertex 130.44 4 26.356
      vertex 130.49 0 26.5284
      vertex 130.44 0 26.356
    endloop
  endfacet
  facet normal -0.167108 0 -0.985939
    outer loop
      vertex 132.179 0 27.5899
      vertex 132.356 4 27.5599
      vertex 132.356 0 27.5599
    endloop
  endfacet
  facet normal -0.167108 0 -0.985939
    outer loop
      vertex 132.356 4 27.5599
      vertex 132.179 0 27.5899
      vertex 132.179 4 27.5899
    endloop
  endfacet
  facet normal -0.483416 0 -0.875391
    outer loop
      vertex 132.694 0 27.4415
      vertex 132.851 4 27.3548
      vertex 132.851 0 27.3548
    endloop
  endfacet
  facet normal -0.483416 0 -0.875391
    outer loop
      vertex 132.851 4 27.3548
      vertex 132.694 0 27.4415
      vertex 132.694 4 27.4415
    endloop
  endfacet
  facet normal -0.056335 0 -0.998412
    outer loop
      vertex 132 0 27.6
      vertex 132.179 4 27.5899
      vertex 132.179 0 27.5899
    endloop
  endfacet
  facet normal -0.056335 0 -0.998412
    outer loop
      vertex 132.179 4 27.5899
      vertex 132 0 27.6
      vertex 132 4 27.6
    endloop
  endfacet
  facet normal -0.056335 0 0.998412
    outer loop
      vertex 132 4 24.4
      vertex 132.179 0 24.4101
      vertex 132.179 4 24.4101
    endloop
  endfacet
  facet normal -0.056335 0 0.998412
    outer loop
      vertex 132.179 0 24.4101
      vertex 132 4 24.4
      vertex 132 0 24.4
    endloop
  endfacet
  facet normal 0.167108 0 -0.985939
    outer loop
      vertex 131.644 0 27.5599
      vertex 131.821 4 27.5899
      vertex 131.821 0 27.5899
    endloop
  endfacet
  facet normal 0.167108 0 -0.985939
    outer loop
      vertex 131.821 4 27.5899
      vertex 131.644 0 27.5599
      vertex 131.644 4 27.5599
    endloop
  endfacet
  facet normal -0.960423 0 -0.278545
    outer loop
      vertex 133.56 0 26.356
      vertex 133.51 4 26.5284
      vertex 133.56 4 26.356
    endloop
  endfacet
  facet normal -0.960423 -0 -0.278545
    outer loop
      vertex 133.51 4 26.5284
      vertex 133.56 0 26.356
      vertex 133.51 0 26.5284
    endloop
  endfacet
  facet normal 0.815236 0 -0.579129
    outer loop
      vertex 130.749 0 26.9976
      vertex 130.645 4 26.8512
      vertex 130.749 4 26.9976
    endloop
  endfacet
  facet normal 0.815236 0 -0.579129
    outer loop
      vertex 130.645 4 26.8512
      vertex 130.749 0 26.9976
      vertex 130.645 0 26.8512
    endloop
  endfacet
  facet normal 0.056335 0 -0.998412
    outer loop
      vertex 131.821 0 27.5899
      vertex 132 4 27.6
      vertex 132 0 27.6
    endloop
  endfacet
  facet normal 0.056335 0 -0.998412
    outer loop
      vertex 132 4 27.6
      vertex 131.821 0 27.5899
      vertex 131.821 4 27.5899
    endloop
  endfacet
  facet normal 0.815049 -0 0.579392
    outer loop
      vertex 130.645 0 25.1487
      vertex 130.749 4 25.0024
      vertex 130.645 4 25.1487
    endloop
  endfacet
  facet normal 0.815049 0 0.579392
    outer loop
      vertex 130.749 4 25.0024
      vertex 130.645 0 25.1487
      vertex 130.749 0 25.0024
    endloop
  endfacet
  facet normal 0.483416 0 -0.875391
    outer loop
      vertex 131.149 0 27.3548
      vertex 131.306 4 27.4415
      vertex 131.306 0 27.4415
    endloop
  endfacet
  facet normal 0.483416 0 -0.875391
    outer loop
      vertex 131.306 4 27.4415
      vertex 131.149 0 27.3548
      vertex 131.149 4 27.3548
    endloop
  endfacet
  facet normal 0.874682 0 -0.484697
    outer loop
      vertex 130.645 0 26.8512
      vertex 130.558 4 26.6942
      vertex 130.645 4 26.8512
    endloop
  endfacet
  facet normal 0.874682 0 -0.484697
    outer loop
      vertex 130.558 4 26.6942
      vertex 130.645 0 26.8512
      vertex 130.558 0 26.6942
    endloop
  endfacet
  facet normal 0.925209 0 -0.379458
    outer loop
      vertex 130.558 0 26.6942
      vertex 130.49 4 26.5284
      vertex 130.558 4 26.6942
    endloop
  endfacet
  facet normal 0.925209 0 -0.379458
    outer loop
      vertex 130.49 4 26.5284
      vertex 130.558 0 26.6942
      vertex 130.49 0 26.5284
    endloop
  endfacet
  facet normal 0.577185 0 -0.816614
    outer loop
      vertex 131.002 0 27.2509
      vertex 131.149 4 27.3548
      vertex 131.149 0 27.3548
    endloop
  endfacet
  facet normal 0.577185 0 -0.816614
    outer loop
      vertex 131.149 4 27.3548
      vertex 131.002 0 27.2509
      vertex 131.002 4 27.2509
    endloop
  endfacet
  facet normal 0.985923 0 -0.1672
    outer loop
      vertex 137.44 0 12.356
      vertex 137.41 4 12.1791
      vertex 137.44 4 12.356
    endloop
  endfacet
  facet normal 0.985923 0 -0.1672
    outer loop
      vertex 137.41 4 12.1791
      vertex 137.44 0 12.356
      vertex 137.41 0 12.1791
    endloop
  endfacet
  facet normal -0.925209 0 -0.379458
    outer loop
      vertex 140.51 0 12.5284
      vertex 140.442 4 12.6942
      vertex 140.51 4 12.5284
    endloop
  endfacet
  facet normal -0.925209 -0 -0.379458
    outer loop
      vertex 140.442 4 12.6942
      vertex 140.51 0 12.5284
      vertex 140.442 0 12.6942
    endloop
  endfacet
  facet normal 0.744455 0 -0.667673
    outer loop
      vertex 137.869 0 13.1314
      vertex 137.749 4 12.9976
      vertex 137.869 4 13.1314
    endloop
  endfacet
  facet normal 0.744455 0 -0.667673
    outer loop
      vertex 137.749 4 12.9976
      vertex 137.869 0 13.1314
      vertex 137.749 0 12.9976
    endloop
  endfacet
  facet normal 0.167108 0 0.985939
    outer loop
      vertex 138.644 4 10.4401
      vertex 138.821 0 10.4101
      vertex 138.821 4 10.4101
    endloop
  endfacet
  facet normal 0.167108 0 0.985939
    outer loop
      vertex 138.821 0 10.4101
      vertex 138.644 4 10.4401
      vertex 138.644 0 10.4401
    endloop
  endfacet
  facet normal 0.925209 -0 0.379458
    outer loop
      vertex 137.49 0 11.4716
      vertex 137.558 4 11.3058
      vertex 137.49 4 11.4716
    endloop
  endfacet
  facet normal 0.925209 0 0.379458
    outer loop
      vertex 137.558 4 11.3058
      vertex 137.49 0 11.4716
      vertex 137.558 0 11.3058
    endloop
  endfacet
  facet normal -0.577185 0 0.816614
    outer loop
      vertex 139.851 4 10.6452
      vertex 139.998 0 10.7491
      vertex 139.998 4 10.7491
    endloop
  endfacet
  facet normal -0.577185 0 0.816614
    outer loop
      vertex 139.998 0 10.7491
      vertex 139.851 4 10.6452
      vertex 139.851 0 10.6452
    endloop
  endfacet
  facet normal 0.056335 0 0.998412
    outer loop
      vertex 138.821 4 10.4101
      vertex 139 0 10.4
      vertex 139 4 10.4
    endloop
  endfacet
  facet normal 0.056335 0 0.998412
    outer loop
      vertex 139 0 10.4
      vertex 138.821 4 10.4101
      vertex 138.821 0 10.4101
    endloop
  endfacet
  facet normal -0.985923 0 0.1672
    outer loop
      vertex 140.56 0 11.644
      vertex 140.59 4 11.8209
      vertex 140.56 4 11.644
    endloop
  endfacet
  facet normal -0.985923 0 0.1672
    outer loop
      vertex 140.59 4 11.8209
      vertex 140.56 0 11.644
      vertex 140.59 0 11.8209
    endloop
  endfacet
  facet normal -0.815049 0 -0.579392
    outer loop
      vertex 140.355 0 12.8513
      vertex 140.251 4 12.9976
      vertex 140.355 4 12.8513
    endloop
  endfacet
  facet normal -0.815049 -0 -0.579392
    outer loop
      vertex 140.251 4 12.9976
      vertex 140.355 0 12.8513
      vertex 140.251 0 12.9976
    endloop
  endfacet
  facet normal -0.744455 0 -0.667673
    outer loop
      vertex 140.251 0 12.9976
      vertex 140.131 4 13.1314
      vertex 140.251 4 12.9976
    endloop
  endfacet
  facet normal -0.744455 -0 -0.667673
    outer loop
      vertex 140.131 4 13.1314
      vertex 140.251 0 12.9976
      vertex 140.131 0 13.1314
    endloop
  endfacet
  facet normal -0.381926 0 0.924193
    outer loop
      vertex 139.528 4 10.4898
      vertex 139.694 0 10.5584
      vertex 139.694 4 10.5584
    endloop
  endfacet
  facet normal -0.381926 0 0.924193
    outer loop
      vertex 139.694 0 10.5584
      vertex 139.528 4 10.4898
      vertex 139.528 0 10.4898
    endloop
  endfacet
  facet normal 0.277597 0 0.960698
    outer loop
      vertex 138.472 4 10.4898
      vertex 138.644 0 10.4401
      vertex 138.644 4 10.4401
    endloop
  endfacet
  facet normal 0.277597 0 0.960698
    outer loop
      vertex 138.644 0 10.4401
      vertex 138.472 4 10.4898
      vertex 138.472 0 10.4898
    endloop
  endfacet
  facet normal -0.483843 0 0.875155
    outer loop
      vertex 139.694 4 10.5584
      vertex 139.851 0 10.6452
      vertex 139.851 4 10.6452
    endloop
  endfacet
  facet normal -0.483843 0 0.875155
    outer loop
      vertex 139.851 0 10.6452
      vertex 139.694 4 10.5584
      vertex 139.694 0 10.5584
    endloop
  endfacet
  facet normal 0.668347 0 -0.74385
    outer loop
      vertex 137.869 0 13.1314
      vertex 138.002 4 13.2509
      vertex 138.002 0 13.2509
    endloop
  endfacet
  facet normal 0.668347 0 -0.74385
    outer loop
      vertex 138.002 4 13.2509
      vertex 137.869 0 13.1314
      vertex 137.869 4 13.1314
    endloop
  endfacet
  facet normal -0.744455 0 0.667673
    outer loop
      vertex 140.131 0 10.8686
      vertex 140.251 4 11.0024
      vertex 140.131 4 10.8686
    endloop
  endfacet
  facet normal -0.744455 0 0.667673
    outer loop
      vertex 140.251 4 11.0024
      vertex 140.131 0 10.8686
      vertex 140.251 0 11.0024
    endloop
  endfacet
  facet normal -0.577185 0 -0.816614
    outer loop
      vertex 139.851 0 13.3548
      vertex 139.998 4 13.2509
      vertex 139.998 0 13.2509
    endloop
  endfacet
  facet normal -0.577185 0 -0.816614
    outer loop
      vertex 139.998 4 13.2509
      vertex 139.851 0 13.3548
      vertex 139.851 4 13.3548
    endloop
  endfacet
  facet normal -0.874813 0 0.48446
    outer loop
      vertex 140.355 0 11.1487
      vertex 140.442 4 11.3058
      vertex 140.355 4 11.1487
    endloop
  endfacet
  facet normal -0.874813 0 0.48446
    outer loop
      vertex 140.442 4 11.3058
      vertex 140.355 0 11.1487
      vertex 140.442 0 11.3058
    endloop
  endfacet
  facet normal 0.382401 0 -0.923996
    outer loop
      vertex 138.306 0 13.4415
      vertex 138.472 4 13.5102
      vertex 138.472 0 13.5102
    endloop
  endfacet
  facet normal 0.382401 0 -0.923996
    outer loop
      vertex 138.472 4 13.5102
      vertex 138.306 0 13.4415
      vertex 138.306 4 13.4415
    endloop
  endfacet
  facet normal -0.925209 0 0.379458
    outer loop
      vertex 140.442 0 11.3058
      vertex 140.51 4 11.4716
      vertex 140.442 4 11.3058
    endloop
  endfacet
  facet normal -0.925209 0 0.379458
    outer loop
      vertex 140.51 4 11.4716
      vertex 140.442 0 11.3058
      vertex 140.51 0 11.4716
    endloop
  endfacet
  facet normal -0.998445 0 0.0557479
    outer loop
      vertex 140.59 0 11.8209
      vertex 140.6 4 12
      vertex 140.59 4 11.8209
    endloop
  endfacet
  facet normal -0.998445 0 0.0557479
    outer loop
      vertex 140.6 4 12
      vertex 140.59 0 11.8209
      vertex 140.6 0 12
    endloop
  endfacet
  facet normal 0.483843 0 0.875155
    outer loop
      vertex 138.149 4 10.6452
      vertex 138.306 0 10.5584
      vertex 138.306 4 10.5584
    endloop
  endfacet
  facet normal 0.483843 0 0.875155
    outer loop
      vertex 138.306 0 10.5584
      vertex 138.149 4 10.6452
      vertex 138.149 0 10.6452
    endloop
  endfacet
  facet normal 0.668347 0 0.74385
    outer loop
      vertex 137.869 4 10.8686
      vertex 138.002 0 10.7491
      vertex 138.002 4 10.7491
    endloop
  endfacet
  facet normal 0.668347 0 0.74385
    outer loop
      vertex 138.002 0 10.7491
      vertex 137.869 4 10.8686
      vertex 137.869 0 10.8686
    endloop
  endfacet
  facet normal -0.668347 0 -0.74385
    outer loop
      vertex 139.998 0 13.2509
      vertex 140.131 4 13.1314
      vertex 140.131 0 13.1314
    endloop
  endfacet
  facet normal -0.668347 0 -0.74385
    outer loop
      vertex 140.131 4 13.1314
      vertex 139.998 0 13.2509
      vertex 139.998 4 13.2509
    endloop
  endfacet
  facet normal -0.668347 0 0.74385
    outer loop
      vertex 139.998 4 10.7491
      vertex 140.131 0 10.8686
      vertex 140.131 4 10.8686
    endloop
  endfacet
  facet normal -0.668347 0 0.74385
    outer loop
      vertex 140.131 0 10.8686
      vertex 139.998 4 10.7491
      vertex 139.998 0 10.7491
    endloop
  endfacet
  facet normal -0.998445 0 -0.0557479
    outer loop
      vertex 140.6 0 12
      vertex 140.59 4 12.1791
      vertex 140.6 4 12
    endloop
  endfacet
  facet normal -0.998445 -0 -0.0557479
    outer loop
      vertex 140.59 4 12.1791
      vertex 140.6 0 12
      vertex 140.59 0 12.1791
    endloop
  endfacet
  facet normal 0.998445 0 -0.0557479
    outer loop
      vertex 137.41 0 12.1791
      vertex 137.4 4 12
      vertex 137.41 4 12.1791
    endloop
  endfacet
  facet normal 0.998445 0 -0.0557479
    outer loop
      vertex 137.4 4 12
      vertex 137.41 0 12.1791
      vertex 137.4 0 12
    endloop
  endfacet
  facet normal -0.874813 0 -0.48446
    outer loop
      vertex 140.442 0 12.6942
      vertex 140.355 4 12.8513
      vertex 140.442 4 12.6942
    endloop
  endfacet
  facet normal -0.874813 -0 -0.48446
    outer loop
      vertex 140.355 4 12.8513
      vertex 140.442 0 12.6942
      vertex 140.355 0 12.8513
    endloop
  endfacet
  facet normal -0.960423 0 0.278545
    outer loop
      vertex 140.51 0 11.4716
      vertex 140.56 4 11.644
      vertex 140.51 4 11.4716
    endloop
  endfacet
  facet normal -0.960423 0 0.278545
    outer loop
      vertex 140.56 4 11.644
      vertex 140.51 0 11.4716
      vertex 140.56 0 11.644
    endloop
  endfacet
  facet normal -0.277597 0 -0.960698
    outer loop
      vertex 139.356 0 13.5599
      vertex 139.528 4 13.5102
      vertex 139.528 0 13.5102
    endloop
  endfacet
  facet normal -0.277597 0 -0.960698
    outer loop
      vertex 139.528 4 13.5102
      vertex 139.356 0 13.5599
      vertex 139.356 4 13.5599
    endloop
  endfacet
  facet normal 0.277597 0 -0.960698
    outer loop
      vertex 138.472 0 13.5102
      vertex 138.644 4 13.5599
      vertex 138.644 0 13.5599
    endloop
  endfacet
  facet normal 0.277597 0 -0.960698
    outer loop
      vertex 138.644 4 13.5599
      vertex 138.472 0 13.5102
      vertex 138.472 4 13.5102
    endloop
  endfacet
  facet normal -0.815049 0 0.579392
    outer loop
      vertex 140.251 0 11.0024
      vertex 140.355 4 11.1487
      vertex 140.251 4 11.0024
    endloop
  endfacet
  facet normal -0.815049 0 0.579392
    outer loop
      vertex 140.355 4 11.1487
      vertex 140.251 0 11.0024
      vertex 140.355 0 11.1487
    endloop
  endfacet
  facet normal -0.167108 0 0.985939
    outer loop
      vertex 139.179 4 10.4101
      vertex 139.356 0 10.4401
      vertex 139.356 4 10.4401
    endloop
  endfacet
  facet normal -0.167108 0 0.985939
    outer loop
      vertex 139.356 0 10.4401
      vertex 139.179 4 10.4101
      vertex 139.179 0 10.4101
    endloop
  endfacet
  facet normal -0.382401 0 -0.923996
    outer loop
      vertex 139.528 0 13.5102
      vertex 139.694 4 13.4415
      vertex 139.694 0 13.4415
    endloop
  endfacet
  facet normal -0.382401 0 -0.923996
    outer loop
      vertex 139.694 4 13.4415
      vertex 139.528 0 13.5102
      vertex 139.528 4 13.5102
    endloop
  endfacet
  facet normal 0.744455 -0 0.667673
    outer loop
      vertex 137.749 0 11.0024
      vertex 137.869 4 10.8686
      vertex 137.749 4 11.0024
    endloop
  endfacet
  facet normal 0.744455 0 0.667673
    outer loop
      vertex 137.869 4 10.8686
      vertex 137.749 0 11.0024
      vertex 137.869 0 10.8686
    endloop
  endfacet
  facet normal 0.998445 -0 0.0557479
    outer loop
      vertex 137.4 0 12
      vertex 137.41 4 11.8209
      vertex 137.4 4 12
    endloop
  endfacet
  facet normal 0.998445 0 0.0557479
    outer loop
      vertex 137.41 4 11.8209
      vertex 137.4 0 12
      vertex 137.41 0 11.8209
    endloop
  endfacet
  facet normal 0.381926 0 0.924193
    outer loop
      vertex 138.306 4 10.5584
      vertex 138.472 0 10.4898
      vertex 138.472 4 10.4898
    endloop
  endfacet
  facet normal 0.381926 0 0.924193
    outer loop
      vertex 138.472 0 10.4898
      vertex 138.306 4 10.5584
      vertex 138.306 0 10.5584
    endloop
  endfacet
  facet normal 0.960423 -0 0.278545
    outer loop
      vertex 137.44 0 11.644
      vertex 137.49 4 11.4716
      vertex 137.44 4 11.644
    endloop
  endfacet
  facet normal 0.960423 0 0.278545
    outer loop
      vertex 137.49 4 11.4716
      vertex 137.44 0 11.644
      vertex 137.49 0 11.4716
    endloop
  endfacet
  facet normal 0.985923 -0 0.1672
    outer loop
      vertex 137.41 0 11.8209
      vertex 137.44 4 11.644
      vertex 137.41 4 11.8209
    endloop
  endfacet
  facet normal 0.985923 0 0.1672
    outer loop
      vertex 137.44 4 11.644
      vertex 137.41 0 11.8209
      vertex 137.44 0 11.644
    endloop
  endfacet
  facet normal 0.577185 0 0.816614
    outer loop
      vertex 138.002 4 10.7491
      vertex 138.149 0 10.6452
      vertex 138.149 4 10.6452
    endloop
  endfacet
  facet normal 0.577185 0 0.816614
    outer loop
      vertex 138.149 0 10.6452
      vertex 138.002 4 10.7491
      vertex 138.002 0 10.7491
    endloop
  endfacet
  facet normal -0.985923 0 -0.1672
    outer loop
      vertex 140.59 0 12.1791
      vertex 140.56 4 12.356
      vertex 140.59 4 12.1791
    endloop
  endfacet
  facet normal -0.985923 -0 -0.1672
    outer loop
      vertex 140.56 4 12.356
      vertex 140.59 0 12.1791
      vertex 140.56 0 12.356
    endloop
  endfacet
  facet normal 0.874813 -0 0.48446
    outer loop
      vertex 137.558 0 11.3058
      vertex 137.645 4 11.1487
      vertex 137.558 4 11.3058
    endloop
  endfacet
  facet normal 0.874813 0 0.48446
    outer loop
      vertex 137.645 4 11.1487
      vertex 137.558 0 11.3058
      vertex 137.645 0 11.1487
    endloop
  endfacet
  facet normal -0.277597 0 0.960698
    outer loop
      vertex 139.356 4 10.4401
      vertex 139.528 0 10.4898
      vertex 139.528 4 10.4898
    endloop
  endfacet
  facet normal -0.277597 0 0.960698
    outer loop
      vertex 139.528 0 10.4898
      vertex 139.356 4 10.4401
      vertex 139.356 0 10.4401
    endloop
  endfacet
  facet normal 0.960423 0 -0.278545
    outer loop
      vertex 137.49 0 12.5284
      vertex 137.44 4 12.356
      vertex 137.49 4 12.5284
    endloop
  endfacet
  facet normal 0.960423 0 -0.278545
    outer loop
      vertex 137.44 4 12.356
      vertex 137.49 0 12.5284
      vertex 137.44 0 12.356
    endloop
  endfacet
  facet normal -0.167108 0 -0.985939
    outer loop
      vertex 139.179 0 13.5899
      vertex 139.356 4 13.5599
      vertex 139.356 0 13.5599
    endloop
  endfacet
  facet normal -0.167108 0 -0.985939
    outer loop
      vertex 139.356 4 13.5599
      vertex 139.179 0 13.5899
      vertex 139.179 4 13.5899
    endloop
  endfacet
  facet normal -0.483416 0 -0.875391
    outer loop
      vertex 139.694 0 13.4415
      vertex 139.851 4 13.3548
      vertex 139.851 0 13.3548
    endloop
  endfacet
  facet normal -0.483416 0 -0.875391
    outer loop
      vertex 139.851 4 13.3548
      vertex 139.694 0 13.4415
      vertex 139.694 4 13.4415
    endloop
  endfacet
  facet normal -0.056335 0 -0.998412
    outer loop
      vertex 139 0 13.6
      vertex 139.179 4 13.5899
      vertex 139.179 0 13.5899
    endloop
  endfacet
  facet normal -0.056335 0 -0.998412
    outer loop
      vertex 139.179 4 13.5899
      vertex 139 0 13.6
      vertex 139 4 13.6
    endloop
  endfacet
  facet normal -0.056335 0 0.998412
    outer loop
      vertex 139 4 10.4
      vertex 139.179 0 10.4101
      vertex 139.179 4 10.4101
    endloop
  endfacet
  facet normal -0.056335 0 0.998412
    outer loop
      vertex 139.179 0 10.4101
      vertex 139 4 10.4
      vertex 139 0 10.4
    endloop
  endfacet
  facet normal 0.167108 0 -0.985939
    outer loop
      vertex 138.644 0 13.5599
      vertex 138.821 4 13.5899
      vertex 138.821 0 13.5899
    endloop
  endfacet
  facet normal 0.167108 0 -0.985939
    outer loop
      vertex 138.821 4 13.5899
      vertex 138.644 0 13.5599
      vertex 138.644 4 13.5599
    endloop
  endfacet
  facet normal -0.960423 0 -0.278545
    outer loop
      vertex 140.56 0 12.356
      vertex 140.51 4 12.5284
      vertex 140.56 4 12.356
    endloop
  endfacet
  facet normal -0.960423 -0 -0.278545
    outer loop
      vertex 140.51 4 12.5284
      vertex 140.56 0 12.356
      vertex 140.51 0 12.5284
    endloop
  endfacet
  facet normal 0.815049 0 -0.579392
    outer loop
      vertex 137.749 0 12.9976
      vertex 137.645 4 12.8513
      vertex 137.749 4 12.9976
    endloop
  endfacet
  facet normal 0.815049 0 -0.579392
    outer loop
      vertex 137.645 4 12.8513
      vertex 137.749 0 12.9976
      vertex 137.645 0 12.8513
    endloop
  endfacet
  facet normal 0.056335 0 -0.998412
    outer loop
      vertex 138.821 0 13.5899
      vertex 139 4 13.6
      vertex 139 0 13.6
    endloop
  endfacet
  facet normal 0.056335 0 -0.998412
    outer loop
      vertex 139 4 13.6
      vertex 138.821 0 13.5899
      vertex 138.821 4 13.5899
    endloop
  endfacet
  facet normal 0.815049 -0 0.579392
    outer loop
      vertex 137.645 0 11.1487
      vertex 137.749 4 11.0024
      vertex 137.645 4 11.1487
    endloop
  endfacet
  facet normal 0.815049 0 0.579392
    outer loop
      vertex 137.749 4 11.0024
      vertex 137.645 0 11.1487
      vertex 137.749 0 11.0024
    endloop
  endfacet
  facet normal 0.483416 0 -0.875391
    outer loop
      vertex 138.149 0 13.3548
      vertex 138.306 4 13.4415
      vertex 138.306 0 13.4415
    endloop
  endfacet
  facet normal 0.483416 0 -0.875391
    outer loop
      vertex 138.306 4 13.4415
      vertex 138.149 0 13.3548
      vertex 138.149 4 13.3548
    endloop
  endfacet
  facet normal 0.874813 0 -0.48446
    outer loop
      vertex 137.645 0 12.8513
      vertex 137.558 4 12.6942
      vertex 137.645 4 12.8513
    endloop
  endfacet
  facet normal 0.874813 0 -0.48446
    outer loop
      vertex 137.558 4 12.6942
      vertex 137.645 0 12.8513
      vertex 137.558 0 12.6942
    endloop
  endfacet
  facet normal 0.925209 0 -0.379458
    outer loop
      vertex 137.558 0 12.6942
      vertex 137.49 4 12.5284
      vertex 137.558 4 12.6942
    endloop
  endfacet
  facet normal 0.925209 0 -0.379458
    outer loop
      vertex 137.49 4 12.5284
      vertex 137.558 0 12.6942
      vertex 137.49 0 12.5284
    endloop
  endfacet
  facet normal 0.577185 0 -0.816614
    outer loop
      vertex 138.002 0 13.2509
      vertex 138.149 4 13.3548
      vertex 138.149 0 13.3548
    endloop
  endfacet
  facet normal 0.577185 0 -0.816614
    outer loop
      vertex 138.149 4 13.3548
      vertex 138.002 0 13.2509
      vertex 138.002 4 13.2509
    endloop
  endfacet
  facet normal 0.985923 0 -0.1672
    outer loop
      vertex 137.44 0 19.356
      vertex 137.41 4 19.1791
      vertex 137.44 4 19.356
    endloop
  endfacet
  facet normal 0.985923 0 -0.1672
    outer loop
      vertex 137.41 4 19.1791
      vertex 137.44 0 19.356
      vertex 137.41 0 19.1791
    endloop
  endfacet
  facet normal -0.925209 0 -0.379458
    outer loop
      vertex 140.51 0 19.5284
      vertex 140.442 4 19.6942
      vertex 140.51 4 19.5284
    endloop
  endfacet
  facet normal -0.925209 -0 -0.379458
    outer loop
      vertex 140.442 4 19.6942
      vertex 140.51 0 19.5284
      vertex 140.442 0 19.6942
    endloop
  endfacet
  facet normal 0.744455 0 -0.667673
    outer loop
      vertex 137.869 0 20.1314
      vertex 137.749 4 19.9976
      vertex 137.869 4 20.1314
    endloop
  endfacet
  facet normal 0.744455 0 -0.667673
    outer loop
      vertex 137.749 4 19.9976
      vertex 137.869 0 20.1314
      vertex 137.749 0 19.9976
    endloop
  endfacet
  facet normal 0.167108 0 0.985939
    outer loop
      vertex 138.644 4 17.4401
      vertex 138.821 0 17.4101
      vertex 138.821 4 17.4101
    endloop
  endfacet
  facet normal 0.167108 0 0.985939
    outer loop
      vertex 138.821 0 17.4101
      vertex 138.644 4 17.4401
      vertex 138.644 0 17.4401
    endloop
  endfacet
  facet normal -0.577185 0 0.816614
    outer loop
      vertex 139.851 4 17.6452
      vertex 139.998 0 17.7491
      vertex 139.998 4 17.7491
    endloop
  endfacet
  facet normal -0.577185 0 0.816614
    outer loop
      vertex 139.998 0 17.7491
      vertex 139.851 4 17.6452
      vertex 139.851 0 17.6452
    endloop
  endfacet
  facet normal 0.056335 0 0.998412
    outer loop
      vertex 138.821 4 17.4101
      vertex 139 0 17.4
      vertex 139 4 17.4
    endloop
  endfacet
  facet normal 0.056335 0 0.998412
    outer loop
      vertex 139 0 17.4
      vertex 138.821 4 17.4101
      vertex 138.821 0 17.4101
    endloop
  endfacet
  facet normal -0.985923 0 0.1672
    outer loop
      vertex 140.56 0 18.644
      vertex 140.59 4 18.8209
      vertex 140.56 4 18.644
    endloop
  endfacet
  facet normal -0.985923 0 0.1672
    outer loop
      vertex 140.59 4 18.8209
      vertex 140.56 0 18.644
      vertex 140.59 0 18.8209
    endloop
  endfacet
  facet normal -0.815236 0 -0.579129
    outer loop
      vertex 140.355 0 19.8512
      vertex 140.251 4 19.9976
      vertex 140.355 4 19.8512
    endloop
  endfacet
  facet normal -0.815236 -0 -0.579129
    outer loop
      vertex 140.251 4 19.9976
      vertex 140.355 0 19.8512
      vertex 140.251 0 19.9976
    endloop
  endfacet
  facet normal -0.744455 0 -0.667673
    outer loop
      vertex 140.251 0 19.9976
      vertex 140.131 4 20.1314
      vertex 140.251 4 19.9976
    endloop
  endfacet
  facet normal -0.744455 -0 -0.667673
    outer loop
      vertex 140.131 4 20.1314
      vertex 140.251 0 19.9976
      vertex 140.131 0 20.1314
    endloop
  endfacet
  facet normal -0.381926 0 0.924193
    outer loop
      vertex 139.528 4 17.4898
      vertex 139.694 0 17.5584
      vertex 139.694 4 17.5584
    endloop
  endfacet
  facet normal -0.381926 0 0.924193
    outer loop
      vertex 139.694 0 17.5584
      vertex 139.528 4 17.4898
      vertex 139.528 0 17.4898
    endloop
  endfacet
  facet normal 0.277597 0 0.960698
    outer loop
      vertex 138.472 4 17.4898
      vertex 138.644 0 17.4401
      vertex 138.644 4 17.4401
    endloop
  endfacet
  facet normal 0.277597 0 0.960698
    outer loop
      vertex 138.644 0 17.4401
      vertex 138.472 4 17.4898
      vertex 138.472 0 17.4898
    endloop
  endfacet
  facet normal -0.483843 0 0.875155
    outer loop
      vertex 139.694 4 17.5584
      vertex 139.851 0 17.6452
      vertex 139.851 4 17.6452
    endloop
  endfacet
  facet normal -0.483843 0 0.875155
    outer loop
      vertex 139.851 0 17.6452
      vertex 139.694 4 17.5584
      vertex 139.694 0 17.5584
    endloop
  endfacet
  facet normal 0.668347 0 -0.74385
    outer loop
      vertex 137.869 0 20.1314
      vertex 138.002 4 20.2509
      vertex 138.002 0 20.2509
    endloop
  endfacet
  facet normal 0.668347 0 -0.74385
    outer loop
      vertex 138.002 4 20.2509
      vertex 137.869 0 20.1314
      vertex 137.869 4 20.1314
    endloop
  endfacet
  facet normal -0.744455 0 0.667673
    outer loop
      vertex 140.131 0 17.8686
      vertex 140.251 4 18.0024
      vertex 140.131 4 17.8686
    endloop
  endfacet
  facet normal -0.744455 0 0.667673
    outer loop
      vertex 140.251 4 18.0024
      vertex 140.131 0 17.8686
      vertex 140.251 0 18.0024
    endloop
  endfacet
  facet normal -0.577185 0 -0.816614
    outer loop
      vertex 139.851 0 20.3548
      vertex 139.998 4 20.2509
      vertex 139.998 0 20.2509
    endloop
  endfacet
  facet normal -0.577185 0 -0.816614
    outer loop
      vertex 139.998 4 20.2509
      vertex 139.851 0 20.3548
      vertex 139.851 4 20.3548
    endloop
  endfacet
  facet normal -0.874813 0 0.48446
    outer loop
      vertex 140.355 0 18.1487
      vertex 140.442 4 18.3058
      vertex 140.355 4 18.1487
    endloop
  endfacet
  facet normal -0.874813 0 0.48446
    outer loop
      vertex 140.442 4 18.3058
      vertex 140.355 0 18.1487
      vertex 140.442 0 18.3058
    endloop
  endfacet
  facet normal 0.382401 0 -0.923996
    outer loop
      vertex 138.306 0 20.4415
      vertex 138.472 4 20.5102
      vertex 138.472 0 20.5102
    endloop
  endfacet
  facet normal 0.382401 0 -0.923996
    outer loop
      vertex 138.472 4 20.5102
      vertex 138.306 0 20.4415
      vertex 138.306 4 20.4415
    endloop
  endfacet
  facet normal -0.925209 0 0.379458
    outer loop
      vertex 140.442 0 18.3058
      vertex 140.51 4 18.4716
      vertex 140.442 4 18.3058
    endloop
  endfacet
  facet normal -0.925209 0 0.379458
    outer loop
      vertex 140.51 4 18.4716
      vertex 140.442 0 18.3058
      vertex 140.51 0 18.4716
    endloop
  endfacet
  facet normal -0.998445 0 0.0557479
    outer loop
      vertex 140.59 0 18.8209
      vertex 140.6 4 19
      vertex 140.59 4 18.8209
    endloop
  endfacet
  facet normal -0.998445 0 0.0557479
    outer loop
      vertex 140.6 4 19
      vertex 140.59 0 18.8209
      vertex 140.6 0 19
    endloop
  endfacet
  facet normal 0.483843 0 0.875155
    outer loop
      vertex 138.149 4 17.6452
      vertex 138.306 0 17.5584
      vertex 138.306 4 17.5584
    endloop
  endfacet
  facet normal 0.483843 0 0.875155
    outer loop
      vertex 138.306 0 17.5584
      vertex 138.149 4 17.6452
      vertex 138.149 0 17.6452
    endloop
  endfacet
  facet normal 0.668347 0 0.74385
    outer loop
      vertex 137.869 4 17.8686
      vertex 138.002 0 17.7491
      vertex 138.002 4 17.7491
    endloop
  endfacet
  facet normal 0.668347 0 0.74385
    outer loop
      vertex 138.002 0 17.7491
      vertex 137.869 4 17.8686
      vertex 137.869 0 17.8686
    endloop
  endfacet
  facet normal -0.668347 0 -0.74385
    outer loop
      vertex 139.998 0 20.2509
      vertex 140.131 4 20.1314
      vertex 140.131 0 20.1314
    endloop
  endfacet
  facet normal -0.668347 0 -0.74385
    outer loop
      vertex 140.131 4 20.1314
      vertex 139.998 0 20.2509
      vertex 139.998 4 20.2509
    endloop
  endfacet
  facet normal -0.668347 0 0.74385
    outer loop
      vertex 139.998 4 17.7491
      vertex 140.131 0 17.8686
      vertex 140.131 4 17.8686
    endloop
  endfacet
  facet normal -0.668347 0 0.74385
    outer loop
      vertex 140.131 0 17.8686
      vertex 139.998 4 17.7491
      vertex 139.998 0 17.7491
    endloop
  endfacet
  facet normal -0.998445 0 -0.0557479
    outer loop
      vertex 140.6 0 19
      vertex 140.59 4 19.1791
      vertex 140.6 4 19
    endloop
  endfacet
  facet normal -0.998445 -0 -0.0557479
    outer loop
      vertex 140.59 4 19.1791
      vertex 140.6 0 19
      vertex 140.59 0 19.1791
    endloop
  endfacet
  facet normal 0.998445 0 -0.0557479
    outer loop
      vertex 137.41 0 19.1791
      vertex 137.4 4 19
      vertex 137.41 4 19.1791
    endloop
  endfacet
  facet normal 0.998445 0 -0.0557479
    outer loop
      vertex 137.4 4 19
      vertex 137.41 0 19.1791
      vertex 137.4 0 19
    endloop
  endfacet
  facet normal -0.874682 0 -0.484697
    outer loop
      vertex 140.442 0 19.6942
      vertex 140.355 4 19.8512
      vertex 140.442 4 19.6942
    endloop
  endfacet
  facet normal -0.874682 -0 -0.484697
    outer loop
      vertex 140.355 4 19.8512
      vertex 140.442 0 19.6942
      vertex 140.355 0 19.8512
    endloop
  endfacet
  facet normal -0.960423 0 0.278545
    outer loop
      vertex 140.51 0 18.4716
      vertex 140.56 4 18.644
      vertex 140.51 4 18.4716
    endloop
  endfacet
  facet normal -0.960423 0 0.278545
    outer loop
      vertex 140.56 4 18.644
      vertex 140.51 0 18.4716
      vertex 140.56 0 18.644
    endloop
  endfacet
  facet normal -0.277597 0 -0.960698
    outer loop
      vertex 139.356 0 20.5599
      vertex 139.528 4 20.5102
      vertex 139.528 0 20.5102
    endloop
  endfacet
  facet normal -0.277597 0 -0.960698
    outer loop
      vertex 139.528 4 20.5102
      vertex 139.356 0 20.5599
      vertex 139.356 4 20.5599
    endloop
  endfacet
  facet normal 0.277597 0 -0.960698
    outer loop
      vertex 138.472 0 20.5102
      vertex 138.644 4 20.5599
      vertex 138.644 0 20.5599
    endloop
  endfacet
  facet normal 0.277597 0 -0.960698
    outer loop
      vertex 138.644 4 20.5599
      vertex 138.472 0 20.5102
      vertex 138.472 4 20.5102
    endloop
  endfacet
  facet normal -0.815049 0 0.579392
    outer loop
      vertex 140.251 0 18.0024
      vertex 140.355 4 18.1487
      vertex 140.251 4 18.0024
    endloop
  endfacet
  facet normal -0.815049 0 0.579392
    outer loop
      vertex 140.355 4 18.1487
      vertex 140.251 0 18.0024
      vertex 140.355 0 18.1487
    endloop
  endfacet
  facet normal -0.167108 0 0.985939
    outer loop
      vertex 139.179 4 17.4101
      vertex 139.356 0 17.4401
      vertex 139.356 4 17.4401
    endloop
  endfacet
  facet normal -0.167108 0 0.985939
    outer loop
      vertex 139.356 0 17.4401
      vertex 139.179 4 17.4101
      vertex 139.179 0 17.4101
    endloop
  endfacet
  facet normal -0.382401 0 -0.923996
    outer loop
      vertex 139.528 0 20.5102
      vertex 139.694 4 20.4415
      vertex 139.694 0 20.4415
    endloop
  endfacet
  facet normal -0.382401 0 -0.923996
    outer loop
      vertex 139.694 4 20.4415
      vertex 139.528 0 20.5102
      vertex 139.528 4 20.5102
    endloop
  endfacet
  facet normal 0.744455 -0 0.667673
    outer loop
      vertex 137.749 0 18.0024
      vertex 137.869 4 17.8686
      vertex 137.749 4 18.0024
    endloop
  endfacet
  facet normal 0.744455 0 0.667673
    outer loop
      vertex 137.869 4 17.8686
      vertex 137.749 0 18.0024
      vertex 137.869 0 17.8686
    endloop
  endfacet
  facet normal 0.998445 -0 0.0557479
    outer loop
      vertex 137.4 0 19
      vertex 137.41 4 18.8209
      vertex 137.4 4 19
    endloop
  endfacet
  facet normal 0.998445 0 0.0557479
    outer loop
      vertex 137.41 4 18.8209
      vertex 137.4 0 19
      vertex 137.41 0 18.8209
    endloop
  endfacet
  facet normal 0.381926 0 0.924193
    outer loop
      vertex 138.306 4 17.5584
      vertex 138.472 0 17.4898
      vertex 138.472 4 17.4898
    endloop
  endfacet
  facet normal 0.381926 0 0.924193
    outer loop
      vertex 138.472 0 17.4898
      vertex 138.306 4 17.5584
      vertex 138.306 0 17.5584
    endloop
  endfacet
  facet normal 0.960423 -0 0.278545
    outer loop
      vertex 137.44 0 18.644
      vertex 137.49 4 18.4716
      vertex 137.44 4 18.644
    endloop
  endfacet
  facet normal 0.960423 0 0.278545
    outer loop
      vertex 137.49 4 18.4716
      vertex 137.44 0 18.644
      vertex 137.49 0 18.4716
    endloop
  endfacet
  facet normal 0.985923 -0 0.1672
    outer loop
      vertex 137.41 0 18.8209
      vertex 137.44 4 18.644
      vertex 137.41 4 18.8209
    endloop
  endfacet
  facet normal 0.985923 0 0.1672
    outer loop
      vertex 137.44 4 18.644
      vertex 137.41 0 18.8209
      vertex 137.44 0 18.644
    endloop
  endfacet
  facet normal 0.577185 0 0.816614
    outer loop
      vertex 138.002 4 17.7491
      vertex 138.149 0 17.6452
      vertex 138.149 4 17.6452
    endloop
  endfacet
  facet normal 0.577185 0 0.816614
    outer loop
      vertex 138.149 0 17.6452
      vertex 138.002 4 17.7491
      vertex 138.002 0 17.7491
    endloop
  endfacet
  facet normal -0.985923 0 -0.1672
    outer loop
      vertex 140.59 0 19.1791
      vertex 140.56 4 19.356
      vertex 140.59 4 19.1791
    endloop
  endfacet
  facet normal -0.985923 -0 -0.1672
    outer loop
      vertex 140.56 4 19.356
      vertex 140.59 0 19.1791
      vertex 140.56 0 19.356
    endloop
  endfacet
  facet normal 0.874813 -0 0.48446
    outer loop
      vertex 137.558 0 18.3058
      vertex 137.645 4 18.1487
      vertex 137.558 4 18.3058
    endloop
  endfacet
  facet normal 0.874813 0 0.48446
    outer loop
      vertex 137.645 4 18.1487
      vertex 137.558 0 18.3058
      vertex 137.645 0 18.1487
    endloop
  endfacet
  facet normal -0.277597 0 0.960698
    outer loop
      vertex 139.356 4 17.4401
      vertex 139.528 0 17.4898
      vertex 139.528 4 17.4898
    endloop
  endfacet
  facet normal -0.277597 0 0.960698
    outer loop
      vertex 139.528 0 17.4898
      vertex 139.356 4 17.4401
      vertex 139.356 0 17.4401
    endloop
  endfacet
  facet normal 0.960423 0 -0.278545
    outer loop
      vertex 137.49 0 19.5284
      vertex 137.44 4 19.356
      vertex 137.49 4 19.5284
    endloop
  endfacet
  facet normal 0.960423 0 -0.278545
    outer loop
      vertex 137.44 4 19.356
      vertex 137.49 0 19.5284
      vertex 137.44 0 19.356
    endloop
  endfacet
  facet normal -0.167108 0 -0.985939
    outer loop
      vertex 139.179 0 20.5899
      vertex 139.356 4 20.5599
      vertex 139.356 0 20.5599
    endloop
  endfacet
  facet normal -0.167108 0 -0.985939
    outer loop
      vertex 139.356 4 20.5599
      vertex 139.179 0 20.5899
      vertex 139.179 4 20.5899
    endloop
  endfacet
  facet normal -0.483416 0 -0.875391
    outer loop
      vertex 139.694 0 20.4415
      vertex 139.851 4 20.3548
      vertex 139.851 0 20.3548
    endloop
  endfacet
  facet normal -0.483416 0 -0.875391
    outer loop
      vertex 139.851 4 20.3548
      vertex 139.694 0 20.4415
      vertex 139.694 4 20.4415
    endloop
  endfacet
  facet normal -0.056335 0 -0.998412
    outer loop
      vertex 139 0 20.6
      vertex 139.179 4 20.5899
      vertex 139.179 0 20.5899
    endloop
  endfacet
  facet normal -0.056335 0 -0.998412
    outer loop
      vertex 139.179 4 20.5899
      vertex 139 0 20.6
      vertex 139 4 20.6
    endloop
  endfacet
  facet normal -0.056335 0 0.998412
    outer loop
      vertex 139 4 17.4
      vertex 139.179 0 17.4101
      vertex 139.179 4 17.4101
    endloop
  endfacet
  facet normal -0.056335 0 0.998412
    outer loop
      vertex 139.179 0 17.4101
      vertex 139 4 17.4
      vertex 139 0 17.4
    endloop
  endfacet
  facet normal 0.167108 0 -0.985939
    outer loop
      vertex 138.644 0 20.5599
      vertex 138.821 4 20.5899
      vertex 138.821 0 20.5899
    endloop
  endfacet
  facet normal 0.167108 0 -0.985939
    outer loop
      vertex 138.821 4 20.5899
      vertex 138.644 0 20.5599
      vertex 138.644 4 20.5599
    endloop
  endfacet
  facet normal -0.960423 0 -0.278545
    outer loop
      vertex 140.56 0 19.356
      vertex 140.51 4 19.5284
      vertex 140.56 4 19.356
    endloop
  endfacet
  facet normal -0.960423 -0 -0.278545
    outer loop
      vertex 140.51 4 19.5284
      vertex 140.56 0 19.356
      vertex 140.51 0 19.5284
    endloop
  endfacet
  facet normal 0.815236 0 -0.579129
    outer loop
      vertex 137.749 0 19.9976
      vertex 137.645 4 19.8512
      vertex 137.749 4 19.9976
    endloop
  endfacet
  facet normal 0.815236 0 -0.579129
    outer loop
      vertex 137.645 4 19.8512
      vertex 137.749 0 19.9976
      vertex 137.645 0 19.8512
    endloop
  endfacet
  facet normal 0.056335 0 -0.998412
    outer loop
      vertex 138.821 0 20.5899
      vertex 139 4 20.6
      vertex 139 0 20.6
    endloop
  endfacet
  facet normal 0.056335 0 -0.998412
    outer loop
      vertex 139 4 20.6
      vertex 138.821 0 20.5899
      vertex 138.821 4 20.5899
    endloop
  endfacet
  facet normal 0.815049 -0 0.579392
    outer loop
      vertex 137.645 0 18.1487
      vertex 137.749 4 18.0024
      vertex 137.645 4 18.1487
    endloop
  endfacet
  facet normal 0.815049 0 0.579392
    outer loop
      vertex 137.749 4 18.0024
      vertex 137.645 0 18.1487
      vertex 137.749 0 18.0024
    endloop
  endfacet
  facet normal 0.483416 0 -0.875391
    outer loop
      vertex 138.149 0 20.3548
      vertex 138.306 4 20.4415
      vertex 138.306 0 20.4415
    endloop
  endfacet
  facet normal 0.483416 0 -0.875391
    outer loop
      vertex 138.306 4 20.4415
      vertex 138.149 0 20.3548
      vertex 138.149 4 20.3548
    endloop
  endfacet
  facet normal 0.874682 0 -0.484697
    outer loop
      vertex 137.645 0 19.8512
      vertex 137.558 4 19.6942
      vertex 137.645 4 19.8512
    endloop
  endfacet
  facet normal 0.874682 0 -0.484697
    outer loop
      vertex 137.558 4 19.6942
      vertex 137.645 0 19.8512
      vertex 137.558 0 19.6942
    endloop
  endfacet
  facet normal 0.925209 0 -0.379458
    outer loop
      vertex 137.558 0 19.6942
      vertex 137.49 4 19.5284
      vertex 137.558 4 19.6942
    endloop
  endfacet
  facet normal 0.925209 0 -0.379458
    outer loop
      vertex 137.49 4 19.5284
      vertex 137.558 0 19.6942
      vertex 137.49 0 19.5284
    endloop
  endfacet
  facet normal 0.925209 -0 0.379458
    outer loop
      vertex 137.49 0 18.4716
      vertex 137.558 4 18.3058
      vertex 137.49 4 18.4716
    endloop
  endfacet
  facet normal 0.925209 0 0.379458
    outer loop
      vertex 137.558 4 18.3058
      vertex 137.49 0 18.4716
      vertex 137.558 0 18.3058
    endloop
  endfacet
  facet normal 0.577185 0 -0.816614
    outer loop
      vertex 138.002 0 20.2509
      vertex 138.149 4 20.3548
      vertex 138.149 0 20.3548
    endloop
  endfacet
  facet normal 0.577185 0 -0.816614
    outer loop
      vertex 138.149 4 20.3548
      vertex 138.002 0 20.2509
      vertex 138.002 4 20.2509
    endloop
  endfacet
  facet normal 0.985923 0 -0.1672
    outer loop
      vertex 137.44 0 26.356
      vertex 137.41 4 26.1791
      vertex 137.44 4 26.356
    endloop
  endfacet
  facet normal 0.985923 0 -0.1672
    outer loop
      vertex 137.41 4 26.1791
      vertex 137.44 0 26.356
      vertex 137.41 0 26.1791
    endloop
  endfacet
  facet normal -0.925209 0 -0.379458
    outer loop
      vertex 140.51 0 26.5284
      vertex 140.442 4 26.6942
      vertex 140.51 4 26.5284
    endloop
  endfacet
  facet normal -0.925209 -0 -0.379458
    outer loop
      vertex 140.442 4 26.6942
      vertex 140.51 0 26.5284
      vertex 140.442 0 26.6942
    endloop
  endfacet
  facet normal 0.744455 0 -0.667673
    outer loop
      vertex 137.869 0 27.1314
      vertex 137.749 4 26.9976
      vertex 137.869 4 27.1314
    endloop
  endfacet
  facet normal 0.744455 0 -0.667673
    outer loop
      vertex 137.749 4 26.9976
      vertex 137.869 0 27.1314
      vertex 137.749 0 26.9976
    endloop
  endfacet
  facet normal 0.167108 0 0.985939
    outer loop
      vertex 138.644 4 24.4401
      vertex 138.821 0 24.4101
      vertex 138.821 4 24.4101
    endloop
  endfacet
  facet normal 0.167108 0 0.985939
    outer loop
      vertex 138.821 0 24.4101
      vertex 138.644 4 24.4401
      vertex 138.644 0 24.4401
    endloop
  endfacet
  facet normal 0.925209 -0 0.379458
    outer loop
      vertex 137.49 0 25.4716
      vertex 137.558 4 25.3058
      vertex 137.49 4 25.4716
    endloop
  endfacet
  facet normal 0.925209 0 0.379458
    outer loop
      vertex 137.558 4 25.3058
      vertex 137.49 0 25.4716
      vertex 137.558 0 25.3058
    endloop
  endfacet
  facet normal -0.577185 0 0.816614
    outer loop
      vertex 139.851 4 24.6452
      vertex 139.998 0 24.7491
      vertex 139.998 4 24.7491
    endloop
  endfacet
  facet normal -0.577185 0 0.816614
    outer loop
      vertex 139.998 0 24.7491
      vertex 139.851 4 24.6452
      vertex 139.851 0 24.6452
    endloop
  endfacet
  facet normal 0.056335 0 0.998412
    outer loop
      vertex 138.821 4 24.4101
      vertex 139 0 24.4
      vertex 139 4 24.4
    endloop
  endfacet
  facet normal 0.056335 0 0.998412
    outer loop
      vertex 139 0 24.4
      vertex 138.821 4 24.4101
      vertex 138.821 0 24.4101
    endloop
  endfacet
  facet normal -0.985923 0 0.1672
    outer loop
      vertex 140.56 0 25.644
      vertex 140.59 4 25.8209
      vertex 140.56 4 25.644
    endloop
  endfacet
  facet normal -0.985923 0 0.1672
    outer loop
      vertex 140.59 4 25.8209
      vertex 140.56 0 25.644
      vertex 140.59 0 25.8209
    endloop
  endfacet
  facet normal -0.815236 0 -0.579129
    outer loop
      vertex 140.355 0 26.8512
      vertex 140.251 4 26.9976
      vertex 140.355 4 26.8512
    endloop
  endfacet
  facet normal -0.815236 -0 -0.579129
    outer loop
      vertex 140.251 4 26.9976
      vertex 140.355 0 26.8512
      vertex 140.251 0 26.9976
    endloop
  endfacet
  facet normal -0.744455 0 -0.667673
    outer loop
      vertex 140.251 0 26.9976
      vertex 140.131 4 27.1314
      vertex 140.251 4 26.9976
    endloop
  endfacet
  facet normal -0.744455 -0 -0.667673
    outer loop
      vertex 140.131 4 27.1314
      vertex 140.251 0 26.9976
      vertex 140.131 0 27.1314
    endloop
  endfacet
  facet normal -0.381926 0 0.924193
    outer loop
      vertex 139.528 4 24.4898
      vertex 139.694 0 24.5584
      vertex 139.694 4 24.5584
    endloop
  endfacet
  facet normal -0.381926 0 0.924193
    outer loop
      vertex 139.694 0 24.5584
      vertex 139.528 4 24.4898
      vertex 139.528 0 24.4898
    endloop
  endfacet
  facet normal 0.277597 0 0.960698
    outer loop
      vertex 138.472 4 24.4898
      vertex 138.644 0 24.4401
      vertex 138.644 4 24.4401
    endloop
  endfacet
  facet normal 0.277597 0 0.960698
    outer loop
      vertex 138.644 0 24.4401
      vertex 138.472 4 24.4898
      vertex 138.472 0 24.4898
    endloop
  endfacet
  facet normal -0.483843 0 0.875155
    outer loop
      vertex 139.694 4 24.5584
      vertex 139.851 0 24.6452
      vertex 139.851 4 24.6452
    endloop
  endfacet
  facet normal -0.483843 0 0.875155
    outer loop
      vertex 139.851 0 24.6452
      vertex 139.694 4 24.5584
      vertex 139.694 0 24.5584
    endloop
  endfacet
  facet normal 0.668347 0 -0.74385
    outer loop
      vertex 137.869 0 27.1314
      vertex 138.002 4 27.2509
      vertex 138.002 0 27.2509
    endloop
  endfacet
  facet normal 0.668347 0 -0.74385
    outer loop
      vertex 138.002 4 27.2509
      vertex 137.869 0 27.1314
      vertex 137.869 4 27.1314
    endloop
  endfacet
  facet normal -0.744455 0 0.667673
    outer loop
      vertex 140.131 0 24.8686
      vertex 140.251 4 25.0024
      vertex 140.131 4 24.8686
    endloop
  endfacet
  facet normal -0.744455 0 0.667673
    outer loop
      vertex 140.251 4 25.0024
      vertex 140.131 0 24.8686
      vertex 140.251 0 25.0024
    endloop
  endfacet
  facet normal -0.577185 0 -0.816614
    outer loop
      vertex 139.851 0 27.3548
      vertex 139.998 4 27.2509
      vertex 139.998 0 27.2509
    endloop
  endfacet
  facet normal -0.577185 0 -0.816614
    outer loop
      vertex 139.998 4 27.2509
      vertex 139.851 0 27.3548
      vertex 139.851 4 27.3548
    endloop
  endfacet
  facet normal -0.874813 0 0.48446
    outer loop
      vertex 140.355 0 25.1487
      vertex 140.442 4 25.3058
      vertex 140.355 4 25.1487
    endloop
  endfacet
  facet normal -0.874813 0 0.48446
    outer loop
      vertex 140.442 4 25.3058
      vertex 140.355 0 25.1487
      vertex 140.442 0 25.3058
    endloop
  endfacet
  facet normal 0.382401 0 -0.923996
    outer loop
      vertex 138.306 0 27.4415
      vertex 138.472 4 27.5102
      vertex 138.472 0 27.5102
    endloop
  endfacet
  facet normal 0.382401 0 -0.923996
    outer loop
      vertex 138.472 4 27.5102
      vertex 138.306 0 27.4415
      vertex 138.306 4 27.4415
    endloop
  endfacet
  facet normal -0.998445 0 0.0557479
    outer loop
      vertex 140.59 0 25.8209
      vertex 140.6 4 26
      vertex 140.59 4 25.8209
    endloop
  endfacet
  facet normal -0.998445 0 0.0557479
    outer loop
      vertex 140.6 4 26
      vertex 140.59 0 25.8209
      vertex 140.6 0 26
    endloop
  endfacet
  facet normal 0.483843 0 0.875155
    outer loop
      vertex 138.149 4 24.6452
      vertex 138.306 0 24.5584
      vertex 138.306 4 24.5584
    endloop
  endfacet
  facet normal 0.483843 0 0.875155
    outer loop
      vertex 138.306 0 24.5584
      vertex 138.149 4 24.6452
      vertex 138.149 0 24.6452
    endloop
  endfacet
  facet normal 0.668347 0 0.74385
    outer loop
      vertex 137.869 4 24.8686
      vertex 138.002 0 24.7491
      vertex 138.002 4 24.7491
    endloop
  endfacet
  facet normal 0.668347 0 0.74385
    outer loop
      vertex 138.002 0 24.7491
      vertex 137.869 4 24.8686
      vertex 137.869 0 24.8686
    endloop
  endfacet
  facet normal -0.668347 0 -0.74385
    outer loop
      vertex 139.998 0 27.2509
      vertex 140.131 4 27.1314
      vertex 140.131 0 27.1314
    endloop
  endfacet
  facet normal -0.668347 0 -0.74385
    outer loop
      vertex 140.131 4 27.1314
      vertex 139.998 0 27.2509
      vertex 139.998 4 27.2509
    endloop
  endfacet
  facet normal -0.668347 0 0.74385
    outer loop
      vertex 139.998 4 24.7491
      vertex 140.131 0 24.8686
      vertex 140.131 4 24.8686
    endloop
  endfacet
  facet normal -0.668347 0 0.74385
    outer loop
      vertex 140.131 0 24.8686
      vertex 139.998 4 24.7491
      vertex 139.998 0 24.7491
    endloop
  endfacet
  facet normal -0.998445 0 -0.0557479
    outer loop
      vertex 140.6 0 26
      vertex 140.59 4 26.1791
      vertex 140.6 4 26
    endloop
  endfacet
  facet normal -0.998445 -0 -0.0557479
    outer loop
      vertex 140.59 4 26.1791
      vertex 140.6 0 26
      vertex 140.59 0 26.1791
    endloop
  endfacet
  facet normal 0.998445 0 -0.0557479
    outer loop
      vertex 137.41 0 26.1791
      vertex 137.4 4 26
      vertex 137.41 4 26.1791
    endloop
  endfacet
  facet normal 0.998445 0 -0.0557479
    outer loop
      vertex 137.4 4 26
      vertex 137.41 0 26.1791
      vertex 137.4 0 26
    endloop
  endfacet
  facet normal -0.874682 0 -0.484697
    outer loop
      vertex 140.442 0 26.6942
      vertex 140.355 4 26.8512
      vertex 140.442 4 26.6942
    endloop
  endfacet
  facet normal -0.874682 -0 -0.484697
    outer loop
      vertex 140.355 4 26.8512
      vertex 140.442 0 26.6942
      vertex 140.355 0 26.8512
    endloop
  endfacet
  facet normal -0.960423 0 0.278545
    outer loop
      vertex 140.51 0 25.4716
      vertex 140.56 4 25.644
      vertex 140.51 4 25.4716
    endloop
  endfacet
  facet normal -0.960423 0 0.278545
    outer loop
      vertex 140.56 4 25.644
      vertex 140.51 0 25.4716
      vertex 140.56 0 25.644
    endloop
  endfacet
  facet normal -0.277597 0 -0.960698
    outer loop
      vertex 139.356 0 27.5599
      vertex 139.528 4 27.5102
      vertex 139.528 0 27.5102
    endloop
  endfacet
  facet normal -0.277597 0 -0.960698
    outer loop
      vertex 139.528 4 27.5102
      vertex 139.356 0 27.5599
      vertex 139.356 4 27.5599
    endloop
  endfacet
  facet normal 0.277597 0 -0.960698
    outer loop
      vertex 138.472 0 27.5102
      vertex 138.644 4 27.5599
      vertex 138.644 0 27.5599
    endloop
  endfacet
  facet normal 0.277597 0 -0.960698
    outer loop
      vertex 138.644 4 27.5599
      vertex 138.472 0 27.5102
      vertex 138.472 4 27.5102
    endloop
  endfacet
  facet normal -0.815049 0 0.579392
    outer loop
      vertex 140.251 0 25.0024
      vertex 140.355 4 25.1487
      vertex 140.251 4 25.0024
    endloop
  endfacet
  facet normal -0.815049 0 0.579392
    outer loop
      vertex 140.355 4 25.1487
      vertex 140.251 0 25.0024
      vertex 140.355 0 25.1487
    endloop
  endfacet
  facet normal -0.167108 0 0.985939
    outer loop
      vertex 139.179 4 24.4101
      vertex 139.356 0 24.4401
      vertex 139.356 4 24.4401
    endloop
  endfacet
  facet normal -0.167108 0 0.985939
    outer loop
      vertex 139.356 0 24.4401
      vertex 139.179 4 24.4101
      vertex 139.179 0 24.4101
    endloop
  endfacet
  facet normal -0.382401 0 -0.923996
    outer loop
      vertex 139.528 0 27.5102
      vertex 139.694 4 27.4415
      vertex 139.694 0 27.4415
    endloop
  endfacet
  facet normal -0.382401 0 -0.923996
    outer loop
      vertex 139.694 4 27.4415
      vertex 139.528 0 27.5102
      vertex 139.528 4 27.5102
    endloop
  endfacet
  facet normal 0.744455 -0 0.667673
    outer loop
      vertex 137.749 0 25.0024
      vertex 137.869 4 24.8686
      vertex 137.749 4 25.0024
    endloop
  endfacet
  facet normal 0.744455 0 0.667673
    outer loop
      vertex 137.869 4 24.8686
      vertex 137.749 0 25.0024
      vertex 137.869 0 24.8686
    endloop
  endfacet
  facet normal 0.998445 -0 0.0557479
    outer loop
      vertex 137.4 0 26
      vertex 137.41 4 25.8209
      vertex 137.4 4 26
    endloop
  endfacet
  facet normal 0.998445 0 0.0557479
    outer loop
      vertex 137.41 4 25.8209
      vertex 137.4 0 26
      vertex 137.41 0 25.8209
    endloop
  endfacet
  facet normal 0.381926 0 0.924193
    outer loop
      vertex 138.306 4 24.5584
      vertex 138.472 0 24.4898
      vertex 138.472 4 24.4898
    endloop
  endfacet
  facet normal 0.381926 0 0.924193
    outer loop
      vertex 138.472 0 24.4898
      vertex 138.306 4 24.5584
      vertex 138.306 0 24.5584
    endloop
  endfacet
  facet normal 0.960423 -0 0.278545
    outer loop
      vertex 137.44 0 25.644
      vertex 137.49 4 25.4716
      vertex 137.44 4 25.644
    endloop
  endfacet
  facet normal 0.960423 0 0.278545
    outer loop
      vertex 137.49 4 25.4716
      vertex 137.44 0 25.644
      vertex 137.49 0 25.4716
    endloop
  endfacet
  facet normal -0.960423 0 -0.278545
    outer loop
      vertex 140.56 0 26.356
      vertex 140.51 4 26.5284
      vertex 140.56 4 26.356
    endloop
  endfacet
  facet normal -0.960423 -0 -0.278545
    outer loop
      vertex 140.51 4 26.5284
      vertex 140.56 0 26.356
      vertex 140.51 0 26.5284
    endloop
  endfacet
  facet normal 0.577185 0 0.816614
    outer loop
      vertex 138.002 4 24.7491
      vertex 138.149 0 24.6452
      vertex 138.149 4 24.6452
    endloop
  endfacet
  facet normal 0.577185 0 0.816614
    outer loop
      vertex 138.149 0 24.6452
      vertex 138.002 4 24.7491
      vertex 138.002 0 24.7491
    endloop
  endfacet
  facet normal -0.985923 0 -0.1672
    outer loop
      vertex 140.59 0 26.1791
      vertex 140.56 4 26.356
      vertex 140.59 4 26.1791
    endloop
  endfacet
  facet normal -0.985923 -0 -0.1672
    outer loop
      vertex 140.56 4 26.356
      vertex 140.59 0 26.1791
      vertex 140.56 0 26.356
    endloop
  endfacet
  facet normal 0.874813 -0 0.48446
    outer loop
      vertex 137.558 0 25.3058
      vertex 137.645 4 25.1487
      vertex 137.558 4 25.3058
    endloop
  endfacet
  facet normal 0.874813 0 0.48446
    outer loop
      vertex 137.645 4 25.1487
      vertex 137.558 0 25.3058
      vertex 137.645 0 25.1487
    endloop
  endfacet
  facet normal -0.277597 0 0.960698
    outer loop
      vertex 139.356 4 24.4401
      vertex 139.528 0 24.4898
      vertex 139.528 4 24.4898
    endloop
  endfacet
  facet normal -0.277597 0 0.960698
    outer loop
      vertex 139.528 0 24.4898
      vertex 139.356 4 24.4401
      vertex 139.356 0 24.4401
    endloop
  endfacet
  facet normal 0.960423 0 -0.278545
    outer loop
      vertex 137.49 0 26.5284
      vertex 137.44 4 26.356
      vertex 137.49 4 26.5284
    endloop
  endfacet
  facet normal 0.960423 0 -0.278545
    outer loop
      vertex 137.44 4 26.356
      vertex 137.49 0 26.5284
      vertex 137.44 0 26.356
    endloop
  endfacet
  facet normal -0.167108 0 -0.985939
    outer loop
      vertex 139.179 0 27.5899
      vertex 139.356 4 27.5599
      vertex 139.356 0 27.5599
    endloop
  endfacet
  facet normal -0.167108 0 -0.985939
    outer loop
      vertex 139.356 4 27.5599
      vertex 139.179 0 27.5899
      vertex 139.179 4 27.5899
    endloop
  endfacet
  facet normal -0.483416 0 -0.875391
    outer loop
      vertex 139.694 0 27.4415
      vertex 139.851 4 27.3548
      vertex 139.851 0 27.3548
    endloop
  endfacet
  facet normal -0.483416 0 -0.875391
    outer loop
      vertex 139.851 4 27.3548
      vertex 139.694 0 27.4415
      vertex 139.694 4 27.4415
    endloop
  endfacet
  facet normal -0.925209 0 0.379458
    outer loop
      vertex 140.442 0 25.3058
      vertex 140.51 4 25.4716
      vertex 140.442 4 25.3058
    endloop
  endfacet
  facet normal -0.925209 0 0.379458
    outer loop
      vertex 140.51 4 25.4716
      vertex 140.442 0 25.3058
      vertex 140.51 0 25.4716
    endloop
  endfacet
  facet normal -0.056335 0 -0.998412
    outer loop
      vertex 139 0 27.6
      vertex 139.179 4 27.5899
      vertex 139.179 0 27.5899
    endloop
  endfacet
  facet normal -0.056335 0 -0.998412
    outer loop
      vertex 139.179 4 27.5899
      vertex 139 0 27.6
      vertex 139 4 27.6
    endloop
  endfacet
  facet normal -0.056335 0 0.998412
    outer loop
      vertex 139 4 24.4
      vertex 139.179 0 24.4101
      vertex 139.179 4 24.4101
    endloop
  endfacet
  facet normal -0.056335 0 0.998412
    outer loop
      vertex 139.179 0 24.4101
      vertex 139 4 24.4
      vertex 139 0 24.4
    endloop
  endfacet
  facet normal 0.167108 0 -0.985939
    outer loop
      vertex 138.644 0 27.5599
      vertex 138.821 4 27.5899
      vertex 138.821 0 27.5899
    endloop
  endfacet
  facet normal 0.167108 0 -0.985939
    outer loop
      vertex 138.821 4 27.5899
      vertex 138.644 0 27.5599
      vertex 138.644 4 27.5599
    endloop
  endfacet
  facet normal 0.815236 0 -0.579129
    outer loop
      vertex 137.749 0 26.9976
      vertex 137.645 4 26.8512
      vertex 137.749 4 26.9976
    endloop
  endfacet
  facet normal 0.815236 0 -0.579129
    outer loop
      vertex 137.645 4 26.8512
      vertex 137.749 0 26.9976
      vertex 137.645 0 26.8512
    endloop
  endfacet
  facet normal 0.985923 -0 0.1672
    outer loop
      vertex 137.41 0 25.8209
      vertex 137.44 4 25.644
      vertex 137.41 4 25.8209
    endloop
  endfacet
  facet normal 0.985923 0 0.1672
    outer loop
      vertex 137.44 4 25.644
      vertex 137.41 0 25.8209
      vertex 137.44 0 25.644
    endloop
  endfacet
  facet normal 0.056335 0 -0.998412
    outer loop
      vertex 138.821 0 27.5899
      vertex 139 4 27.6
      vertex 139 0 27.6
    endloop
  endfacet
  facet normal 0.056335 0 -0.998412
    outer loop
      vertex 139 4 27.6
      vertex 138.821 0 27.5899
      vertex 138.821 4 27.5899
    endloop
  endfacet
  facet normal 0.815049 -0 0.579392
    outer loop
      vertex 137.645 0 25.1487
      vertex 137.749 4 25.0024
      vertex 137.645 4 25.1487
    endloop
  endfacet
  facet normal 0.815049 0 0.579392
    outer loop
      vertex 137.749 4 25.0024
      vertex 137.645 0 25.1487
      vertex 137.749 0 25.0024
    endloop
  endfacet
  facet normal 0.483416 0 -0.875391
    outer loop
      vertex 138.149 0 27.3548
      vertex 138.306 4 27.4415
      vertex 138.306 0 27.4415
    endloop
  endfacet
  facet normal 0.483416 0 -0.875391
    outer loop
      vertex 138.306 4 27.4415
      vertex 138.149 0 27.3548
      vertex 138.149 4 27.3548
    endloop
  endfacet
  facet normal 0.874682 0 -0.484697
    outer loop
      vertex 137.645 0 26.8512
      vertex 137.558 4 26.6942
      vertex 137.645 4 26.8512
    endloop
  endfacet
  facet normal 0.874682 0 -0.484697
    outer loop
      vertex 137.558 4 26.6942
      vertex 137.645 0 26.8512
      vertex 137.558 0 26.6942
    endloop
  endfacet
  facet normal 0.925209 0 -0.379458
    outer loop
      vertex 137.558 0 26.6942
      vertex 137.49 4 26.5284
      vertex 137.558 4 26.6942
    endloop
  endfacet
  facet normal 0.925209 0 -0.379458
    outer loop
      vertex 137.49 4 26.5284
      vertex 137.558 0 26.6942
      vertex 137.49 0 26.5284
    endloop
  endfacet
  facet normal 0.577185 0 -0.816614
    outer loop
      vertex 138.002 0 27.2509
      vertex 138.149 4 27.3548
      vertex 138.149 0 27.3548
    endloop
  endfacet
  facet normal 0.577185 0 -0.816614
    outer loop
      vertex 138.149 4 27.3548
      vertex 138.002 0 27.2509
      vertex 138.002 4 27.2509
    endloop
  endfacet
  facet normal -1 0 0
    outer loop
      vertex 109.75 4 43
      vertex 109.75 0 43
      vertex 109.75 4 92.7
    endloop
  endfacet
  facet normal -1 0 0
    outer loop
      vertex 109.75 4 92.7
      vertex 109.75 6 93
      vertex 109.75 6 92.7
    endloop
  endfacet
  facet normal -1 0 0
    outer loop
      vertex 109.75 4 92.7
      vertex 109.75 0 93
      vertex 109.75 6 93
    endloop
  endfacet
  facet normal -1 0 0
    outer loop
      vertex 109.75 0 93
      vertex 109.75 4 92.7
      vertex 109.75 0 43
    endloop
  endfacet
  facet normal 0 0 -1
    outer loop
      vertex 38.75 0 93
      vertex 109.75 6 93
      vertex 109.75 0 93
    endloop
  endfacet
  facet normal -0 0 -1
    outer loop
      vertex 109.75 6 93
      vertex 38.75 0 93
      vertex 38.75 6 93
    endloop
  endfacet
  facet normal -0 0 1
    outer loop
      vertex 38.75 4 43
      vertex 109.75 0 43
      vertex 109.75 4 43
    endloop
  endfacet
  facet normal 0 0 1
    outer loop
      vertex 109.75 0 43
      vertex 38.75 4 43
      vertex 38.75 0 43
    endloop
  endfacet
  facet normal 1 0 0
    outer loop
      vertex 38.75 6 93
      vertex 38.75 4 92.7
      vertex 38.75 6 92.7
    endloop
  endfacet
  facet normal 1 -0 0
    outer loop
      vertex 38.75 0 93
      vertex 38.75 4 92.7
      vertex 38.75 6 93
    endloop
  endfacet
  facet normal 1 0 0
    outer loop
      vertex 38.75 0 43
      vertex 38.75 4 92.7
      vertex 38.75 0 93
    endloop
  endfacet
  facet normal 1 0 0
    outer loop
      vertex 38.75 4 92.7
      vertex 38.75 0 43
      vertex 38.75 4 43
    endloop
  endfacet
  facet normal 0 -1 0
    outer loop
      vertex 38.75 6 92.7
      vertex 109.75 6 93
      vertex 38.75 6 93
    endloop
  endfacet
  facet normal 0 -1 -0
    outer loop
      vertex 109.75 6 93
      vertex 38.75 6 92.7
      vertex 109.75 6 92.7
    endloop
  endfacet
  facet normal -1 0 0
    outer loop
      vertex 159 0 45
      vertex 159 4 52.7
      vertex 159 4 45
    endloop
  endfacet
  facet normal -1 -0 0
    outer loop
      vertex 159 4 52.7
      vertex 159 0 45
      vertex 159 4 66.7
    endloop
  endfacet
  facet normal -1 0 0
    outer loop
      vertex 159 0 91
      vertex 159 4 66.7
      vertex 159 0 45
    endloop
  endfacet
  facet normal -1 0 0
    outer loop
      vertex 159 4 66.7
      vertex 159 0 91
      vertex 159 4 91
    endloop
  endfacet
  facet normal -1 0 0
    outer loop
      vertex 159 4 52.7
      vertex 159 6 66.7
      vertex 159 6 52.7
    endloop
  endfacet
  facet normal -1 -0 0
    outer loop
      vertex 159 6 66.7
      vertex 159 4 52.7
      vertex 159 4 66.7
    endloop
  endfacet
  facet normal 0 0 -1
    outer loop
      vertex 123.5 0 91
      vertex 159 4 91
      vertex 159 0 91
    endloop
  endfacet
  facet normal -0 0 -1
    outer loop
      vertex 159 4 91
      vertex 123.5 0 91
      vertex 123.5 4 91
    endloop
  endfacet
  facet normal -0 0 1
    outer loop
      vertex 123.5 4 45
      vertex 159 0 45
      vertex 159 4 45
    endloop
  endfacet
  facet normal 0 0 1
    outer loop
      vertex 159 0 45
      vertex 123.5 4 45
      vertex 123.5 0 45
    endloop
  endfacet
  facet normal 1 -0 0
    outer loop
      vertex 123.5 0 91
      vertex 123.5 4 66.7
      vertex 123.5 4 91
    endloop
  endfacet
  facet normal 1 0 0
    outer loop
      vertex 123.5 0 45
      vertex 123.5 4 66.7
      vertex 123.5 0 91
    endloop
  endfacet
  facet normal 1 0 0
    outer loop
      vertex 123.5 4 66.7
      vertex 123.5 0 45
      vertex 123.5 4 52.7
    endloop
  endfacet
  facet normal 1 0 0
    outer loop
      vertex 123.5 4 52.7
      vertex 123.5 0 45
      vertex 123.5 4 45
    endloop
  endfacet
  facet normal 1 -0 0
    outer loop
      vertex 123.5 4 66.7
      vertex 123.5 6 52.7
      vertex 123.5 6 66.7
    endloop
  endfacet
  facet normal 1 0 0
    outer loop
      vertex 123.5 6 52.7
      vertex 123.5 4 66.7
      vertex 123.5 4 52.7
    endloop
  endfacet
  facet normal 0 -1 0
    outer loop
      vertex 123.5 6 52.7
      vertex 124 6 66.7
      vertex 123.5 6 66.7
    endloop
  endfacet
  facet normal 0 -1 -0
    outer loop
      vertex 124 6 66.7
      vertex 123.5 6 52.7
      vertex 124 6 52.7
    endloop
  endfacet
  facet normal 0 -1 0
    outer loop
      vertex 158.5 6 52.7
      vertex 159 6 66.7
      vertex 158.5 6 66.7
    endloop
  endfacet
  facet normal 0 -1 -0
    outer loop
      vertex 159 6 66.7
      vertex 158.5 6 52.7
      vertex 159 6 52.7
    endloop
  endfacet
  facet normal -0.666221 0 0.745754
    outer loop
      vertex 59.5587 4 17.0454
      vertex 59.7678 0 17.2322
      vertex 59.7678 4 17.2322
    endloop
  endfacet
  facet normal -0.666221 0 0.745754
    outer loop
      vertex 59.7678 0 17.2322
      vertex 59.5587 4 17.0454
      vertex 59.5587 0 17.0454
    endloop
  endfacet
  facet normal -0.0560034 0 0.998431
    outer loop
      vertex 58 4 16.5
      vertex 58.2799 0 16.5157
      vertex 58.2799 4 16.5157
    endloop
  endfacet
  facet normal -0.0560034 0 0.998431
    outer loop
      vertex 58.2799 0 16.5157
      vertex 58 4 16.5
      vertex 58 0 16.5
    endloop
  endfacet
  facet normal 0.815561 -0 0.57867
    outer loop
      vertex 55.8832 0 17.6699
      vertex 56.0454 4 17.4413
      vertex 55.8832 4 17.6699
    endloop
  endfacet
  facet normal 0.815561 0 0.57867
    outer loop
      vertex 56.0454 4 17.4413
      vertex 55.8832 0 17.6699
      vertex 56.0454 0 17.4413
    endloop
  endfacet
  facet normal -0.745754 0 0.666221
    outer loop
      vertex 59.7678 0 17.2322
      vertex 59.9546 4 17.4413
      vertex 59.7678 4 17.2322
    endloop
  endfacet
  facet normal -0.745754 0 0.666221
    outer loop
      vertex 59.9546 4 17.4413
      vertex 59.7678 0 17.2322
      vertex 59.9546 0 17.4413
    endloop
  endfacet
  facet normal 0.875265 0 -0.483643
    outer loop
      vertex 55.8832 0 20.3301
      vertex 55.7476 4 20.0847
      vertex 55.8832 4 20.3301
    endloop
  endfacet
  facet normal 0.875265 0 -0.483643
    outer loop
      vertex 55.7476 4 20.0847
      vertex 55.8832 0 20.3301
      vertex 55.7476 0 20.0847
    endloop
  endfacet
  facet normal -0.998431 0 0.0560034
    outer loop
      vertex 60.4843 0 18.7201
      vertex 60.5 4 19
      vertex 60.4843 4 18.7201
    endloop
  endfacet
  facet normal -0.998431 0 0.0560034
    outer loop
      vertex 60.5 4 19
      vertex 60.4843 0 18.7201
      vertex 60.5 0 19
    endloop
  endfacet
  facet normal 0.57867 0 0.815561
    outer loop
      vertex 56.4413 4 17.0454
      vertex 56.6699 0 16.8832
      vertex 56.6699 4 16.8832
    endloop
  endfacet
  facet normal 0.57867 0 0.815561
    outer loop
      vertex 56.6699 0 16.8832
      vertex 56.4413 4 17.0454
      vertex 56.4413 0 17.0454
    endloop
  endfacet
  facet normal 0.998431 -0 0.0560034
    outer loop
      vertex 55.5 0 19
      vertex 55.5157 4 18.7201
      vertex 55.5 4 19
    endloop
  endfacet
  facet normal 0.998431 0 0.0560034
    outer loop
      vertex 55.5157 4 18.7201
      vertex 55.5 0 19
      vertex 55.5157 0 18.7201
    endloop
  endfacet
  facet normal 0.167637 0 0.985849
    outer loop
      vertex 57.4437 4 16.5627
      vertex 57.7201 0 16.5157
      vertex 57.7201 4 16.5157
    endloop
  endfacet
  facet normal 0.167637 0 0.985849
    outer loop
      vertex 57.7201 0 16.5157
      vertex 57.4437 4 16.5627
      vertex 57.4437 0 16.5627
    endloop
  endfacet
  facet normal -0.666221 0 -0.745754
    outer loop
      vertex 59.5587 0 20.9546
      vertex 59.7678 4 20.7678
      vertex 59.7678 0 20.7678
    endloop
  endfacet
  facet normal -0.666221 0 -0.745754
    outer loop
      vertex 59.7678 4 20.7678
      vertex 59.5587 0 20.9546
      vertex 59.5587 4 20.9546
    endloop
  endfacet
  facet normal -0.38274 0 -0.923856
    outer loop
      vertex 58.8257 0 21.3597
      vertex 59.0847 4 21.2524
      vertex 59.0847 0 21.2524
    endloop
  endfacet
  facet normal -0.38274 0 -0.923856
    outer loop
      vertex 59.0847 4 21.2524
      vertex 58.8257 0 21.3597
      vertex 58.8257 4 21.3597
    endloop
  endfacet
  facet normal -0.0560034 0 -0.998431
    outer loop
      vertex 58 0 21.5
      vertex 58.2799 4 21.4843
      vertex 58.2799 0 21.4843
    endloop
  endfacet
  facet normal -0.0560034 0 -0.998431
    outer loop
      vertex 58.2799 4 21.4843
      vertex 58 0 21.5
      vertex 58 4 21.5
    endloop
  endfacet
  facet normal 0.923856 0 -0.38274
    outer loop
      vertex 55.7476 0 20.0847
      vertex 55.6403 4 19.8257
      vertex 55.7476 4 20.0847
    endloop
  endfacet
  facet normal 0.923856 0 -0.38274
    outer loop
      vertex 55.6403 4 19.8257
      vertex 55.7476 0 20.0847
      vertex 55.6403 0 19.8257
    endloop
  endfacet
  facet normal 0.483643 0 0.875265
    outer loop
      vertex 56.6699 4 16.8832
      vertex 56.9153 0 16.7476
      vertex 56.9153 4 16.7476
    endloop
  endfacet
  facet normal 0.483643 0 0.875265
    outer loop
      vertex 56.9153 0 16.7476
      vertex 56.6699 4 16.8832
      vertex 56.6699 0 16.8832
    endloop
  endfacet
  facet normal -0.985849 0 0.167637
    outer loop
      vertex 60.4373 0 18.4437
      vertex 60.4843 4 18.7201
      vertex 60.4373 4 18.4437
    endloop
  endfacet
  facet normal -0.985849 0 0.167637
    outer loop
      vertex 60.4843 4 18.7201
      vertex 60.4373 0 18.4437
      vertex 60.4843 0 18.7201
    endloop
  endfacet
  facet normal -0.57867 0 -0.815561
    outer loop
      vertex 59.3301 0 21.1168
      vertex 59.5587 4 20.9546
      vertex 59.5587 0 20.9546
    endloop
  endfacet
  facet normal -0.57867 0 -0.815561
    outer loop
      vertex 59.5587 4 20.9546
      vertex 59.3301 0 21.1168
      vertex 59.3301 4 21.1168
    endloop
  endfacet
  facet normal 0.57867 0 -0.815561
    outer loop
      vertex 56.4413 0 20.9546
      vertex 56.6699 4 21.1168
      vertex 56.6699 0 21.1168
    endloop
  endfacet
  facet normal 0.57867 0 -0.815561
    outer loop
      vertex 56.6699 4 21.1168
      vertex 56.4413 0 20.9546
      vertex 56.4413 4 20.9546
    endloop
  endfacet
  facet normal 0.923856 -0 0.38274
    outer loop
      vertex 55.6403 0 18.1743
      vertex 55.7476 4 17.9153
      vertex 55.6403 4 18.1743
    endloop
  endfacet
  facet normal 0.923856 0 0.38274
    outer loop
      vertex 55.7476 4 17.9153
      vertex 55.6403 0 18.1743
      vertex 55.7476 0 17.9153
    endloop
  endfacet
  facet normal -0.167637 0 -0.985849
    outer loop
      vertex 58.2799 0 21.4843
      vertex 58.5563 4 21.4373
      vertex 58.5563 0 21.4373
    endloop
  endfacet
  facet normal -0.167637 0 -0.985849
    outer loop
      vertex 58.5563 4 21.4373
      vertex 58.2799 0 21.4843
      vertex 58.2799 4 21.4843
    endloop
  endfacet
  facet normal 0.38274 0 0.923856
    outer loop
      vertex 56.9153 4 16.7476
      vertex 57.1743 0 16.6403
      vertex 57.1743 4 16.6403
    endloop
  endfacet
  facet normal 0.38274 0 0.923856
    outer loop
      vertex 57.1743 0 16.6403
      vertex 56.9153 4 16.7476
      vertex 56.9153 0 16.7476
    endloop
  endfacet
  facet normal 0.998431 0 -0.0560034
    outer loop
      vertex 55.5157 0 19.2799
      vertex 55.5 4 19
      vertex 55.5157 4 19.2799
    endloop
  endfacet
  facet normal 0.998431 0 -0.0560034
    outer loop
      vertex 55.5 4 19
      vertex 55.5157 0 19.2799
      vertex 55.5 0 19
    endloop
  endfacet
  facet normal 0.745754 -0 0.666221
    outer loop
      vertex 56.0454 0 17.4413
      vertex 56.2322 4 17.2322
      vertex 56.0454 4 17.4413
    endloop
  endfacet
  facet normal 0.745754 0 0.666221
    outer loop
      vertex 56.2322 4 17.2322
      vertex 56.0454 0 17.4413
      vertex 56.2322 0 17.2322
    endloop
  endfacet
  facet normal 0.0560034 0 0.998431
    outer loop
      vertex 57.7201 4 16.5157
      vertex 58 0 16.5
      vertex 58 4 16.5
    endloop
  endfacet
  facet normal 0.0560034 0 0.998431
    outer loop
      vertex 58 0 16.5
      vertex 57.7201 4 16.5157
      vertex 57.7201 0 16.5157
    endloop
  endfacet
  facet normal -0.276793 0 0.960929
    outer loop
      vertex 58.5563 4 16.5627
      vertex 58.8257 0 16.6403
      vertex 58.8257 4 16.6403
    endloop
  endfacet
  facet normal -0.276793 0 0.960929
    outer loop
      vertex 58.8257 0 16.6403
      vertex 58.5563 4 16.5627
      vertex 58.5563 0 16.5627
    endloop
  endfacet
  facet normal -0.960929 0 0.276793
    outer loop
      vertex 60.3597 0 18.1743
      vertex 60.4373 4 18.4437
      vertex 60.3597 4 18.1743
    endloop
  endfacet
  facet normal -0.960929 0 0.276793
    outer loop
      vertex 60.4373 4 18.4437
      vertex 60.3597 0 18.1743
      vertex 60.4373 0 18.4437
    endloop
  endfacet
  facet normal 0.960929 0 -0.276793
    outer loop
      vertex 55.6403 0 19.8257
      vertex 55.5627 4 19.5563
      vertex 55.6403 4 19.8257
    endloop
  endfacet
  facet normal 0.960929 0 -0.276793
    outer loop
      vertex 55.5627 4 19.5563
      vertex 55.6403 0 19.8257
      vertex 55.5627 0 19.5563
    endloop
  endfacet
  facet normal -0.38274 0 0.923856
    outer loop
      vertex 58.8257 4 16.6403
      vertex 59.0847 0 16.7476
      vertex 59.0847 4 16.7476
    endloop
  endfacet
  facet normal -0.38274 0 0.923856
    outer loop
      vertex 59.0847 0 16.7476
      vertex 58.8257 4 16.6403
      vertex 58.8257 0 16.6403
    endloop
  endfacet
  facet normal -0.815561 0 0.57867
    outer loop
      vertex 59.9546 0 17.4413
      vertex 60.1168 4 17.6699
      vertex 59.9546 4 17.4413
    endloop
  endfacet
  facet normal -0.815561 0 0.57867
    outer loop
      vertex 60.1168 4 17.6699
      vertex 59.9546 0 17.4413
      vertex 60.1168 0 17.6699
    endloop
  endfacet
  facet normal 0.875265 -0 0.483643
    outer loop
      vertex 55.7476 0 17.9153
      vertex 55.8832 4 17.6699
      vertex 55.7476 4 17.9153
    endloop
  endfacet
  facet normal 0.875265 0 0.483643
    outer loop
      vertex 55.8832 4 17.6699
      vertex 55.7476 0 17.9153
      vertex 55.8832 0 17.6699
    endloop
  endfacet
  facet normal 0.276793 0 0.960929
    outer loop
      vertex 57.1743 4 16.6403
      vertex 57.4437 0 16.5627
      vertex 57.4437 4 16.5627
    endloop
  endfacet
  facet normal 0.276793 0 0.960929
    outer loop
      vertex 57.4437 0 16.5627
      vertex 57.1743 4 16.6403
      vertex 57.1743 0 16.6403
    endloop
  endfacet
  facet normal 0.666221 0 0.745754
    outer loop
      vertex 56.2322 4 17.2322
      vertex 56.4413 0 17.0454
      vertex 56.4413 4 17.0454
    endloop
  endfacet
  facet normal 0.666221 0 0.745754
    outer loop
      vertex 56.4413 0 17.0454
      vertex 56.2322 4 17.2322
      vertex 56.2322 0 17.2322
    endloop
  endfacet
  facet normal -0.998431 0 -0.0560034
    outer loop
      vertex 60.5 0 19
      vertex 60.4843 4 19.2799
      vertex 60.5 4 19
    endloop
  endfacet
  facet normal -0.998431 -0 -0.0560034
    outer loop
      vertex 60.4843 4 19.2799
      vertex 60.5 0 19
      vertex 60.4843 0 19.2799
    endloop
  endfacet
  facet normal -0.875265 0 0.483643
    outer loop
      vertex 60.1168 0 17.6699
      vertex 60.2524 4 17.9153
      vertex 60.1168 4 17.6699
    endloop
  endfacet
  facet normal -0.875265 0 0.483643
    outer loop
      vertex 60.2524 4 17.9153
      vertex 60.1168 0 17.6699
      vertex 60.2524 0 17.9153
    endloop
  endfacet
  facet normal -0.815561 0 -0.57867
    outer loop
      vertex 60.1168 0 20.3301
      vertex 59.9546 4 20.5587
      vertex 60.1168 4 20.3301
    endloop
  endfacet
  facet normal -0.815561 -0 -0.57867
    outer loop
      vertex 59.9546 4 20.5587
      vertex 60.1168 0 20.3301
      vertex 59.9546 0 20.5587
    endloop
  endfacet
  facet normal -0.745754 0 -0.666221
    outer loop
      vertex 59.9546 0 20.5587
      vertex 59.7678 4 20.7678
      vertex 59.9546 4 20.5587
    endloop
  endfacet
  facet normal -0.745754 -0 -0.666221
    outer loop
      vertex 59.7678 4 20.7678
      vertex 59.9546 0 20.5587
      vertex 59.7678 0 20.7678
    endloop
  endfacet
  facet normal -0.483643 0 -0.875265
    outer loop
      vertex 59.0847 0 21.2524
      vertex 59.3301 4 21.1168
      vertex 59.3301 0 21.1168
    endloop
  endfacet
  facet normal -0.483643 0 -0.875265
    outer loop
      vertex 59.3301 4 21.1168
      vertex 59.0847 0 21.2524
      vertex 59.0847 4 21.2524
    endloop
  endfacet
  facet normal -0.985849 0 -0.167637
    outer loop
      vertex 60.4843 0 19.2799
      vertex 60.4373 4 19.5563
      vertex 60.4843 4 19.2799
    endloop
  endfacet
  facet normal -0.985849 -0 -0.167637
    outer loop
      vertex 60.4373 4 19.5563
      vertex 60.4843 0 19.2799
      vertex 60.4373 0 19.5563
    endloop
  endfacet
  facet normal -0.483643 0 0.875265
    outer loop
      vertex 59.0847 4 16.7476
      vertex 59.3301 0 16.8832
      vertex 59.3301 4 16.8832
    endloop
  endfacet
  facet normal -0.483643 0 0.875265
    outer loop
      vertex 59.3301 0 16.8832
      vertex 59.0847 4 16.7476
      vertex 59.0847 0 16.7476
    endloop
  endfacet
  facet normal 0.815561 0 -0.57867
    outer loop
      vertex 56.0454 0 20.5587
      vertex 55.8832 4 20.3301
      vertex 56.0454 4 20.5587
    endloop
  endfacet
  facet normal 0.815561 0 -0.57867
    outer loop
      vertex 55.8832 4 20.3301
      vertex 56.0454 0 20.5587
      vertex 55.8832 0 20.3301
    endloop
  endfacet
  facet normal -0.57867 0 0.815561
    outer loop
      vertex 59.3301 4 16.8832
      vertex 59.5587 0 17.0454
      vertex 59.5587 4 17.0454
    endloop
  endfacet
  facet normal -0.57867 0 0.815561
    outer loop
      vertex 59.5587 0 17.0454
      vertex 59.3301 4 16.8832
      vertex 59.3301 0 16.8832
    endloop
  endfacet
  facet normal -0.167637 0 0.985849
    outer loop
      vertex 58.2799 4 16.5157
      vertex 58.5563 0 16.5627
      vertex 58.5563 4 16.5627
    endloop
  endfacet
  facet normal -0.167637 0 0.985849
    outer loop
      vertex 58.5563 0 16.5627
      vertex 58.2799 4 16.5157
      vertex 58.2799 0 16.5157
    endloop
  endfacet
  facet normal -0.923856 0 0.38274
    outer loop
      vertex 60.2524 0 17.9153
      vertex 60.3597 4 18.1743
      vertex 60.2524 4 17.9153
    endloop
  endfacet
  facet normal -0.923856 0 0.38274
    outer loop
      vertex 60.3597 4 18.1743
      vertex 60.2524 0 17.9153
      vertex 60.3597 0 18.1743
    endloop
  endfacet
  facet normal 0.745754 0 -0.666221
    outer loop
      vertex 56.2322 0 20.7678
      vertex 56.0454 4 20.5587
      vertex 56.2322 4 20.7678
    endloop
  endfacet
  facet normal 0.745754 0 -0.666221
    outer loop
      vertex 56.0454 4 20.5587
      vertex 56.2322 0 20.7678
      vertex 56.0454 0 20.5587
    endloop
  endfacet
  facet normal 0.167637 0 -0.985849
    outer loop
      vertex 57.4437 0 21.4373
      vertex 57.7201 4 21.4843
      vertex 57.7201 0 21.4843
    endloop
  endfacet
  facet normal 0.167637 0 -0.985849
    outer loop
      vertex 57.7201 4 21.4843
      vertex 57.4437 0 21.4373
      vertex 57.4437 4 21.4373
    endloop
  endfacet
  facet normal 0.985849 -0 0.167637
    outer loop
      vertex 55.5157 0 18.7201
      vertex 55.5627 4 18.4437
      vertex 55.5157 4 18.7201
    endloop
  endfacet
  facet normal 0.985849 0 0.167637
    outer loop
      vertex 55.5627 4 18.4437
      vertex 55.5157 0 18.7201
      vertex 55.5627 0 18.4437
    endloop
  endfacet
  facet normal 0.985849 0 -0.167637
    outer loop
      vertex 55.5627 0 19.5563
      vertex 55.5157 4 19.2799
      vertex 55.5627 4 19.5563
    endloop
  endfacet
  facet normal 0.985849 0 -0.167637
    outer loop
      vertex 55.5157 4 19.2799
      vertex 55.5627 0 19.5563
      vertex 55.5157 0 19.2799
    endloop
  endfacet
  facet normal -0.875265 0 -0.483643
    outer loop
      vertex 60.2524 0 20.0847
      vertex 60.1168 4 20.3301
      vertex 60.2524 4 20.0847
    endloop
  endfacet
  facet normal -0.875265 -0 -0.483643
    outer loop
      vertex 60.1168 4 20.3301
      vertex 60.2524 0 20.0847
      vertex 60.1168 0 20.3301
    endloop
  endfacet
  facet normal -0.923856 0 -0.38274
    outer loop
      vertex 60.3597 0 19.8257
      vertex 60.2524 4 20.0847
      vertex 60.3597 4 19.8257
    endloop
  endfacet
  facet normal -0.923856 -0 -0.38274
    outer loop
      vertex 60.2524 4 20.0847
      vertex 60.3597 0 19.8257
      vertex 60.2524 0 20.0847
    endloop
  endfacet
  facet normal 0.0560034 0 -0.998431
    outer loop
      vertex 57.7201 0 21.4843
      vertex 58 4 21.5
      vertex 58 0 21.5
    endloop
  endfacet
  facet normal 0.0560034 0 -0.998431
    outer loop
      vertex 58 4 21.5
      vertex 57.7201 0 21.4843
      vertex 57.7201 4 21.4843
    endloop
  endfacet
  facet normal -0.960929 0 -0.276793
    outer loop
      vertex 60.4373 0 19.5563
      vertex 60.3597 4 19.8257
      vertex 60.4373 4 19.5563
    endloop
  endfacet
  facet normal -0.960929 -0 -0.276793
    outer loop
      vertex 60.3597 4 19.8257
      vertex 60.4373 0 19.5563
      vertex 60.3597 0 19.8257
    endloop
  endfacet
  facet normal -0.276793 0 -0.960929
    outer loop
      vertex 58.5563 0 21.4373
      vertex 58.8257 4 21.3597
      vertex 58.8257 0 21.3597
    endloop
  endfacet
  facet normal -0.276793 0 -0.960929
    outer loop
      vertex 58.8257 4 21.3597
      vertex 58.5563 0 21.4373
      vertex 58.5563 4 21.4373
    endloop
  endfacet
  facet normal 0.666221 0 -0.745754
    outer loop
      vertex 56.2322 0 20.7678
      vertex 56.4413 4 20.9546
      vertex 56.4413 0 20.9546
    endloop
  endfacet
  facet normal 0.666221 0 -0.745754
    outer loop
      vertex 56.4413 4 20.9546
      vertex 56.2322 0 20.7678
      vertex 56.2322 4 20.7678
    endloop
  endfacet
  facet normal 0.276793 0 -0.960929
    outer loop
      vertex 57.1743 0 21.3597
      vertex 57.4437 4 21.4373
      vertex 57.4437 0 21.4373
    endloop
  endfacet
  facet normal 0.276793 0 -0.960929
    outer loop
      vertex 57.4437 4 21.4373
      vertex 57.1743 0 21.3597
      vertex 57.1743 4 21.3597
    endloop
  endfacet
  facet normal 0.960929 -0 0.276793
    outer loop
      vertex 55.5627 0 18.4437
      vertex 55.6403 4 18.1743
      vertex 55.5627 4 18.4437
    endloop
  endfacet
  facet normal 0.960929 0 0.276793
    outer loop
      vertex 55.6403 4 18.1743
      vertex 55.5627 0 18.4437
      vertex 55.6403 0 18.1743
    endloop
  endfacet
  facet normal 0.38274 0 -0.923856
    outer loop
      vertex 56.9153 0 21.2524
      vertex 57.1743 4 21.3597
      vertex 57.1743 0 21.3597
    endloop
  endfacet
  facet normal 0.38274 0 -0.923856
    outer loop
      vertex 57.1743 4 21.3597
      vertex 56.9153 0 21.2524
      vertex 56.9153 4 21.2524
    endloop
  endfacet
  facet normal 0.483643 0 -0.875265
    outer loop
      vertex 56.6699 0 21.1168
      vertex 56.9153 4 21.2524
      vertex 56.9153 0 21.2524
    endloop
  endfacet
  facet normal 0.483643 0 -0.875265
    outer loop
      vertex 56.9153 4 21.2524
      vertex 56.6699 0 21.1168
      vertex 56.6699 4 21.1168
    endloop
  endfacet
endsolid OpenSCAD_Model
