solid OpenSCAD_Model
  facet normal 1 0 0
    outer loop
      vertex 190 165 145
      vertex 190 125 22
      vertex 190 165 0
    endloop
  endfacet
  facet normal 1 -0 0
    outer loop
      vertex 190 78 38
      vertex 190 125 22
      vertex 190 165 145
    endloop
  endfacet
  facet normal 1 0 0
    outer loop
      vertex 190 125 22
      vertex 190 78 38
      vertex 190 104 22
    endloop
  endfacet
  facet normal 1 0 0
    outer loop
      vertex 190 78 38
      vertex 190 165 145
      vertex 190 78 145
    endloop
  endfacet
  facet normal 1 -0 0
    outer loop
      vertex 190 125 7
      vertex 190 165 0
      vertex 190 125 22
    endloop
  endfacet
  facet normal 1 -0 0
    outer loop
      vertex 190 104 7
      vertex 190 165 0
      vertex 190 125 7
    endloop
  endfacet
  facet normal 1 0 0
    outer loop
      vertex 190 104 22
      vertex 190 78 38
      vertex 190 104 7
    endloop
  endfacet
  facet normal 1 0 0
    outer loop
      vertex 190 0 0
      vertex 190 78 38
      vertex 190 0 38
    endloop
  endfacet
  facet normal 1 0 0
    outer loop
      vertex 190 104 7
      vertex 190 0 0
      vertex 190 165 0
    endloop
  endfacet
  facet normal 1 0 0
    outer loop
      vertex 190 78 38
      vertex 190 0 0
      vertex 190 104 7
    endloop
  endfacet
  facet normal 0 0 1
    outer loop
      vertex 27.55 78 38
      vertex 3 78 38
      vertex 27.55 73.05 38
    endloop
  endfacet
  facet normal 0 0 1
    outer loop
      vertex 38.0714 34 38
      vertex 32.9286 34 38
      vertex 38.0714 13 38
    endloop
  endfacet
  facet normal 0 0 1
    outer loop
      vertex 50.45 73.05 38
      vertex 39.0714 61 38
      vertex 44.2143 61 38
    endloop
  endfacet
  facet normal -0 0 1
    outer loop
      vertex 27.55 73.05 38
      vertex 39.0714 61 38
      vertex 50.45 73.05 38
    endloop
  endfacet
  facet normal 0 0 1
    outer loop
      vertex 39.0714 61 38
      vertex 27.55 73.05 38
      vertex 38.0714 61 38
    endloop
  endfacet
  facet normal 0 0 1
    outer loop
      vertex 3 78 38
      vertex 32.9286 61 38
      vertex 27.55 73.05 38
    endloop
  endfacet
  facet normal 0 0 1
    outer loop
      vertex 38.0714 61 38
      vertex 27.55 73.05 38
      vertex 32.9286 61 38
    endloop
  endfacet
  facet normal 0 0 1
    outer loop
      vertex 60.6429 34 38
      vertex 55.5 34 38
      vertex 60.6429 13 38
    endloop
  endfacet
  facet normal 0 0 1
    outer loop
      vertex 105.786 34 38
      vertex 100.643 34 38
      vertex 105.786 13 38
    endloop
  endfacet
  facet normal 0 0 1
    outer loop
      vertex 128.357 34 38
      vertex 123.214 34 38
      vertex 128.357 13 38
    endloop
  endfacet
  facet normal 0 0 1
    outer loop
      vertex 123.214 61 38
      vertex 139.55 73.05 38
      vertex 139.55 78 38
    endloop
  endfacet
  facet normal 0 0 1
    outer loop
      vertex 139.55 73.05 38
      vertex 129.357 61 38
      vertex 134.5 61 38
    endloop
  endfacet
  facet normal 0 0 1
    outer loop
      vertex 139.55 73.05 38
      vertex 128.357 61 38
      vertex 129.357 61 38
    endloop
  endfacet
  facet normal 0 0 1
    outer loop
      vertex 139.55 73.05 38
      vertex 123.214 61 38
      vertex 128.357 61 38
    endloop
  endfacet
  facet normal 0 0 1
    outer loop
      vertex 123.214 61 38
      vertex 111.929 61 38
      vertex 123.214 34 38
    endloop
  endfacet
  facet normal 0 0 1
    outer loop
      vertex 139.55 78 38
      vertex 111.929 61 38
      vertex 123.214 61 38
    endloop
  endfacet
  facet normal 0 0 1
    outer loop
      vertex 139.55 78 38
      vertex 106.786 61 38
      vertex 111.929 61 38
    endloop
  endfacet
  facet normal 0 0 1
    outer loop
      vertex 139.55 78 38
      vertex 105.786 61 38
      vertex 106.786 61 38
    endloop
  endfacet
  facet normal 0 0 1
    outer loop
      vertex 139.55 78 38
      vertex 100.643 61 38
      vertex 105.786 61 38
    endloop
  endfacet
  facet normal 0 0 1
    outer loop
      vertex 100.643 61 38
      vertex 84.2143 61 38
      vertex 100.643 34 38
    endloop
  endfacet
  facet normal -0 0 1
    outer loop
      vertex 50.45 78 38
      vertex 100.643 61 38
      vertex 139.55 78 38
    endloop
  endfacet
  facet normal 0 0 1
    outer loop
      vertex 100.643 61 38
      vertex 50.45 78 38
      vertex 84.2143 61 38
    endloop
  endfacet
  facet normal 0 0 1
    outer loop
      vertex 66.7857 34 38
      vertex 83.2143 61 38
      vertex 66.7857 61 38
    endloop
  endfacet
  facet normal 0 0 1
    outer loop
      vertex 84.2143 61 38
      vertex 50.45 78 38
      vertex 83.2143 61 38
    endloop
  endfacet
  facet normal 0 0 1
    outer loop
      vertex 83.2143 61 38
      vertex 50.45 78 38
      vertex 66.7857 61 38
    endloop
  endfacet
  facet normal -0 0 1
    outer loop
      vertex 50.45 73.05 38
      vertex 66.7857 61 38
      vertex 50.45 78 38
    endloop
  endfacet
  facet normal 0 0 1
    outer loop
      vertex 66.7857 61 38
      vertex 50.45 73.05 38
      vertex 61.6429 61 38
    endloop
  endfacet
  facet normal 0 0 1
    outer loop
      vertex 60.6429 61 38
      vertex 50.45 73.05 38
      vertex 55.5 61 38
    endloop
  endfacet
  facet normal 0 0 1
    outer loop
      vertex 61.6429 61 38
      vertex 50.45 73.05 38
      vertex 60.6429 61 38
    endloop
  endfacet
  facet normal 0 0 1
    outer loop
      vertex 150.929 34 38
      vertex 145.786 34 38
      vertex 150.929 13 38
    endloop
  endfacet
  facet normal 0 0 1
    outer loop
      vertex 162.45 73.05 38
      vertex 151.929 61 38
      vertex 157.071 61 38
    endloop
  endfacet
  facet normal 0 0 1
    outer loop
      vertex 162.45 73.05 38
      vertex 150.929 61 38
      vertex 151.929 61 38
    endloop
  endfacet
  facet normal -0 0 1
    outer loop
      vertex 139.55 73.05 38
      vertex 150.929 61 38
      vertex 162.45 73.05 38
    endloop
  endfacet
  facet normal 0 0 1
    outer loop
      vertex 134.5 61 38
      vertex 145.786 61 38
      vertex 139.55 73.05 38
    endloop
  endfacet
  facet normal 0 0 1
    outer loop
      vertex 150.929 61 38
      vertex 139.55 73.05 38
      vertex 145.786 61 38
    endloop
  endfacet
  facet normal 0 0 1
    outer loop
      vertex 157.071 34 38
      vertex 190 78 38
      vertex 187 78 38
    endloop
  endfacet
  facet normal 0 0 1
    outer loop
      vertex 162.45 73.05 38
      vertex 187 78 38
      vertex 162.45 78 38
    endloop
  endfacet
  facet normal 0 0 1
    outer loop
      vertex 157.071 61 38
      vertex 187 78 38
      vertex 162.45 73.05 38
    endloop
  endfacet
  facet normal 0 0 1
    outer loop
      vertex 187 78 38
      vertex 157.071 61 38
      vertex 157.071 34 38
    endloop
  endfacet
  facet normal 0 0 1
    outer loop
      vertex 190 78 38
      vertex 157.071 34 38
      vertex 190 0 38
    endloop
  endfacet
  facet normal 0 0 1
    outer loop
      vertex 151.929 13 38
      vertex 157.071 34 38
      vertex 151.929 34 38
    endloop
  endfacet
  facet normal 0 0 1
    outer loop
      vertex 157.071 34 38
      vertex 151.929 13 38
      vertex 190 0 38
    endloop
  endfacet
  facet normal -0 0 1
    outer loop
      vertex 150.929 13 38
      vertex 190 0 38
      vertex 151.929 13 38
    endloop
  endfacet
  facet normal 0 0 1
    outer loop
      vertex 145.786 61 38
      vertex 134.5 61 38
      vertex 145.786 34 38
    endloop
  endfacet
  facet normal 0 0 1
    outer loop
      vertex 134.5 34 38
      vertex 145.786 34 38
      vertex 134.5 61 38
    endloop
  endfacet
  facet normal 0 0 1
    outer loop
      vertex 145.786 34 38
      vertex 134.5 34 38
      vertex 150.929 13 38
    endloop
  endfacet
  facet normal 0 0 1
    outer loop
      vertex 129.357 13 38
      vertex 134.5 34 38
      vertex 129.357 34 38
    endloop
  endfacet
  facet normal 0 0 1
    outer loop
      vertex 134.5 34 38
      vertex 129.357 13 38
      vertex 150.929 13 38
    endloop
  endfacet
  facet normal -0 0 1
    outer loop
      vertex 129.357 13 38
      vertex 190 0 38
      vertex 150.929 13 38
    endloop
  endfacet
  facet normal -0 0 1
    outer loop
      vertex 128.357 13 38
      vertex 190 0 38
      vertex 129.357 13 38
    endloop
  endfacet
  facet normal 0 0 1
    outer loop
      vertex 111.929 34 38
      vertex 123.214 34 38
      vertex 111.929 61 38
    endloop
  endfacet
  facet normal 0 0 1
    outer loop
      vertex 123.214 34 38
      vertex 111.929 34 38
      vertex 128.357 13 38
    endloop
  endfacet
  facet normal 0 0 1
    outer loop
      vertex 106.786 13 38
      vertex 111.929 34 38
      vertex 106.786 34 38
    endloop
  endfacet
  facet normal 0 0 1
    outer loop
      vertex 111.929 34 38
      vertex 106.786 13 38
      vertex 128.357 13 38
    endloop
  endfacet
  facet normal -0 0 1
    outer loop
      vertex 106.786 13 38
      vertex 190 0 38
      vertex 128.357 13 38
    endloop
  endfacet
  facet normal -0 0 1
    outer loop
      vertex 105.786 13 38
      vertex 190 0 38
      vertex 106.786 13 38
    endloop
  endfacet
  facet normal 0 0 1
    outer loop
      vertex 84.2143 13 38
      vertex 100.643 34 38
      vertex 84.2143 61 38
    endloop
  endfacet
  facet normal 0 0 1
    outer loop
      vertex 100.643 34 38
      vertex 84.2143 13 38
      vertex 105.786 13 38
    endloop
  endfacet
  facet normal -0 0 1
    outer loop
      vertex 84.2143 13 38
      vertex 190 0 38
      vertex 105.786 13 38
    endloop
  endfacet
  facet normal 0 0 1
    outer loop
      vertex 0 0 38
      vertex 84.2143 13 38
      vertex 83.2143 13 38
    endloop
  endfacet
  facet normal 0 0 1
    outer loop
      vertex 83.2143 61 38
      vertex 66.7857 34 38
      vertex 83.2143 13 38
    endloop
  endfacet
  facet normal 0 0 1
    outer loop
      vertex 61.6429 13 38
      vertex 66.7857 34 38
      vertex 61.6429 34 38
    endloop
  endfacet
  facet normal 0 0 1
    outer loop
      vertex 66.7857 34 38
      vertex 61.6429 13 38
      vertex 83.2143 13 38
    endloop
  endfacet
  facet normal 0 0 1
    outer loop
      vertex 0 0 38
      vertex 83.2143 13 38
      vertex 61.6429 13 38
    endloop
  endfacet
  facet normal 0 0 1
    outer loop
      vertex 0 0 38
      vertex 61.6429 13 38
      vertex 60.6429 13 38
    endloop
  endfacet
  facet normal 0 0 1
    outer loop
      vertex 44.2143 61 38
      vertex 55.5 61 38
      vertex 50.45 73.05 38
    endloop
  endfacet
  facet normal 0 0 1
    outer loop
      vertex 55.5 61 38
      vertex 44.2143 61 38
      vertex 55.5 34 38
    endloop
  endfacet
  facet normal 0 0 1
    outer loop
      vertex 44.2143 34 38
      vertex 55.5 34 38
      vertex 44.2143 61 38
    endloop
  endfacet
  facet normal 0 0 1
    outer loop
      vertex 55.5 34 38
      vertex 44.2143 34 38
      vertex 60.6429 13 38
    endloop
  endfacet
  facet normal 0 0 1
    outer loop
      vertex 39.0714 13 38
      vertex 44.2143 34 38
      vertex 39.0714 34 38
    endloop
  endfacet
  facet normal 0 0 1
    outer loop
      vertex 44.2143 34 38
      vertex 39.0714 13 38
      vertex 60.6429 13 38
    endloop
  endfacet
  facet normal 0 0 1
    outer loop
      vertex 0 0 38
      vertex 60.6429 13 38
      vertex 39.0714 13 38
    endloop
  endfacet
  facet normal 0 0 1
    outer loop
      vertex 0 0 38
      vertex 39.0714 13 38
      vertex 38.0714 13 38
    endloop
  endfacet
  facet normal 0 0 1
    outer loop
      vertex 32.9286 61 38
      vertex 3 78 38
      vertex 32.9286 34 38
    endloop
  endfacet
  facet normal -0 0 1
    outer loop
      vertex 0 78 38
      vertex 32.9286 34 38
      vertex 3 78 38
    endloop
  endfacet
  facet normal 0 0 1
    outer loop
      vertex 32.9286 34 38
      vertex 0 78 38
      vertex 0 0 38
    endloop
  endfacet
  facet normal 0 0 1
    outer loop
      vertex 84.2143 13 38
      vertex 0 0 38
      vertex 190 0 38
    endloop
  endfacet
  facet normal 0 0 1
    outer loop
      vertex 32.9286 34 38
      vertex 0 0 38
      vertex 38.0714 13 38
    endloop
  endfacet
  facet normal 0 0 -1
    outer loop
      vertex 0 0 0
      vertex 190 165 0
      vertex 190 0 0
    endloop
  endfacet
  facet normal -0 0 -1
    outer loop
      vertex 190 165 0
      vertex 0 0 0
      vertex 0 165 0
    endloop
  endfacet
  facet normal -1 0 0
    outer loop
      vertex 0 118 18
      vertex 0 165 0
      vertex 0 118 7
    endloop
  endfacet
  facet normal -1 0 0
    outer loop
      vertex 0 165 0
      vertex 0 100 7
      vertex 0 118 7
    endloop
  endfacet
  facet normal -1 0 0
    outer loop
      vertex 0 100 7
      vertex 0 78 38
      vertex 0 100 18
    endloop
  endfacet
  facet normal -1 0 0
    outer loop
      vertex 0 0 0
      vertex 0 100 7
      vertex 0 165 0
    endloop
  endfacet
  facet normal -1 0 0
    outer loop
      vertex 0 0 0
      vertex 0 78 38
      vertex 0 100 7
    endloop
  endfacet
  facet normal -1 -0 0
    outer loop
      vertex 0 78 38
      vertex 0 0 0
      vertex 0 0 38
    endloop
  endfacet
  facet normal -1 0 0
    outer loop
      vertex 0 165 0
      vertex 0 118 18
      vertex 0 165 145
    endloop
  endfacet
  facet normal -1 0 0
    outer loop
      vertex 0 78 38
      vertex 0 118 18
      vertex 0 100 18
    endloop
  endfacet
  facet normal -1 0 0
    outer loop
      vertex 0 118 18
      vertex 0 78 38
      vertex 0 165 145
    endloop
  endfacet
  facet normal -1 -0 0
    outer loop
      vertex 0 165 145
      vertex 0 78 38
      vertex 0 78 145
    endloop
  endfacet
  facet normal 0 1 -0
    outer loop
      vertex 27.55 78 35
      vertex 3 78 38
      vertex 27.55 78 38
    endloop
  endfacet
  facet normal 0 1 0
    outer loop
      vertex 3 78 38
      vertex 27.55 78 35
      vertex 3 78 35
    endloop
  endfacet
  facet normal 0 -1 0
    outer loop
      vertex 187 78 38
      vertex 190 78 145
      vertex 187 78 145
    endloop
  endfacet
  facet normal 0 -1 -0
    outer loop
      vertex 190 78 145
      vertex 187 78 38
      vertex 190 78 38
    endloop
  endfacet
  facet normal 0 1 -0
    outer loop
      vertex 187 78 35
      vertex 162.45 78 38
      vertex 187 78 38
    endloop
  endfacet
  facet normal 0 1 0
    outer loop
      vertex 162.45 78 38
      vertex 187 78 35
      vertex 162.45 78 35
    endloop
  endfacet
  facet normal 0 1 -0
    outer loop
      vertex 139.55 78 35
      vertex 50.45 78 38
      vertex 139.55 78 38
    endloop
  endfacet
  facet normal 0 1 0
    outer loop
      vertex 50.45 78 38
      vertex 139.55 78 35
      vertex 50.45 78 35
    endloop
  endfacet
  facet normal 0 -1 0
    outer loop
      vertex 0 78 38
      vertex 3 78 145
      vertex 0 78 145
    endloop
  endfacet
  facet normal 0 -1 -0
    outer loop
      vertex 3 78 145
      vertex 0 78 38
      vertex 3 78 38
    endloop
  endfacet
  facet normal 0 -1 0
    outer loop
      vertex 0 0 0
      vertex 190 0 38
      vertex 0 0 38
    endloop
  endfacet
  facet normal 0 -1 -0
    outer loop
      vertex 190 0 38
      vertex 0 0 0
      vertex 190 0 0
    endloop
  endfacet
  facet normal -0 0 1
    outer loop
      vertex 3 162 3
      vertex 187 82 3
      vertex 187 162 3
    endloop
  endfacet
  facet normal 0 0 1
    outer loop
      vertex 187 82 3
      vertex 3 162 3
      vertex 3 82 3
    endloop
  endfacet
  facet normal 0 0 1
    outer loop
      vertex 142.728 76.1081 3
      vertex 187 82 3
      vertex 142.75 76.5 3
    endloop
  endfacet
  facet normal 0 0 1
    outer loop
      vertex 187 82 3
      vertex 142.728 76.8919 3
      vertex 142.75 76.5 3
    endloop
  endfacet
  facet normal 0 0 1
    outer loop
      vertex 187 82 3
      vertex 142.662 77.2788 3
      vertex 142.728 76.8919 3
    endloop
  endfacet
  facet normal 0 0 1
    outer loop
      vertex 187 82 3
      vertex 142.554 77.656 3
      vertex 142.662 77.2788 3
    endloop
  endfacet
  facet normal 0 0 1
    outer loop
      vertex 187 82 3
      vertex 142.403 78.0186 3
      vertex 142.554 77.656 3
    endloop
  endfacet
  facet normal 0 0 1
    outer loop
      vertex 187 82 3
      vertex 142.214 78.3621 3
      vertex 142.403 78.0186 3
    endloop
  endfacet
  facet normal 0 0 1
    outer loop
      vertex 187 82 3
      vertex 141.986 78.6822 3
      vertex 142.214 78.3621 3
    endloop
  endfacet
  facet normal 0 0 1
    outer loop
      vertex 187 82 3
      vertex 141.725 78.9749 3
      vertex 141.986 78.6822 3
    endloop
  endfacet
  facet normal 0 0 1
    outer loop
      vertex 187 82 3
      vertex 141.432 79.2364 3
      vertex 141.725 78.9749 3
    endloop
  endfacet
  facet normal 0 0 1
    outer loop
      vertex 187 82 3
      vertex 141.112 79.4635 3
      vertex 141.432 79.2364 3
    endloop
  endfacet
  facet normal 0 0 1
    outer loop
      vertex 187 82 3
      vertex 140.769 79.6534 3
      vertex 141.112 79.4635 3
    endloop
  endfacet
  facet normal 0 0 1
    outer loop
      vertex 187 82 3
      vertex 140.406 79.8036 3
      vertex 140.769 79.6534 3
    endloop
  endfacet
  facet normal 0 0 1
    outer loop
      vertex 187 82 3
      vertex 140.029 79.9122 3
      vertex 140.406 79.8036 3
    endloop
  endfacet
  facet normal 0 0 1
    outer loop
      vertex 187 82 3
      vertex 139.642 79.978 3
      vertex 140.029 79.9122 3
    endloop
  endfacet
  facet normal 0 0 1
    outer loop
      vertex 187 82 3
      vertex 139.25 80 3
      vertex 139.642 79.978 3
    endloop
  endfacet
  facet normal 0 0 1
    outer loop
      vertex 135.772 76.8919 3
      vertex 54.25 76.5 3
      vertex 135.75 76.5 3
    endloop
  endfacet
  facet normal 0 0 1
    outer loop
      vertex 54.228 76.8919 3
      vertex 135.772 76.8919 3
      vertex 135.838 77.2788 3
    endloop
  endfacet
  facet normal 0 0 1
    outer loop
      vertex 54.1622 77.2788 3
      vertex 135.838 77.2788 3
      vertex 135.946 77.656 3
    endloop
  endfacet
  facet normal 0 0 1
    outer loop
      vertex 54.0536 77.656 3
      vertex 135.946 77.656 3
      vertex 136.097 78.0186 3
    endloop
  endfacet
  facet normal 0 0 1
    outer loop
      vertex 53.9034 78.0186 3
      vertex 136.097 78.0186 3
      vertex 136.286 78.3621 3
    endloop
  endfacet
  facet normal 0 0 1
    outer loop
      vertex 53.7135 78.3621 3
      vertex 136.286 78.3621 3
      vertex 136.514 78.6822 3
    endloop
  endfacet
  facet normal 0 0 1
    outer loop
      vertex 53.4864 78.6822 3
      vertex 136.514 78.6822 3
      vertex 136.775 78.9749 3
    endloop
  endfacet
  facet normal 0 0 1
    outer loop
      vertex 53.2249 78.9749 3
      vertex 136.775 78.9749 3
      vertex 137.068 79.2364 3
    endloop
  endfacet
  facet normal 0 0 1
    outer loop
      vertex 52.9322 79.2364 3
      vertex 137.068 79.2364 3
      vertex 137.388 79.4635 3
    endloop
  endfacet
  facet normal 0 0 1
    outer loop
      vertex 52.6121 79.4635 3
      vertex 137.388 79.4635 3
      vertex 137.731 79.6534 3
    endloop
  endfacet
  facet normal 0 0 1
    outer loop
      vertex 52.2686 79.6534 3
      vertex 137.731 79.6534 3
      vertex 138.094 79.8036 3
    endloop
  endfacet
  facet normal 0 0 1
    outer loop
      vertex 51.906 79.8036 3
      vertex 138.094 79.8036 3
      vertex 138.471 79.9122 3
    endloop
  endfacet
  facet normal 0 0 1
    outer loop
      vertex 51.5288 79.9122 3
      vertex 138.471 79.9122 3
      vertex 138.858 79.978 3
    endloop
  endfacet
  facet normal 0 0 1
    outer loop
      vertex 51.1419 79.978 3
      vertex 138.858 79.978 3
      vertex 139.25 80 3
    endloop
  endfacet
  facet normal 0 0 1
    outer loop
      vertex 50.75 80 3
      vertex 139.25 80 3
      vertex 187 82 3
    endloop
  endfacet
  facet normal 0 0 1
    outer loop
      vertex 135.772 76.8919 3
      vertex 54.228 76.8919 3
      vertex 54.25 76.5 3
    endloop
  endfacet
  facet normal 0 0 1
    outer loop
      vertex 135.838 77.2788 3
      vertex 54.1622 77.2788 3
      vertex 54.228 76.8919 3
    endloop
  endfacet
  facet normal 0 0 1
    outer loop
      vertex 135.946 77.656 3
      vertex 54.0536 77.656 3
      vertex 54.1622 77.2788 3
    endloop
  endfacet
  facet normal 0 0 1
    outer loop
      vertex 136.097 78.0186 3
      vertex 53.9034 78.0186 3
      vertex 54.0536 77.656 3
    endloop
  endfacet
  facet normal 0 0 1
    outer loop
      vertex 136.286 78.3621 3
      vertex 53.7135 78.3621 3
      vertex 53.9034 78.0186 3
    endloop
  endfacet
  facet normal 0 0 1
    outer loop
      vertex 136.514 78.6822 3
      vertex 53.4864 78.6822 3
      vertex 53.7135 78.3621 3
    endloop
  endfacet
  facet normal 0 0 1
    outer loop
      vertex 136.775 78.9749 3
      vertex 53.2249 78.9749 3
      vertex 53.4864 78.6822 3
    endloop
  endfacet
  facet normal 0 0 1
    outer loop
      vertex 137.068 79.2364 3
      vertex 52.9322 79.2364 3
      vertex 53.2249 78.9749 3
    endloop
  endfacet
  facet normal 0 0 1
    outer loop
      vertex 137.388 79.4635 3
      vertex 52.6121 79.4635 3
      vertex 52.9322 79.2364 3
    endloop
  endfacet
  facet normal 0 0 1
    outer loop
      vertex 137.731 79.6534 3
      vertex 52.2686 79.6534 3
      vertex 52.6121 79.4635 3
    endloop
  endfacet
  facet normal 0 0 1
    outer loop
      vertex 138.094 79.8036 3
      vertex 51.906 79.8036 3
      vertex 52.2686 79.6534 3
    endloop
  endfacet
  facet normal 0 0 1
    outer loop
      vertex 138.471 79.9122 3
      vertex 51.5288 79.9122 3
      vertex 51.906 79.8036 3
    endloop
  endfacet
  facet normal 0 0 1
    outer loop
      vertex 138.858 79.978 3
      vertex 51.1419 79.978 3
      vertex 51.5288 79.9122 3
    endloop
  endfacet
  facet normal 0 0 1
    outer loop
      vertex 139.25 80 3
      vertex 50.75 80 3
      vertex 51.1419 79.978 3
    endloop
  endfacet
  facet normal 0 0 1
    outer loop
      vertex 47.272 76.8919 3
      vertex 3 82 3
      vertex 47.25 76.5 3
    endloop
  endfacet
  facet normal 0 0 1
    outer loop
      vertex 47.3378 77.2788 3
      vertex 3 82 3
      vertex 47.272 76.8919 3
    endloop
  endfacet
  facet normal 0 0 1
    outer loop
      vertex 47.4464 77.656 3
      vertex 3 82 3
      vertex 47.3378 77.2788 3
    endloop
  endfacet
  facet normal 0 0 1
    outer loop
      vertex 47.5966 78.0186 3
      vertex 3 82 3
      vertex 47.4464 77.656 3
    endloop
  endfacet
  facet normal 0 0 1
    outer loop
      vertex 47.7865 78.3621 3
      vertex 3 82 3
      vertex 47.5966 78.0186 3
    endloop
  endfacet
  facet normal 0 0 1
    outer loop
      vertex 48.0136 78.6822 3
      vertex 3 82 3
      vertex 47.7865 78.3621 3
    endloop
  endfacet
  facet normal 0 0 1
    outer loop
      vertex 48.2751 78.9749 3
      vertex 3 82 3
      vertex 48.0136 78.6822 3
    endloop
  endfacet
  facet normal 0 0 1
    outer loop
      vertex 48.5678 79.2364 3
      vertex 3 82 3
      vertex 48.2751 78.9749 3
    endloop
  endfacet
  facet normal 0 0 1
    outer loop
      vertex 48.8879 79.4635 3
      vertex 3 82 3
      vertex 48.5678 79.2364 3
    endloop
  endfacet
  facet normal 0 0 1
    outer loop
      vertex 49.2314 79.6534 3
      vertex 3 82 3
      vertex 48.8879 79.4635 3
    endloop
  endfacet
  facet normal 0 0 1
    outer loop
      vertex 49.594 79.8036 3
      vertex 3 82 3
      vertex 49.2314 79.6534 3
    endloop
  endfacet
  facet normal 0 0 1
    outer loop
      vertex 49.9712 79.9122 3
      vertex 3 82 3
      vertex 49.594 79.8036 3
    endloop
  endfacet
  facet normal 0 0 1
    outer loop
      vertex 50.3581 79.978 3
      vertex 3 82 3
      vertex 49.9712 79.9122 3
    endloop
  endfacet
  facet normal 0 0 1
    outer loop
      vertex 50.75 80 3
      vertex 3 82 3
      vertex 50.3581 79.978 3
    endloop
  endfacet
  facet normal -0 0 1
    outer loop
      vertex 3 82 3
      vertex 50.75 80 3
      vertex 187 82 3
    endloop
  endfacet
  facet normal 0 0 1
    outer loop
      vertex 142.662 75.7212 3
      vertex 187 82 3
      vertex 142.728 76.1081 3
    endloop
  endfacet
  facet normal 0 0 1
    outer loop
      vertex 142.554 75.344 3
      vertex 187 82 3
      vertex 142.662 75.7212 3
    endloop
  endfacet
  facet normal 0 0 1
    outer loop
      vertex 142.403 74.9814 3
      vertex 187 82 3
      vertex 142.554 75.344 3
    endloop
  endfacet
  facet normal 0 0 1
    outer loop
      vertex 142.214 74.6379 3
      vertex 187 82 3
      vertex 142.403 74.9814 3
    endloop
  endfacet
  facet normal 0 0 1
    outer loop
      vertex 141.986 74.3178 3
      vertex 187 82 3
      vertex 142.214 74.6379 3
    endloop
  endfacet
  facet normal 0 0 1
    outer loop
      vertex 141.725 74.0251 3
      vertex 187 82 3
      vertex 141.986 74.3178 3
    endloop
  endfacet
  facet normal 0 0 1
    outer loop
      vertex 187 82 3
      vertex 141.725 74.0251 3
      vertex 187 3 3
    endloop
  endfacet
  facet normal -0 0 1
    outer loop
      vertex 141.432 73.7636 3
      vertex 187 3 3
      vertex 141.725 74.0251 3
    endloop
  endfacet
  facet normal -0 0 1
    outer loop
      vertex 141.112 73.5365 3
      vertex 187 3 3
      vertex 141.432 73.7636 3
    endloop
  endfacet
  facet normal -0 0 1
    outer loop
      vertex 140.769 73.3466 3
      vertex 187 3 3
      vertex 141.112 73.5365 3
    endloop
  endfacet
  facet normal -0 0 1
    outer loop
      vertex 140.406 73.1964 3
      vertex 187 3 3
      vertex 140.769 73.3466 3
    endloop
  endfacet
  facet normal -0 0 1
    outer loop
      vertex 140.029 73.0878 3
      vertex 187 3 3
      vertex 140.406 73.1964 3
    endloop
  endfacet
  facet normal -0 0 1
    outer loop
      vertex 139.642 73.022 3
      vertex 187 3 3
      vertex 140.029 73.0878 3
    endloop
  endfacet
  facet normal -0 0 1
    outer loop
      vertex 139.25 73 3
      vertex 187 3 3
      vertex 139.642 73.022 3
    endloop
  endfacet
  facet normal 0 0 1
    outer loop
      vertex 138.858 73.022 3
      vertex 187 3 3
      vertex 139.25 73 3
    endloop
  endfacet
  facet normal 0 0 1
    outer loop
      vertex 138.471 73.0878 3
      vertex 187 3 3
      vertex 138.858 73.022 3
    endloop
  endfacet
  facet normal 0 0 1
    outer loop
      vertex 138.094 73.1964 3
      vertex 187 3 3
      vertex 138.471 73.0878 3
    endloop
  endfacet
  facet normal 0 0 1
    outer loop
      vertex 137.731 73.3466 3
      vertex 187 3 3
      vertex 138.094 73.1964 3
    endloop
  endfacet
  facet normal 0 0 1
    outer loop
      vertex 52.2686 73.3466 3
      vertex 137.731 73.3466 3
      vertex 137.388 73.5365 3
    endloop
  endfacet
  facet normal 0 0 1
    outer loop
      vertex 52.6121 73.5365 3
      vertex 137.388 73.5365 3
      vertex 137.068 73.7636 3
    endloop
  endfacet
  facet normal 0 0 1
    outer loop
      vertex 52.9322 73.7636 3
      vertex 137.068 73.7636 3
      vertex 136.775 74.0251 3
    endloop
  endfacet
  facet normal 0 0 1
    outer loop
      vertex 53.2249 74.0251 3
      vertex 136.775 74.0251 3
      vertex 136.514 74.3178 3
    endloop
  endfacet
  facet normal 0 0 1
    outer loop
      vertex 53.4864 74.3178 3
      vertex 136.514 74.3178 3
      vertex 136.286 74.6379 3
    endloop
  endfacet
  facet normal -0 0 1
    outer loop
      vertex 54.25 76.5 3
      vertex 135.772 76.1081 3
      vertex 135.75 76.5 3
    endloop
  endfacet
  facet normal 0 0 1
    outer loop
      vertex 54.228 76.1081 3
      vertex 135.772 76.1081 3
      vertex 54.25 76.5 3
    endloop
  endfacet
  facet normal 0 0 1
    outer loop
      vertex 135.772 76.1081 3
      vertex 54.228 76.1081 3
      vertex 135.838 75.7212 3
    endloop
  endfacet
  facet normal 0 0 1
    outer loop
      vertex 54.1622 75.7212 3
      vertex 135.838 75.7212 3
      vertex 54.228 76.1081 3
    endloop
  endfacet
  facet normal 0 0 1
    outer loop
      vertex 135.838 75.7212 3
      vertex 54.1622 75.7212 3
      vertex 135.946 75.344 3
    endloop
  endfacet
  facet normal 0 0 1
    outer loop
      vertex 54.0536 75.344 3
      vertex 135.946 75.344 3
      vertex 54.1622 75.7212 3
    endloop
  endfacet
  facet normal 0 0 1
    outer loop
      vertex 135.946 75.344 3
      vertex 54.0536 75.344 3
      vertex 136.097 74.9814 3
    endloop
  endfacet
  facet normal 0 0 1
    outer loop
      vertex 53.9034 74.9814 3
      vertex 136.097 74.9814 3
      vertex 54.0536 75.344 3
    endloop
  endfacet
  facet normal 0 0 1
    outer loop
      vertex 136.097 74.9814 3
      vertex 53.9034 74.9814 3
      vertex 136.286 74.6379 3
    endloop
  endfacet
  facet normal 0 0 1
    outer loop
      vertex 53.7135 74.6379 3
      vertex 136.286 74.6379 3
      vertex 53.9034 74.9814 3
    endloop
  endfacet
  facet normal 0 0 1
    outer loop
      vertex 53.4864 74.3178 3
      vertex 136.286 74.6379 3
      vertex 53.7135 74.6379 3
    endloop
  endfacet
  facet normal 0 0 1
    outer loop
      vertex 136.514 74.3178 3
      vertex 53.4864 74.3178 3
      vertex 53.2249 74.0251 3
    endloop
  endfacet
  facet normal 0 0 1
    outer loop
      vertex 136.775 74.0251 3
      vertex 53.2249 74.0251 3
      vertex 52.9322 73.7636 3
    endloop
  endfacet
  facet normal 0 0 1
    outer loop
      vertex 137.068 73.7636 3
      vertex 52.9322 73.7636 3
      vertex 52.6121 73.5365 3
    endloop
  endfacet
  facet normal 0 0 1
    outer loop
      vertex 137.388 73.5365 3
      vertex 52.6121 73.5365 3
      vertex 52.2686 73.3466 3
    endloop
  endfacet
  facet normal 0 0 1
    outer loop
      vertex 137.731 73.3466 3
      vertex 52.2686 73.3466 3
      vertex 187 3 3
    endloop
  endfacet
  facet normal 0 0 1
    outer loop
      vertex 3 3 3
      vertex 52.2686 73.3466 3
      vertex 51.906 73.1964 3
    endloop
  endfacet
  facet normal 0 0 1
    outer loop
      vertex 3 3 3
      vertex 51.906 73.1964 3
      vertex 51.5288 73.0878 3
    endloop
  endfacet
  facet normal 0 0 1
    outer loop
      vertex 3 3 3
      vertex 51.5288 73.0878 3
      vertex 51.1419 73.022 3
    endloop
  endfacet
  facet normal 0 0 1
    outer loop
      vertex 3 3 3
      vertex 51.1419 73.022 3
      vertex 50.75 73 3
    endloop
  endfacet
  facet normal 0 0 1
    outer loop
      vertex 3 3 3
      vertex 50.75 73 3
      vertex 50.3581 73.022 3
    endloop
  endfacet
  facet normal 0 0 1
    outer loop
      vertex 3 3 3
      vertex 50.3581 73.022 3
      vertex 49.9712 73.0878 3
    endloop
  endfacet
  facet normal 0 0 1
    outer loop
      vertex 3 3 3
      vertex 49.9712 73.0878 3
      vertex 49.594 73.1964 3
    endloop
  endfacet
  facet normal 0 0 1
    outer loop
      vertex 3 3 3
      vertex 49.594 73.1964 3
      vertex 49.2314 73.3466 3
    endloop
  endfacet
  facet normal 0 0 1
    outer loop
      vertex 3 82 3
      vertex 47.272 76.1081 3
      vertex 47.25 76.5 3
    endloop
  endfacet
  facet normal 0 0 1
    outer loop
      vertex 3 82 3
      vertex 47.3378 75.7212 3
      vertex 47.272 76.1081 3
    endloop
  endfacet
  facet normal 0 0 1
    outer loop
      vertex 3 82 3
      vertex 47.4464 75.344 3
      vertex 47.3378 75.7212 3
    endloop
  endfacet
  facet normal 0 0 1
    outer loop
      vertex 3 82 3
      vertex 47.5966 74.9814 3
      vertex 47.4464 75.344 3
    endloop
  endfacet
  facet normal 0 0 1
    outer loop
      vertex 3 82 3
      vertex 47.7865 74.6379 3
      vertex 47.5966 74.9814 3
    endloop
  endfacet
  facet normal 0 0 1
    outer loop
      vertex 3 82 3
      vertex 48.0136 74.3178 3
      vertex 47.7865 74.6379 3
    endloop
  endfacet
  facet normal 0 0 1
    outer loop
      vertex 3 82 3
      vertex 48.2751 74.0251 3
      vertex 48.0136 74.3178 3
    endloop
  endfacet
  facet normal 0 0 1
    outer loop
      vertex 3 3 3
      vertex 48.2751 74.0251 3
      vertex 3 82 3
    endloop
  endfacet
  facet normal 0 0 1
    outer loop
      vertex 48.2751 74.0251 3
      vertex 3 3 3
      vertex 48.5678 73.7636 3
    endloop
  endfacet
  facet normal 0 0 1
    outer loop
      vertex 48.5678 73.7636 3
      vertex 3 3 3
      vertex 48.8879 73.5365 3
    endloop
  endfacet
  facet normal 0 0 1
    outer loop
      vertex 48.8879 73.5365 3
      vertex 3 3 3
      vertex 49.2314 73.3466 3
    endloop
  endfacet
  facet normal 0 0 1
    outer loop
      vertex 52.2686 73.3466 3
      vertex 3 3 3
      vertex 187 3 3
    endloop
  endfacet
  facet normal 0 0 1
    outer loop
      vertex 52.1412 76.6568 3
      vertex 52.1412 76.3432 3
      vertex 52.15 76.5 3
    endloop
  endfacet
  facet normal 0 0 1
    outer loop
      vertex 52.1149 76.8115 3
      vertex 52.1412 76.3432 3
      vertex 52.1412 76.6568 3
    endloop
  endfacet
  facet normal 0 0 1
    outer loop
      vertex 52.1149 76.8115 3
      vertex 52.1149 76.1885 3
      vertex 52.1412 76.3432 3
    endloop
  endfacet
  facet normal 0 0 1
    outer loop
      vertex 52.0714 76.9624 3
      vertex 52.1149 76.1885 3
      vertex 52.1149 76.8115 3
    endloop
  endfacet
  facet normal 0 0 1
    outer loop
      vertex 52.0714 76.9624 3
      vertex 52.0714 76.0376 3
      vertex 52.1149 76.1885 3
    endloop
  endfacet
  facet normal 0 0 1
    outer loop
      vertex 52.0114 77.1074 3
      vertex 52.0714 76.0376 3
      vertex 52.0714 76.9624 3
    endloop
  endfacet
  facet normal 0 0 1
    outer loop
      vertex 52.0114 77.1074 3
      vertex 52.0114 75.8926 3
      vertex 52.0714 76.0376 3
    endloop
  endfacet
  facet normal 0 0 1
    outer loop
      vertex 51.9354 77.2448 3
      vertex 52.0114 75.8926 3
      vertex 52.0114 77.1074 3
    endloop
  endfacet
  facet normal 0 0 1
    outer loop
      vertex 51.9354 77.2448 3
      vertex 51.9354 75.7552 3
      vertex 52.0114 75.8926 3
    endloop
  endfacet
  facet normal 0 0 1
    outer loop
      vertex 51.8446 77.3729 3
      vertex 51.9354 75.7552 3
      vertex 51.9354 77.2448 3
    endloop
  endfacet
  facet normal 0 0 1
    outer loop
      vertex 51.8446 77.3729 3
      vertex 51.8446 75.6271 3
      vertex 51.9354 75.7552 3
    endloop
  endfacet
  facet normal 0 0 1
    outer loop
      vertex 51.7399 77.49 3
      vertex 51.8446 75.6271 3
      vertex 51.8446 77.3729 3
    endloop
  endfacet
  facet normal 0 0 1
    outer loop
      vertex 51.7399 77.49 3
      vertex 51.7399 75.51 3
      vertex 51.8446 75.6271 3
    endloop
  endfacet
  facet normal 0 0 1
    outer loop
      vertex 51.6229 77.5946 3
      vertex 51.7399 75.51 3
      vertex 51.7399 77.49 3
    endloop
  endfacet
  facet normal 0 0 1
    outer loop
      vertex 51.6229 77.5946 3
      vertex 51.6229 75.4054 3
      vertex 51.7399 75.51 3
    endloop
  endfacet
  facet normal 0 0 1
    outer loop
      vertex 51.4948 77.6854 3
      vertex 51.6229 75.4054 3
      vertex 51.6229 77.5946 3
    endloop
  endfacet
  facet normal 0 0 1
    outer loop
      vertex 51.4948 77.6854 3
      vertex 51.4948 75.3146 3
      vertex 51.6229 75.4054 3
    endloop
  endfacet
  facet normal 0 0 1
    outer loop
      vertex 51.3574 77.7614 3
      vertex 51.4948 75.3146 3
      vertex 51.4948 77.6854 3
    endloop
  endfacet
  facet normal 0 0 1
    outer loop
      vertex 51.3574 77.7614 3
      vertex 51.3574 75.2386 3
      vertex 51.4948 75.3146 3
    endloop
  endfacet
  facet normal 0 0 1
    outer loop
      vertex 51.2124 77.8214 3
      vertex 51.3574 75.2386 3
      vertex 51.3574 77.7614 3
    endloop
  endfacet
  facet normal 0 0 1
    outer loop
      vertex 51.2124 77.8214 3
      vertex 51.2124 75.1786 3
      vertex 51.3574 75.2386 3
    endloop
  endfacet
  facet normal 0 0 1
    outer loop
      vertex 51.0615 77.8649 3
      vertex 51.2124 75.1786 3
      vertex 51.2124 77.8214 3
    endloop
  endfacet
  facet normal 0 0 1
    outer loop
      vertex 51.0615 77.8649 3
      vertex 51.0615 75.1351 3
      vertex 51.2124 75.1786 3
    endloop
  endfacet
  facet normal 0 0 1
    outer loop
      vertex 50.9067 77.8912 3
      vertex 51.0615 75.1351 3
      vertex 51.0615 77.8649 3
    endloop
  endfacet
  facet normal 0 0 1
    outer loop
      vertex 50.9067 77.8912 3
      vertex 50.9067 75.1088 3
      vertex 51.0615 75.1351 3
    endloop
  endfacet
  facet normal 0 0 1
    outer loop
      vertex 50.75 77.9 3
      vertex 50.9067 75.1088 3
      vertex 50.9067 77.8912 3
    endloop
  endfacet
  facet normal 0 0 1
    outer loop
      vertex 50.75 77.9 3
      vertex 50.75 75.1 3
      vertex 50.9067 75.1088 3
    endloop
  endfacet
  facet normal -0 0 1
    outer loop
      vertex 50.5933 77.8912 3
      vertex 50.75 75.1 3
      vertex 50.75 77.9 3
    endloop
  endfacet
  facet normal 0 0 1
    outer loop
      vertex 50.5933 77.8912 3
      vertex 50.5933 75.1088 3
      vertex 50.75 75.1 3
    endloop
  endfacet
  facet normal -0 0 1
    outer loop
      vertex 50.4385 77.8649 3
      vertex 50.5933 75.1088 3
      vertex 50.5933 77.8912 3
    endloop
  endfacet
  facet normal 0 0 1
    outer loop
      vertex 50.4385 77.8649 3
      vertex 50.4385 75.1351 3
      vertex 50.5933 75.1088 3
    endloop
  endfacet
  facet normal -0 0 1
    outer loop
      vertex 50.2876 77.8214 3
      vertex 50.4385 75.1351 3
      vertex 50.4385 77.8649 3
    endloop
  endfacet
  facet normal 0 0 1
    outer loop
      vertex 50.2876 77.8214 3
      vertex 50.2876 75.1786 3
      vertex 50.4385 75.1351 3
    endloop
  endfacet
  facet normal -0 0 1
    outer loop
      vertex 50.1426 77.7614 3
      vertex 50.2876 75.1786 3
      vertex 50.2876 77.8214 3
    endloop
  endfacet
  facet normal 0 0 1
    outer loop
      vertex 50.1426 77.7614 3
      vertex 50.1426 75.2386 3
      vertex 50.2876 75.1786 3
    endloop
  endfacet
  facet normal -0 0 1
    outer loop
      vertex 50.0052 77.6854 3
      vertex 50.1426 75.2386 3
      vertex 50.1426 77.7614 3
    endloop
  endfacet
  facet normal 0 0 1
    outer loop
      vertex 50.0052 77.6854 3
      vertex 50.0052 75.3146 3
      vertex 50.1426 75.2386 3
    endloop
  endfacet
  facet normal -0 0 1
    outer loop
      vertex 49.8771 77.5946 3
      vertex 50.0052 75.3146 3
      vertex 50.0052 77.6854 3
    endloop
  endfacet
  facet normal 0 0 1
    outer loop
      vertex 49.8771 77.5946 3
      vertex 49.8771 75.4054 3
      vertex 50.0052 75.3146 3
    endloop
  endfacet
  facet normal -0 0 1
    outer loop
      vertex 49.7601 77.49 3
      vertex 49.8771 75.4054 3
      vertex 49.8771 77.5946 3
    endloop
  endfacet
  facet normal 0 0 1
    outer loop
      vertex 49.7601 77.49 3
      vertex 49.7601 75.51 3
      vertex 49.8771 75.4054 3
    endloop
  endfacet
  facet normal -0 0 1
    outer loop
      vertex 49.6554 77.3729 3
      vertex 49.7601 75.51 3
      vertex 49.7601 77.49 3
    endloop
  endfacet
  facet normal 0 0 1
    outer loop
      vertex 49.6554 77.3729 3
      vertex 49.6554 75.6271 3
      vertex 49.7601 75.51 3
    endloop
  endfacet
  facet normal -0 0 1
    outer loop
      vertex 49.5646 77.2448 3
      vertex 49.6554 75.6271 3
      vertex 49.6554 77.3729 3
    endloop
  endfacet
  facet normal 0 0 1
    outer loop
      vertex 49.5646 77.2448 3
      vertex 49.5646 75.7552 3
      vertex 49.6554 75.6271 3
    endloop
  endfacet
  facet normal -0 0 1
    outer loop
      vertex 49.4886 77.1074 3
      vertex 49.5646 75.7552 3
      vertex 49.5646 77.2448 3
    endloop
  endfacet
  facet normal 0 0 1
    outer loop
      vertex 49.4886 77.1074 3
      vertex 49.4886 75.8926 3
      vertex 49.5646 75.7552 3
    endloop
  endfacet
  facet normal -0 0 1
    outer loop
      vertex 49.4286 76.9624 3
      vertex 49.4886 75.8926 3
      vertex 49.4886 77.1074 3
    endloop
  endfacet
  facet normal 0 0 1
    outer loop
      vertex 49.4286 76.9624 3
      vertex 49.4286 76.0376 3
      vertex 49.4886 75.8926 3
    endloop
  endfacet
  facet normal -0 0 1
    outer loop
      vertex 49.3851 76.8115 3
      vertex 49.4286 76.0376 3
      vertex 49.4286 76.9624 3
    endloop
  endfacet
  facet normal 0 0 1
    outer loop
      vertex 49.3851 76.8115 3
      vertex 49.3851 76.1885 3
      vertex 49.4286 76.0376 3
    endloop
  endfacet
  facet normal -0 0 1
    outer loop
      vertex 49.3588 76.6568 3
      vertex 49.3851 76.1885 3
      vertex 49.3851 76.8115 3
    endloop
  endfacet
  facet normal 0 0 1
    outer loop
      vertex 49.3588 76.6568 3
      vertex 49.3588 76.3432 3
      vertex 49.3851 76.1885 3
    endloop
  endfacet
  facet normal 0 -0 1
    outer loop
      vertex 49.3588 76.3432 3
      vertex 49.3588 76.6568 3
      vertex 49.35 76.5 3
    endloop
  endfacet
  facet normal 0 0 1
    outer loop
      vertex 140.641 76.6568 3
      vertex 140.641 76.3432 3
      vertex 140.65 76.5 3
    endloop
  endfacet
  facet normal 0 0 1
    outer loop
      vertex 140.615 76.8115 3
      vertex 140.641 76.3432 3
      vertex 140.641 76.6568 3
    endloop
  endfacet
  facet normal 0 0 1
    outer loop
      vertex 140.615 76.8115 3
      vertex 140.615 76.1885 3
      vertex 140.641 76.3432 3
    endloop
  endfacet
  facet normal 0 0 1
    outer loop
      vertex 140.571 76.9624 3
      vertex 140.615 76.1885 3
      vertex 140.615 76.8115 3
    endloop
  endfacet
  facet normal 0 0 1
    outer loop
      vertex 140.571 76.9624 3
      vertex 140.571 76.0376 3
      vertex 140.615 76.1885 3
    endloop
  endfacet
  facet normal 0 0 1
    outer loop
      vertex 140.511 77.1074 3
      vertex 140.571 76.0376 3
      vertex 140.571 76.9624 3
    endloop
  endfacet
  facet normal 0 0 1
    outer loop
      vertex 140.511 77.1074 3
      vertex 140.511 75.8926 3
      vertex 140.571 76.0376 3
    endloop
  endfacet
  facet normal 0 0 1
    outer loop
      vertex 140.435 77.2448 3
      vertex 140.511 75.8926 3
      vertex 140.511 77.1074 3
    endloop
  endfacet
  facet normal 0 0 1
    outer loop
      vertex 140.435 77.2448 3
      vertex 140.435 75.7552 3
      vertex 140.511 75.8926 3
    endloop
  endfacet
  facet normal 0 0 1
    outer loop
      vertex 140.345 77.3729 3
      vertex 140.435 75.7552 3
      vertex 140.435 77.2448 3
    endloop
  endfacet
  facet normal 0 0 1
    outer loop
      vertex 140.345 77.3729 3
      vertex 140.345 75.6271 3
      vertex 140.435 75.7552 3
    endloop
  endfacet
  facet normal 0 0 1
    outer loop
      vertex 140.24 77.49 3
      vertex 140.345 75.6271 3
      vertex 140.345 77.3729 3
    endloop
  endfacet
  facet normal 0 0 1
    outer loop
      vertex 140.24 77.49 3
      vertex 140.24 75.51 3
      vertex 140.345 75.6271 3
    endloop
  endfacet
  facet normal 0 0 1
    outer loop
      vertex 140.123 77.5946 3
      vertex 140.24 75.51 3
      vertex 140.24 77.49 3
    endloop
  endfacet
  facet normal 0 0 1
    outer loop
      vertex 140.123 77.5946 3
      vertex 140.123 75.4054 3
      vertex 140.24 75.51 3
    endloop
  endfacet
  facet normal 0 0 1
    outer loop
      vertex 139.995 77.6854 3
      vertex 140.123 75.4054 3
      vertex 140.123 77.5946 3
    endloop
  endfacet
  facet normal 0 0 1
    outer loop
      vertex 139.995 77.6854 3
      vertex 139.995 75.3146 3
      vertex 140.123 75.4054 3
    endloop
  endfacet
  facet normal 0 0 1
    outer loop
      vertex 139.857 77.7614 3
      vertex 139.995 75.3146 3
      vertex 139.995 77.6854 3
    endloop
  endfacet
  facet normal 0 0 1
    outer loop
      vertex 139.857 77.7614 3
      vertex 139.857 75.2386 3
      vertex 139.995 75.3146 3
    endloop
  endfacet
  facet normal 0 0 1
    outer loop
      vertex 139.712 77.8214 3
      vertex 139.857 75.2386 3
      vertex 139.857 77.7614 3
    endloop
  endfacet
  facet normal 0 0 1
    outer loop
      vertex 139.712 77.8214 3
      vertex 139.712 75.1786 3
      vertex 139.857 75.2386 3
    endloop
  endfacet
  facet normal 0 0 1
    outer loop
      vertex 139.562 77.8649 3
      vertex 139.712 75.1786 3
      vertex 139.712 77.8214 3
    endloop
  endfacet
  facet normal 0 0 1
    outer loop
      vertex 139.562 77.8649 3
      vertex 139.562 75.1351 3
      vertex 139.712 75.1786 3
    endloop
  endfacet
  facet normal 0 0 1
    outer loop
      vertex 139.407 77.8912 3
      vertex 139.562 75.1351 3
      vertex 139.562 77.8649 3
    endloop
  endfacet
  facet normal 0 0 1
    outer loop
      vertex 139.407 77.8912 3
      vertex 139.407 75.1088 3
      vertex 139.562 75.1351 3
    endloop
  endfacet
  facet normal 0 0 1
    outer loop
      vertex 139.25 77.9 3
      vertex 139.407 75.1088 3
      vertex 139.407 77.8912 3
    endloop
  endfacet
  facet normal 0 0 1
    outer loop
      vertex 139.25 77.9 3
      vertex 139.25 75.1 3
      vertex 139.407 75.1088 3
    endloop
  endfacet
  facet normal -0 0 1
    outer loop
      vertex 139.093 77.8912 3
      vertex 139.25 75.1 3
      vertex 139.25 77.9 3
    endloop
  endfacet
  facet normal 0 0 1
    outer loop
      vertex 139.093 77.8912 3
      vertex 139.093 75.1088 3
      vertex 139.25 75.1 3
    endloop
  endfacet
  facet normal -0 0 1
    outer loop
      vertex 138.938 77.8649 3
      vertex 139.093 75.1088 3
      vertex 139.093 77.8912 3
    endloop
  endfacet
  facet normal 0 0 1
    outer loop
      vertex 138.938 77.8649 3
      vertex 138.938 75.1351 3
      vertex 139.093 75.1088 3
    endloop
  endfacet
  facet normal -0 0 1
    outer loop
      vertex 138.788 77.8214 3
      vertex 138.938 75.1351 3
      vertex 138.938 77.8649 3
    endloop
  endfacet
  facet normal 0 0 1
    outer loop
      vertex 138.788 77.8214 3
      vertex 138.788 75.1786 3
      vertex 138.938 75.1351 3
    endloop
  endfacet
  facet normal -0 0 1
    outer loop
      vertex 138.643 77.7614 3
      vertex 138.788 75.1786 3
      vertex 138.788 77.8214 3
    endloop
  endfacet
  facet normal 0 0 1
    outer loop
      vertex 138.643 77.7614 3
      vertex 138.643 75.2386 3
      vertex 138.788 75.1786 3
    endloop
  endfacet
  facet normal -0 0 1
    outer loop
      vertex 138.505 77.6854 3
      vertex 138.643 75.2386 3
      vertex 138.643 77.7614 3
    endloop
  endfacet
  facet normal 0 0 1
    outer loop
      vertex 138.505 77.6854 3
      vertex 138.505 75.3146 3
      vertex 138.643 75.2386 3
    endloop
  endfacet
  facet normal -0 0 1
    outer loop
      vertex 138.377 77.5946 3
      vertex 138.505 75.3146 3
      vertex 138.505 77.6854 3
    endloop
  endfacet
  facet normal 0 0 1
    outer loop
      vertex 138.377 77.5946 3
      vertex 138.377 75.4054 3
      vertex 138.505 75.3146 3
    endloop
  endfacet
  facet normal -0 0 1
    outer loop
      vertex 138.26 77.49 3
      vertex 138.377 75.4054 3
      vertex 138.377 77.5946 3
    endloop
  endfacet
  facet normal 0 0 1
    outer loop
      vertex 138.26 77.49 3
      vertex 138.26 75.51 3
      vertex 138.377 75.4054 3
    endloop
  endfacet
  facet normal -0 0 1
    outer loop
      vertex 138.155 77.3729 3
      vertex 138.26 75.51 3
      vertex 138.26 77.49 3
    endloop
  endfacet
  facet normal 0 0 1
    outer loop
      vertex 138.155 77.3729 3
      vertex 138.155 75.6271 3
      vertex 138.26 75.51 3
    endloop
  endfacet
  facet normal -0 0 1
    outer loop
      vertex 138.065 77.2448 3
      vertex 138.155 75.6271 3
      vertex 138.155 77.3729 3
    endloop
  endfacet
  facet normal 0 0 1
    outer loop
      vertex 138.065 77.2448 3
      vertex 138.065 75.7552 3
      vertex 138.155 75.6271 3
    endloop
  endfacet
  facet normal -0 0 1
    outer loop
      vertex 137.989 77.1074 3
      vertex 138.065 75.7552 3
      vertex 138.065 77.2448 3
    endloop
  endfacet
  facet normal 0 0 1
    outer loop
      vertex 137.989 77.1074 3
      vertex 137.989 75.8926 3
      vertex 138.065 75.7552 3
    endloop
  endfacet
  facet normal -0 0 1
    outer loop
      vertex 137.929 76.9624 3
      vertex 137.989 75.8926 3
      vertex 137.989 77.1074 3
    endloop
  endfacet
  facet normal 0 0 1
    outer loop
      vertex 137.929 76.9624 3
      vertex 137.929 76.0376 3
      vertex 137.989 75.8926 3
    endloop
  endfacet
  facet normal -0 0 1
    outer loop
      vertex 137.885 76.8115 3
      vertex 137.929 76.0376 3
      vertex 137.929 76.9624 3
    endloop
  endfacet
  facet normal 0 0 1
    outer loop
      vertex 137.885 76.8115 3
      vertex 137.885 76.1885 3
      vertex 137.929 76.0376 3
    endloop
  endfacet
  facet normal -0 0 1
    outer loop
      vertex 137.859 76.6568 3
      vertex 137.885 76.1885 3
      vertex 137.885 76.8115 3
    endloop
  endfacet
  facet normal 0 0 1
    outer loop
      vertex 137.859 76.6568 3
      vertex 137.859 76.3432 3
      vertex 137.885 76.1885 3
    endloop
  endfacet
  facet normal 0 -0 1
    outer loop
      vertex 137.859 76.3432 3
      vertex 137.859 76.6568 3
      vertex 137.85 76.5 3
    endloop
  endfacet
  facet normal 0 1 -0
    outer loop
      vertex 136.089 165 3
      vertex 53.9111 165 6
      vertex 136.089 165 6
    endloop
  endfacet
  facet normal 0 1 0
    outer loop
      vertex 53.9111 165 6
      vertex 136.089 165 3
      vertex 53.9111 165 3
    endloop
  endfacet
  facet normal 0 1 0
    outer loop
      vertex 190 165 145
      vertex 187 165 48
      vertex 187 165 145
    endloop
  endfacet
  facet normal 0 1 0
    outer loop
      vertex 136.089 165 6
      vertex 187 165 48
      vertex 142.411 165 6
    endloop
  endfacet
  facet normal 0 1 0
    outer loop
      vertex 190 165 0
      vertex 142.411 165 6
      vertex 187 165 48
    endloop
  endfacet
  facet normal 0 1 0
    outer loop
      vertex 190 165 0
      vertex 136.089 165 3
      vertex 142.411 165 3
    endloop
  endfacet
  facet normal 0 1 0
    outer loop
      vertex 136.089 165 3
      vertex 190 165 0
      vertex 53.9111 165 3
    endloop
  endfacet
  facet normal 0 1 0
    outer loop
      vertex 0 165 0
      vertex 53.9111 165 3
      vertex 190 165 0
    endloop
  endfacet
  facet normal 0 1 0
    outer loop
      vertex 142.411 165 6
      vertex 190 165 0
      vertex 142.411 165 3
    endloop
  endfacet
  facet normal 0 1 -0
    outer loop
      vertex 190 165 0
      vertex 187 165 48
      vertex 190 165 145
    endloop
  endfacet
  facet normal 0 1 -0
    outer loop
      vertex 3 165 48
      vertex 0 165 145
      vertex 3 165 145
    endloop
  endfacet
  facet normal 0 1 0
    outer loop
      vertex 187 165 48
      vertex 136.089 165 6
      vertex 3 165 48
    endloop
  endfacet
  facet normal 0 1 -0
    outer loop
      vertex 53.9111 165 6
      vertex 3 165 48
      vertex 136.089 165 6
    endloop
  endfacet
  facet normal 0 1 -0
    outer loop
      vertex 47.5889 165 6
      vertex 3 165 48
      vertex 53.9111 165 6
    endloop
  endfacet
  facet normal 0 1 0
    outer loop
      vertex 0 165 0
      vertex 47.5889 165 6
      vertex 47.5889 165 3
    endloop
  endfacet
  facet normal 0 1 0
    outer loop
      vertex 3 165 48
      vertex 0 165 0
      vertex 0 165 145
    endloop
  endfacet
  facet normal 0 1 0
    outer loop
      vertex 47.5889 165 6
      vertex 0 165 0
      vertex 3 165 48
    endloop
  endfacet
  facet normal 0 1 0
    outer loop
      vertex 53.9111 165 3
      vertex 0 165 0
      vertex 47.5889 165 3
    endloop
  endfacet
  facet normal 1 0 0
    outer loop
      vertex 3 81 145
      vertex 3 78 145
      vertex 3 81 140
    endloop
  endfacet
  facet normal 1 0 0
    outer loop
      vertex 3 162 140
      vertex 3 165 145
      vertex 3 162 145
    endloop
  endfacet
  facet normal 1 0 0
    outer loop
      vertex 3 165 145
      vertex 3 162 140
      vertex 3 165 48
    endloop
  endfacet
  facet normal 1 0 0
    outer loop
      vertex 3 162 140
      vertex 3 162 48
      vertex 3 165 48
    endloop
  endfacet
  facet normal 1 -0 0
    outer loop
      vertex 3 81 140
      vertex 3 162 48
      vertex 3 162 140
    endloop
  endfacet
  facet normal 1 0 0
    outer loop
      vertex 3 162 48
      vertex 3 118 18
      vertex 3 162 3
    endloop
  endfacet
  facet normal 1 0 0
    outer loop
      vertex 3 162 48
      vertex 3 82 35
      vertex 3 118 18
    endloop
  endfacet
  facet normal 1 0 0
    outer loop
      vertex 3 82 3
      vertex 3 100 18
      vertex 3 82 35
    endloop
  endfacet
  facet normal 1 0 0
    outer loop
      vertex 3 118 18
      vertex 3 82 35
      vertex 3 100 18
    endloop
  endfacet
  facet normal 1 0 0
    outer loop
      vertex 3 78 38
      vertex 3 162 48
      vertex 3 81 140
    endloop
  endfacet
  facet normal 1 0 0
    outer loop
      vertex 3 78 38
      vertex 3 81 140
      vertex 3 78 145
    endloop
  endfacet
  facet normal 1 0 0
    outer loop
      vertex 3 162 48
      vertex 3 78 38
      vertex 3 82 35
    endloop
  endfacet
  facet normal 1 0 0
    outer loop
      vertex 3 82 35
      vertex 3 78 38
      vertex 3 78 35
    endloop
  endfacet
  facet normal 1 -0 0
    outer loop
      vertex 3 118 7
      vertex 3 162 3
      vertex 3 118 18
    endloop
  endfacet
  facet normal 1 0 0
    outer loop
      vertex 3 82 3
      vertex 3 118 7
      vertex 3 100 7
    endloop
  endfacet
  facet normal 1 0 0
    outer loop
      vertex 3 118 7
      vertex 3 82 3
      vertex 3 162 3
    endloop
  endfacet
  facet normal 1 0 0
    outer loop
      vertex 3 100 18
      vertex 3 82 3
      vertex 3 100 7
    endloop
  endfacet
  facet normal 1 -0 0
    outer loop
      vertex 3 78 35
      vertex 3 82 3
      vertex 3 82 35
    endloop
  endfacet
  facet normal 1 0 0
    outer loop
      vertex 3 3 3
      vertex 3 78 35
      vertex 3 3 35
    endloop
  endfacet
  facet normal 1 0 0
    outer loop
      vertex 3 78 35
      vertex 3 3 3
      vertex 3 82 3
    endloop
  endfacet
  facet normal -0 0 1
    outer loop
      vertex 0 165 145
      vertex 3 162 145
      vertex 3 165 145
    endloop
  endfacet
  facet normal 0 0 1
    outer loop
      vertex 3 162 145
      vertex 0 165 145
      vertex 3 81 145
    endloop
  endfacet
  facet normal 0 0 1
    outer loop
      vertex 0 78 145
      vertex 3 81 145
      vertex 0 165 145
    endloop
  endfacet
  facet normal 0 0 1
    outer loop
      vertex 3 81 145
      vertex 0 78 145
      vertex 3 78 145
    endloop
  endfacet
  facet normal -0 0 1
    outer loop
      vertex 3 162 145
      vertex 9 81 145
      vertex 9 162 145
    endloop
  endfacet
  facet normal 0 0 1
    outer loop
      vertex 9 81 145
      vertex 3 162 145
      vertex 3 81 145
    endloop
  endfacet
  facet normal -0 0 1
    outer loop
      vertex 181 162 145
      vertex 187 81 145
      vertex 187 162 145
    endloop
  endfacet
  facet normal 0 0 1
    outer loop
      vertex 187 81 145
      vertex 181 162 145
      vertex 181 81 145
    endloop
  endfacet
  facet normal 0 0 1
    outer loop
      vertex 187 162 145
      vertex 190 165 145
      vertex 187 165 145
    endloop
  endfacet
  facet normal 0 0 1
    outer loop
      vertex 190 165 145
      vertex 187 162 145
      vertex 190 78 145
    endloop
  endfacet
  facet normal -0 0 1
    outer loop
      vertex 187 81 145
      vertex 190 78 145
      vertex 187 162 145
    endloop
  endfacet
  facet normal 0 0 1
    outer loop
      vertex 190 78 145
      vertex 187 81 145
      vertex 187 78 145
    endloop
  endfacet
  facet normal -1 0 0
    outer loop
      vertex 187 162 140
      vertex 187 165 48
      vertex 187 162 48
    endloop
  endfacet
  facet normal -1 0 0
    outer loop
      vertex 187 165 48
      vertex 187 162 140
      vertex 187 165 145
    endloop
  endfacet
  facet normal -1 -0 0
    outer loop
      vertex 187 165 145
      vertex 187 162 140
      vertex 187 162 145
    endloop
  endfacet
  facet normal -1 0 0
    outer loop
      vertex 187 125 22
      vertex 187 162 48
      vertex 187 162 3
    endloop
  endfacet
  facet normal -1 0 0
    outer loop
      vertex 187 125 22
      vertex 187 162 3
      vertex 187 125 7
    endloop
  endfacet
  facet normal -1 0 0
    outer loop
      vertex 187 82 3
      vertex 187 125 7
      vertex 187 162 3
    endloop
  endfacet
  facet normal -1 -0 0
    outer loop
      vertex 187 104 7
      vertex 187 82 3
      vertex 187 104 22
    endloop
  endfacet
  facet normal -1 -0 0
    outer loop
      vertex 187 125 7
      vertex 187 82 3
      vertex 187 104 7
    endloop
  endfacet
  facet normal -1 0 0
    outer loop
      vertex 187 82 35
      vertex 187 162 48
      vertex 187 125 22
    endloop
  endfacet
  facet normal -1 0 0
    outer loop
      vertex 187 82 35
      vertex 187 125 22
      vertex 187 104 22
    endloop
  endfacet
  facet normal -1 0 0
    outer loop
      vertex 187 82 35
      vertex 187 104 22
      vertex 187 82 3
    endloop
  endfacet
  facet normal -1 0 0
    outer loop
      vertex 187 78 38
      vertex 187 162 48
      vertex 187 82 35
    endloop
  endfacet
  facet normal -1 0 0
    outer loop
      vertex 187 162 48
      vertex 187 81 140
      vertex 187 162 140
    endloop
  endfacet
  facet normal -1 0 0
    outer loop
      vertex 187 78 38
      vertex 187 82 35
      vertex 187 78 35
    endloop
  endfacet
  facet normal -1 -0 0
    outer loop
      vertex 187 162 48
      vertex 187 78 38
      vertex 187 81 140
    endloop
  endfacet
  facet normal -1 0 0
    outer loop
      vertex 187 78 145
      vertex 187 81 140
      vertex 187 78 38
    endloop
  endfacet
  facet normal -1 0 0
    outer loop
      vertex 187 81 140
      vertex 187 78 145
      vertex 187 81 145
    endloop
  endfacet
  facet normal -1 0 0
    outer loop
      vertex 187 82 3
      vertex 187 78 35
      vertex 187 82 35
    endloop
  endfacet
  facet normal -1 0 0
    outer loop
      vertex 187 3 3
      vertex 187 78 35
      vertex 187 82 3
    endloop
  endfacet
  facet normal -1 -0 0
    outer loop
      vertex 187 78 35
      vertex 187 3 3
      vertex 187 3 35
    endloop
  endfacet
  facet normal -0 0 1
    outer loop
      vertex 3 165 48
      vertex 187 162 48
      vertex 187 165 48
    endloop
  endfacet
  facet normal 0 0 1
    outer loop
      vertex 187 162 48
      vertex 3 165 48
      vertex 3 162 48
    endloop
  endfacet
  facet normal 0 -1 0
    outer loop
      vertex 3 162 3
      vertex 187 162 48
      vertex 3 162 48
    endloop
  endfacet
  facet normal 0 -1 -0
    outer loop
      vertex 187 162 48
      vertex 3 162 3
      vertex 187 162 3
    endloop
  endfacet
  facet normal 0 0 -1
    outer loop
      vertex 151.929 61 35
      vertex 187 78 35
      vertex 187 3 35
    endloop
  endfacet
  facet normal 0 0 -1
    outer loop
      vertex 151.929 61 35
      vertex 187 3 35
      vertex 151.929 13 35
    endloop
  endfacet
  facet normal 0 0 -1
    outer loop
      vertex 187 3 35
      vertex 150.929 13 35
      vertex 151.929 13 35
    endloop
  endfacet
  facet normal 0 0 -1
    outer loop
      vertex 129.357 61 35
      vertex 150.929 61 35
      vertex 150.929 13 35
    endloop
  endfacet
  facet normal 0 0 -1
    outer loop
      vertex 150.929 61 35
      vertex 129.357 61 35
      vertex 139.55 73.05 35
    endloop
  endfacet
  facet normal 0 0 -1
    outer loop
      vertex 129.357 61 35
      vertex 150.929 13 35
      vertex 129.357 13 35
    endloop
  endfacet
  facet normal 0 0 -1
    outer loop
      vertex 187 3 35
      vertex 129.357 13 35
      vertex 150.929 13 35
    endloop
  endfacet
  facet normal 0 0 -1
    outer loop
      vertex 187 3 35
      vertex 128.357 13 35
      vertex 129.357 13 35
    endloop
  endfacet
  facet normal 0 0 -1
    outer loop
      vertex 128.357 13 35
      vertex 106.786 13 35
      vertex 128.357 61 35
    endloop
  endfacet
  facet normal 0 0 -1
    outer loop
      vertex 187 3 35
      vertex 106.786 13 35
      vertex 128.357 13 35
    endloop
  endfacet
  facet normal 0 0 -1
    outer loop
      vertex 187 3 35
      vertex 105.786 13 35
      vertex 106.786 13 35
    endloop
  endfacet
  facet normal 0 0 -1
    outer loop
      vertex 105.786 13 35
      vertex 84.2143 13 35
      vertex 105.786 61 35
    endloop
  endfacet
  facet normal 0 0 -1
    outer loop
      vertex 187 3 35
      vertex 84.2143 13 35
      vertex 105.786 13 35
    endloop
  endfacet
  facet normal 0 0 -1
    outer loop
      vertex 3 3 35
      vertex 84.2143 13 35
      vertex 187 3 35
    endloop
  endfacet
  facet normal 0 0 -1
    outer loop
      vertex 83.2143 13 35
      vertex 61.6429 13 35
      vertex 83.2143 61 35
    endloop
  endfacet
  facet normal -0 0 -1
    outer loop
      vertex 84.2143 13 35
      vertex 3 3 35
      vertex 83.2143 13 35
    endloop
  endfacet
  facet normal -0 0 -1
    outer loop
      vertex 83.2143 13 35
      vertex 3 3 35
      vertex 61.6429 13 35
    endloop
  endfacet
  facet normal 0 0 -1
    outer loop
      vertex 39.0714 61 35
      vertex 60.6429 61 35
      vertex 60.6429 13 35
    endloop
  endfacet
  facet normal 0 0 -1
    outer loop
      vertex 39.0714 61 35
      vertex 60.6429 13 35
      vertex 39.0714 13 35
    endloop
  endfacet
  facet normal -0 0 -1
    outer loop
      vertex 61.6429 13 35
      vertex 3 3 35
      vertex 60.6429 13 35
    endloop
  endfacet
  facet normal -0 0 -1
    outer loop
      vertex 60.6429 13 35
      vertex 3 3 35
      vertex 39.0714 13 35
    endloop
  endfacet
  facet normal 0 0 -1
    outer loop
      vertex 3 3 35
      vertex 38.0714 61 35
      vertex 38.0714 13 35
    endloop
  endfacet
  facet normal -0 0 -1
    outer loop
      vertex 39.0714 13 35
      vertex 3 3 35
      vertex 38.0714 13 35
    endloop
  endfacet
  facet normal 0 0 -1
    outer loop
      vertex 3 78 35
      vertex 38.0714 61 35
      vertex 3 3 35
    endloop
  endfacet
  facet normal 0 0 -1
    outer loop
      vertex 38.0714 61 35
      vertex 3 78 35
      vertex 27.55 73.05 35
    endloop
  endfacet
  facet normal 0 0 -1
    outer loop
      vertex 27.55 73.05 35
      vertex 3 78 35
      vertex 27.55 78 35
    endloop
  endfacet
  facet normal -0 0 -1
    outer loop
      vertex 187 78 35
      vertex 162.45 73.05 35
      vertex 162.45 78 35
    endloop
  endfacet
  facet normal 0 0 -1
    outer loop
      vertex 187 78 35
      vertex 151.929 61 35
      vertex 162.45 73.05 35
    endloop
  endfacet
  facet normal 0 0 -1
    outer loop
      vertex 150.929 61 35
      vertex 162.45 73.05 35
      vertex 151.929 61 35
    endloop
  endfacet
  facet normal -0 0 -1
    outer loop
      vertex 162.45 73.05 35
      vertex 150.929 61 35
      vertex 139.55 73.05 35
    endloop
  endfacet
  facet normal 0 0 -1
    outer loop
      vertex 128.357 61 35
      vertex 139.55 73.05 35
      vertex 129.357 61 35
    endloop
  endfacet
  facet normal -0 0 -1
    outer loop
      vertex 139.55 73.05 35
      vertex 128.357 61 35
      vertex 139.55 78 35
    endloop
  endfacet
  facet normal 0 0 -1
    outer loop
      vertex 106.786 61 35
      vertex 128.357 61 35
      vertex 106.786 13 35
    endloop
  endfacet
  facet normal 0 0 -1
    outer loop
      vertex 106.786 61 35
      vertex 139.55 78 35
      vertex 128.357 61 35
    endloop
  endfacet
  facet normal 0 0 -1
    outer loop
      vertex 105.786 61 35
      vertex 139.55 78 35
      vertex 106.786 61 35
    endloop
  endfacet
  facet normal 0 0 -1
    outer loop
      vertex 84.2143 61 35
      vertex 105.786 61 35
      vertex 84.2143 13 35
    endloop
  endfacet
  facet normal 0 0 -1
    outer loop
      vertex 84.2143 61 35
      vertex 139.55 78 35
      vertex 105.786 61 35
    endloop
  endfacet
  facet normal 0 0 -1
    outer loop
      vertex 50.45 78 35
      vertex 84.2143 61 35
      vertex 83.2143 61 35
    endloop
  endfacet
  facet normal 0 0 -1
    outer loop
      vertex 61.6429 61 35
      vertex 83.2143 61 35
      vertex 61.6429 13 35
    endloop
  endfacet
  facet normal 0 0 -1
    outer loop
      vertex 50.45 78 35
      vertex 83.2143 61 35
      vertex 61.6429 61 35
    endloop
  endfacet
  facet normal 0 0 -1
    outer loop
      vertex 50.45 73.05 35
      vertex 61.6429 61 35
      vertex 60.6429 61 35
    endloop
  endfacet
  facet normal 0 0 -1
    outer loop
      vertex 61.6429 61 35
      vertex 50.45 73.05 35
      vertex 50.45 78 35
    endloop
  endfacet
  facet normal 0 0 -1
    outer loop
      vertex 84.2143 61 35
      vertex 50.45 78 35
      vertex 139.55 78 35
    endloop
  endfacet
  facet normal 0 0 -1
    outer loop
      vertex 60.6429 61 35
      vertex 39.0714 61 35
      vertex 50.45 73.05 35
    endloop
  endfacet
  facet normal 0 0 -1
    outer loop
      vertex 27.55 73.05 35
      vertex 39.0714 61 35
      vertex 38.0714 61 35
    endloop
  endfacet
  facet normal 0 0 -1
    outer loop
      vertex 39.0714 61 35
      vertex 27.55 73.05 35
      vertex 50.45 73.05 35
    endloop
  endfacet
  facet normal 0 1 -0
    outer loop
      vertex 187 3 3
      vertex 3 3 35
      vertex 187 3 35
    endloop
  endfacet
  facet normal 0 1 0
    outer loop
      vertex 3 3 35
      vertex 187 3 3
      vertex 3 3 3
    endloop
  endfacet
  facet normal 1 -0 0
    outer loop
      vertex 44.2143 34 41.2
      vertex 44.2143 61 38
      vertex 44.2143 61 41.2
    endloop
  endfacet
  facet normal 1 0 0
    outer loop
      vertex 44.2143 61 38
      vertex 44.2143 34 41.2
      vertex 44.2143 34 38
    endloop
  endfacet
  facet normal -0 0 1
    outer loop
      vertex 32.9286 61 41.2
      vertex 44.2143 34 41.2
      vertex 44.2143 61 41.2
    endloop
  endfacet
  facet normal 0 0 1
    outer loop
      vertex 44.2143 34 41.2
      vertex 32.9286 61 41.2
      vertex 32.9286 34 41.2
    endloop
  endfacet
  facet normal -1 0 0
    outer loop
      vertex 32.9286 34 38
      vertex 32.9286 61 41.2
      vertex 32.9286 61 38
    endloop
  endfacet
  facet normal -1 -0 0
    outer loop
      vertex 32.9286 61 41.2
      vertex 32.9286 34 38
      vertex 32.9286 34 41.2
    endloop
  endfacet
  facet normal 0 1 0
    outer loop
      vertex 44.2143 61 41.2
      vertex 39.0714 61 39
      vertex 32.9286 61 41.2
    endloop
  endfacet
  facet normal 0 1 -0
    outer loop
      vertex 44.2143 61 38
      vertex 39.0714 61 39
      vertex 44.2143 61 41.2
    endloop
  endfacet
  facet normal 0 1 0
    outer loop
      vertex 39.0714 61 39
      vertex 44.2143 61 38
      vertex 39.0714 61 38
    endloop
  endfacet
  facet normal 0 1 -0
    outer loop
      vertex 38.0714 61 39
      vertex 32.9286 61 41.2
      vertex 39.0714 61 39
    endloop
  endfacet
  facet normal 0 1 0
    outer loop
      vertex 32.9286 61 38
      vertex 38.0714 61 39
      vertex 38.0714 61 38
    endloop
  endfacet
  facet normal 0 1 0
    outer loop
      vertex 38.0714 61 39
      vertex 32.9286 61 38
      vertex 32.9286 61 41.2
    endloop
  endfacet
  facet normal 0 -1 0
    outer loop
      vertex 38.0714 61 35
      vertex 39.0714 61 38
      vertex 38.0714 61 38
    endloop
  endfacet
  facet normal 0 -1 -0
    outer loop
      vertex 39.0714 61 38
      vertex 38.0714 61 35
      vertex 39.0714 61 35
    endloop
  endfacet
  facet normal 0 -1 0
    outer loop
      vertex 32.9286 34 41.2
      vertex 38.0714 34 39
      vertex 44.2143 34 41.2
    endloop
  endfacet
  facet normal 0 -1 0
    outer loop
      vertex 32.9286 34 38
      vertex 38.0714 34 39
      vertex 32.9286 34 41.2
    endloop
  endfacet
  facet normal 0 -1 -0
    outer loop
      vertex 38.0714 34 39
      vertex 32.9286 34 38
      vertex 38.0714 34 38
    endloop
  endfacet
  facet normal 0 -1 0
    outer loop
      vertex 39.0714 34 39
      vertex 44.2143 34 41.2
      vertex 38.0714 34 39
    endloop
  endfacet
  facet normal 0 -1 0
    outer loop
      vertex 44.2143 34 38
      vertex 39.0714 34 39
      vertex 39.0714 34 38
    endloop
  endfacet
  facet normal 0 -1 0
    outer loop
      vertex 39.0714 34 39
      vertex 44.2143 34 38
      vertex 44.2143 34 41.2
    endloop
  endfacet
  facet normal 1 -0 0
    outer loop
      vertex 66.7857 34 41.2
      vertex 66.7857 61 38
      vertex 66.7857 61 41.2
    endloop
  endfacet
  facet normal 1 0 0
    outer loop
      vertex 66.7857 61 38
      vertex 66.7857 34 41.2
      vertex 66.7857 34 38
    endloop
  endfacet
  facet normal -0 0 1
    outer loop
      vertex 55.5 61 41.2
      vertex 66.7857 34 41.2
      vertex 66.7857 61 41.2
    endloop
  endfacet
  facet normal 0 0 1
    outer loop
      vertex 66.7857 34 41.2
      vertex 55.5 61 41.2
      vertex 55.5 34 41.2
    endloop
  endfacet
  facet normal -1 0 0
    outer loop
      vertex 55.5 34 38
      vertex 55.5 61 41.2
      vertex 55.5 61 38
    endloop
  endfacet
  facet normal -1 -0 0
    outer loop
      vertex 55.5 61 41.2
      vertex 55.5 34 38
      vertex 55.5 34 41.2
    endloop
  endfacet
  facet normal 0 1 0
    outer loop
      vertex 66.7857 61 41.2
      vertex 61.6429 61 39
      vertex 55.5 61 41.2
    endloop
  endfacet
  facet normal 0 1 -0
    outer loop
      vertex 66.7857 61 38
      vertex 61.6429 61 39
      vertex 66.7857 61 41.2
    endloop
  endfacet
  facet normal 0 1 0
    outer loop
      vertex 61.6429 61 39
      vertex 66.7857 61 38
      vertex 61.6429 61 38
    endloop
  endfacet
  facet normal 0 1 -0
    outer loop
      vertex 60.6429 61 39
      vertex 55.5 61 41.2
      vertex 61.6429 61 39
    endloop
  endfacet
  facet normal 0 1 0
    outer loop
      vertex 55.5 61 38
      vertex 60.6429 61 39
      vertex 60.6429 61 38
    endloop
  endfacet
  facet normal 0 1 0
    outer loop
      vertex 60.6429 61 39
      vertex 55.5 61 38
      vertex 55.5 61 41.2
    endloop
  endfacet
  facet normal 0 -1 0
    outer loop
      vertex 60.6429 61 35
      vertex 61.6429 61 38
      vertex 60.6429 61 38
    endloop
  endfacet
  facet normal 0 -1 -0
    outer loop
      vertex 61.6429 61 38
      vertex 60.6429 61 35
      vertex 61.6429 61 35
    endloop
  endfacet
  facet normal 0 -1 0
    outer loop
      vertex 55.5 34 41.2
      vertex 60.6429 34 39
      vertex 66.7857 34 41.2
    endloop
  endfacet
  facet normal 0 -1 0
    outer loop
      vertex 55.5 34 38
      vertex 60.6429 34 39
      vertex 55.5 34 41.2
    endloop
  endfacet
  facet normal 0 -1 -0
    outer loop
      vertex 60.6429 34 39
      vertex 55.5 34 38
      vertex 60.6429 34 38
    endloop
  endfacet
  facet normal 0 -1 0
    outer loop
      vertex 61.6429 34 39
      vertex 66.7857 34 41.2
      vertex 60.6429 34 39
    endloop
  endfacet
  facet normal 0 -1 0
    outer loop
      vertex 66.7857 34 38
      vertex 61.6429 34 39
      vertex 61.6429 34 38
    endloop
  endfacet
  facet normal 0 -1 0
    outer loop
      vertex 61.6429 34 39
      vertex 66.7857 34 38
      vertex 66.7857 34 41.2
    endloop
  endfacet
  facet normal 1 -0 0
    outer loop
      vertex 111.929 34 41.2
      vertex 111.929 61 38
      vertex 111.929 61 41.2
    endloop
  endfacet
  facet normal 1 0 0
    outer loop
      vertex 111.929 61 38
      vertex 111.929 34 41.2
      vertex 111.929 34 38
    endloop
  endfacet
  facet normal -0 0 1
    outer loop
      vertex 100.643 61 41.2
      vertex 111.929 34 41.2
      vertex 111.929 61 41.2
    endloop
  endfacet
  facet normal 0 0 1
    outer loop
      vertex 111.929 34 41.2
      vertex 100.643 61 41.2
      vertex 100.643 34 41.2
    endloop
  endfacet
  facet normal -1 0 0
    outer loop
      vertex 100.643 34 38
      vertex 100.643 61 41.2
      vertex 100.643 61 38
    endloop
  endfacet
  facet normal -1 -0 0
    outer loop
      vertex 100.643 61 41.2
      vertex 100.643 34 38
      vertex 100.643 34 41.2
    endloop
  endfacet
  facet normal 0 1 0
    outer loop
      vertex 111.929 61 41.2
      vertex 106.786 61 39
      vertex 100.643 61 41.2
    endloop
  endfacet
  facet normal 0 1 -0
    outer loop
      vertex 111.929 61 38
      vertex 106.786 61 39
      vertex 111.929 61 41.2
    endloop
  endfacet
  facet normal 0 1 0
    outer loop
      vertex 106.786 61 39
      vertex 111.929 61 38
      vertex 106.786 61 38
    endloop
  endfacet
  facet normal 0 1 -0
    outer loop
      vertex 105.786 61 39
      vertex 100.643 61 41.2
      vertex 106.786 61 39
    endloop
  endfacet
  facet normal 0 1 0
    outer loop
      vertex 100.643 61 38
      vertex 105.786 61 39
      vertex 105.786 61 38
    endloop
  endfacet
  facet normal 0 1 0
    outer loop
      vertex 105.786 61 39
      vertex 100.643 61 38
      vertex 100.643 61 41.2
    endloop
  endfacet
  facet normal 0 -1 0
    outer loop
      vertex 105.786 61 35
      vertex 106.786 61 38
      vertex 105.786 61 38
    endloop
  endfacet
  facet normal 0 -1 -0
    outer loop
      vertex 106.786 61 38
      vertex 105.786 61 35
      vertex 106.786 61 35
    endloop
  endfacet
  facet normal 0 -1 0
    outer loop
      vertex 100.643 34 41.2
      vertex 105.786 34 39
      vertex 111.929 34 41.2
    endloop
  endfacet
  facet normal 0 -1 0
    outer loop
      vertex 100.643 34 38
      vertex 105.786 34 39
      vertex 100.643 34 41.2
    endloop
  endfacet
  facet normal 0 -1 -0
    outer loop
      vertex 105.786 34 39
      vertex 100.643 34 38
      vertex 105.786 34 38
    endloop
  endfacet
  facet normal 0 -1 0
    outer loop
      vertex 106.786 34 39
      vertex 111.929 34 41.2
      vertex 105.786 34 39
    endloop
  endfacet
  facet normal 0 -1 0
    outer loop
      vertex 111.929 34 38
      vertex 106.786 34 39
      vertex 106.786 34 38
    endloop
  endfacet
  facet normal 0 -1 0
    outer loop
      vertex 106.786 34 39
      vertex 111.929 34 38
      vertex 111.929 34 41.2
    endloop
  endfacet
  facet normal 1 -0 0
    outer loop
      vertex 134.5 34 41.2
      vertex 134.5 61 38
      vertex 134.5 61 41.2
    endloop
  endfacet
  facet normal 1 0 0
    outer loop
      vertex 134.5 61 38
      vertex 134.5 34 41.2
      vertex 134.5 34 38
    endloop
  endfacet
  facet normal -0 0 1
    outer loop
      vertex 123.214 61 41.2
      vertex 134.5 34 41.2
      vertex 134.5 61 41.2
    endloop
  endfacet
  facet normal 0 0 1
    outer loop
      vertex 134.5 34 41.2
      vertex 123.214 61 41.2
      vertex 123.214 34 41.2
    endloop
  endfacet
  facet normal -1 0 0
    outer loop
      vertex 123.214 34 38
      vertex 123.214 61 41.2
      vertex 123.214 61 38
    endloop
  endfacet
  facet normal -1 -0 0
    outer loop
      vertex 123.214 61 41.2
      vertex 123.214 34 38
      vertex 123.214 34 41.2
    endloop
  endfacet
  facet normal 0 1 0
    outer loop
      vertex 134.5 61 41.2
      vertex 129.357 61 39
      vertex 123.214 61 41.2
    endloop
  endfacet
  facet normal 0 1 -0
    outer loop
      vertex 134.5 61 38
      vertex 129.357 61 39
      vertex 134.5 61 41.2
    endloop
  endfacet
  facet normal 0 1 0
    outer loop
      vertex 129.357 61 39
      vertex 134.5 61 38
      vertex 129.357 61 38
    endloop
  endfacet
  facet normal 0 1 -0
    outer loop
      vertex 128.357 61 39
      vertex 123.214 61 41.2
      vertex 129.357 61 39
    endloop
  endfacet
  facet normal 0 1 0
    outer loop
      vertex 123.214 61 38
      vertex 128.357 61 39
      vertex 128.357 61 38
    endloop
  endfacet
  facet normal 0 1 0
    outer loop
      vertex 128.357 61 39
      vertex 123.214 61 38
      vertex 123.214 61 41.2
    endloop
  endfacet
  facet normal 0 -1 0
    outer loop
      vertex 128.357 61 35
      vertex 129.357 61 38
      vertex 128.357 61 38
    endloop
  endfacet
  facet normal 0 -1 -0
    outer loop
      vertex 129.357 61 38
      vertex 128.357 61 35
      vertex 129.357 61 35
    endloop
  endfacet
  facet normal 0 -1 0
    outer loop
      vertex 123.214 34 41.2
      vertex 128.357 34 39
      vertex 134.5 34 41.2
    endloop
  endfacet
  facet normal 0 -1 0
    outer loop
      vertex 123.214 34 38
      vertex 128.357 34 39
      vertex 123.214 34 41.2
    endloop
  endfacet
  facet normal 0 -1 -0
    outer loop
      vertex 128.357 34 39
      vertex 123.214 34 38
      vertex 128.357 34 38
    endloop
  endfacet
  facet normal 0 -1 0
    outer loop
      vertex 129.357 34 39
      vertex 134.5 34 41.2
      vertex 128.357 34 39
    endloop
  endfacet
  facet normal 0 -1 0
    outer loop
      vertex 134.5 34 38
      vertex 129.357 34 39
      vertex 129.357 34 38
    endloop
  endfacet
  facet normal 0 -1 0
    outer loop
      vertex 129.357 34 39
      vertex 134.5 34 38
      vertex 134.5 34 41.2
    endloop
  endfacet
  facet normal 1 -0 0
    outer loop
      vertex 157.071 34 41.2
      vertex 157.071 61 38
      vertex 157.071 61 41.2
    endloop
  endfacet
  facet normal 1 0 0
    outer loop
      vertex 157.071 61 38
      vertex 157.071 34 41.2
      vertex 157.071 34 38
    endloop
  endfacet
  facet normal -0 0 1
    outer loop
      vertex 145.786 61 41.2
      vertex 157.071 34 41.2
      vertex 157.071 61 41.2
    endloop
  endfacet
  facet normal 0 0 1
    outer loop
      vertex 157.071 34 41.2
      vertex 145.786 61 41.2
      vertex 145.786 34 41.2
    endloop
  endfacet
  facet normal -1 0 0
    outer loop
      vertex 145.786 34 38
      vertex 145.786 61 41.2
      vertex 145.786 61 38
    endloop
  endfacet
  facet normal -1 -0 0
    outer loop
      vertex 145.786 61 41.2
      vertex 145.786 34 38
      vertex 145.786 34 41.2
    endloop
  endfacet
  facet normal 0 1 0
    outer loop
      vertex 157.071 61 41.2
      vertex 151.929 61 39
      vertex 145.786 61 41.2
    endloop
  endfacet
  facet normal 0 1 -0
    outer loop
      vertex 157.071 61 38
      vertex 151.929 61 39
      vertex 157.071 61 41.2
    endloop
  endfacet
  facet normal 0 1 0
    outer loop
      vertex 151.929 61 39
      vertex 157.071 61 38
      vertex 151.929 61 38
    endloop
  endfacet
  facet normal 0 1 -0
    outer loop
      vertex 150.929 61 39
      vertex 145.786 61 41.2
      vertex 151.929 61 39
    endloop
  endfacet
  facet normal 0 1 0
    outer loop
      vertex 145.786 61 38
      vertex 150.929 61 39
      vertex 150.929 61 38
    endloop
  endfacet
  facet normal 0 1 0
    outer loop
      vertex 150.929 61 39
      vertex 145.786 61 38
      vertex 145.786 61 41.2
    endloop
  endfacet
  facet normal 0 -1 0
    outer loop
      vertex 150.929 61 35
      vertex 151.929 61 38
      vertex 150.929 61 38
    endloop
  endfacet
  facet normal 0 -1 -0
    outer loop
      vertex 151.929 61 38
      vertex 150.929 61 35
      vertex 151.929 61 35
    endloop
  endfacet
  facet normal 0 -1 0
    outer loop
      vertex 145.786 34 41.2
      vertex 150.929 34 39
      vertex 157.071 34 41.2
    endloop
  endfacet
  facet normal 0 -1 0
    outer loop
      vertex 145.786 34 38
      vertex 150.929 34 39
      vertex 145.786 34 41.2
    endloop
  endfacet
  facet normal 0 -1 -0
    outer loop
      vertex 150.929 34 39
      vertex 145.786 34 38
      vertex 150.929 34 38
    endloop
  endfacet
  facet normal 0 -1 0
    outer loop
      vertex 151.929 34 39
      vertex 157.071 34 41.2
      vertex 150.929 34 39
    endloop
  endfacet
  facet normal 0 -1 0
    outer loop
      vertex 157.071 34 38
      vertex 151.929 34 39
      vertex 151.929 34 38
    endloop
  endfacet
  facet normal 0 -1 0
    outer loop
      vertex 151.929 34 39
      vertex 157.071 34 38
      vertex 157.071 34 41.2
    endloop
  endfacet
  facet normal -0.666244 0.745734 0
    outer loop
      vertex 48.5678 79.2364 3
      vertex 48.2751 78.9749 6
      vertex 48.5678 79.2364 6
    endloop
  endfacet
  facet normal -0.666244 0.745734 0
    outer loop
      vertex 48.2751 78.9749 6
      vertex 48.5678 79.2364 3
      vertex 48.2751 78.9749 3
    endloop
  endfacet
  facet normal 0.985844 0.167662 0
    outer loop
      vertex 54.228 76.8919 6
      vertex 54.1622 77.2788 3
      vertex 54.1622 77.2788 6
    endloop
  endfacet
  facet normal 0.985844 0.167662 0
    outer loop
      vertex 54.1622 77.2788 3
      vertex 54.228 76.8919 6
      vertex 54.228 76.8919 3
    endloop
  endfacet
  facet normal 0.998428 -0.0560485 0
    outer loop
      vertex 54.228 76.1081 6
      vertex 54.25 76.5 3
      vertex 54.25 76.5 6
    endloop
  endfacet
  facet normal 0.998428 -0.0560485 0
    outer loop
      vertex 54.25 76.5 3
      vertex 54.228 76.1081 6
      vertex 54.228 76.1081 3
    endloop
  endfacet
  facet normal 0.167662 0.985844 -0
    outer loop
      vertex 51.5288 79.9122 3
      vertex 51.1419 79.978 6
      vertex 51.5288 79.9122 6
    endloop
  endfacet
  facet normal 0.167662 0.985844 0
    outer loop
      vertex 51.1419 79.978 6
      vertex 51.5288 79.9122 3
      vertex 51.1419 79.978 3
    endloop
  endfacet
  facet normal 0.960964 0.276672 0
    outer loop
      vertex 54.1622 77.2788 6
      vertex 54.0536 77.656 3
      vertex 54.0536 77.656 6
    endloop
  endfacet
  facet normal 0.960964 0.276672 0
    outer loop
      vertex 54.0536 77.656 3
      vertex 54.1622 77.2788 6
      vertex 54.1622 77.2788 3
    endloop
  endfacet
  facet normal 0.666244 0.745734 -0
    outer loop
      vertex 53.2249 78.9749 3
      vertex 52.9322 79.2364 6
      vertex 53.2249 78.9749 6
    endloop
  endfacet
  facet normal 0.666244 0.745734 0
    outer loop
      vertex 52.9322 79.2364 6
      vertex 53.2249 78.9749 3
      vertex 52.9322 79.2364 3
    endloop
  endfacet
  facet normal -0.985844 0.167662 0
    outer loop
      vertex 47.272 76.8919 3
      vertex 47.3378 77.2788 6
      vertex 47.3378 77.2788 3
    endloop
  endfacet
  facet normal -0.985844 0.167662 0
    outer loop
      vertex 47.3378 77.2788 6
      vertex 47.272 76.8919 3
      vertex 47.272 76.8919 6
    endloop
  endfacet
  facet normal 0.382697 -0.923874 0
    outer loop
      vertex 51.906 73.1964 3
      vertex 52.2686 73.3466 6
      vertex 51.906 73.1964 6
    endloop
  endfacet
  facet normal 0.382697 -0.923874 0
    outer loop
      vertex 52.2686 73.3466 6
      vertex 51.906 73.1964 3
      vertex 52.2686 73.3466 3
    endloop
  endfacet
  facet normal -0.578632 -0.815589 0
    outer loop
      vertex 48.5678 73.7636 3
      vertex 48.8879 73.5365 6
      vertex 48.5678 73.7636 6
    endloop
  endfacet
  facet normal -0.578632 -0.815589 -0
    outer loop
      vertex 48.8879 73.5365 6
      vertex 48.5678 73.7636 3
      vertex 48.8879 73.5365 3
    endloop
  endfacet
  facet normal 0.745734 -0.666244 0
    outer loop
      vertex 53.2249 74.0251 6
      vertex 53.4864 74.3178 3
      vertex 53.4864 74.3178 6
    endloop
  endfacet
  facet normal 0.745734 -0.666244 0
    outer loop
      vertex 53.4864 74.3178 3
      vertex 53.2249 74.0251 6
      vertex 53.2249 74.0251 3
    endloop
  endfacet
  facet normal -0.483825 -0.875165 0
    outer loop
      vertex 48.8879 73.5365 3
      vertex 49.2314 73.3466 6
      vertex 48.8879 73.5365 6
    endloop
  endfacet
  facet normal -0.483825 -0.875165 -0
    outer loop
      vertex 49.2314 73.3466 6
      vertex 48.8879 73.5365 3
      vertex 49.2314 73.3466 3
    endloop
  endfacet
  facet normal 0.998428 0.0560485 0
    outer loop
      vertex 54.25 76.5 6
      vertex 54.228 76.8919 3
      vertex 54.228 76.8919 6
    endloop
  endfacet
  facet normal 0.998428 0.0560485 0
    outer loop
      vertex 54.228 76.8919 3
      vertex 54.25 76.5 6
      vertex 54.25 76.5 3
    endloop
  endfacet
  facet normal -0.985844 -0.167662 0
    outer loop
      vertex 47.3378 75.7212 3
      vertex 47.272 76.1081 6
      vertex 47.272 76.1081 3
    endloop
  endfacet
  facet normal -0.985844 -0.167662 0
    outer loop
      vertex 47.272 76.1081 6
      vertex 47.3378 75.7212 3
      vertex 47.3378 75.7212 6
    endloop
  endfacet
  facet normal 0.0560485 -0.998428 0
    outer loop
      vertex 50.75 73 3
      vertex 51.1419 73.022 6
      vertex 50.75 73 6
    endloop
  endfacet
  facet normal 0.0560485 -0.998428 0
    outer loop
      vertex 51.1419 73.022 6
      vertex 50.75 73 3
      vertex 51.1419 73.022 3
    endloop
  endfacet
  facet normal -0.578632 0.815589 0
    outer loop
      vertex 48.8879 79.4635 3
      vertex 48.5678 79.2364 6
      vertex 48.8879 79.4635 6
    endloop
  endfacet
  facet normal -0.578632 0.815589 0
    outer loop
      vertex 48.5678 79.2364 6
      vertex 48.8879 79.4635 3
      vertex 48.5678 79.2364 3
    endloop
  endfacet
  facet normal -0.0560485 0.998428 0
    outer loop
      vertex 50.75 80 3
      vertex 50.3581 79.978 6
      vertex 50.75 80 6
    endloop
  endfacet
  facet normal -0.0560485 0.998428 0
    outer loop
      vertex 50.3581 79.978 6
      vertex 50.75 80 3
      vertex 50.3581 79.978 3
    endloop
  endfacet
  facet normal 0.745734 0.666244 0
    outer loop
      vertex 53.4864 78.6822 6
      vertex 53.2249 78.9749 3
      vertex 53.2249 78.9749 6
    endloop
  endfacet
  facet normal 0.745734 0.666244 0
    outer loop
      vertex 53.2249 78.9749 3
      vertex 53.4864 78.6822 6
      vertex 53.4864 78.6822 3
    endloop
  endfacet
  facet normal 0.875165 0.483825 0
    outer loop
      vertex 53.9034 78.0186 6
      vertex 53.7135 78.3621 3
      vertex 53.7135 78.3621 6
    endloop
  endfacet
  facet normal 0.875165 0.483825 0
    outer loop
      vertex 53.7135 78.3621 3
      vertex 53.9034 78.0186 6
      vertex 53.9034 78.0186 3
    endloop
  endfacet
  facet normal -0.923874 -0.382697 0
    outer loop
      vertex 47.5966 74.9814 3
      vertex 47.4464 75.344 6
      vertex 47.4464 75.344 3
    endloop
  endfacet
  facet normal -0.923874 -0.382697 0
    outer loop
      vertex 47.4464 75.344 6
      vertex 47.5966 74.9814 3
      vertex 47.5966 74.9814 6
    endloop
  endfacet
  facet normal 0.276672 -0.960964 0
    outer loop
      vertex 51.5288 73.0878 3
      vertex 51.906 73.1964 6
      vertex 51.5288 73.0878 6
    endloop
  endfacet
  facet normal 0.276672 -0.960964 0
    outer loop
      vertex 51.906 73.1964 6
      vertex 51.5288 73.0878 3
      vertex 51.906 73.1964 3
    endloop
  endfacet
  facet normal 0.0560485 0.998428 -0
    outer loop
      vertex 51.1419 79.978 3
      vertex 50.75 80 6
      vertex 51.1419 79.978 6
    endloop
  endfacet
  facet normal 0.0560485 0.998428 0
    outer loop
      vertex 50.75 80 6
      vertex 51.1419 79.978 3
      vertex 50.75 80 3
    endloop
  endfacet
  facet normal -0.745734 0.666244 0
    outer loop
      vertex 48.0136 78.6822 3
      vertex 48.2751 78.9749 6
      vertex 48.2751 78.9749 3
    endloop
  endfacet
  facet normal -0.745734 0.666244 0
    outer loop
      vertex 48.2751 78.9749 6
      vertex 48.0136 78.6822 3
      vertex 48.0136 78.6822 6
    endloop
  endfacet
  facet normal -0.276672 0.960964 0
    outer loop
      vertex 49.9712 79.9122 3
      vertex 49.594 79.8036 6
      vertex 49.9712 79.9122 6
    endloop
  endfacet
  facet normal -0.276672 0.960964 0
    outer loop
      vertex 49.594 79.8036 6
      vertex 49.9712 79.9122 3
      vertex 49.594 79.8036 3
    endloop
  endfacet
  facet normal 0.923874 0.382697 0
    outer loop
      vertex 54.0536 77.656 6
      vertex 53.9034 78.0186 3
      vertex 53.9034 78.0186 6
    endloop
  endfacet
  facet normal 0.923874 0.382697 0
    outer loop
      vertex 53.9034 78.0186 3
      vertex 54.0536 77.656 6
      vertex 54.0536 77.656 3
    endloop
  endfacet
  facet normal -0.167662 0.985844 0
    outer loop
      vertex 50.3581 79.978 3
      vertex 49.9712 79.9122 6
      vertex 50.3581 79.978 6
    endloop
  endfacet
  facet normal -0.167662 0.985844 0
    outer loop
      vertex 49.9712 79.9122 6
      vertex 50.3581 79.978 3
      vertex 49.9712 79.9122 3
    endloop
  endfacet
  facet normal 0.960964 -0.276672 0
    outer loop
      vertex 54.0536 75.344 6
      vertex 54.1622 75.7212 3
      vertex 54.1622 75.7212 6
    endloop
  endfacet
  facet normal 0.960964 -0.276672 0
    outer loop
      vertex 54.1622 75.7212 3
      vertex 54.0536 75.344 6
      vertex 54.0536 75.344 3
    endloop
  endfacet
  facet normal 0 0 1
    outer loop
      vertex 52.15 76.5 6
      vertex 54.25 76.5 6
      vertex 54.228 76.8919 6
    endloop
  endfacet
  facet normal 0 0 1
    outer loop
      vertex 52.1412 76.6568 6
      vertex 54.228 76.8919 6
      vertex 54.1622 77.2788 6
    endloop
  endfacet
  facet normal 0 0 1
    outer loop
      vertex 54.25 76.5 6
      vertex 52.15 76.5 6
      vertex 54.228 76.1081 6
    endloop
  endfacet
  facet normal 0 0 1
    outer loop
      vertex 52.1149 76.8115 6
      vertex 54.1622 77.2788 6
      vertex 54.0536 77.656 6
    endloop
  endfacet
  facet normal -0 0 1
    outer loop
      vertex 52.1412 76.3432 6
      vertex 54.228 76.1081 6
      vertex 52.15 76.5 6
    endloop
  endfacet
  facet normal 0 0 1
    outer loop
      vertex 52.0714 76.9624 6
      vertex 54.0536 77.656 6
      vertex 53.9034 78.0186 6
    endloop
  endfacet
  facet normal 0 0 1
    outer loop
      vertex 54.228 76.1081 6
      vertex 52.1412 76.3432 6
      vertex 54.1622 75.7212 6
    endloop
  endfacet
  facet normal 0 0 1
    outer loop
      vertex 52.0114 77.1074 6
      vertex 53.9034 78.0186 6
      vertex 53.7135 78.3621 6
    endloop
  endfacet
  facet normal -0 0 1
    outer loop
      vertex 52.1149 76.1885 6
      vertex 54.1622 75.7212 6
      vertex 52.1412 76.3432 6
    endloop
  endfacet
  facet normal 0 0 1
    outer loop
      vertex 51.9354 77.2448 6
      vertex 53.7135 78.3621 6
      vertex 53.4864 78.6822 6
    endloop
  endfacet
  facet normal 0 0 1
    outer loop
      vertex 54.1622 75.7212 6
      vertex 52.1149 76.1885 6
      vertex 54.0536 75.344 6
    endloop
  endfacet
  facet normal 0 0 1
    outer loop
      vertex 51.8446 77.3729 6
      vertex 53.4864 78.6822 6
      vertex 53.2249 78.9749 6
    endloop
  endfacet
  facet normal -0 0 1
    outer loop
      vertex 52.0714 76.0376 6
      vertex 54.0536 75.344 6
      vertex 52.1149 76.1885 6
    endloop
  endfacet
  facet normal 0 0 1
    outer loop
      vertex 51.7399 77.49 6
      vertex 53.2249 78.9749 6
      vertex 52.9322 79.2364 6
    endloop
  endfacet
  facet normal 0 0 1
    outer loop
      vertex 54.0536 75.344 6
      vertex 52.0714 76.0376 6
      vertex 53.9034 74.9814 6
    endloop
  endfacet
  facet normal 0 0 1
    outer loop
      vertex 51.6229 77.5946 6
      vertex 52.9322 79.2364 6
      vertex 52.6121 79.4635 6
    endloop
  endfacet
  facet normal -0 0 1
    outer loop
      vertex 52.0114 75.8926 6
      vertex 53.9034 74.9814 6
      vertex 52.0714 76.0376 6
    endloop
  endfacet
  facet normal 0 0 1
    outer loop
      vertex 51.4948 77.6854 6
      vertex 52.6121 79.4635 6
      vertex 52.2686 79.6534 6
    endloop
  endfacet
  facet normal 0 0 1
    outer loop
      vertex 53.9034 74.9814 6
      vertex 52.0114 75.8926 6
      vertex 53.7135 74.6379 6
    endloop
  endfacet
  facet normal -0 0 1
    outer loop
      vertex 51.9354 75.7552 6
      vertex 53.7135 74.6379 6
      vertex 52.0114 75.8926 6
    endloop
  endfacet
  facet normal 0 0 1
    outer loop
      vertex 54.228 76.8919 6
      vertex 52.1412 76.6568 6
      vertex 52.15 76.5 6
    endloop
  endfacet
  facet normal 0 0 1
    outer loop
      vertex 54.1622 77.2788 6
      vertex 52.1149 76.8115 6
      vertex 52.1412 76.6568 6
    endloop
  endfacet
  facet normal 0 0 1
    outer loop
      vertex 54.0536 77.656 6
      vertex 52.0714 76.9624 6
      vertex 52.1149 76.8115 6
    endloop
  endfacet
  facet normal 0 0 1
    outer loop
      vertex 53.9034 78.0186 6
      vertex 52.0114 77.1074 6
      vertex 52.0714 76.9624 6
    endloop
  endfacet
  facet normal 0 0 1
    outer loop
      vertex 53.7135 78.3621 6
      vertex 51.9354 77.2448 6
      vertex 52.0114 77.1074 6
    endloop
  endfacet
  facet normal 0 0 1
    outer loop
      vertex 51.3574 77.7614 6
      vertex 52.2686 79.6534 6
      vertex 51.906 79.8036 6
    endloop
  endfacet
  facet normal 0 0 1
    outer loop
      vertex 53.4864 78.6822 6
      vertex 51.8446 77.3729 6
      vertex 51.9354 77.2448 6
    endloop
  endfacet
  facet normal 0 0 1
    outer loop
      vertex 53.2249 78.9749 6
      vertex 51.7399 77.49 6
      vertex 51.8446 77.3729 6
    endloop
  endfacet
  facet normal 0 0 1
    outer loop
      vertex 52.9322 79.2364 6
      vertex 51.6229 77.5946 6
      vertex 51.7399 77.49 6
    endloop
  endfacet
  facet normal 0 0 1
    outer loop
      vertex 51.2124 77.8214 6
      vertex 51.906 79.8036 6
      vertex 51.5288 79.9122 6
    endloop
  endfacet
  facet normal 0 0 1
    outer loop
      vertex 52.6121 79.4635 6
      vertex 51.4948 77.6854 6
      vertex 51.6229 77.5946 6
    endloop
  endfacet
  facet normal 0 0 1
    outer loop
      vertex 52.2686 79.6534 6
      vertex 51.3574 77.7614 6
      vertex 51.4948 77.6854 6
    endloop
  endfacet
  facet normal 0 0 1
    outer loop
      vertex 51.906 79.8036 6
      vertex 51.2124 77.8214 6
      vertex 51.3574 77.7614 6
    endloop
  endfacet
  facet normal 0 0 1
    outer loop
      vertex 51.0615 77.8649 6
      vertex 51.5288 79.9122 6
      vertex 51.1419 79.978 6
    endloop
  endfacet
  facet normal 0 0 1
    outer loop
      vertex 51.5288 79.9122 6
      vertex 51.0615 77.8649 6
      vertex 51.2124 77.8214 6
    endloop
  endfacet
  facet normal 0 0 1
    outer loop
      vertex 51.1419 79.978 6
      vertex 50.9067 77.8912 6
      vertex 51.0615 77.8649 6
    endloop
  endfacet
  facet normal 0 0 1
    outer loop
      vertex 50.75 80 6
      vertex 50.9067 77.8912 6
      vertex 51.1419 79.978 6
    endloop
  endfacet
  facet normal 0 0 1
    outer loop
      vertex 50.75 80 6
      vertex 50.75 77.9 6
      vertex 50.9067 77.8912 6
    endloop
  endfacet
  facet normal 0 0 1
    outer loop
      vertex 50.75 80 6
      vertex 50.5933 77.8912 6
      vertex 50.75 77.9 6
    endloop
  endfacet
  facet normal -0 0 1
    outer loop
      vertex 50.3581 79.978 6
      vertex 50.5933 77.8912 6
      vertex 50.75 80 6
    endloop
  endfacet
  facet normal 0 0 1
    outer loop
      vertex 50.5933 77.8912 6
      vertex 50.3581 79.978 6
      vertex 50.4385 77.8649 6
    endloop
  endfacet
  facet normal -0 0 1
    outer loop
      vertex 49.9712 79.9122 6
      vertex 50.4385 77.8649 6
      vertex 50.3581 79.978 6
    endloop
  endfacet
  facet normal 0 0 1
    outer loop
      vertex 50.4385 77.8649 6
      vertex 49.9712 79.9122 6
      vertex 50.2876 77.8214 6
    endloop
  endfacet
  facet normal -0 0 1
    outer loop
      vertex 49.594 79.8036 6
      vertex 50.2876 77.8214 6
      vertex 49.9712 79.9122 6
    endloop
  endfacet
  facet normal 0 0 1
    outer loop
      vertex 50.2876 77.8214 6
      vertex 49.594 79.8036 6
      vertex 50.1426 77.7614 6
    endloop
  endfacet
  facet normal -0 0 1
    outer loop
      vertex 49.2314 79.6534 6
      vertex 50.1426 77.7614 6
      vertex 49.594 79.8036 6
    endloop
  endfacet
  facet normal 0 0 1
    outer loop
      vertex 50.1426 77.7614 6
      vertex 49.2314 79.6534 6
      vertex 50.0052 77.6854 6
    endloop
  endfacet
  facet normal -0 0 1
    outer loop
      vertex 48.8879 79.4635 6
      vertex 50.0052 77.6854 6
      vertex 49.2314 79.6534 6
    endloop
  endfacet
  facet normal 0 0 1
    outer loop
      vertex 50.0052 77.6854 6
      vertex 48.8879 79.4635 6
      vertex 49.8771 77.5946 6
    endloop
  endfacet
  facet normal -0 0 1
    outer loop
      vertex 48.5678 79.2364 6
      vertex 49.8771 77.5946 6
      vertex 48.8879 79.4635 6
    endloop
  endfacet
  facet normal 0 0 1
    outer loop
      vertex 49.8771 77.5946 6
      vertex 48.5678 79.2364 6
      vertex 49.7601 77.49 6
    endloop
  endfacet
  facet normal -0 0 1
    outer loop
      vertex 48.2751 78.9749 6
      vertex 49.7601 77.49 6
      vertex 48.5678 79.2364 6
    endloop
  endfacet
  facet normal 0 0 1
    outer loop
      vertex 49.7601 77.49 6
      vertex 48.2751 78.9749 6
      vertex 49.6554 77.3729 6
    endloop
  endfacet
  facet normal -0 0 1
    outer loop
      vertex 48.0136 78.6822 6
      vertex 49.6554 77.3729 6
      vertex 48.2751 78.9749 6
    endloop
  endfacet
  facet normal -0 0 1
    outer loop
      vertex 47.7865 78.3621 6
      vertex 49.5646 77.2448 6
      vertex 48.0136 78.6822 6
    endloop
  endfacet
  facet normal 0 0 1
    outer loop
      vertex 49.6554 77.3729 6
      vertex 48.0136 78.6822 6
      vertex 49.5646 77.2448 6
    endloop
  endfacet
  facet normal 0 0 1
    outer loop
      vertex 53.7135 74.6379 6
      vertex 51.9354 75.7552 6
      vertex 53.4864 74.3178 6
    endloop
  endfacet
  facet normal -0 0 1
    outer loop
      vertex 51.8446 75.6271 6
      vertex 53.4864 74.3178 6
      vertex 51.9354 75.7552 6
    endloop
  endfacet
  facet normal 0 0 1
    outer loop
      vertex 53.4864 74.3178 6
      vertex 51.8446 75.6271 6
      vertex 53.2249 74.0251 6
    endloop
  endfacet
  facet normal -0 0 1
    outer loop
      vertex 51.7399 75.51 6
      vertex 53.2249 74.0251 6
      vertex 51.8446 75.6271 6
    endloop
  endfacet
  facet normal 0 0 1
    outer loop
      vertex 53.2249 74.0251 6
      vertex 51.7399 75.51 6
      vertex 52.9322 73.7636 6
    endloop
  endfacet
  facet normal -0 0 1
    outer loop
      vertex 51.6229 75.4054 6
      vertex 52.9322 73.7636 6
      vertex 51.7399 75.51 6
    endloop
  endfacet
  facet normal 0 0 1
    outer loop
      vertex 52.9322 73.7636 6
      vertex 51.6229 75.4054 6
      vertex 52.6121 73.5365 6
    endloop
  endfacet
  facet normal -0 0 1
    outer loop
      vertex 51.4948 75.3146 6
      vertex 52.6121 73.5365 6
      vertex 51.6229 75.4054 6
    endloop
  endfacet
  facet normal 0 0 1
    outer loop
      vertex 52.6121 73.5365 6
      vertex 51.4948 75.3146 6
      vertex 52.2686 73.3466 6
    endloop
  endfacet
  facet normal -0 0 1
    outer loop
      vertex 51.3574 75.2386 6
      vertex 52.2686 73.3466 6
      vertex 51.4948 75.3146 6
    endloop
  endfacet
  facet normal 0 0 1
    outer loop
      vertex 52.2686 73.3466 6
      vertex 51.3574 75.2386 6
      vertex 51.906 73.1964 6
    endloop
  endfacet
  facet normal -0 0 1
    outer loop
      vertex 51.2124 75.1786 6
      vertex 51.906 73.1964 6
      vertex 51.3574 75.2386 6
    endloop
  endfacet
  facet normal 0 0 1
    outer loop
      vertex 51.906 73.1964 6
      vertex 51.2124 75.1786 6
      vertex 51.5288 73.0878 6
    endloop
  endfacet
  facet normal -0 0 1
    outer loop
      vertex 51.0615 75.1351 6
      vertex 51.5288 73.0878 6
      vertex 51.2124 75.1786 6
    endloop
  endfacet
  facet normal 0 0 1
    outer loop
      vertex 51.5288 73.0878 6
      vertex 51.0615 75.1351 6
      vertex 51.1419 73.022 6
    endloop
  endfacet
  facet normal -0 0 1
    outer loop
      vertex 50.9067 75.1088 6
      vertex 51.1419 73.022 6
      vertex 51.0615 75.1351 6
    endloop
  endfacet
  facet normal -0 0 1
    outer loop
      vertex 50.75 75.1 6
      vertex 51.1419 73.022 6
      vertex 50.9067 75.1088 6
    endloop
  endfacet
  facet normal 0 0 1
    outer loop
      vertex 50.75 75.1 6
      vertex 50.75 73 6
      vertex 51.1419 73.022 6
    endloop
  endfacet
  facet normal 0 0 1
    outer loop
      vertex 50.5933 75.1088 6
      vertex 50.75 73 6
      vertex 50.75 75.1 6
    endloop
  endfacet
  facet normal 0 0 1
    outer loop
      vertex 50.3581 73.022 6
      vertex 50.5933 75.1088 6
      vertex 50.4385 75.1351 6
    endloop
  endfacet
  facet normal 0 0 1
    outer loop
      vertex 50.5933 75.1088 6
      vertex 50.3581 73.022 6
      vertex 50.75 73 6
    endloop
  endfacet
  facet normal 0 0 1
    outer loop
      vertex 49.9712 73.0878 6
      vertex 50.4385 75.1351 6
      vertex 50.2876 75.1786 6
    endloop
  endfacet
  facet normal 0 0 1
    outer loop
      vertex 49.594 73.1964 6
      vertex 50.2876 75.1786 6
      vertex 50.1426 75.2386 6
    endloop
  endfacet
  facet normal 0 0 1
    outer loop
      vertex 49.2314 73.3466 6
      vertex 50.1426 75.2386 6
      vertex 50.0052 75.3146 6
    endloop
  endfacet
  facet normal 0 0 1
    outer loop
      vertex 50.4385 75.1351 6
      vertex 49.9712 73.0878 6
      vertex 50.3581 73.022 6
    endloop
  endfacet
  facet normal 0 0 1
    outer loop
      vertex 48.8879 73.5365 6
      vertex 50.0052 75.3146 6
      vertex 49.8771 75.4054 6
    endloop
  endfacet
  facet normal 0 0 1
    outer loop
      vertex 48.5678 73.7636 6
      vertex 49.8771 75.4054 6
      vertex 49.7601 75.51 6
    endloop
  endfacet
  facet normal 0 0 1
    outer loop
      vertex 48.2751 74.0251 6
      vertex 49.7601 75.51 6
      vertex 49.6554 75.6271 6
    endloop
  endfacet
  facet normal 0 0 1
    outer loop
      vertex 50.2876 75.1786 6
      vertex 49.594 73.1964 6
      vertex 49.9712 73.0878 6
    endloop
  endfacet
  facet normal 0 0 1
    outer loop
      vertex 48.0136 74.3178 6
      vertex 49.6554 75.6271 6
      vertex 49.5646 75.7552 6
    endloop
  endfacet
  facet normal 0 0 1
    outer loop
      vertex 47.7865 74.6379 6
      vertex 49.5646 75.7552 6
      vertex 49.4886 75.8926 6
    endloop
  endfacet
  facet normal 0 0 1
    outer loop
      vertex 47.5966 74.9814 6
      vertex 49.4886 75.8926 6
      vertex 49.4286 76.0376 6
    endloop
  endfacet
  facet normal 0 0 1
    outer loop
      vertex 47.4464 75.344 6
      vertex 49.4286 76.0376 6
      vertex 49.3851 76.1885 6
    endloop
  endfacet
  facet normal 0 0 1
    outer loop
      vertex 47.3378 75.7212 6
      vertex 49.3851 76.1885 6
      vertex 49.3588 76.3432 6
    endloop
  endfacet
  facet normal 0 0 1
    outer loop
      vertex 50.1426 75.2386 6
      vertex 49.2314 73.3466 6
      vertex 49.594 73.1964 6
    endloop
  endfacet
  facet normal 0 0 1
    outer loop
      vertex 47.272 76.1081 6
      vertex 49.3588 76.3432 6
      vertex 49.35 76.5 6
    endloop
  endfacet
  facet normal 0 0 1
    outer loop
      vertex 49.5646 77.2448 6
      vertex 47.7865 78.3621 6
      vertex 49.4886 77.1074 6
    endloop
  endfacet
  facet normal -0 0 1
    outer loop
      vertex 47.5966 78.0186 6
      vertex 49.4886 77.1074 6
      vertex 47.7865 78.3621 6
    endloop
  endfacet
  facet normal 0 0 1
    outer loop
      vertex 50.0052 75.3146 6
      vertex 48.8879 73.5365 6
      vertex 49.2314 73.3466 6
    endloop
  endfacet
  facet normal 0 0 1
    outer loop
      vertex 49.4886 77.1074 6
      vertex 47.5966 78.0186 6
      vertex 49.4286 76.9624 6
    endloop
  endfacet
  facet normal 0 0 1
    outer loop
      vertex 49.8771 75.4054 6
      vertex 48.5678 73.7636 6
      vertex 48.8879 73.5365 6
    endloop
  endfacet
  facet normal -0 0 1
    outer loop
      vertex 47.4464 77.656 6
      vertex 49.4286 76.9624 6
      vertex 47.5966 78.0186 6
    endloop
  endfacet
  facet normal 0 0 1
    outer loop
      vertex 49.7601 75.51 6
      vertex 48.2751 74.0251 6
      vertex 48.5678 73.7636 6
    endloop
  endfacet
  facet normal 0 0 1
    outer loop
      vertex 49.4286 76.9624 6
      vertex 47.4464 77.656 6
      vertex 49.3851 76.8115 6
    endloop
  endfacet
  facet normal 0 0 1
    outer loop
      vertex 49.6554 75.6271 6
      vertex 48.0136 74.3178 6
      vertex 48.2751 74.0251 6
    endloop
  endfacet
  facet normal -0 0 1
    outer loop
      vertex 47.3378 77.2788 6
      vertex 49.3851 76.8115 6
      vertex 47.4464 77.656 6
    endloop
  endfacet
  facet normal 0 0 1
    outer loop
      vertex 49.5646 75.7552 6
      vertex 47.7865 74.6379 6
      vertex 48.0136 74.3178 6
    endloop
  endfacet
  facet normal 0 0 1
    outer loop
      vertex 49.3851 76.8115 6
      vertex 47.3378 77.2788 6
      vertex 49.3588 76.6568 6
    endloop
  endfacet
  facet normal 0 0 1
    outer loop
      vertex 49.4886 75.8926 6
      vertex 47.5966 74.9814 6
      vertex 47.7865 74.6379 6
    endloop
  endfacet
  facet normal -0 0 1
    outer loop
      vertex 47.272 76.8919 6
      vertex 49.3588 76.6568 6
      vertex 47.3378 77.2788 6
    endloop
  endfacet
  facet normal 0 0 1
    outer loop
      vertex 49.4286 76.0376 6
      vertex 47.4464 75.344 6
      vertex 47.5966 74.9814 6
    endloop
  endfacet
  facet normal 0 0 1
    outer loop
      vertex 49.3588 76.6568 6
      vertex 47.272 76.8919 6
      vertex 49.35 76.5 6
    endloop
  endfacet
  facet normal 0 0 1
    outer loop
      vertex 49.3851 76.1885 6
      vertex 47.3378 75.7212 6
      vertex 47.4464 75.344 6
    endloop
  endfacet
  facet normal 0 0 1
    outer loop
      vertex 47.25 76.5 6
      vertex 49.35 76.5 6
      vertex 47.272 76.8919 6
    endloop
  endfacet
  facet normal 0 0 1
    outer loop
      vertex 49.3588 76.3432 6
      vertex 47.272 76.1081 6
      vertex 47.3378 75.7212 6
    endloop
  endfacet
  facet normal 0 0 1
    outer loop
      vertex 49.35 76.5 6
      vertex 47.25 76.5 6
      vertex 47.272 76.1081 6
    endloop
  endfacet
  facet normal -0.960964 0.276672 0
    outer loop
      vertex 47.3378 77.2788 3
      vertex 47.4464 77.656 6
      vertex 47.4464 77.656 3
    endloop
  endfacet
  facet normal -0.960964 0.276672 0
    outer loop
      vertex 47.4464 77.656 6
      vertex 47.3378 77.2788 3
      vertex 47.3378 77.2788 6
    endloop
  endfacet
  facet normal -0.483825 0.875165 0
    outer loop
      vertex 49.2314 79.6534 3
      vertex 48.8879 79.4635 6
      vertex 49.2314 79.6534 6
    endloop
  endfacet
  facet normal -0.483825 0.875165 0
    outer loop
      vertex 48.8879 79.4635 6
      vertex 49.2314 79.6534 3
      vertex 48.8879 79.4635 3
    endloop
  endfacet
  facet normal -0.666244 -0.745734 0
    outer loop
      vertex 48.2751 74.0251 3
      vertex 48.5678 73.7636 6
      vertex 48.2751 74.0251 6
    endloop
  endfacet
  facet normal -0.666244 -0.745734 -0
    outer loop
      vertex 48.5678 73.7636 6
      vertex 48.2751 74.0251 3
      vertex 48.5678 73.7636 3
    endloop
  endfacet
  facet normal 0.815589 0.578632 0
    outer loop
      vertex 53.7135 78.3621 6
      vertex 53.4864 78.6822 3
      vertex 53.4864 78.6822 6
    endloop
  endfacet
  facet normal 0.815589 0.578632 0
    outer loop
      vertex 53.4864 78.6822 3
      vertex 53.7135 78.3621 6
      vertex 53.7135 78.3621 3
    endloop
  endfacet
  facet normal -0.875165 0.483825 0
    outer loop
      vertex 47.5966 78.0186 3
      vertex 47.7865 78.3621 6
      vertex 47.7865 78.3621 3
    endloop
  endfacet
  facet normal -0.875165 0.483825 0
    outer loop
      vertex 47.7865 78.3621 6
      vertex 47.5966 78.0186 3
      vertex 47.5966 78.0186 6
    endloop
  endfacet
  facet normal 0.167662 -0.985844 0
    outer loop
      vertex 51.1419 73.022 3
      vertex 51.5288 73.0878 6
      vertex 51.1419 73.022 6
    endloop
  endfacet
  facet normal 0.167662 -0.985844 0
    outer loop
      vertex 51.5288 73.0878 6
      vertex 51.1419 73.022 3
      vertex 51.5288 73.0878 3
    endloop
  endfacet
  facet normal 0.985844 -0.167662 0
    outer loop
      vertex 54.1622 75.7212 6
      vertex 54.228 76.1081 3
      vertex 54.228 76.1081 6
    endloop
  endfacet
  facet normal 0.985844 -0.167662 0
    outer loop
      vertex 54.228 76.1081 3
      vertex 54.1622 75.7212 6
      vertex 54.1622 75.7212 3
    endloop
  endfacet
  facet normal -0.998428 -0.0560485 0
    outer loop
      vertex 47.272 76.1081 3
      vertex 47.25 76.5 6
      vertex 47.25 76.5 3
    endloop
  endfacet
  facet normal -0.998428 -0.0560485 0
    outer loop
      vertex 47.25 76.5 6
      vertex 47.272 76.1081 3
      vertex 47.272 76.1081 6
    endloop
  endfacet
  facet normal -0.998428 0.0560485 0
    outer loop
      vertex 47.25 76.5 3
      vertex 47.272 76.8919 6
      vertex 47.272 76.8919 3
    endloop
  endfacet
  facet normal -0.998428 0.0560485 0
    outer loop
      vertex 47.272 76.8919 6
      vertex 47.25 76.5 3
      vertex 47.25 76.5 6
    endloop
  endfacet
  facet normal 0.276672 0.960964 -0
    outer loop
      vertex 51.906 79.8036 3
      vertex 51.5288 79.9122 6
      vertex 51.906 79.8036 6
    endloop
  endfacet
  facet normal 0.276672 0.960964 0
    outer loop
      vertex 51.5288 79.9122 6
      vertex 51.906 79.8036 3
      vertex 51.5288 79.9122 3
    endloop
  endfacet
  facet normal -0.745734 -0.666244 0
    outer loop
      vertex 48.2751 74.0251 3
      vertex 48.0136 74.3178 6
      vertex 48.0136 74.3178 3
    endloop
  endfacet
  facet normal -0.745734 -0.666244 0
    outer loop
      vertex 48.0136 74.3178 6
      vertex 48.2751 74.0251 3
      vertex 48.2751 74.0251 6
    endloop
  endfacet
  facet normal 0.815589 -0.578632 0
    outer loop
      vertex 53.4864 74.3178 6
      vertex 53.7135 74.6379 3
      vertex 53.7135 74.6379 6
    endloop
  endfacet
  facet normal 0.815589 -0.578632 0
    outer loop
      vertex 53.7135 74.6379 3
      vertex 53.4864 74.3178 6
      vertex 53.4864 74.3178 3
    endloop
  endfacet
  facet normal 0.578632 -0.815589 0
    outer loop
      vertex 52.6121 73.5365 3
      vertex 52.9322 73.7636 6
      vertex 52.6121 73.5365 6
    endloop
  endfacet
  facet normal 0.578632 -0.815589 0
    outer loop
      vertex 52.9322 73.7636 6
      vertex 52.6121 73.5365 3
      vertex 52.9322 73.7636 3
    endloop
  endfacet
  facet normal 0.578632 0.815589 -0
    outer loop
      vertex 52.9322 79.2364 3
      vertex 52.6121 79.4635 6
      vertex 52.9322 79.2364 6
    endloop
  endfacet
  facet normal 0.578632 0.815589 0
    outer loop
      vertex 52.6121 79.4635 6
      vertex 52.9322 79.2364 3
      vertex 52.6121 79.4635 3
    endloop
  endfacet
  facet normal 0.666244 -0.745734 0
    outer loop
      vertex 52.9322 73.7636 3
      vertex 53.2249 74.0251 6
      vertex 52.9322 73.7636 6
    endloop
  endfacet
  facet normal 0.666244 -0.745734 0
    outer loop
      vertex 53.2249 74.0251 6
      vertex 52.9322 73.7636 3
      vertex 53.2249 74.0251 3
    endloop
  endfacet
  facet normal -0.923874 0.382697 0
    outer loop
      vertex 47.4464 77.656 3
      vertex 47.5966 78.0186 6
      vertex 47.5966 78.0186 3
    endloop
  endfacet
  facet normal -0.923874 0.382697 0
    outer loop
      vertex 47.5966 78.0186 6
      vertex 47.4464 77.656 3
      vertex 47.4464 77.656 6
    endloop
  endfacet
  facet normal 0.923874 -0.382697 0
    outer loop
      vertex 53.9034 74.9814 6
      vertex 54.0536 75.344 3
      vertex 54.0536 75.344 6
    endloop
  endfacet
  facet normal 0.923874 -0.382697 0
    outer loop
      vertex 54.0536 75.344 3
      vertex 53.9034 74.9814 6
      vertex 53.9034 74.9814 3
    endloop
  endfacet
  facet normal 0.483825 -0.875165 0
    outer loop
      vertex 52.2686 73.3466 3
      vertex 52.6121 73.5365 6
      vertex 52.2686 73.3466 6
    endloop
  endfacet
  facet normal 0.483825 -0.875165 0
    outer loop
      vertex 52.6121 73.5365 6
      vertex 52.2686 73.3466 3
      vertex 52.6121 73.5365 3
    endloop
  endfacet
  facet normal 0.483825 0.875165 -0
    outer loop
      vertex 52.6121 79.4635 3
      vertex 52.2686 79.6534 6
      vertex 52.6121 79.4635 6
    endloop
  endfacet
  facet normal 0.483825 0.875165 0
    outer loop
      vertex 52.2686 79.6534 6
      vertex 52.6121 79.4635 3
      vertex 52.2686 79.6534 3
    endloop
  endfacet
  facet normal -0.382697 0.923874 0
    outer loop
      vertex 49.594 79.8036 3
      vertex 49.2314 79.6534 6
      vertex 49.594 79.8036 6
    endloop
  endfacet
  facet normal -0.382697 0.923874 0
    outer loop
      vertex 49.2314 79.6534 6
      vertex 49.594 79.8036 3
      vertex 49.2314 79.6534 3
    endloop
  endfacet
  facet normal -0.382697 -0.923874 0
    outer loop
      vertex 49.2314 73.3466 3
      vertex 49.594 73.1964 6
      vertex 49.2314 73.3466 6
    endloop
  endfacet
  facet normal -0.382697 -0.923874 -0
    outer loop
      vertex 49.594 73.1964 6
      vertex 49.2314 73.3466 3
      vertex 49.594 73.1964 3
    endloop
  endfacet
  facet normal -0.167662 -0.985844 0
    outer loop
      vertex 49.9712 73.0878 3
      vertex 50.3581 73.022 6
      vertex 49.9712 73.0878 6
    endloop
  endfacet
  facet normal -0.167662 -0.985844 -0
    outer loop
      vertex 50.3581 73.022 6
      vertex 49.9712 73.0878 3
      vertex 50.3581 73.022 3
    endloop
  endfacet
  facet normal -0.875165 -0.483825 0
    outer loop
      vertex 47.7865 74.6379 3
      vertex 47.5966 74.9814 6
      vertex 47.5966 74.9814 3
    endloop
  endfacet
  facet normal -0.875165 -0.483825 0
    outer loop
      vertex 47.5966 74.9814 6
      vertex 47.7865 74.6379 3
      vertex 47.7865 74.6379 6
    endloop
  endfacet
  facet normal -0.815589 0.578632 0
    outer loop
      vertex 47.7865 78.3621 3
      vertex 48.0136 78.6822 6
      vertex 48.0136 78.6822 3
    endloop
  endfacet
  facet normal -0.815589 0.578632 0
    outer loop
      vertex 48.0136 78.6822 6
      vertex 47.7865 78.3621 3
      vertex 47.7865 78.3621 6
    endloop
  endfacet
  facet normal 0.382697 0.923874 -0
    outer loop
      vertex 52.2686 79.6534 3
      vertex 51.906 79.8036 6
      vertex 52.2686 79.6534 6
    endloop
  endfacet
  facet normal 0.382697 0.923874 0
    outer loop
      vertex 51.906 79.8036 6
      vertex 52.2686 79.6534 3
      vertex 51.906 79.8036 3
    endloop
  endfacet
  facet normal -0.960964 -0.276672 0
    outer loop
      vertex 47.4464 75.344 3
      vertex 47.3378 75.7212 6
      vertex 47.3378 75.7212 3
    endloop
  endfacet
  facet normal -0.960964 -0.276672 0
    outer loop
      vertex 47.3378 75.7212 6
      vertex 47.4464 75.344 3
      vertex 47.4464 75.344 6
    endloop
  endfacet
  facet normal 0.875165 -0.483825 0
    outer loop
      vertex 53.7135 74.6379 6
      vertex 53.9034 74.9814 3
      vertex 53.9034 74.9814 6
    endloop
  endfacet
  facet normal 0.875165 -0.483825 0
    outer loop
      vertex 53.9034 74.9814 3
      vertex 53.7135 74.6379 6
      vertex 53.7135 74.6379 3
    endloop
  endfacet
  facet normal -0.276672 -0.960964 0
    outer loop
      vertex 49.594 73.1964 3
      vertex 49.9712 73.0878 6
      vertex 49.594 73.1964 6
    endloop
  endfacet
  facet normal -0.276672 -0.960964 -0
    outer loop
      vertex 49.9712 73.0878 6
      vertex 49.594 73.1964 3
      vertex 49.9712 73.0878 3
    endloop
  endfacet
  facet normal -0.815589 -0.578632 0
    outer loop
      vertex 48.0136 74.3178 3
      vertex 47.7865 74.6379 6
      vertex 47.7865 74.6379 3
    endloop
  endfacet
  facet normal -0.815589 -0.578632 0
    outer loop
      vertex 47.7865 74.6379 6
      vertex 48.0136 74.3178 3
      vertex 48.0136 74.3178 6
    endloop
  endfacet
  facet normal -0.0560485 -0.998428 0
    outer loop
      vertex 50.3581 73.022 3
      vertex 50.75 73 6
      vertex 50.3581 73.022 6
    endloop
  endfacet
  facet normal -0.0560485 -0.998428 -0
    outer loop
      vertex 50.75 73 6
      vertex 50.3581 73.022 3
      vertex 50.75 73 3
    endloop
  endfacet
  facet normal 0.666497 -0.745508 0
    outer loop
      vertex 49.7601 77.49 3
      vertex 49.8771 77.5946 6
      vertex 49.7601 77.49 6
    endloop
  endfacet
  facet normal 0.666497 -0.745508 0
    outer loop
      vertex 49.8771 77.5946 6
      vertex 49.7601 77.49 3
      vertex 49.8771 77.5946 3
    endloop
  endfacet
  facet normal -0.985855 -0.167602 0
    outer loop
      vertex 52.1412 76.6568 3
      vertex 52.1149 76.8115 6
      vertex 52.1149 76.8115 3
    endloop
  endfacet
  facet normal -0.985855 -0.167602 0
    outer loop
      vertex 52.1149 76.8115 6
      vertex 52.1412 76.6568 3
      vertex 52.1412 76.6568 6
    endloop
  endfacet
  facet normal -0.998429 0.0560343 0
    outer loop
      vertex 52.1412 76.3432 3
      vertex 52.15 76.5 6
      vertex 52.15 76.5 3
    endloop
  endfacet
  facet normal -0.998429 0.0560343 0
    outer loop
      vertex 52.15 76.5 6
      vertex 52.1412 76.3432 3
      vertex 52.1412 76.3432 6
    endloop
  endfacet
  facet normal -0.167496 -0.985873 0
    outer loop
      vertex 50.9067 77.8912 3
      vertex 51.0615 77.8649 6
      vertex 50.9067 77.8912 6
    endloop
  endfacet
  facet normal -0.167496 -0.985873 -0
    outer loop
      vertex 51.0615 77.8649 6
      vertex 50.9067 77.8912 3
      vertex 51.0615 77.8649 3
    endloop
  endfacet
  facet normal -0.666497 0.745508 0
    outer loop
      vertex 51.7399 75.51 3
      vertex 51.6229 75.4054 6
      vertex 51.7399 75.51 6
    endloop
  endfacet
  facet normal -0.666497 0.745508 0
    outer loop
      vertex 51.6229 75.4054 6
      vertex 51.7399 75.51 3
      vertex 51.6229 75.4054 3
    endloop
  endfacet
  facet normal -0.960872 -0.276991 0
    outer loop
      vertex 52.1149 76.8115 3
      vertex 52.0714 76.9624 6
      vertex 52.0714 76.9624 3
    endloop
  endfacet
  facet normal -0.960872 -0.276991 0
    outer loop
      vertex 52.0714 76.9624 6
      vertex 52.1149 76.8115 3
      vertex 52.1149 76.8115 6
    endloop
  endfacet
  facet normal -0.666497 -0.745508 0
    outer loop
      vertex 51.6229 77.5946 3
      vertex 51.7399 77.49 6
      vertex 51.6229 77.5946 6
    endloop
  endfacet
  facet normal -0.666497 -0.745508 -0
    outer loop
      vertex 51.7399 77.49 6
      vertex 51.6229 77.5946 3
      vertex 51.7399 77.49 3
    endloop
  endfacet
  facet normal 0.985855 -0.167602 0
    outer loop
      vertex 49.3588 76.6568 6
      vertex 49.3851 76.8115 3
      vertex 49.3851 76.8115 6
    endloop
  endfacet
  facet normal 0.985855 -0.167602 0
    outer loop
      vertex 49.3851 76.8115 3
      vertex 49.3588 76.6568 6
      vertex 49.3588 76.6568 3
    endloop
  endfacet
  facet normal -0.382352 0.924017 0
    outer loop
      vertex 51.3574 75.2386 3
      vertex 51.2124 75.1786 6
      vertex 51.3574 75.2386 6
    endloop
  endfacet
  facet normal -0.382352 0.924017 0
    outer loop
      vertex 51.2124 75.1786 6
      vertex 51.3574 75.2386 3
      vertex 51.2124 75.1786 3
    endloop
  endfacet
  facet normal 0.578282 0.815837 -0
    outer loop
      vertex 50.0052 75.3146 3
      vertex 49.8771 75.4054 6
      vertex 50.0052 75.3146 6
    endloop
  endfacet
  facet normal 0.578282 0.815837 0
    outer loop
      vertex 49.8771 75.4054 6
      vertex 50.0052 75.3146 3
      vertex 49.8771 75.4054 3
    endloop
  endfacet
  facet normal -0.745474 0.666534 0
    outer loop
      vertex 51.7399 75.51 3
      vertex 51.8446 75.6271 6
      vertex 51.8446 75.6271 3
    endloop
  endfacet
  facet normal -0.745474 0.666534 0
    outer loop
      vertex 51.8446 75.6271 6
      vertex 51.7399 75.51 3
      vertex 51.7399 75.51 6
    endloop
  endfacet
  facet normal 0.48402 0.875057 -0
    outer loop
      vertex 50.1426 75.2386 3
      vertex 50.0052 75.3146 6
      vertex 50.1426 75.2386 6
    endloop
  endfacet
  facet normal 0.48402 0.875057 0
    outer loop
      vertex 50.0052 75.3146 6
      vertex 50.1426 75.2386 3
      vertex 50.0052 75.3146 3
    endloop
  endfacet
  facet normal -0.998429 -0.0560343 0
    outer loop
      vertex 52.15 76.5 3
      vertex 52.1412 76.6568 6
      vertex 52.1412 76.6568 3
    endloop
  endfacet
  facet normal -0.998429 -0.0560343 0
    outer loop
      vertex 52.1412 76.6568 6
      vertex 52.15 76.5 3
      vertex 52.15 76.5 6
    endloop
  endfacet
  facet normal 0.985855 0.167602 0
    outer loop
      vertex 49.3851 76.1885 6
      vertex 49.3588 76.3432 3
      vertex 49.3588 76.3432 6
    endloop
  endfacet
  facet normal 0.985855 0.167602 0
    outer loop
      vertex 49.3588 76.3432 3
      vertex 49.3851 76.1885 6
      vertex 49.3851 76.1885 3
    endloop
  endfacet
  facet normal -0.0560699 0.998427 0
    outer loop
      vertex 50.9067 75.1088 3
      vertex 50.75 75.1 6
      vertex 50.9067 75.1088 6
    endloop
  endfacet
  facet normal -0.0560699 0.998427 0
    outer loop
      vertex 50.75 75.1 6
      vertex 50.9067 75.1088 3
      vertex 50.75 75.1 3
    endloop
  endfacet
  facet normal 0.578282 -0.815837 0
    outer loop
      vertex 49.8771 77.5946 3
      vertex 50.0052 77.6854 6
      vertex 49.8771 77.5946 6
    endloop
  endfacet
  facet normal 0.578282 -0.815837 0
    outer loop
      vertex 50.0052 77.6854 6
      vertex 49.8771 77.5946 3
      vertex 50.0052 77.6854 3
    endloop
  endfacet
  facet normal 0.0560699 -0.998427 0
    outer loop
      vertex 50.5933 77.8912 3
      vertex 50.75 77.9 6
      vertex 50.5933 77.8912 6
    endloop
  endfacet
  facet normal 0.0560699 -0.998427 0
    outer loop
      vertex 50.75 77.9 6
      vertex 50.5933 77.8912 3
      vertex 50.75 77.9 3
    endloop
  endfacet
  facet normal -0.745474 -0.666534 0
    outer loop
      vertex 51.8446 77.3729 3
      vertex 51.7399 77.49 6
      vertex 51.7399 77.49 3
    endloop
  endfacet
  facet normal -0.745474 -0.666534 0
    outer loop
      vertex 51.7399 77.49 6
      vertex 51.8446 77.3729 3
      vertex 51.8446 77.3729 6
    endloop
  endfacet
  facet normal -0.875057 -0.48402 0
    outer loop
      vertex 52.0114 77.1074 3
      vertex 51.9354 77.2448 6
      vertex 51.9354 77.2448 3
    endloop
  endfacet
  facet normal -0.875057 -0.48402 0
    outer loop
      vertex 51.9354 77.2448 6
      vertex 52.0114 77.1074 3
      vertex 52.0114 77.1074 6
    endloop
  endfacet
  facet normal 0.924017 0.382352 0
    outer loop
      vertex 49.4886 75.8926 6
      vertex 49.4286 76.0376 3
      vertex 49.4286 76.0376 6
    endloop
  endfacet
  facet normal 0.924017 0.382352 0
    outer loop
      vertex 49.4286 76.0376 3
      vertex 49.4886 75.8926 6
      vertex 49.4886 75.8926 3
    endloop
  endfacet
  facet normal -0.276991 0.960872 0
    outer loop
      vertex 51.2124 75.1786 3
      vertex 51.0615 75.1351 6
      vertex 51.2124 75.1786 6
    endloop
  endfacet
  facet normal -0.276991 0.960872 0
    outer loop
      vertex 51.0615 75.1351 6
      vertex 51.2124 75.1786 3
      vertex 51.0615 75.1351 3
    endloop
  endfacet
  facet normal -0.0560699 -0.998427 0
    outer loop
      vertex 50.75 77.9 3
      vertex 50.9067 77.8912 6
      vertex 50.75 77.9 6
    endloop
  endfacet
  facet normal -0.0560699 -0.998427 -0
    outer loop
      vertex 50.9067 77.8912 6
      vertex 50.75 77.9 3
      vertex 50.9067 77.8912 3
    endloop
  endfacet
  facet normal 0.745474 -0.666534 0
    outer loop
      vertex 49.6554 77.3729 6
      vertex 49.7601 77.49 3
      vertex 49.7601 77.49 6
    endloop
  endfacet
  facet normal 0.745474 -0.666534 0
    outer loop
      vertex 49.7601 77.49 3
      vertex 49.6554 77.3729 6
      vertex 49.6554 77.3729 3
    endloop
  endfacet
  facet normal 0.276991 -0.960872 0
    outer loop
      vertex 50.2876 77.8214 3
      vertex 50.4385 77.8649 6
      vertex 50.2876 77.8214 6
    endloop
  endfacet
  facet normal 0.276991 -0.960872 0
    outer loop
      vertex 50.4385 77.8649 6
      vertex 50.2876 77.8214 3
      vertex 50.4385 77.8649 3
    endloop
  endfacet
  facet normal -0.924017 -0.382352 0
    outer loop
      vertex 52.0714 76.9624 3
      vertex 52.0114 77.1074 6
      vertex 52.0114 77.1074 3
    endloop
  endfacet
  facet normal -0.924017 -0.382352 0
    outer loop
      vertex 52.0114 77.1074 6
      vertex 52.0714 76.9624 3
      vertex 52.0714 76.9624 6
    endloop
  endfacet
  facet normal 0.167496 -0.985873 0
    outer loop
      vertex 50.4385 77.8649 3
      vertex 50.5933 77.8912 6
      vertex 50.4385 77.8649 6
    endloop
  endfacet
  facet normal 0.167496 -0.985873 0
    outer loop
      vertex 50.5933 77.8912 6
      vertex 50.4385 77.8649 3
      vertex 50.5933 77.8912 3
    endloop
  endfacet
  facet normal -0.960872 0.276991 0
    outer loop
      vertex 52.0714 76.0376 3
      vertex 52.1149 76.1885 6
      vertex 52.1149 76.1885 3
    endloop
  endfacet
  facet normal -0.960872 0.276991 0
    outer loop
      vertex 52.1149 76.1885 6
      vertex 52.0714 76.0376 3
      vertex 52.0714 76.0376 6
    endloop
  endfacet
  facet normal 0.960872 -0.276991 0
    outer loop
      vertex 49.3851 76.8115 6
      vertex 49.4286 76.9624 3
      vertex 49.4286 76.9624 6
    endloop
  endfacet
  facet normal 0.960872 -0.276991 0
    outer loop
      vertex 49.4286 76.9624 3
      vertex 49.3851 76.8115 6
      vertex 49.3851 76.8115 3
    endloop
  endfacet
  facet normal 0.48402 -0.875057 0
    outer loop
      vertex 50.0052 77.6854 3
      vertex 50.1426 77.7614 6
      vertex 50.0052 77.6854 6
    endloop
  endfacet
  facet normal 0.48402 -0.875057 0
    outer loop
      vertex 50.1426 77.7614 6
      vertex 50.0052 77.6854 3
      vertex 50.1426 77.7614 3
    endloop
  endfacet
  facet normal 0.666497 0.745508 -0
    outer loop
      vertex 49.8771 75.4054 3
      vertex 49.7601 75.51 6
      vertex 49.8771 75.4054 6
    endloop
  endfacet
  facet normal 0.666497 0.745508 0
    outer loop
      vertex 49.7601 75.51 6
      vertex 49.8771 75.4054 3
      vertex 49.7601 75.51 3
    endloop
  endfacet
  facet normal -0.815837 -0.578282 0
    outer loop
      vertex 51.9354 77.2448 3
      vertex 51.8446 77.3729 6
      vertex 51.8446 77.3729 3
    endloop
  endfacet
  facet normal -0.815837 -0.578282 0
    outer loop
      vertex 51.8446 77.3729 6
      vertex 51.9354 77.2448 3
      vertex 51.9354 77.2448 6
    endloop
  endfacet
  facet normal -0.167496 0.985873 0
    outer loop
      vertex 51.0615 75.1351 3
      vertex 50.9067 75.1088 6
      vertex 51.0615 75.1351 6
    endloop
  endfacet
  facet normal -0.167496 0.985873 0
    outer loop
      vertex 50.9067 75.1088 6
      vertex 51.0615 75.1351 3
      vertex 50.9067 75.1088 3
    endloop
  endfacet
  facet normal -0.985855 0.167602 0
    outer loop
      vertex 52.1149 76.1885 3
      vertex 52.1412 76.3432 6
      vertex 52.1412 76.3432 3
    endloop
  endfacet
  facet normal -0.985855 0.167602 0
    outer loop
      vertex 52.1412 76.3432 6
      vertex 52.1149 76.1885 3
      vertex 52.1149 76.1885 6
    endloop
  endfacet
  facet normal 0.998429 0.0560343 0
    outer loop
      vertex 49.3588 76.3432 6
      vertex 49.35 76.5 3
      vertex 49.35 76.5 6
    endloop
  endfacet
  facet normal 0.998429 0.0560343 0
    outer loop
      vertex 49.35 76.5 3
      vertex 49.3588 76.3432 6
      vertex 49.3588 76.3432 3
    endloop
  endfacet
  facet normal 0.998429 -0.0560343 0
    outer loop
      vertex 49.35 76.5 6
      vertex 49.3588 76.6568 3
      vertex 49.3588 76.6568 6
    endloop
  endfacet
  facet normal 0.998429 -0.0560343 0
    outer loop
      vertex 49.3588 76.6568 3
      vertex 49.35 76.5 6
      vertex 49.35 76.5 3
    endloop
  endfacet
  facet normal -0.276991 -0.960872 0
    outer loop
      vertex 51.0615 77.8649 3
      vertex 51.2124 77.8214 6
      vertex 51.0615 77.8649 6
    endloop
  endfacet
  facet normal -0.276991 -0.960872 -0
    outer loop
      vertex 51.2124 77.8214 6
      vertex 51.0615 77.8649 3
      vertex 51.2124 77.8214 3
    endloop
  endfacet
  facet normal 0.745474 0.666534 0
    outer loop
      vertex 49.7601 75.51 6
      vertex 49.6554 75.6271 3
      vertex 49.6554 75.6271 6
    endloop
  endfacet
  facet normal 0.745474 0.666534 0
    outer loop
      vertex 49.6554 75.6271 3
      vertex 49.7601 75.51 6
      vertex 49.7601 75.51 3
    endloop
  endfacet
  facet normal -0.815837 0.578282 0
    outer loop
      vertex 51.8446 75.6271 3
      vertex 51.9354 75.7552 6
      vertex 51.9354 75.7552 3
    endloop
  endfacet
  facet normal -0.815837 0.578282 0
    outer loop
      vertex 51.9354 75.7552 6
      vertex 51.8446 75.6271 3
      vertex 51.8446 75.6271 6
    endloop
  endfacet
  facet normal -0.578282 0.815837 0
    outer loop
      vertex 51.6229 75.4054 3
      vertex 51.4948 75.3146 6
      vertex 51.6229 75.4054 6
    endloop
  endfacet
  facet normal -0.578282 0.815837 0
    outer loop
      vertex 51.4948 75.3146 6
      vertex 51.6229 75.4054 3
      vertex 51.4948 75.3146 3
    endloop
  endfacet
  facet normal -0.578282 -0.815837 0
    outer loop
      vertex 51.4948 77.6854 3
      vertex 51.6229 77.5946 6
      vertex 51.4948 77.6854 6
    endloop
  endfacet
  facet normal -0.578282 -0.815837 -0
    outer loop
      vertex 51.6229 77.5946 6
      vertex 51.4948 77.6854 3
      vertex 51.6229 77.5946 3
    endloop
  endfacet
  facet normal 0.924017 -0.382352 0
    outer loop
      vertex 49.4286 76.9624 6
      vertex 49.4886 77.1074 3
      vertex 49.4886 77.1074 6
    endloop
  endfacet
  facet normal 0.924017 -0.382352 0
    outer loop
      vertex 49.4886 77.1074 3
      vertex 49.4286 76.9624 6
      vertex 49.4286 76.9624 3
    endloop
  endfacet
  facet normal -0.924017 0.382352 0
    outer loop
      vertex 52.0114 75.8926 3
      vertex 52.0714 76.0376 6
      vertex 52.0714 76.0376 3
    endloop
  endfacet
  facet normal -0.924017 0.382352 0
    outer loop
      vertex 52.0714 76.0376 6
      vertex 52.0114 75.8926 3
      vertex 52.0114 75.8926 6
    endloop
  endfacet
  facet normal -0.48402 0.875057 0
    outer loop
      vertex 51.4948 75.3146 3
      vertex 51.3574 75.2386 6
      vertex 51.4948 75.3146 6
    endloop
  endfacet
  facet normal -0.48402 0.875057 0
    outer loop
      vertex 51.3574 75.2386 6
      vertex 51.4948 75.3146 3
      vertex 51.3574 75.2386 3
    endloop
  endfacet
  facet normal -0.48402 -0.875057 0
    outer loop
      vertex 51.3574 77.7614 3
      vertex 51.4948 77.6854 6
      vertex 51.3574 77.7614 6
    endloop
  endfacet
  facet normal -0.48402 -0.875057 -0
    outer loop
      vertex 51.4948 77.6854 6
      vertex 51.3574 77.7614 3
      vertex 51.4948 77.6854 3
    endloop
  endfacet
  facet normal 0.382352 -0.924017 0
    outer loop
      vertex 50.1426 77.7614 3
      vertex 50.2876 77.8214 6
      vertex 50.1426 77.7614 6
    endloop
  endfacet
  facet normal 0.382352 -0.924017 0
    outer loop
      vertex 50.2876 77.8214 6
      vertex 50.1426 77.7614 3
      vertex 50.2876 77.8214 3
    endloop
  endfacet
  facet normal 0.382352 0.924017 -0
    outer loop
      vertex 50.2876 75.1786 3
      vertex 50.1426 75.2386 6
      vertex 50.2876 75.1786 6
    endloop
  endfacet
  facet normal 0.382352 0.924017 0
    outer loop
      vertex 50.1426 75.2386 6
      vertex 50.2876 75.1786 3
      vertex 50.1426 75.2386 3
    endloop
  endfacet
  facet normal 0.167496 0.985873 -0
    outer loop
      vertex 50.5933 75.1088 3
      vertex 50.4385 75.1351 6
      vertex 50.5933 75.1088 6
    endloop
  endfacet
  facet normal 0.167496 0.985873 0
    outer loop
      vertex 50.4385 75.1351 6
      vertex 50.5933 75.1088 3
      vertex 50.4385 75.1351 3
    endloop
  endfacet
  facet normal 0.875057 0.48402 0
    outer loop
      vertex 49.5646 75.7552 6
      vertex 49.4886 75.8926 3
      vertex 49.4886 75.8926 6
    endloop
  endfacet
  facet normal 0.875057 0.48402 0
    outer loop
      vertex 49.4886 75.8926 3
      vertex 49.5646 75.7552 6
      vertex 49.5646 75.7552 3
    endloop
  endfacet
  facet normal 0.815837 -0.578282 0
    outer loop
      vertex 49.5646 77.2448 6
      vertex 49.6554 77.3729 3
      vertex 49.6554 77.3729 6
    endloop
  endfacet
  facet normal 0.815837 -0.578282 0
    outer loop
      vertex 49.6554 77.3729 3
      vertex 49.5646 77.2448 6
      vertex 49.5646 77.2448 3
    endloop
  endfacet
  facet normal -0.382352 -0.924017 0
    outer loop
      vertex 51.2124 77.8214 3
      vertex 51.3574 77.7614 6
      vertex 51.2124 77.8214 6
    endloop
  endfacet
  facet normal -0.382352 -0.924017 -0
    outer loop
      vertex 51.3574 77.7614 6
      vertex 51.2124 77.8214 3
      vertex 51.3574 77.7614 3
    endloop
  endfacet
  facet normal 0.960872 0.276991 0
    outer loop
      vertex 49.4286 76.0376 6
      vertex 49.3851 76.1885 3
      vertex 49.3851 76.1885 6
    endloop
  endfacet
  facet normal 0.960872 0.276991 0
    outer loop
      vertex 49.3851 76.1885 3
      vertex 49.4286 76.0376 6
      vertex 49.4286 76.0376 3
    endloop
  endfacet
  facet normal -0.875057 0.48402 0
    outer loop
      vertex 51.9354 75.7552 3
      vertex 52.0114 75.8926 6
      vertex 52.0114 75.8926 3
    endloop
  endfacet
  facet normal -0.875057 0.48402 0
    outer loop
      vertex 52.0114 75.8926 6
      vertex 51.9354 75.7552 3
      vertex 51.9354 75.7552 6
    endloop
  endfacet
  facet normal 0.276991 0.960872 -0
    outer loop
      vertex 50.4385 75.1351 3
      vertex 50.2876 75.1786 6
      vertex 50.4385 75.1351 6
    endloop
  endfacet
  facet normal 0.276991 0.960872 0
    outer loop
      vertex 50.2876 75.1786 6
      vertex 50.4385 75.1351 3
      vertex 50.2876 75.1786 3
    endloop
  endfacet
  facet normal 0.815837 0.578282 0
    outer loop
      vertex 49.6554 75.6271 6
      vertex 49.5646 75.7552 3
      vertex 49.5646 75.7552 6
    endloop
  endfacet
  facet normal 0.815837 0.578282 0
    outer loop
      vertex 49.5646 75.7552 3
      vertex 49.6554 75.6271 6
      vertex 49.6554 75.6271 3
    endloop
  endfacet
  facet normal 0.0560699 0.998427 -0
    outer loop
      vertex 50.75 75.1 3
      vertex 50.5933 75.1088 6
      vertex 50.75 75.1 6
    endloop
  endfacet
  facet normal 0.0560699 0.998427 0
    outer loop
      vertex 50.5933 75.1088 6
      vertex 50.75 75.1 3
      vertex 50.5933 75.1088 3
    endloop
  endfacet
  facet normal 0.875057 -0.48402 0
    outer loop
      vertex 49.4886 77.1074 6
      vertex 49.5646 77.2448 3
      vertex 49.5646 77.2448 6
    endloop
  endfacet
  facet normal 0.875057 -0.48402 0
    outer loop
      vertex 49.5646 77.2448 3
      vertex 49.4886 77.1074 6
      vertex 49.4886 77.1074 3
    endloop
  endfacet
  facet normal -0.665534 0.746367 0
    outer loop
      vertex 48.5678 169.236 3
      vertex 48.2751 168.975 6
      vertex 48.5678 169.236 6
    endloop
  endfacet
  facet normal -0.665534 0.746367 0
    outer loop
      vertex 48.2751 168.975 6
      vertex 48.5678 169.236 3
      vertex 48.2751 168.975 3
    endloop
  endfacet
  facet normal 0.985852 0.16762 0
    outer loop
      vertex 54.228 166.892 6
      vertex 54.1622 167.279 3
      vertex 54.1622 167.279 6
    endloop
  endfacet
  facet normal 0.985852 0.16762 0
    outer loop
      vertex 54.1622 167.279 3
      vertex 54.228 166.892 6
      vertex 54.228 166.892 3
    endloop
  endfacet
  facet normal 0.998429 -0.0560343 0
    outer loop
      vertex 54.228 166.108 6
      vertex 54.25 166.5 3
      vertex 54.25 166.5 6
    endloop
  endfacet
  facet normal 0.998429 -0.0560343 0
    outer loop
      vertex 54.25 166.5 3
      vertex 54.228 166.108 6
      vertex 54.228 166.108 3
    endloop
  endfacet
  facet normal 0.168158 0.98576 -0
    outer loop
      vertex 51.5288 169.912 3
      vertex 51.1419 169.978 6
      vertex 51.5288 169.912 6
    endloop
  endfacet
  facet normal 0.168158 0.98576 0
    outer loop
      vertex 51.1419 169.978 6
      vertex 51.5288 169.912 3
      vertex 51.1419 169.978 3
    endloop
  endfacet
  facet normal 0.960925 0.276808 0
    outer loop
      vertex 54.1622 167.279 6
      vertex 54.0536 167.656 3
      vertex 54.0536 167.656 6
    endloop
  endfacet
  facet normal 0.960925 0.276808 0
    outer loop
      vertex 54.0536 167.656 3
      vertex 54.1622 167.279 6
      vertex 54.1622 167.279 3
    endloop
  endfacet
  facet normal 0.665534 0.746367 -0
    outer loop
      vertex 53.2249 168.975 3
      vertex 52.9322 169.236 6
      vertex 53.2249 168.975 6
    endloop
  endfacet
  facet normal 0.665534 0.746367 0
    outer loop
      vertex 52.9322 169.236 6
      vertex 53.2249 168.975 3
      vertex 52.9322 169.236 3
    endloop
  endfacet
  facet normal 0 0 -1
    outer loop
      vertex 52.15 166.5 3
      vertex 54.25 166.5 3
      vertex 54.228 166.108 3
    endloop
  endfacet
  facet normal 0 0 -1
    outer loop
      vertex 52.1412 166.343 3
      vertex 54.228 166.108 3
      vertex 54.1622 165.721 3
    endloop
  endfacet
  facet normal 0 0 -1
    outer loop
      vertex 54.25 166.5 3
      vertex 52.15 166.5 3
      vertex 54.228 166.892 3
    endloop
  endfacet
  facet normal 0 0 -1
    outer loop
      vertex 52.1149 166.188 3
      vertex 54.1622 165.721 3
      vertex 54.0536 165.344 3
    endloop
  endfacet
  facet normal 0 0 -1
    outer loop
      vertex 52.1412 166.657 3
      vertex 54.228 166.892 3
      vertex 52.15 166.5 3
    endloop
  endfacet
  facet normal 0 0 -1
    outer loop
      vertex 52.0714 166.038 3
      vertex 54.0536 165.344 3
      vertex 53.9111 165 3
    endloop
  endfacet
  facet normal -0 0 -1
    outer loop
      vertex 54.228 166.892 3
      vertex 52.1412 166.657 3
      vertex 54.1622 167.279 3
    endloop
  endfacet
  facet normal 0 0 -1
    outer loop
      vertex 52.1149 166.812 3
      vertex 54.1622 167.279 3
      vertex 52.1412 166.657 3
    endloop
  endfacet
  facet normal 0 0 -1
    outer loop
      vertex 52.0714 166.962 3
      vertex 54.0536 167.656 3
      vertex 52.1149 166.812 3
    endloop
  endfacet
  facet normal -0 0 -1
    outer loop
      vertex 54.0536 167.656 3
      vertex 52.0714 166.962 3
      vertex 53.9034 168.019 3
    endloop
  endfacet
  facet normal -0 0 -1
    outer loop
      vertex 53.9034 168.019 3
      vertex 52.0114 167.107 3
      vertex 53.7135 168.362 3
    endloop
  endfacet
  facet normal 0 0 -1
    outer loop
      vertex 51.9354 167.245 3
      vertex 53.7135 168.362 3
      vertex 52.0114 167.107 3
    endloop
  endfacet
  facet normal 0 0 -1
    outer loop
      vertex 51.8446 167.373 3
      vertex 53.4864 168.682 3
      vertex 51.9354 167.245 3
    endloop
  endfacet
  facet normal -0 0 -1
    outer loop
      vertex 54.1622 167.279 3
      vertex 52.1149 166.812 3
      vertex 54.0536 167.656 3
    endloop
  endfacet
  facet normal 0 0 -1
    outer loop
      vertex 54.228 166.108 3
      vertex 52.1412 166.343 3
      vertex 52.15 166.5 3
    endloop
  endfacet
  facet normal 0 0 -1
    outer loop
      vertex 54.1622 165.721 3
      vertex 52.1149 166.188 3
      vertex 52.1412 166.343 3
    endloop
  endfacet
  facet normal 0 0 -1
    outer loop
      vertex 54.0536 165.344 3
      vertex 52.0714 166.038 3
      vertex 52.1149 166.188 3
    endloop
  endfacet
  facet normal 0 0 -1
    outer loop
      vertex 53.9111 165 3
      vertex 52.0114 165.893 3
      vertex 52.0714 166.038 3
    endloop
  endfacet
  facet normal 0 0 -1
    outer loop
      vertex 53.9111 165 3
      vertex 51.9354 165.755 3
      vertex 52.0114 165.893 3
    endloop
  endfacet
  facet normal 0 0 -1
    outer loop
      vertex 53.9111 165 3
      vertex 51.8446 165.627 3
      vertex 51.9354 165.755 3
    endloop
  endfacet
  facet normal 0 0 -1
    outer loop
      vertex 53.9111 165 3
      vertex 51.7399 165.51 3
      vertex 51.8446 165.627 3
    endloop
  endfacet
  facet normal 0 0 -1
    outer loop
      vertex 53.9111 165 3
      vertex 51.6229 165.405 3
      vertex 51.7399 165.51 3
    endloop
  endfacet
  facet normal 0 0 -1
    outer loop
      vertex 53.9111 165 3
      vertex 51.4948 165.315 3
      vertex 51.6229 165.405 3
    endloop
  endfacet
  facet normal 0 0 -1
    outer loop
      vertex 53.9111 165 3
      vertex 51.3574 165.239 3
      vertex 51.4948 165.315 3
    endloop
  endfacet
  facet normal 0 0 -1
    outer loop
      vertex 53.9111 165 3
      vertex 51.2124 165.179 3
      vertex 51.3574 165.239 3
    endloop
  endfacet
  facet normal 0 0 -1
    outer loop
      vertex 53.9111 165 3
      vertex 51.0615 165.135 3
      vertex 51.2124 165.179 3
    endloop
  endfacet
  facet normal 0 0 -1
    outer loop
      vertex 53.9111 165 3
      vertex 50.9067 165.109 3
      vertex 51.0615 165.135 3
    endloop
  endfacet
  facet normal 0 0 -1
    outer loop
      vertex 53.9111 165 3
      vertex 50.75 165.1 3
      vertex 50.9067 165.109 3
    endloop
  endfacet
  facet normal 0 0 -1
    outer loop
      vertex 50.0052 167.685 3
      vertex 48.8879 169.464 3
      vertex 49.2314 169.653 3
    endloop
  endfacet
  facet normal 0 0 -1
    outer loop
      vertex 47.25 166.5 3
      vertex 49.35 166.5 3
      vertex 49.3588 166.343 3
    endloop
  endfacet
  facet normal 0 0 -1
    outer loop
      vertex 49.3588 166.657 3
      vertex 48.5678 169.236 3
      vertex 48.8879 169.464 3
    endloop
  endfacet
  facet normal 0 0 -1
    outer loop
      vertex 47.272 166.108 3
      vertex 49.3588 166.343 3
      vertex 49.3851 166.188 3
    endloop
  endfacet
  facet normal 0 0 -1
    outer loop
      vertex 49.3588 166.657 3
      vertex 48.2751 168.975 3
      vertex 48.5678 169.236 3
    endloop
  endfacet
  facet normal 0 0 -1
    outer loop
      vertex 47.3378 165.721 3
      vertex 49.3851 166.188 3
      vertex 49.4286 166.038 3
    endloop
  endfacet
  facet normal 0 0 -1
    outer loop
      vertex 49.3588 166.657 3
      vertex 48.0136 168.682 3
      vertex 48.2751 168.975 3
    endloop
  endfacet
  facet normal 0 0 -1
    outer loop
      vertex 47.4464 165.344 3
      vertex 49.4286 166.038 3
      vertex 49.4886 165.893 3
    endloop
  endfacet
  facet normal 0 0 -1
    outer loop
      vertex 49.3588 166.657 3
      vertex 47.7865 168.362 3
      vertex 48.0136 168.682 3
    endloop
  endfacet
  facet normal 0 0 -1
    outer loop
      vertex 47.5889 165 3
      vertex 49.4886 165.893 3
      vertex 49.5646 165.755 3
    endloop
  endfacet
  facet normal 0 0 -1
    outer loop
      vertex 49.3588 166.657 3
      vertex 47.5966 168.019 3
      vertex 47.7865 168.362 3
    endloop
  endfacet
  facet normal 0 0 -1
    outer loop
      vertex 47.5889 165 3
      vertex 49.5646 165.755 3
      vertex 49.6554 165.627 3
    endloop
  endfacet
  facet normal 0 0 -1
    outer loop
      vertex 47.5889 165 3
      vertex 50.75 165.1 3
      vertex 53.9111 165 3
    endloop
  endfacet
  facet normal 0 0 -1
    outer loop
      vertex 47.5889 165 3
      vertex 50.5933 165.109 3
      vertex 50.75 165.1 3
    endloop
  endfacet
  facet normal 0 0 -1
    outer loop
      vertex 47.5889 165 3
      vertex 50.4385 165.135 3
      vertex 50.5933 165.109 3
    endloop
  endfacet
  facet normal 0 0 -1
    outer loop
      vertex 47.5889 165 3
      vertex 50.2876 165.179 3
      vertex 50.4385 165.135 3
    endloop
  endfacet
  facet normal 0 0 -1
    outer loop
      vertex 47.5889 165 3
      vertex 50.1426 165.239 3
      vertex 50.2876 165.179 3
    endloop
  endfacet
  facet normal 0 0 -1
    outer loop
      vertex 47.5889 165 3
      vertex 50.0052 165.315 3
      vertex 50.1426 165.239 3
    endloop
  endfacet
  facet normal 0 0 -1
    outer loop
      vertex 47.5889 165 3
      vertex 49.8771 165.405 3
      vertex 50.0052 165.315 3
    endloop
  endfacet
  facet normal 0 0 -1
    outer loop
      vertex 47.5889 165 3
      vertex 49.7601 165.51 3
      vertex 49.8771 165.405 3
    endloop
  endfacet
  facet normal 0 0 -1
    outer loop
      vertex 47.5889 165 3
      vertex 49.6554 165.627 3
      vertex 49.7601 165.51 3
    endloop
  endfacet
  facet normal 0 0 -1
    outer loop
      vertex 49.4886 165.893 3
      vertex 47.5889 165 3
      vertex 47.4464 165.344 3
    endloop
  endfacet
  facet normal 0 0 -1
    outer loop
      vertex 49.4286 166.038 3
      vertex 47.4464 165.344 3
      vertex 47.3378 165.721 3
    endloop
  endfacet
  facet normal 0 0 -1
    outer loop
      vertex 49.3588 166.657 3
      vertex 47.4464 167.656 3
      vertex 47.5966 168.019 3
    endloop
  endfacet
  facet normal 0 0 -1
    outer loop
      vertex 49.3851 166.188 3
      vertex 47.3378 165.721 3
      vertex 47.272 166.108 3
    endloop
  endfacet
  facet normal 0 0 -1
    outer loop
      vertex 49.3588 166.657 3
      vertex 47.3378 167.279 3
      vertex 47.4464 167.656 3
    endloop
  endfacet
  facet normal -0 0 -1
    outer loop
      vertex 49.3588 166.343 3
      vertex 47.272 166.108 3
      vertex 47.25 166.5 3
    endloop
  endfacet
  facet normal 0 0 -1
    outer loop
      vertex 49.3588 166.657 3
      vertex 47.272 166.892 3
      vertex 47.3378 167.279 3
    endloop
  endfacet
  facet normal 0 0 -1
    outer loop
      vertex 49.35 166.5 3
      vertex 47.25 166.5 3
      vertex 47.272 166.892 3
    endloop
  endfacet
  facet normal 0 0 -1
    outer loop
      vertex 52.0114 167.107 3
      vertex 53.9034 168.019 3
      vertex 52.0714 166.962 3
    endloop
  endfacet
  facet normal -0 0 -1
    outer loop
      vertex 53.7135 168.362 3
      vertex 51.9354 167.245 3
      vertex 53.4864 168.682 3
    endloop
  endfacet
  facet normal -0 0 -1
    outer loop
      vertex 53.4864 168.682 3
      vertex 51.8446 167.373 3
      vertex 53.2249 168.975 3
    endloop
  endfacet
  facet normal 0 0 -1
    outer loop
      vertex 51.7399 167.49 3
      vertex 53.2249 168.975 3
      vertex 51.8446 167.373 3
    endloop
  endfacet
  facet normal -0 0 -1
    outer loop
      vertex 53.2249 168.975 3
      vertex 51.7399 167.49 3
      vertex 52.9322 169.236 3
    endloop
  endfacet
  facet normal 0 0 -1
    outer loop
      vertex 51.6229 167.595 3
      vertex 52.9322 169.236 3
      vertex 51.7399 167.49 3
    endloop
  endfacet
  facet normal -0 0 -1
    outer loop
      vertex 52.9322 169.236 3
      vertex 51.6229 167.595 3
      vertex 52.6121 169.464 3
    endloop
  endfacet
  facet normal 0 0 -1
    outer loop
      vertex 51.4948 167.685 3
      vertex 52.6121 169.464 3
      vertex 51.6229 167.595 3
    endloop
  endfacet
  facet normal -0 0 -1
    outer loop
      vertex 52.6121 169.464 3
      vertex 51.4948 167.685 3
      vertex 52.2686 169.653 3
    endloop
  endfacet
  facet normal 0 0 -1
    outer loop
      vertex 51.3574 167.761 3
      vertex 52.2686 169.653 3
      vertex 51.4948 167.685 3
    endloop
  endfacet
  facet normal -0 0 -1
    outer loop
      vertex 52.2686 169.653 3
      vertex 51.3574 167.761 3
      vertex 51.906 169.804 3
    endloop
  endfacet
  facet normal 0 0 -1
    outer loop
      vertex 51.2124 167.821 3
      vertex 51.906 169.804 3
      vertex 51.3574 167.761 3
    endloop
  endfacet
  facet normal -0 0 -1
    outer loop
      vertex 51.906 169.804 3
      vertex 51.2124 167.821 3
      vertex 51.5288 169.912 3
    endloop
  endfacet
  facet normal 0 0 -1
    outer loop
      vertex 51.0615 167.865 3
      vertex 51.5288 169.912 3
      vertex 51.2124 167.821 3
    endloop
  endfacet
  facet normal -0 0 -1
    outer loop
      vertex 51.5288 169.912 3
      vertex 51.0615 167.865 3
      vertex 51.1419 169.978 3
    endloop
  endfacet
  facet normal 0 0 -1
    outer loop
      vertex 50.9067 167.891 3
      vertex 51.1419 169.978 3
      vertex 51.0615 167.865 3
    endloop
  endfacet
  facet normal 0 0 -1
    outer loop
      vertex 50.75 167.9 3
      vertex 51.1419 169.978 3
      vertex 50.9067 167.891 3
    endloop
  endfacet
  facet normal 0 0 -1
    outer loop
      vertex 50.75 167.9 3
      vertex 50.75 170 3
      vertex 51.1419 169.978 3
    endloop
  endfacet
  facet normal 0 0 -1
    outer loop
      vertex 50.5933 167.891 3
      vertex 50.75 170 3
      vertex 50.75 167.9 3
    endloop
  endfacet
  facet normal 0 0 -1
    outer loop
      vertex 50.3581 169.978 3
      vertex 50.5933 167.891 3
      vertex 50.4385 167.865 3
    endloop
  endfacet
  facet normal 0 0 -1
    outer loop
      vertex 50.5933 167.891 3
      vertex 50.3581 169.978 3
      vertex 50.75 170 3
    endloop
  endfacet
  facet normal 0 0 -1
    outer loop
      vertex 49.9712 169.912 3
      vertex 50.4385 167.865 3
      vertex 50.2876 167.821 3
    endloop
  endfacet
  facet normal 0 0 -1
    outer loop
      vertex 49.594 169.804 3
      vertex 50.2876 167.821 3
      vertex 50.1426 167.761 3
    endloop
  endfacet
  facet normal 0 0 -1
    outer loop
      vertex 49.2314 169.653 3
      vertex 50.1426 167.761 3
      vertex 50.0052 167.685 3
    endloop
  endfacet
  facet normal 0 0 -1
    outer loop
      vertex 50.4385 167.865 3
      vertex 49.9712 169.912 3
      vertex 50.3581 169.978 3
    endloop
  endfacet
  facet normal 0 0 -1
    outer loop
      vertex 48.8879 169.464 3
      vertex 50.0052 167.685 3
      vertex 49.8771 167.595 3
    endloop
  endfacet
  facet normal 0 0 -1
    outer loop
      vertex 48.8879 169.464 3
      vertex 49.8771 167.595 3
      vertex 49.7601 167.49 3
    endloop
  endfacet
  facet normal 0 0 -1
    outer loop
      vertex 48.8879 169.464 3
      vertex 49.7601 167.49 3
      vertex 49.6554 167.373 3
    endloop
  endfacet
  facet normal 0 0 -1
    outer loop
      vertex 50.2876 167.821 3
      vertex 49.594 169.804 3
      vertex 49.9712 169.912 3
    endloop
  endfacet
  facet normal 0 0 -1
    outer loop
      vertex 48.8879 169.464 3
      vertex 49.6554 167.373 3
      vertex 49.5646 167.245 3
    endloop
  endfacet
  facet normal 0 0 -1
    outer loop
      vertex 48.8879 169.464 3
      vertex 49.5646 167.245 3
      vertex 49.4886 167.107 3
    endloop
  endfacet
  facet normal 0 0 -1
    outer loop
      vertex 48.8879 169.464 3
      vertex 49.4886 167.107 3
      vertex 49.4286 166.962 3
    endloop
  endfacet
  facet normal 0 0 -1
    outer loop
      vertex 48.8879 169.464 3
      vertex 49.4286 166.962 3
      vertex 49.3851 166.812 3
    endloop
  endfacet
  facet normal 0 0 -1
    outer loop
      vertex 48.8879 169.464 3
      vertex 49.3851 166.812 3
      vertex 49.3588 166.657 3
    endloop
  endfacet
  facet normal 0 0 -1
    outer loop
      vertex 50.1426 167.761 3
      vertex 49.2314 169.653 3
      vertex 49.594 169.804 3
    endloop
  endfacet
  facet normal 0 0 -1
    outer loop
      vertex 47.272 166.892 3
      vertex 49.3588 166.657 3
      vertex 49.35 166.5 3
    endloop
  endfacet
  facet normal -0.985852 0.16762 0
    outer loop
      vertex 47.272 166.892 3
      vertex 47.3378 167.279 6
      vertex 47.3378 167.279 3
    endloop
  endfacet
  facet normal -0.985852 0.16762 0
    outer loop
      vertex 47.3378 167.279 6
      vertex 47.272 166.892 3
      vertex 47.272 166.892 6
    endloop
  endfacet
  facet normal 0.998429 0.0560343 0
    outer loop
      vertex 54.25 166.5 6
      vertex 54.228 166.892 3
      vertex 54.228 166.892 6
    endloop
  endfacet
  facet normal 0.998429 0.0560343 0
    outer loop
      vertex 54.228 166.892 3
      vertex 54.25 166.5 6
      vertex 54.25 166.5 3
    endloop
  endfacet
  facet normal -0.985852 -0.16762 0
    outer loop
      vertex 47.3378 165.721 3
      vertex 47.272 166.108 6
      vertex 47.272 166.108 3
    endloop
  endfacet
  facet normal -0.985852 -0.16762 0
    outer loop
      vertex 47.272 166.108 6
      vertex 47.3378 165.721 3
      vertex 47.3378 165.721 6
    endloop
  endfacet
  facet normal -0.580155 0.814506 0
    outer loop
      vertex 48.8879 169.464 3
      vertex 48.5678 169.236 6
      vertex 48.8879 169.464 6
    endloop
  endfacet
  facet normal -0.580155 0.814506 0
    outer loop
      vertex 48.5678 169.236 6
      vertex 48.8879 169.464 3
      vertex 48.5678 169.236 3
    endloop
  endfacet
  facet normal -0.0560485 0.998428 0
    outer loop
      vertex 50.75 170 3
      vertex 50.3581 169.978 6
      vertex 50.75 170 6
    endloop
  endfacet
  facet normal -0.0560485 0.998428 0
    outer loop
      vertex 50.3581 169.978 6
      vertex 50.75 170 3
      vertex 50.3581 169.978 3
    endloop
  endfacet
  facet normal 0.746073 0.665864 0
    outer loop
      vertex 53.4864 168.682 6
      vertex 53.2249 168.975 3
      vertex 53.2249 168.975 6
    endloop
  endfacet
  facet normal 0.746073 0.665864 0
    outer loop
      vertex 53.2249 168.975 3
      vertex 53.4864 168.682 6
      vertex 53.4864 168.682 3
    endloop
  endfacet
  facet normal 0.874866 0.484365 0
    outer loop
      vertex 53.9034 168.019 6
      vertex 53.7135 168.362 3
      vertex 53.7135 168.362 6
    endloop
  endfacet
  facet normal 0.874866 0.484365 0
    outer loop
      vertex 53.7135 168.362 3
      vertex 53.9034 168.019 6
      vertex 53.9034 168.019 3
    endloop
  endfacet
  facet normal -0.92387 -0.382708 0
    outer loop
      vertex 47.5889 165 3
      vertex 47.4464 165.344 6
      vertex 47.4464 165.344 3
    endloop
  endfacet
  facet normal -0.92387 -0.382708 0
    outer loop
      vertex 47.4464 165.344 6
      vertex 47.5889 165 3
      vertex 47.5889 165 6
    endloop
  endfacet
  facet normal 0.0560485 0.998428 -0
    outer loop
      vertex 51.1419 169.978 3
      vertex 50.75 170 6
      vertex 51.1419 169.978 6
    endloop
  endfacet
  facet normal 0.0560485 0.998428 0
    outer loop
      vertex 50.75 170 6
      vertex 51.1419 169.978 3
      vertex 50.75 170 3
    endloop
  endfacet
  facet normal -0.746073 0.665864 0
    outer loop
      vertex 48.0136 168.682 3
      vertex 48.2751 168.975 6
      vertex 48.2751 168.975 3
    endloop
  endfacet
  facet normal -0.746073 0.665864 0
    outer loop
      vertex 48.2751 168.975 6
      vertex 48.0136 168.682 3
      vertex 48.0136 168.682 6
    endloop
  endfacet
  facet normal -0.27526 0.96137 0
    outer loop
      vertex 49.9712 169.912 3
      vertex 49.594 169.804 6
      vertex 49.9712 169.912 6
    endloop
  endfacet
  facet normal -0.27526 0.96137 0
    outer loop
      vertex 49.594 169.804 6
      vertex 49.9712 169.912 3
      vertex 49.594 169.804 3
    endloop
  endfacet
  facet normal 0.924023 0.382337 0
    outer loop
      vertex 54.0536 167.656 6
      vertex 53.9034 168.019 3
      vertex 53.9034 168.019 6
    endloop
  endfacet
  facet normal 0.924023 0.382337 0
    outer loop
      vertex 53.9034 168.019 3
      vertex 54.0536 167.656 6
      vertex 54.0536 167.656 3
    endloop
  endfacet
  facet normal -0.168158 0.98576 0
    outer loop
      vertex 50.3581 169.978 3
      vertex 49.9712 169.912 6
      vertex 50.3581 169.978 6
    endloop
  endfacet
  facet normal -0.168158 0.98576 0
    outer loop
      vertex 49.9712 169.912 6
      vertex 50.3581 169.978 3
      vertex 49.9712 169.912 3
    endloop
  endfacet
  facet normal 0.960925 -0.276808 0
    outer loop
      vertex 54.0536 165.344 6
      vertex 54.1622 165.721 3
      vertex 54.1622 165.721 6
    endloop
  endfacet
  facet normal 0.960925 -0.276808 0
    outer loop
      vertex 54.1622 165.721 3
      vertex 54.0536 165.344 6
      vertex 54.0536 165.344 3
    endloop
  endfacet
  facet normal 0 0 1
    outer loop
      vertex 54.228 166.892 6
      vertex 52.1412 166.657 6
      vertex 52.15 166.5 6
    endloop
  endfacet
  facet normal 0 0 1
    outer loop
      vertex 52.6121 169.464 6
      vertex 52.1149 166.812 6
      vertex 52.1412 166.657 6
    endloop
  endfacet
  facet normal 0 0 1
    outer loop
      vertex 52.6121 169.464 6
      vertex 52.0714 166.962 6
      vertex 52.1149 166.812 6
    endloop
  endfacet
  facet normal 0 0 1
    outer loop
      vertex 52.6121 169.464 6
      vertex 52.0114 167.107 6
      vertex 52.0714 166.962 6
    endloop
  endfacet
  facet normal 0 0 1
    outer loop
      vertex 52.6121 169.464 6
      vertex 51.9354 167.245 6
      vertex 52.0114 167.107 6
    endloop
  endfacet
  facet normal 0 0 1
    outer loop
      vertex 51.3574 167.761 6
      vertex 52.2686 169.653 6
      vertex 51.906 169.804 6
    endloop
  endfacet
  facet normal 0 0 1
    outer loop
      vertex 52.6121 169.464 6
      vertex 51.8446 167.373 6
      vertex 51.9354 167.245 6
    endloop
  endfacet
  facet normal 0 0 1
    outer loop
      vertex 52.6121 169.464 6
      vertex 51.7399 167.49 6
      vertex 51.8446 167.373 6
    endloop
  endfacet
  facet normal 0 0 1
    outer loop
      vertex 52.6121 169.464 6
      vertex 51.6229 167.595 6
      vertex 51.7399 167.49 6
    endloop
  endfacet
  facet normal 0 0 1
    outer loop
      vertex 51.2124 167.821 6
      vertex 51.906 169.804 6
      vertex 51.5288 169.912 6
    endloop
  endfacet
  facet normal 0 0 1
    outer loop
      vertex 52.6121 169.464 6
      vertex 51.4948 167.685 6
      vertex 51.6229 167.595 6
    endloop
  endfacet
  facet normal 0 0 1
    outer loop
      vertex 52.2686 169.653 6
      vertex 51.3574 167.761 6
      vertex 51.4948 167.685 6
    endloop
  endfacet
  facet normal 0 0 1
    outer loop
      vertex 51.906 169.804 6
      vertex 51.2124 167.821 6
      vertex 51.3574 167.761 6
    endloop
  endfacet
  facet normal 0 0 1
    outer loop
      vertex 51.0615 167.865 6
      vertex 51.5288 169.912 6
      vertex 51.1419 169.978 6
    endloop
  endfacet
  facet normal 0 0 1
    outer loop
      vertex 51.5288 169.912 6
      vertex 51.0615 167.865 6
      vertex 51.2124 167.821 6
    endloop
  endfacet
  facet normal 0 0 1
    outer loop
      vertex 51.1419 169.978 6
      vertex 50.9067 167.891 6
      vertex 51.0615 167.865 6
    endloop
  endfacet
  facet normal 0 0 1
    outer loop
      vertex 50.75 170 6
      vertex 50.9067 167.891 6
      vertex 51.1419 169.978 6
    endloop
  endfacet
  facet normal 0 0 1
    outer loop
      vertex 50.75 170 6
      vertex 50.75 167.9 6
      vertex 50.9067 167.891 6
    endloop
  endfacet
  facet normal 0 0 1
    outer loop
      vertex 50.75 170 6
      vertex 50.5933 167.891 6
      vertex 50.75 167.9 6
    endloop
  endfacet
  facet normal -0 0 1
    outer loop
      vertex 50.3581 169.978 6
      vertex 50.5933 167.891 6
      vertex 50.75 170 6
    endloop
  endfacet
  facet normal 0 0 1
    outer loop
      vertex 50.5933 167.891 6
      vertex 50.3581 169.978 6
      vertex 50.4385 167.865 6
    endloop
  endfacet
  facet normal -0 0 1
    outer loop
      vertex 49.9712 169.912 6
      vertex 50.4385 167.865 6
      vertex 50.3581 169.978 6
    endloop
  endfacet
  facet normal 0 0 1
    outer loop
      vertex 50.4385 167.865 6
      vertex 49.9712 169.912 6
      vertex 50.2876 167.821 6
    endloop
  endfacet
  facet normal -0 0 1
    outer loop
      vertex 49.594 169.804 6
      vertex 50.2876 167.821 6
      vertex 49.9712 169.912 6
    endloop
  endfacet
  facet normal 0 0 1
    outer loop
      vertex 50.2876 167.821 6
      vertex 49.594 169.804 6
      vertex 50.1426 167.761 6
    endloop
  endfacet
  facet normal -0 0 1
    outer loop
      vertex 49.2314 169.653 6
      vertex 50.1426 167.761 6
      vertex 49.594 169.804 6
    endloop
  endfacet
  facet normal 0 0 1
    outer loop
      vertex 50.1426 167.761 6
      vertex 49.2314 169.653 6
      vertex 50.0052 167.685 6
    endloop
  endfacet
  facet normal -0 0 1
    outer loop
      vertex 48.8879 169.464 6
      vertex 50.0052 167.685 6
      vertex 49.2314 169.653 6
    endloop
  endfacet
  facet normal 0 0 1
    outer loop
      vertex 50.0052 167.685 6
      vertex 48.8879 169.464 6
      vertex 49.8771 167.595 6
    endloop
  endfacet
  facet normal -0 0 1
    outer loop
      vertex 48.5678 169.236 6
      vertex 49.8771 167.595 6
      vertex 48.8879 169.464 6
    endloop
  endfacet
  facet normal 0 0 1
    outer loop
      vertex 49.8771 167.595 6
      vertex 48.5678 169.236 6
      vertex 49.7601 167.49 6
    endloop
  endfacet
  facet normal -0 0 1
    outer loop
      vertex 48.2751 168.975 6
      vertex 49.7601 167.49 6
      vertex 48.5678 169.236 6
    endloop
  endfacet
  facet normal 0 0 1
    outer loop
      vertex 49.7601 167.49 6
      vertex 48.2751 168.975 6
      vertex 49.6554 167.373 6
    endloop
  endfacet
  facet normal -0 0 1
    outer loop
      vertex 48.0136 168.682 6
      vertex 49.6554 167.373 6
      vertex 48.2751 168.975 6
    endloop
  endfacet
  facet normal -0 0 1
    outer loop
      vertex 47.7865 168.362 6
      vertex 49.5646 167.245 6
      vertex 48.0136 168.682 6
    endloop
  endfacet
  facet normal 0 0 1
    outer loop
      vertex 49.6554 167.373 6
      vertex 48.0136 168.682 6
      vertex 49.5646 167.245 6
    endloop
  endfacet
  facet normal 0 0 1
    outer loop
      vertex 52.15 166.5 6
      vertex 54.25 166.5 6
      vertex 54.228 166.892 6
    endloop
  endfacet
  facet normal 0 0 1
    outer loop
      vertex 52.1412 166.657 6
      vertex 54.228 166.892 6
      vertex 54.1622 167.279 6
    endloop
  endfacet
  facet normal 0 0 1
    outer loop
      vertex 54.25 166.5 6
      vertex 52.15 166.5 6
      vertex 54.228 166.108 6
    endloop
  endfacet
  facet normal 0 0 1
    outer loop
      vertex 52.1412 166.657 6
      vertex 54.1622 167.279 6
      vertex 54.0536 167.656 6
    endloop
  endfacet
  facet normal -0 0 1
    outer loop
      vertex 52.1412 166.343 6
      vertex 54.228 166.108 6
      vertex 52.15 166.5 6
    endloop
  endfacet
  facet normal 0 0 1
    outer loop
      vertex 54.228 166.108 6
      vertex 52.1412 166.343 6
      vertex 54.1622 165.721 6
    endloop
  endfacet
  facet normal 0 0 1
    outer loop
      vertex 52.1412 166.657 6
      vertex 54.0536 167.656 6
      vertex 53.9034 168.019 6
    endloop
  endfacet
  facet normal 0 0 1
    outer loop
      vertex 52.1412 166.657 6
      vertex 53.9034 168.019 6
      vertex 53.7135 168.362 6
    endloop
  endfacet
  facet normal 0 0 1
    outer loop
      vertex 52.1412 166.657 6
      vertex 53.7135 168.362 6
      vertex 53.4864 168.682 6
    endloop
  endfacet
  facet normal 0 0 1
    outer loop
      vertex 52.1412 166.657 6
      vertex 53.4864 168.682 6
      vertex 53.2249 168.975 6
    endloop
  endfacet
  facet normal 0 0 1
    outer loop
      vertex 52.1412 166.657 6
      vertex 53.2249 168.975 6
      vertex 52.9322 169.236 6
    endloop
  endfacet
  facet normal 0 0 1
    outer loop
      vertex 52.1412 166.657 6
      vertex 52.9322 169.236 6
      vertex 52.6121 169.464 6
    endloop
  endfacet
  facet normal 0 0 1
    outer loop
      vertex 51.4948 167.685 6
      vertex 52.6121 169.464 6
      vertex 52.2686 169.653 6
    endloop
  endfacet
  facet normal -0 0 1
    outer loop
      vertex 52.1149 166.188 6
      vertex 54.1622 165.721 6
      vertex 52.1412 166.343 6
    endloop
  endfacet
  facet normal 0 0 1
    outer loop
      vertex 54.1622 165.721 6
      vertex 52.1149 166.188 6
      vertex 54.0536 165.344 6
    endloop
  endfacet
  facet normal -0 0 1
    outer loop
      vertex 52.0714 166.038 6
      vertex 54.0536 165.344 6
      vertex 52.1149 166.188 6
    endloop
  endfacet
  facet normal 0 0 1
    outer loop
      vertex 54.0536 165.344 6
      vertex 52.0714 166.038 6
      vertex 53.9111 165 6
    endloop
  endfacet
  facet normal -0 0 1
    outer loop
      vertex 52.0114 165.893 6
      vertex 53.9111 165 6
      vertex 52.0714 166.038 6
    endloop
  endfacet
  facet normal -0 0 1
    outer loop
      vertex 51.9354 165.755 6
      vertex 53.9111 165 6
      vertex 52.0114 165.893 6
    endloop
  endfacet
  facet normal -0 0 1
    outer loop
      vertex 51.8446 165.627 6
      vertex 53.9111 165 6
      vertex 51.9354 165.755 6
    endloop
  endfacet
  facet normal -0 0 1
    outer loop
      vertex 51.7399 165.51 6
      vertex 53.9111 165 6
      vertex 51.8446 165.627 6
    endloop
  endfacet
  facet normal -0 0 1
    outer loop
      vertex 51.6229 165.405 6
      vertex 53.9111 165 6
      vertex 51.7399 165.51 6
    endloop
  endfacet
  facet normal -0 0 1
    outer loop
      vertex 51.4948 165.315 6
      vertex 53.9111 165 6
      vertex 51.6229 165.405 6
    endloop
  endfacet
  facet normal -0 0 1
    outer loop
      vertex 51.3574 165.239 6
      vertex 53.9111 165 6
      vertex 51.4948 165.315 6
    endloop
  endfacet
  facet normal -0 0 1
    outer loop
      vertex 51.2124 165.179 6
      vertex 53.9111 165 6
      vertex 51.3574 165.239 6
    endloop
  endfacet
  facet normal -0 0 1
    outer loop
      vertex 51.0615 165.135 6
      vertex 53.9111 165 6
      vertex 51.2124 165.179 6
    endloop
  endfacet
  facet normal -0 0 1
    outer loop
      vertex 50.9067 165.109 6
      vertex 53.9111 165 6
      vertex 51.0615 165.135 6
    endloop
  endfacet
  facet normal -0 0 1
    outer loop
      vertex 50.75 165.1 6
      vertex 53.9111 165 6
      vertex 50.9067 165.109 6
    endloop
  endfacet
  facet normal 0 0 1
    outer loop
      vertex 49.5646 167.245 6
      vertex 47.7865 168.362 6
      vertex 49.4886 167.107 6
    endloop
  endfacet
  facet normal -0 0 1
    outer loop
      vertex 47.5966 168.019 6
      vertex 49.4886 167.107 6
      vertex 47.7865 168.362 6
    endloop
  endfacet
  facet normal 0 0 1
    outer loop
      vertex 49.4886 167.107 6
      vertex 47.5966 168.019 6
      vertex 49.4286 166.962 6
    endloop
  endfacet
  facet normal -0 0 1
    outer loop
      vertex 47.4464 167.656 6
      vertex 49.4286 166.962 6
      vertex 47.5966 168.019 6
    endloop
  endfacet
  facet normal 0 0 1
    outer loop
      vertex 49.4286 166.962 6
      vertex 47.4464 167.656 6
      vertex 49.3851 166.812 6
    endloop
  endfacet
  facet normal -0 0 1
    outer loop
      vertex 47.3378 167.279 6
      vertex 49.3851 166.812 6
      vertex 47.4464 167.656 6
    endloop
  endfacet
  facet normal 0 0 1
    outer loop
      vertex 49.3851 166.812 6
      vertex 47.3378 167.279 6
      vertex 49.3588 166.657 6
    endloop
  endfacet
  facet normal -0 0 1
    outer loop
      vertex 47.272 166.892 6
      vertex 49.3588 166.657 6
      vertex 47.3378 167.279 6
    endloop
  endfacet
  facet normal 0 0 1
    outer loop
      vertex 49.3588 166.657 6
      vertex 47.272 166.892 6
      vertex 49.35 166.5 6
    endloop
  endfacet
  facet normal 0 0 1
    outer loop
      vertex 47.25 166.5 6
      vertex 49.35 166.5 6
      vertex 47.272 166.892 6
    endloop
  endfacet
  facet normal 0 0 1
    outer loop
      vertex 49.35 166.5 6
      vertex 47.25 166.5 6
      vertex 49.3588 166.343 6
    endloop
  endfacet
  facet normal 0 -0 1
    outer loop
      vertex 47.272 166.108 6
      vertex 49.3588 166.343 6
      vertex 47.25 166.5 6
    endloop
  endfacet
  facet normal 0 0 1
    outer loop
      vertex 50.75 165.1 6
      vertex 47.5889 165 6
      vertex 53.9111 165 6
    endloop
  endfacet
  facet normal 0 0 1
    outer loop
      vertex 50.5933 165.109 6
      vertex 47.5889 165 6
      vertex 50.75 165.1 6
    endloop
  endfacet
  facet normal 0 0 1
    outer loop
      vertex 50.4385 165.135 6
      vertex 47.5889 165 6
      vertex 50.5933 165.109 6
    endloop
  endfacet
  facet normal 0 0 1
    outer loop
      vertex 50.2876 165.179 6
      vertex 47.5889 165 6
      vertex 50.4385 165.135 6
    endloop
  endfacet
  facet normal 0 0 1
    outer loop
      vertex 50.1426 165.239 6
      vertex 47.5889 165 6
      vertex 50.2876 165.179 6
    endloop
  endfacet
  facet normal 0 0 1
    outer loop
      vertex 50.0052 165.315 6
      vertex 47.5889 165 6
      vertex 50.1426 165.239 6
    endloop
  endfacet
  facet normal 0 0 1
    outer loop
      vertex 49.8771 165.405 6
      vertex 47.5889 165 6
      vertex 50.0052 165.315 6
    endloop
  endfacet
  facet normal 0 0 1
    outer loop
      vertex 49.7601 165.51 6
      vertex 47.5889 165 6
      vertex 49.8771 165.405 6
    endloop
  endfacet
  facet normal 0 0 1
    outer loop
      vertex 49.6554 165.627 6
      vertex 47.5889 165 6
      vertex 49.7601 165.51 6
    endloop
  endfacet
  facet normal 0 0 1
    outer loop
      vertex 49.3588 166.343 6
      vertex 47.272 166.108 6
      vertex 49.3851 166.188 6
    endloop
  endfacet
  facet normal 0 -0 1
    outer loop
      vertex 47.3378 165.721 6
      vertex 49.3851 166.188 6
      vertex 47.272 166.108 6
    endloop
  endfacet
  facet normal 0 0 1
    outer loop
      vertex 49.5646 165.755 6
      vertex 47.5889 165 6
      vertex 49.6554 165.627 6
    endloop
  endfacet
  facet normal 0 0 1
    outer loop
      vertex 49.3851 166.188 6
      vertex 47.3378 165.721 6
      vertex 49.4286 166.038 6
    endloop
  endfacet
  facet normal 0 0 1
    outer loop
      vertex 49.4886 165.893 6
      vertex 47.5889 165 6
      vertex 49.5646 165.755 6
    endloop
  endfacet
  facet normal 0 -0 1
    outer loop
      vertex 47.4464 165.344 6
      vertex 49.4286 166.038 6
      vertex 47.3378 165.721 6
    endloop
  endfacet
  facet normal 0 -0 1
    outer loop
      vertex 47.5889 165 6
      vertex 49.4886 165.893 6
      vertex 47.4464 165.344 6
    endloop
  endfacet
  facet normal 0 0 1
    outer loop
      vertex 49.4286 166.038 6
      vertex 47.4464 165.344 6
      vertex 49.4886 165.893 6
    endloop
  endfacet
  facet normal -0.960925 0.276808 0
    outer loop
      vertex 47.3378 167.279 3
      vertex 47.4464 167.656 6
      vertex 47.4464 167.656 3
    endloop
  endfacet
  facet normal -0.960925 0.276808 0
    outer loop
      vertex 47.4464 167.656 6
      vertex 47.3378 167.279 3
      vertex 47.3378 167.279 6
    endloop
  endfacet
  facet normal -0.482066 0.876135 0
    outer loop
      vertex 49.2314 169.653 3
      vertex 48.8879 169.464 6
      vertex 49.2314 169.653 6
    endloop
  endfacet
  facet normal -0.482066 0.876135 0
    outer loop
      vertex 48.8879 169.464 6
      vertex 49.2314 169.653 3
      vertex 48.8879 169.464 3
    endloop
  endfacet
  facet normal 0.815503 0.578752 0
    outer loop
      vertex 53.7135 168.362 6
      vertex 53.4864 168.682 3
      vertex 53.4864 168.682 6
    endloop
  endfacet
  facet normal 0.815503 0.578752 0
    outer loop
      vertex 53.4864 168.682 3
      vertex 53.7135 168.362 6
      vertex 53.7135 168.362 3
    endloop
  endfacet
  facet normal -0.874866 0.484365 0
    outer loop
      vertex 47.5966 168.019 3
      vertex 47.7865 168.362 6
      vertex 47.7865 168.362 3
    endloop
  endfacet
  facet normal -0.874866 0.484365 0
    outer loop
      vertex 47.7865 168.362 6
      vertex 47.5966 168.019 3
      vertex 47.5966 168.019 6
    endloop
  endfacet
  facet normal 0.985852 -0.16762 0
    outer loop
      vertex 54.1622 165.721 6
      vertex 54.228 166.108 3
      vertex 54.228 166.108 6
    endloop
  endfacet
  facet normal 0.985852 -0.16762 0
    outer loop
      vertex 54.228 166.108 3
      vertex 54.1622 165.721 6
      vertex 54.1622 165.721 3
    endloop
  endfacet
  facet normal -0.998429 -0.0560343 0
    outer loop
      vertex 47.272 166.108 3
      vertex 47.25 166.5 6
      vertex 47.25 166.5 3
    endloop
  endfacet
  facet normal -0.998429 -0.0560343 0
    outer loop
      vertex 47.25 166.5 6
      vertex 47.272 166.108 3
      vertex 47.272 166.108 6
    endloop
  endfacet
  facet normal -0.998429 0.0560343 0
    outer loop
      vertex 47.25 166.5 3
      vertex 47.272 166.892 6
      vertex 47.272 166.892 3
    endloop
  endfacet
  facet normal -0.998429 0.0560343 0
    outer loop
      vertex 47.272 166.892 6
      vertex 47.25 166.5 3
      vertex 47.25 166.5 6
    endloop
  endfacet
  facet normal 0.27526 0.96137 -0
    outer loop
      vertex 51.906 169.804 3
      vertex 51.5288 169.912 6
      vertex 51.906 169.804 6
    endloop
  endfacet
  facet normal 0.27526 0.96137 0
    outer loop
      vertex 51.5288 169.912 6
      vertex 51.906 169.804 3
      vertex 51.5288 169.912 3
    endloop
  endfacet
  facet normal 0.580155 0.814506 -0
    outer loop
      vertex 52.9322 169.236 3
      vertex 52.6121 169.464 6
      vertex 52.9322 169.236 6
    endloop
  endfacet
  facet normal 0.580155 0.814506 0
    outer loop
      vertex 52.6121 169.464 6
      vertex 52.9322 169.236 3
      vertex 52.6121 169.464 3
    endloop
  endfacet
  facet normal -0.924023 0.382337 0
    outer loop
      vertex 47.4464 167.656 3
      vertex 47.5966 168.019 6
      vertex 47.5966 168.019 3
    endloop
  endfacet
  facet normal -0.924023 0.382337 0
    outer loop
      vertex 47.5966 168.019 6
      vertex 47.4464 167.656 3
      vertex 47.4464 167.656 6
    endloop
  endfacet
  facet normal 0.92387 -0.382708 0
    outer loop
      vertex 53.9111 165 6
      vertex 54.0536 165.344 3
      vertex 54.0536 165.344 6
    endloop
  endfacet
  facet normal 0.92387 -0.382708 0
    outer loop
      vertex 54.0536 165.344 3
      vertex 53.9111 165 6
      vertex 53.9111 165 3
    endloop
  endfacet
  facet normal 0.482066 0.876135 -0
    outer loop
      vertex 52.6121 169.464 3
      vertex 52.2686 169.653 6
      vertex 52.6121 169.464 6
    endloop
  endfacet
  facet normal 0.482066 0.876135 0
    outer loop
      vertex 52.2686 169.653 6
      vertex 52.6121 169.464 3
      vertex 52.2686 169.653 3
    endloop
  endfacet
  facet normal -0.384435 0.923152 0
    outer loop
      vertex 49.594 169.804 3
      vertex 49.2314 169.653 6
      vertex 49.594 169.804 6
    endloop
  endfacet
  facet normal -0.384435 0.923152 0
    outer loop
      vertex 49.2314 169.653 6
      vertex 49.594 169.804 3
      vertex 49.2314 169.653 3
    endloop
  endfacet
  facet normal -0.815503 0.578752 0
    outer loop
      vertex 47.7865 168.362 3
      vertex 48.0136 168.682 6
      vertex 48.0136 168.682 3
    endloop
  endfacet
  facet normal -0.815503 0.578752 0
    outer loop
      vertex 48.0136 168.682 6
      vertex 47.7865 168.362 3
      vertex 47.7865 168.362 6
    endloop
  endfacet
  facet normal 0.384435 0.923152 -0
    outer loop
      vertex 52.2686 169.653 3
      vertex 51.906 169.804 6
      vertex 52.2686 169.653 6
    endloop
  endfacet
  facet normal 0.384435 0.923152 0
    outer loop
      vertex 51.906 169.804 6
      vertex 52.2686 169.653 3
      vertex 51.906 169.804 3
    endloop
  endfacet
  facet normal -0.960925 -0.276808 0
    outer loop
      vertex 47.4464 165.344 3
      vertex 47.3378 165.721 6
      vertex 47.3378 165.721 3
    endloop
  endfacet
  facet normal -0.960925 -0.276808 0
    outer loop
      vertex 47.3378 165.721 6
      vertex 47.4464 165.344 3
      vertex 47.4464 165.344 6
    endloop
  endfacet
  facet normal 0.66791 -0.744242 0
    outer loop
      vertex 49.7601 167.49 3
      vertex 49.8771 167.595 6
      vertex 49.7601 167.49 6
    endloop
  endfacet
  facet normal 0.66791 -0.744242 0
    outer loop
      vertex 49.8771 167.595 6
      vertex 49.7601 167.49 3
      vertex 49.8771 167.595 3
    endloop
  endfacet
  facet normal -0.985908 -0.167286 0
    outer loop
      vertex 52.1412 166.657 3
      vertex 52.1149 166.812 6
      vertex 52.1149 166.812 3
    endloop
  endfacet
  facet normal -0.985908 -0.167286 0
    outer loop
      vertex 52.1149 166.812 6
      vertex 52.1412 166.657 3
      vertex 52.1412 166.657 6
    endloop
  endfacet
  facet normal -0.998433 0.0559631 0
    outer loop
      vertex 52.1412 166.343 3
      vertex 52.15 166.5 6
      vertex 52.15 166.5 3
    endloop
  endfacet
  facet normal -0.998433 0.0559631 0
    outer loop
      vertex 52.15 166.5 6
      vertex 52.1412 166.343 3
      vertex 52.1412 166.343 6
    endloop
  endfacet
  facet normal -0.165639 -0.986187 0
    outer loop
      vertex 50.9067 167.891 3
      vertex 51.0615 167.865 6
      vertex 50.9067 167.891 6
    endloop
  endfacet
  facet normal -0.165639 -0.986187 -0
    outer loop
      vertex 51.0615 167.865 6
      vertex 50.9067 167.891 3
      vertex 51.0615 167.865 3
    endloop
  endfacet
  facet normal -0.66791 0.744242 0
    outer loop
      vertex 51.7399 165.51 3
      vertex 51.6229 165.405 6
      vertex 51.7399 165.51 6
    endloop
  endfacet
  facet normal -0.66791 0.744242 0
    outer loop
      vertex 51.6229 165.405 6
      vertex 51.7399 165.51 3
      vertex 51.6229 165.405 3
    endloop
  endfacet
  facet normal -0.960429 -0.278524 0
    outer loop
      vertex 52.1149 166.812 3
      vertex 52.0714 166.962 6
      vertex 52.0714 166.962 3
    endloop
  endfacet
  facet normal -0.960429 -0.278524 0
    outer loop
      vertex 52.0714 166.962 6
      vertex 52.1149 166.812 3
      vertex 52.1149 166.812 6
    endloop
  endfacet
  facet normal -0.66791 -0.744242 0
    outer loop
      vertex 51.6229 167.595 3
      vertex 51.7399 167.49 6
      vertex 51.6229 167.595 6
    endloop
  endfacet
  facet normal -0.66791 -0.744242 -0
    outer loop
      vertex 51.7399 167.49 6
      vertex 51.6229 167.595 3
      vertex 51.7399 167.49 3
    endloop
  endfacet
  facet normal 0.985908 -0.167286 0
    outer loop
      vertex 49.3588 166.657 6
      vertex 49.3851 166.812 3
      vertex 49.3851 166.812 6
    endloop
  endfacet
  facet normal 0.985908 -0.167286 0
    outer loop
      vertex 49.3851 166.812 3
      vertex 49.3588 166.657 6
      vertex 49.3588 166.657 3
    endloop
  endfacet
  facet normal -0.382352 0.924017 0
    outer loop
      vertex 51.3574 165.239 3
      vertex 51.2124 165.179 6
      vertex 51.3574 165.239 6
    endloop
  endfacet
  facet normal -0.382352 0.924017 0
    outer loop
      vertex 51.2124 165.179 6
      vertex 51.3574 165.239 3
      vertex 51.2124 165.179 3
    endloop
  endfacet
  facet normal 0.574876 0.81824 -0
    outer loop
      vertex 50.0052 165.315 3
      vertex 49.8771 165.405 6
      vertex 50.0052 165.315 6
    endloop
  endfacet
  facet normal 0.574876 0.81824 0
    outer loop
      vertex 49.8771 165.405 6
      vertex 50.0052 165.315 3
      vertex 49.8771 165.405 3
    endloop
  endfacet
  facet normal -0.745191 0.666851 0
    outer loop
      vertex 51.7399 165.51 3
      vertex 51.8446 165.627 6
      vertex 51.8446 165.627 3
    endloop
  endfacet
  facet normal -0.745191 0.666851 0
    outer loop
      vertex 51.8446 165.627 6
      vertex 51.7399 165.51 3
      vertex 51.7399 165.51 6
    endloop
  endfacet
  facet normal 0.48402 0.875057 -0
    outer loop
      vertex 50.1426 165.239 3
      vertex 50.0052 165.315 6
      vertex 50.1426 165.239 6
    endloop
  endfacet
  facet normal 0.48402 0.875057 0
    outer loop
      vertex 50.0052 165.315 6
      vertex 50.1426 165.239 3
      vertex 50.0052 165.315 3
    endloop
  endfacet
  facet normal -0.998433 -0.0559631 0
    outer loop
      vertex 52.15 166.5 3
      vertex 52.1412 166.657 6
      vertex 52.1412 166.657 3
    endloop
  endfacet
  facet normal -0.998433 -0.0559631 0
    outer loop
      vertex 52.1412 166.657 6
      vertex 52.15 166.5 3
      vertex 52.15 166.5 6
    endloop
  endfacet
  facet normal 0.985908 0.167286 0
    outer loop
      vertex 49.3851 166.188 6
      vertex 49.3588 166.343 3
      vertex 49.3588 166.343 6
    endloop
  endfacet
  facet normal 0.985908 0.167286 0
    outer loop
      vertex 49.3588 166.343 3
      vertex 49.3851 166.188 6
      vertex 49.3851 166.188 3
    endloop
  endfacet
  facet normal -0.0573401 0.998355 0
    outer loop
      vertex 50.9067 165.109 3
      vertex 50.75 165.1 6
      vertex 50.9067 165.109 6
    endloop
  endfacet
  facet normal -0.0573401 0.998355 0
    outer loop
      vertex 50.75 165.1 6
      vertex 50.9067 165.109 3
      vertex 50.75 165.1 3
    endloop
  endfacet
  facet normal 0.574876 -0.81824 0
    outer loop
      vertex 49.8771 167.595 3
      vertex 50.0052 167.685 6
      vertex 49.8771 167.595 6
    endloop
  endfacet
  facet normal 0.574876 -0.81824 0
    outer loop
      vertex 50.0052 167.685 6
      vertex 49.8771 167.595 3
      vertex 50.0052 167.685 3
    endloop
  endfacet
  facet normal 0.0573401 -0.998355 0
    outer loop
      vertex 50.5933 167.891 3
      vertex 50.75 167.9 6
      vertex 50.5933 167.891 6
    endloop
  endfacet
  facet normal 0.0573401 -0.998355 0
    outer loop
      vertex 50.75 167.9 6
      vertex 50.5933 167.891 3
      vertex 50.75 167.9 3
    endloop
  endfacet
  facet normal -0.745191 -0.666851 0
    outer loop
      vertex 51.8446 167.373 3
      vertex 51.7399 167.49 6
      vertex 51.7399 167.49 3
    endloop
  endfacet
  facet normal -0.745191 -0.666851 0
    outer loop
      vertex 51.7399 167.49 6
      vertex 51.8446 167.373 3
      vertex 51.8446 167.373 6
    endloop
  endfacet
  facet normal -0.875948 -0.482406 0
    outer loop
      vertex 52.0114 167.107 3
      vertex 51.9354 167.245 6
      vertex 51.9354 167.245 3
    endloop
  endfacet
  facet normal -0.875948 -0.482406 0
    outer loop
      vertex 51.9354 167.245 6
      vertex 52.0114 167.107 3
      vertex 52.0114 167.107 6
    endloop
  endfacet
  facet normal 0.924017 0.382352 0
    outer loop
      vertex 49.4886 165.893 6
      vertex 49.4286 166.038 3
      vertex 49.4286 166.038 6
    endloop
  endfacet
  facet normal 0.924017 0.382352 0
    outer loop
      vertex 49.4286 166.038 3
      vertex 49.4886 165.893 6
      vertex 49.4886 165.893 3
    endloop
  endfacet
  facet normal -0.279927 0.960021 0
    outer loop
      vertex 51.2124 165.179 3
      vertex 51.0615 165.135 6
      vertex 51.2124 165.179 6
    endloop
  endfacet
  facet normal -0.279927 0.960021 0
    outer loop
      vertex 51.0615 165.135 6
      vertex 51.2124 165.179 3
      vertex 51.0615 165.135 3
    endloop
  endfacet
  facet normal -0.0573401 -0.998355 0
    outer loop
      vertex 50.75 167.9 3
      vertex 50.9067 167.891 6
      vertex 50.75 167.9 6
    endloop
  endfacet
  facet normal -0.0573401 -0.998355 -0
    outer loop
      vertex 50.9067 167.891 6
      vertex 50.75 167.9 3
      vertex 50.9067 167.891 3
    endloop
  endfacet
  facet normal 0.745191 -0.666851 0
    outer loop
      vertex 49.6554 167.373 6
      vertex 49.7601 167.49 3
      vertex 49.7601 167.49 6
    endloop
  endfacet
  facet normal 0.745191 -0.666851 0
    outer loop
      vertex 49.7601 167.49 3
      vertex 49.6554 167.373 6
      vertex 49.6554 167.373 3
    endloop
  endfacet
  facet normal 0.279927 -0.960021 0
    outer loop
      vertex 50.2876 167.821 3
      vertex 50.4385 167.865 6
      vertex 50.2876 167.821 6
    endloop
  endfacet
  facet normal 0.279927 -0.960021 0
    outer loop
      vertex 50.4385 167.865 6
      vertex 50.2876 167.821 3
      vertex 50.4385 167.865 3
    endloop
  endfacet
  facet normal -0.924017 -0.382352 0
    outer loop
      vertex 52.0714 166.962 3
      vertex 52.0114 167.107 6
      vertex 52.0114 167.107 3
    endloop
  endfacet
  facet normal -0.924017 -0.382352 0
    outer loop
      vertex 52.0114 167.107 6
      vertex 52.0714 166.962 3
      vertex 52.0714 166.962 6
    endloop
  endfacet
  facet normal 0.165639 -0.986187 0
    outer loop
      vertex 50.4385 167.865 3
      vertex 50.5933 167.891 6
      vertex 50.4385 167.865 6
    endloop
  endfacet
  facet normal 0.165639 -0.986187 0
    outer loop
      vertex 50.5933 167.891 6
      vertex 50.4385 167.865 3
      vertex 50.5933 167.891 3
    endloop
  endfacet
  facet normal -0.960429 0.278524 0
    outer loop
      vertex 52.0714 166.038 3
      vertex 52.1149 166.188 6
      vertex 52.1149 166.188 3
    endloop
  endfacet
  facet normal -0.960429 0.278524 0
    outer loop
      vertex 52.1149 166.188 6
      vertex 52.0714 166.038 3
      vertex 52.0714 166.038 6
    endloop
  endfacet
  facet normal 0.960429 -0.278524 0
    outer loop
      vertex 49.3851 166.812 6
      vertex 49.4286 166.962 3
      vertex 49.4286 166.962 6
    endloop
  endfacet
  facet normal 0.960429 -0.278524 0
    outer loop
      vertex 49.4286 166.962 3
      vertex 49.3851 166.812 6
      vertex 49.3851 166.812 3
    endloop
  endfacet
  facet normal 0.48402 -0.875057 0
    outer loop
      vertex 50.0052 167.685 3
      vertex 50.1426 167.761 6
      vertex 50.0052 167.685 6
    endloop
  endfacet
  facet normal 0.48402 -0.875057 0
    outer loop
      vertex 50.1426 167.761 6
      vertex 50.0052 167.685 3
      vertex 50.1426 167.761 3
    endloop
  endfacet
  facet normal 0.66791 0.744242 -0
    outer loop
      vertex 49.8771 165.405 3
      vertex 49.7601 165.51 6
      vertex 49.8771 165.405 6
    endloop
  endfacet
  facet normal 0.66791 0.744242 0
    outer loop
      vertex 49.7601 165.51 6
      vertex 49.8771 165.405 3
      vertex 49.7601 165.51 3
    endloop
  endfacet
  facet normal -0.815624 -0.578583 0
    outer loop
      vertex 51.9354 167.245 3
      vertex 51.8446 167.373 6
      vertex 51.8446 167.373 3
    endloop
  endfacet
  facet normal -0.815624 -0.578583 0
    outer loop
      vertex 51.8446 167.373 6
      vertex 51.9354 167.245 3
      vertex 51.9354 167.245 6
    endloop
  endfacet
  facet normal -0.165639 0.986187 0
    outer loop
      vertex 51.0615 165.135 3
      vertex 50.9067 165.109 6
      vertex 51.0615 165.135 6
    endloop
  endfacet
  facet normal -0.165639 0.986187 0
    outer loop
      vertex 50.9067 165.109 6
      vertex 51.0615 165.135 3
      vertex 50.9067 165.109 3
    endloop
  endfacet
  facet normal -0.985908 0.167286 0
    outer loop
      vertex 52.1149 166.188 3
      vertex 52.1412 166.343 6
      vertex 52.1412 166.343 3
    endloop
  endfacet
  facet normal -0.985908 0.167286 0
    outer loop
      vertex 52.1412 166.343 6
      vertex 52.1149 166.188 3
      vertex 52.1149 166.188 6
    endloop
  endfacet
  facet normal 0.998433 0.0559631 0
    outer loop
      vertex 49.3588 166.343 6
      vertex 49.35 166.5 3
      vertex 49.35 166.5 6
    endloop
  endfacet
  facet normal 0.998433 0.0559631 0
    outer loop
      vertex 49.35 166.5 3
      vertex 49.3588 166.343 6
      vertex 49.3588 166.343 3
    endloop
  endfacet
  facet normal 0.998433 -0.0559631 0
    outer loop
      vertex 49.35 166.5 6
      vertex 49.3588 166.657 3
      vertex 49.3588 166.657 6
    endloop
  endfacet
  facet normal 0.998433 -0.0559631 0
    outer loop
      vertex 49.3588 166.657 3
      vertex 49.35 166.5 6
      vertex 49.35 166.5 3
    endloop
  endfacet
  facet normal -0.279927 -0.960021 0
    outer loop
      vertex 51.0615 167.865 3
      vertex 51.2124 167.821 6
      vertex 51.0615 167.865 6
    endloop
  endfacet
  facet normal -0.279927 -0.960021 -0
    outer loop
      vertex 51.2124 167.821 6
      vertex 51.0615 167.865 3
      vertex 51.2124 167.821 3
    endloop
  endfacet
  facet normal 0.745191 0.666851 0
    outer loop
      vertex 49.7601 165.51 6
      vertex 49.6554 165.627 3
      vertex 49.6554 165.627 6
    endloop
  endfacet
  facet normal 0.745191 0.666851 0
    outer loop
      vertex 49.6554 165.627 3
      vertex 49.7601 165.51 6
      vertex 49.7601 165.51 3
    endloop
  endfacet
  facet normal -0.815624 0.578583 0
    outer loop
      vertex 51.8446 165.627 3
      vertex 51.9354 165.755 6
      vertex 51.9354 165.755 3
    endloop
  endfacet
  facet normal -0.815624 0.578583 0
    outer loop
      vertex 51.9354 165.755 6
      vertex 51.8446 165.627 3
      vertex 51.8446 165.627 6
    endloop
  endfacet
  facet normal -0.574876 0.81824 0
    outer loop
      vertex 51.6229 165.405 3
      vertex 51.4948 165.315 6
      vertex 51.6229 165.405 6
    endloop
  endfacet
  facet normal -0.574876 0.81824 0
    outer loop
      vertex 51.4948 165.315 6
      vertex 51.6229 165.405 3
      vertex 51.4948 165.315 3
    endloop
  endfacet
  facet normal -0.574876 -0.81824 0
    outer loop
      vertex 51.4948 167.685 3
      vertex 51.6229 167.595 6
      vertex 51.4948 167.685 6
    endloop
  endfacet
  facet normal -0.574876 -0.81824 -0
    outer loop
      vertex 51.6229 167.595 6
      vertex 51.4948 167.685 3
      vertex 51.6229 167.595 3
    endloop
  endfacet
  facet normal 0.924017 -0.382352 0
    outer loop
      vertex 49.4286 166.962 6
      vertex 49.4886 167.107 3
      vertex 49.4886 167.107 6
    endloop
  endfacet
  facet normal 0.924017 -0.382352 0
    outer loop
      vertex 49.4886 167.107 3
      vertex 49.4286 166.962 6
      vertex 49.4286 166.962 3
    endloop
  endfacet
  facet normal -0.924017 0.382352 0
    outer loop
      vertex 52.0114 165.893 3
      vertex 52.0714 166.038 6
      vertex 52.0714 166.038 3
    endloop
  endfacet
  facet normal -0.924017 0.382352 0
    outer loop
      vertex 52.0714 166.038 6
      vertex 52.0114 165.893 3
      vertex 52.0114 165.893 6
    endloop
  endfacet
  facet normal -0.48402 0.875057 0
    outer loop
      vertex 51.4948 165.315 3
      vertex 51.3574 165.239 6
      vertex 51.4948 165.315 6
    endloop
  endfacet
  facet normal -0.48402 0.875057 0
    outer loop
      vertex 51.3574 165.239 6
      vertex 51.4948 165.315 3
      vertex 51.3574 165.239 3
    endloop
  endfacet
  facet normal -0.48402 -0.875057 0
    outer loop
      vertex 51.3574 167.761 3
      vertex 51.4948 167.685 6
      vertex 51.3574 167.761 6
    endloop
  endfacet
  facet normal -0.48402 -0.875057 -0
    outer loop
      vertex 51.4948 167.685 6
      vertex 51.3574 167.761 3
      vertex 51.4948 167.685 3
    endloop
  endfacet
  facet normal 0.382352 -0.924017 0
    outer loop
      vertex 50.1426 167.761 3
      vertex 50.2876 167.821 6
      vertex 50.1426 167.761 6
    endloop
  endfacet
  facet normal 0.382352 -0.924017 0
    outer loop
      vertex 50.2876 167.821 6
      vertex 50.1426 167.761 3
      vertex 50.2876 167.821 3
    endloop
  endfacet
  facet normal 0.382352 0.924017 -0
    outer loop
      vertex 50.2876 165.179 3
      vertex 50.1426 165.239 6
      vertex 50.2876 165.179 6
    endloop
  endfacet
  facet normal 0.382352 0.924017 0
    outer loop
      vertex 50.1426 165.239 6
      vertex 50.2876 165.179 3
      vertex 50.1426 165.239 3
    endloop
  endfacet
  facet normal 0.165639 0.986187 -0
    outer loop
      vertex 50.5933 165.109 3
      vertex 50.4385 165.135 6
      vertex 50.5933 165.109 6
    endloop
  endfacet
  facet normal 0.165639 0.986187 0
    outer loop
      vertex 50.4385 165.135 6
      vertex 50.5933 165.109 3
      vertex 50.4385 165.135 3
    endloop
  endfacet
  facet normal 0.875948 0.482406 0
    outer loop
      vertex 49.5646 165.755 6
      vertex 49.4886 165.893 3
      vertex 49.4886 165.893 6
    endloop
  endfacet
  facet normal 0.875948 0.482406 0
    outer loop
      vertex 49.4886 165.893 3
      vertex 49.5646 165.755 6
      vertex 49.5646 165.755 3
    endloop
  endfacet
  facet normal 0.815624 -0.578583 0
    outer loop
      vertex 49.5646 167.245 6
      vertex 49.6554 167.373 3
      vertex 49.6554 167.373 6
    endloop
  endfacet
  facet normal 0.815624 -0.578583 0
    outer loop
      vertex 49.6554 167.373 3
      vertex 49.5646 167.245 6
      vertex 49.5646 167.245 3
    endloop
  endfacet
  facet normal -0.382352 -0.924017 0
    outer loop
      vertex 51.2124 167.821 3
      vertex 51.3574 167.761 6
      vertex 51.2124 167.821 6
    endloop
  endfacet
  facet normal -0.382352 -0.924017 -0
    outer loop
      vertex 51.3574 167.761 6
      vertex 51.2124 167.821 3
      vertex 51.3574 167.761 3
    endloop
  endfacet
  facet normal 0.960429 0.278524 0
    outer loop
      vertex 49.4286 166.038 6
      vertex 49.3851 166.188 3
      vertex 49.3851 166.188 6
    endloop
  endfacet
  facet normal 0.960429 0.278524 0
    outer loop
      vertex 49.3851 166.188 3
      vertex 49.4286 166.038 6
      vertex 49.4286 166.038 3
    endloop
  endfacet
  facet normal -0.875948 0.482406 0
    outer loop
      vertex 51.9354 165.755 3
      vertex 52.0114 165.893 6
      vertex 52.0114 165.893 3
    endloop
  endfacet
  facet normal -0.875948 0.482406 0
    outer loop
      vertex 52.0114 165.893 6
      vertex 51.9354 165.755 3
      vertex 51.9354 165.755 6
    endloop
  endfacet
  facet normal 0.279927 0.960021 -0
    outer loop
      vertex 50.4385 165.135 3
      vertex 50.2876 165.179 6
      vertex 50.4385 165.135 6
    endloop
  endfacet
  facet normal 0.279927 0.960021 0
    outer loop
      vertex 50.2876 165.179 6
      vertex 50.4385 165.135 3
      vertex 50.2876 165.179 3
    endloop
  endfacet
  facet normal 0.815624 0.578583 0
    outer loop
      vertex 49.6554 165.627 6
      vertex 49.5646 165.755 3
      vertex 49.5646 165.755 6
    endloop
  endfacet
  facet normal 0.815624 0.578583 0
    outer loop
      vertex 49.5646 165.755 3
      vertex 49.6554 165.627 6
      vertex 49.6554 165.627 3
    endloop
  endfacet
  facet normal 0.0573401 0.998355 -0
    outer loop
      vertex 50.75 165.1 3
      vertex 50.5933 165.109 6
      vertex 50.75 165.1 6
    endloop
  endfacet
  facet normal 0.0573401 0.998355 0
    outer loop
      vertex 50.5933 165.109 6
      vertex 50.75 165.1 3
      vertex 50.5933 165.109 3
    endloop
  endfacet
  facet normal 0.875948 -0.482406 0
    outer loop
      vertex 49.4886 167.107 6
      vertex 49.5646 167.245 3
      vertex 49.5646 167.245 6
    endloop
  endfacet
  facet normal 0.875948 -0.482406 0
    outer loop
      vertex 49.5646 167.245 3
      vertex 49.4886 167.107 6
      vertex 49.4886 167.107 3
    endloop
  endfacet
  facet normal -0.665864 0.746073 0
    outer loop
      vertex 137.068 79.2364 3
      vertex 136.775 78.9749 6
      vertex 137.068 79.2364 6
    endloop
  endfacet
  facet normal -0.665864 0.746073 0
    outer loop
      vertex 136.775 78.9749 6
      vertex 137.068 79.2364 3
      vertex 136.775 78.9749 3
    endloop
  endfacet
  facet normal 0.98576 0.168158 0
    outer loop
      vertex 142.728 76.8919 6
      vertex 142.662 77.2788 3
      vertex 142.662 77.2788 6
    endloop
  endfacet
  facet normal 0.98576 0.168158 0
    outer loop
      vertex 142.662 77.2788 3
      vertex 142.728 76.8919 6
      vertex 142.728 76.8919 3
    endloop
  endfacet
  facet normal 0.998428 -0.0560485 0
    outer loop
      vertex 142.728 76.1081 6
      vertex 142.75 76.5 3
      vertex 142.75 76.5 6
    endloop
  endfacet
  facet normal 0.998428 -0.0560485 0
    outer loop
      vertex 142.75 76.5 3
      vertex 142.728 76.1081 6
      vertex 142.728 76.1081 3
    endloop
  endfacet
  facet normal 0.16762 0.985852 -0
    outer loop
      vertex 140.029 79.9122 3
      vertex 139.642 79.978 6
      vertex 140.029 79.9122 6
    endloop
  endfacet
  facet normal 0.16762 0.985852 0
    outer loop
      vertex 139.642 79.978 6
      vertex 140.029 79.9122 3
      vertex 139.642 79.978 3
    endloop
  endfacet
  facet normal 0.96137 0.27526 0
    outer loop
      vertex 142.662 77.2788 6
      vertex 142.554 77.656 3
      vertex 142.554 77.656 6
    endloop
  endfacet
  facet normal 0.96137 0.27526 0
    outer loop
      vertex 142.554 77.656 3
      vertex 142.662 77.2788 6
      vertex 142.662 77.2788 3
    endloop
  endfacet
  facet normal 0.665864 0.746073 -0
    outer loop
      vertex 141.725 78.9749 3
      vertex 141.432 79.2364 6
      vertex 141.725 78.9749 6
    endloop
  endfacet
  facet normal 0.665864 0.746073 0
    outer loop
      vertex 141.432 79.2364 6
      vertex 141.725 78.9749 3
      vertex 141.432 79.2364 3
    endloop
  endfacet
  facet normal -0.98576 0.168158 0
    outer loop
      vertex 135.772 76.8919 3
      vertex 135.838 77.2788 6
      vertex 135.838 77.2788 3
    endloop
  endfacet
  facet normal -0.98576 0.168158 0
    outer loop
      vertex 135.838 77.2788 6
      vertex 135.772 76.8919 3
      vertex 135.772 76.8919 6
    endloop
  endfacet
  facet normal 0.382337 -0.924023 0
    outer loop
      vertex 140.406 73.1964 3
      vertex 140.769 73.3466 6
      vertex 140.406 73.1964 6
    endloop
  endfacet
  facet normal 0.382337 -0.924023 0
    outer loop
      vertex 140.769 73.3466 6
      vertex 140.406 73.1964 3
      vertex 140.769 73.3466 3
    endloop
  endfacet
  facet normal -0.578752 -0.815503 0
    outer loop
      vertex 137.068 73.7636 3
      vertex 137.388 73.5365 6
      vertex 137.068 73.7636 6
    endloop
  endfacet
  facet normal -0.578752 -0.815503 -0
    outer loop
      vertex 137.388 73.5365 6
      vertex 137.068 73.7636 3
      vertex 137.388 73.5365 3
    endloop
  endfacet
  facet normal 0.746367 -0.665534 0
    outer loop
      vertex 141.725 74.0251 6
      vertex 141.986 74.3178 3
      vertex 141.986 74.3178 6
    endloop
  endfacet
  facet normal 0.746367 -0.665534 0
    outer loop
      vertex 141.986 74.3178 3
      vertex 141.725 74.0251 6
      vertex 141.725 74.0251 3
    endloop
  endfacet
  facet normal -0.484365 -0.874866 0
    outer loop
      vertex 137.388 73.5365 3
      vertex 137.731 73.3466 6
      vertex 137.388 73.5365 6
    endloop
  endfacet
  facet normal -0.484365 -0.874866 -0
    outer loop
      vertex 137.731 73.3466 6
      vertex 137.388 73.5365 3
      vertex 137.731 73.3466 3
    endloop
  endfacet
  facet normal 0.998428 0.0560485 0
    outer loop
      vertex 142.75 76.5 6
      vertex 142.728 76.8919 3
      vertex 142.728 76.8919 6
    endloop
  endfacet
  facet normal 0.998428 0.0560485 0
    outer loop
      vertex 142.728 76.8919 3
      vertex 142.75 76.5 6
      vertex 142.75 76.5 3
    endloop
  endfacet
  facet normal -0.98576 -0.168158 0
    outer loop
      vertex 135.838 75.7212 3
      vertex 135.772 76.1081 6
      vertex 135.772 76.1081 3
    endloop
  endfacet
  facet normal -0.98576 -0.168158 0
    outer loop
      vertex 135.772 76.1081 6
      vertex 135.838 75.7212 3
      vertex 135.838 75.7212 6
    endloop
  endfacet
  facet normal 0.0560343 -0.998429 0
    outer loop
      vertex 139.25 73 3
      vertex 139.642 73.022 6
      vertex 139.25 73 6
    endloop
  endfacet
  facet normal 0.0560343 -0.998429 0
    outer loop
      vertex 139.642 73.022 6
      vertex 139.25 73 3
      vertex 139.642 73.022 3
    endloop
  endfacet
  facet normal -0.578752 0.815503 0
    outer loop
      vertex 137.388 79.4635 3
      vertex 137.068 79.2364 6
      vertex 137.388 79.4635 6
    endloop
  endfacet
  facet normal -0.578752 0.815503 0
    outer loop
      vertex 137.068 79.2364 6
      vertex 137.388 79.4635 3
      vertex 137.068 79.2364 3
    endloop
  endfacet
  facet normal -0.0560343 0.998429 0
    outer loop
      vertex 139.25 80 3
      vertex 138.858 79.978 6
      vertex 139.25 80 6
    endloop
  endfacet
  facet normal -0.0560343 0.998429 0
    outer loop
      vertex 138.858 79.978 6
      vertex 139.25 80 3
      vertex 138.858 79.978 3
    endloop
  endfacet
  facet normal 0.746367 0.665534 0
    outer loop
      vertex 141.986 78.6822 6
      vertex 141.725 78.9749 3
      vertex 141.725 78.9749 6
    endloop
  endfacet
  facet normal 0.746367 0.665534 0
    outer loop
      vertex 141.725 78.9749 3
      vertex 141.986 78.6822 6
      vertex 141.986 78.6822 3
    endloop
  endfacet
  facet normal 0.876135 0.482066 0
    outer loop
      vertex 142.403 78.0186 6
      vertex 142.214 78.3621 3
      vertex 142.214 78.3621 6
    endloop
  endfacet
  facet normal 0.876135 0.482066 0
    outer loop
      vertex 142.214 78.3621 3
      vertex 142.403 78.0186 6
      vertex 142.403 78.0186 3
    endloop
  endfacet
  facet normal -0.923152 -0.384435 0
    outer loop
      vertex 136.097 74.9814 3
      vertex 135.946 75.344 6
      vertex 135.946 75.344 3
    endloop
  endfacet
  facet normal -0.923152 -0.384435 0
    outer loop
      vertex 135.946 75.344 6
      vertex 136.097 74.9814 3
      vertex 136.097 74.9814 6
    endloop
  endfacet
  facet normal 0.276808 -0.960925 0
    outer loop
      vertex 140.029 73.0878 3
      vertex 140.406 73.1964 6
      vertex 140.029 73.0878 6
    endloop
  endfacet
  facet normal 0.276808 -0.960925 0
    outer loop
      vertex 140.406 73.1964 6
      vertex 140.029 73.0878 3
      vertex 140.406 73.1964 3
    endloop
  endfacet
  facet normal 0.0560343 0.998429 -0
    outer loop
      vertex 139.642 79.978 3
      vertex 139.25 80 6
      vertex 139.642 79.978 6
    endloop
  endfacet
  facet normal 0.0560343 0.998429 0
    outer loop
      vertex 139.25 80 6
      vertex 139.642 79.978 3
      vertex 139.25 80 3
    endloop
  endfacet
  facet normal -0.746367 0.665534 0
    outer loop
      vertex 136.514 78.6822 3
      vertex 136.775 78.9749 6
      vertex 136.775 78.9749 3
    endloop
  endfacet
  facet normal -0.746367 0.665534 0
    outer loop
      vertex 136.775 78.9749 6
      vertex 136.514 78.6822 3
      vertex 136.514 78.6822 6
    endloop
  endfacet
  facet normal -0.276808 0.960925 0
    outer loop
      vertex 138.471 79.9122 3
      vertex 138.094 79.8036 6
      vertex 138.471 79.9122 6
    endloop
  endfacet
  facet normal -0.276808 0.960925 0
    outer loop
      vertex 138.094 79.8036 6
      vertex 138.471 79.9122 3
      vertex 138.094 79.8036 3
    endloop
  endfacet
  facet normal 0.923152 0.384435 0
    outer loop
      vertex 142.554 77.656 6
      vertex 142.403 78.0186 3
      vertex 142.403 78.0186 6
    endloop
  endfacet
  facet normal 0.923152 0.384435 0
    outer loop
      vertex 142.403 78.0186 3
      vertex 142.554 77.656 6
      vertex 142.554 77.656 3
    endloop
  endfacet
  facet normal -0.16762 0.985852 0
    outer loop
      vertex 138.858 79.978 3
      vertex 138.471 79.9122 6
      vertex 138.858 79.978 6
    endloop
  endfacet
  facet normal -0.16762 0.985852 0
    outer loop
      vertex 138.471 79.9122 6
      vertex 138.858 79.978 3
      vertex 138.471 79.9122 3
    endloop
  endfacet
  facet normal 0.96137 -0.27526 0
    outer loop
      vertex 142.554 75.344 6
      vertex 142.662 75.7212 3
      vertex 142.662 75.7212 6
    endloop
  endfacet
  facet normal 0.96137 -0.27526 0
    outer loop
      vertex 142.662 75.7212 3
      vertex 142.554 75.344 6
      vertex 142.554 75.344 3
    endloop
  endfacet
  facet normal 0 0 1
    outer loop
      vertex 140.65 76.5 6
      vertex 142.75 76.5 6
      vertex 142.728 76.8919 6
    endloop
  endfacet
  facet normal 0 0 1
    outer loop
      vertex 140.641 76.6568 6
      vertex 142.728 76.8919 6
      vertex 142.662 77.2788 6
    endloop
  endfacet
  facet normal 0 0 1
    outer loop
      vertex 142.75 76.5 6
      vertex 140.65 76.5 6
      vertex 142.728 76.1081 6
    endloop
  endfacet
  facet normal 0 0 1
    outer loop
      vertex 140.615 76.8115 6
      vertex 142.662 77.2788 6
      vertex 142.554 77.656 6
    endloop
  endfacet
  facet normal -0 0 1
    outer loop
      vertex 140.641 76.3432 6
      vertex 142.728 76.1081 6
      vertex 140.65 76.5 6
    endloop
  endfacet
  facet normal 0 0 1
    outer loop
      vertex 140.571 76.9624 6
      vertex 142.554 77.656 6
      vertex 142.403 78.0186 6
    endloop
  endfacet
  facet normal 0 0 1
    outer loop
      vertex 142.728 76.1081 6
      vertex 140.641 76.3432 6
      vertex 142.662 75.7212 6
    endloop
  endfacet
  facet normal 0 0 1
    outer loop
      vertex 140.511 77.1074 6
      vertex 142.403 78.0186 6
      vertex 142.214 78.3621 6
    endloop
  endfacet
  facet normal -0 0 1
    outer loop
      vertex 140.615 76.1885 6
      vertex 142.662 75.7212 6
      vertex 140.641 76.3432 6
    endloop
  endfacet
  facet normal 0 0 1
    outer loop
      vertex 140.435 77.2448 6
      vertex 142.214 78.3621 6
      vertex 141.986 78.6822 6
    endloop
  endfacet
  facet normal 0 0 1
    outer loop
      vertex 142.662 75.7212 6
      vertex 140.615 76.1885 6
      vertex 142.554 75.344 6
    endloop
  endfacet
  facet normal 0 0 1
    outer loop
      vertex 140.345 77.3729 6
      vertex 141.986 78.6822 6
      vertex 141.725 78.9749 6
    endloop
  endfacet
  facet normal -0 0 1
    outer loop
      vertex 140.571 76.0376 6
      vertex 142.554 75.344 6
      vertex 140.615 76.1885 6
    endloop
  endfacet
  facet normal 0 0 1
    outer loop
      vertex 140.24 77.49 6
      vertex 141.725 78.9749 6
      vertex 141.432 79.2364 6
    endloop
  endfacet
  facet normal 0 0 1
    outer loop
      vertex 142.554 75.344 6
      vertex 140.571 76.0376 6
      vertex 142.403 74.9814 6
    endloop
  endfacet
  facet normal 0 0 1
    outer loop
      vertex 140.123 77.5946 6
      vertex 141.432 79.2364 6
      vertex 141.112 79.4635 6
    endloop
  endfacet
  facet normal -0 0 1
    outer loop
      vertex 140.511 75.8926 6
      vertex 142.403 74.9814 6
      vertex 140.571 76.0376 6
    endloop
  endfacet
  facet normal 0 0 1
    outer loop
      vertex 139.995 77.6854 6
      vertex 141.112 79.4635 6
      vertex 140.769 79.6534 6
    endloop
  endfacet
  facet normal 0 0 1
    outer loop
      vertex 142.403 74.9814 6
      vertex 140.511 75.8926 6
      vertex 142.214 74.6379 6
    endloop
  endfacet
  facet normal -0 0 1
    outer loop
      vertex 140.435 75.7552 6
      vertex 142.214 74.6379 6
      vertex 140.511 75.8926 6
    endloop
  endfacet
  facet normal 0 0 1
    outer loop
      vertex 142.728 76.8919 6
      vertex 140.641 76.6568 6
      vertex 140.65 76.5 6
    endloop
  endfacet
  facet normal 0 0 1
    outer loop
      vertex 142.662 77.2788 6
      vertex 140.615 76.8115 6
      vertex 140.641 76.6568 6
    endloop
  endfacet
  facet normal 0 0 1
    outer loop
      vertex 142.554 77.656 6
      vertex 140.571 76.9624 6
      vertex 140.615 76.8115 6
    endloop
  endfacet
  facet normal 0 0 1
    outer loop
      vertex 142.403 78.0186 6
      vertex 140.511 77.1074 6
      vertex 140.571 76.9624 6
    endloop
  endfacet
  facet normal 0 0 1
    outer loop
      vertex 142.214 78.3621 6
      vertex 140.435 77.2448 6
      vertex 140.511 77.1074 6
    endloop
  endfacet
  facet normal 0 0 1
    outer loop
      vertex 139.857 77.7614 6
      vertex 140.769 79.6534 6
      vertex 140.406 79.8036 6
    endloop
  endfacet
  facet normal 0 0 1
    outer loop
      vertex 141.986 78.6822 6
      vertex 140.345 77.3729 6
      vertex 140.435 77.2448 6
    endloop
  endfacet
  facet normal 0 0 1
    outer loop
      vertex 141.725 78.9749 6
      vertex 140.24 77.49 6
      vertex 140.345 77.3729 6
    endloop
  endfacet
  facet normal 0 0 1
    outer loop
      vertex 141.432 79.2364 6
      vertex 140.123 77.5946 6
      vertex 140.24 77.49 6
    endloop
  endfacet
  facet normal 0 0 1
    outer loop
      vertex 139.712 77.8214 6
      vertex 140.406 79.8036 6
      vertex 140.029 79.9122 6
    endloop
  endfacet
  facet normal 0 0 1
    outer loop
      vertex 141.112 79.4635 6
      vertex 139.995 77.6854 6
      vertex 140.123 77.5946 6
    endloop
  endfacet
  facet normal 0 0 1
    outer loop
      vertex 140.769 79.6534 6
      vertex 139.857 77.7614 6
      vertex 139.995 77.6854 6
    endloop
  endfacet
  facet normal 0 0 1
    outer loop
      vertex 140.406 79.8036 6
      vertex 139.712 77.8214 6
      vertex 139.857 77.7614 6
    endloop
  endfacet
  facet normal 0 0 1
    outer loop
      vertex 139.562 77.8649 6
      vertex 140.029 79.9122 6
      vertex 139.642 79.978 6
    endloop
  endfacet
  facet normal 0 0 1
    outer loop
      vertex 140.029 79.9122 6
      vertex 139.562 77.8649 6
      vertex 139.712 77.8214 6
    endloop
  endfacet
  facet normal 0 0 1
    outer loop
      vertex 139.642 79.978 6
      vertex 139.407 77.8912 6
      vertex 139.562 77.8649 6
    endloop
  endfacet
  facet normal 0 0 1
    outer loop
      vertex 139.25 80 6
      vertex 139.407 77.8912 6
      vertex 139.642 79.978 6
    endloop
  endfacet
  facet normal 0 0 1
    outer loop
      vertex 139.25 80 6
      vertex 139.25 77.9 6
      vertex 139.407 77.8912 6
    endloop
  endfacet
  facet normal 0 0 1
    outer loop
      vertex 139.25 80 6
      vertex 139.093 77.8912 6
      vertex 139.25 77.9 6
    endloop
  endfacet
  facet normal -0 0 1
    outer loop
      vertex 138.858 79.978 6
      vertex 139.093 77.8912 6
      vertex 139.25 80 6
    endloop
  endfacet
  facet normal 0 0 1
    outer loop
      vertex 139.093 77.8912 6
      vertex 138.858 79.978 6
      vertex 138.938 77.8649 6
    endloop
  endfacet
  facet normal -0 0 1
    outer loop
      vertex 138.471 79.9122 6
      vertex 138.938 77.8649 6
      vertex 138.858 79.978 6
    endloop
  endfacet
  facet normal 0 0 1
    outer loop
      vertex 138.938 77.8649 6
      vertex 138.471 79.9122 6
      vertex 138.788 77.8214 6
    endloop
  endfacet
  facet normal -0 0 1
    outer loop
      vertex 138.094 79.8036 6
      vertex 138.788 77.8214 6
      vertex 138.471 79.9122 6
    endloop
  endfacet
  facet normal 0 0 1
    outer loop
      vertex 138.788 77.8214 6
      vertex 138.094 79.8036 6
      vertex 138.643 77.7614 6
    endloop
  endfacet
  facet normal -0 0 1
    outer loop
      vertex 137.731 79.6534 6
      vertex 138.643 77.7614 6
      vertex 138.094 79.8036 6
    endloop
  endfacet
  facet normal 0 0 1
    outer loop
      vertex 138.643 77.7614 6
      vertex 137.731 79.6534 6
      vertex 138.505 77.6854 6
    endloop
  endfacet
  facet normal -0 0 1
    outer loop
      vertex 137.388 79.4635 6
      vertex 138.505 77.6854 6
      vertex 137.731 79.6534 6
    endloop
  endfacet
  facet normal 0 0 1
    outer loop
      vertex 138.505 77.6854 6
      vertex 137.388 79.4635 6
      vertex 138.377 77.5946 6
    endloop
  endfacet
  facet normal -0 0 1
    outer loop
      vertex 137.068 79.2364 6
      vertex 138.377 77.5946 6
      vertex 137.388 79.4635 6
    endloop
  endfacet
  facet normal 0 0 1
    outer loop
      vertex 138.377 77.5946 6
      vertex 137.068 79.2364 6
      vertex 138.26 77.49 6
    endloop
  endfacet
  facet normal -0 0 1
    outer loop
      vertex 136.775 78.9749 6
      vertex 138.26 77.49 6
      vertex 137.068 79.2364 6
    endloop
  endfacet
  facet normal 0 0 1
    outer loop
      vertex 138.26 77.49 6
      vertex 136.775 78.9749 6
      vertex 138.155 77.3729 6
    endloop
  endfacet
  facet normal -0 0 1
    outer loop
      vertex 136.514 78.6822 6
      vertex 138.155 77.3729 6
      vertex 136.775 78.9749 6
    endloop
  endfacet
  facet normal -0 0 1
    outer loop
      vertex 136.286 78.3621 6
      vertex 138.065 77.2448 6
      vertex 136.514 78.6822 6
    endloop
  endfacet
  facet normal 0 0 1
    outer loop
      vertex 138.155 77.3729 6
      vertex 136.514 78.6822 6
      vertex 138.065 77.2448 6
    endloop
  endfacet
  facet normal 0 0 1
    outer loop
      vertex 142.214 74.6379 6
      vertex 140.435 75.7552 6
      vertex 141.986 74.3178 6
    endloop
  endfacet
  facet normal -0 0 1
    outer loop
      vertex 140.345 75.6271 6
      vertex 141.986 74.3178 6
      vertex 140.435 75.7552 6
    endloop
  endfacet
  facet normal 0 0 1
    outer loop
      vertex 141.986 74.3178 6
      vertex 140.345 75.6271 6
      vertex 141.725 74.0251 6
    endloop
  endfacet
  facet normal -0 0 1
    outer loop
      vertex 140.24 75.51 6
      vertex 141.725 74.0251 6
      vertex 140.345 75.6271 6
    endloop
  endfacet
  facet normal 0 0 1
    outer loop
      vertex 141.725 74.0251 6
      vertex 140.24 75.51 6
      vertex 141.432 73.7636 6
    endloop
  endfacet
  facet normal -0 0 1
    outer loop
      vertex 140.123 75.4054 6
      vertex 141.432 73.7636 6
      vertex 140.24 75.51 6
    endloop
  endfacet
  facet normal 0 0 1
    outer loop
      vertex 141.432 73.7636 6
      vertex 140.123 75.4054 6
      vertex 141.112 73.5365 6
    endloop
  endfacet
  facet normal -0 0 1
    outer loop
      vertex 139.995 75.3146 6
      vertex 141.112 73.5365 6
      vertex 140.123 75.4054 6
    endloop
  endfacet
  facet normal 0 0 1
    outer loop
      vertex 141.112 73.5365 6
      vertex 139.995 75.3146 6
      vertex 140.769 73.3466 6
    endloop
  endfacet
  facet normal -0 0 1
    outer loop
      vertex 139.857 75.2386 6
      vertex 140.769 73.3466 6
      vertex 139.995 75.3146 6
    endloop
  endfacet
  facet normal 0 0 1
    outer loop
      vertex 140.769 73.3466 6
      vertex 139.857 75.2386 6
      vertex 140.406 73.1964 6
    endloop
  endfacet
  facet normal -0 0 1
    outer loop
      vertex 139.712 75.1786 6
      vertex 140.406 73.1964 6
      vertex 139.857 75.2386 6
    endloop
  endfacet
  facet normal 0 0 1
    outer loop
      vertex 140.406 73.1964 6
      vertex 139.712 75.1786 6
      vertex 140.029 73.0878 6
    endloop
  endfacet
  facet normal -0 0 1
    outer loop
      vertex 139.562 75.1351 6
      vertex 140.029 73.0878 6
      vertex 139.712 75.1786 6
    endloop
  endfacet
  facet normal 0 0 1
    outer loop
      vertex 140.029 73.0878 6
      vertex 139.562 75.1351 6
      vertex 139.642 73.022 6
    endloop
  endfacet
  facet normal -0 0 1
    outer loop
      vertex 139.407 75.1088 6
      vertex 139.642 73.022 6
      vertex 139.562 75.1351 6
    endloop
  endfacet
  facet normal -0 0 1
    outer loop
      vertex 139.25 75.1 6
      vertex 139.642 73.022 6
      vertex 139.407 75.1088 6
    endloop
  endfacet
  facet normal 0 0 1
    outer loop
      vertex 139.25 75.1 6
      vertex 139.25 73 6
      vertex 139.642 73.022 6
    endloop
  endfacet
  facet normal 0 0 1
    outer loop
      vertex 139.093 75.1088 6
      vertex 139.25 73 6
      vertex 139.25 75.1 6
    endloop
  endfacet
  facet normal 0 0 1
    outer loop
      vertex 138.858 73.022 6
      vertex 139.093 75.1088 6
      vertex 138.938 75.1351 6
    endloop
  endfacet
  facet normal 0 0 1
    outer loop
      vertex 139.093 75.1088 6
      vertex 138.858 73.022 6
      vertex 139.25 73 6
    endloop
  endfacet
  facet normal 0 0 1
    outer loop
      vertex 138.471 73.0878 6
      vertex 138.938 75.1351 6
      vertex 138.788 75.1786 6
    endloop
  endfacet
  facet normal 0 0 1
    outer loop
      vertex 138.094 73.1964 6
      vertex 138.788 75.1786 6
      vertex 138.643 75.2386 6
    endloop
  endfacet
  facet normal 0 0 1
    outer loop
      vertex 137.731 73.3466 6
      vertex 138.643 75.2386 6
      vertex 138.505 75.3146 6
    endloop
  endfacet
  facet normal 0 0 1
    outer loop
      vertex 138.938 75.1351 6
      vertex 138.471 73.0878 6
      vertex 138.858 73.022 6
    endloop
  endfacet
  facet normal 0 0 1
    outer loop
      vertex 137.388 73.5365 6
      vertex 138.505 75.3146 6
      vertex 138.377 75.4054 6
    endloop
  endfacet
  facet normal 0 0 1
    outer loop
      vertex 137.068 73.7636 6
      vertex 138.377 75.4054 6
      vertex 138.26 75.51 6
    endloop
  endfacet
  facet normal 0 0 1
    outer loop
      vertex 136.775 74.0251 6
      vertex 138.26 75.51 6
      vertex 138.155 75.6271 6
    endloop
  endfacet
  facet normal 0 0 1
    outer loop
      vertex 138.788 75.1786 6
      vertex 138.094 73.1964 6
      vertex 138.471 73.0878 6
    endloop
  endfacet
  facet normal 0 0 1
    outer loop
      vertex 136.514 74.3178 6
      vertex 138.155 75.6271 6
      vertex 138.065 75.7552 6
    endloop
  endfacet
  facet normal 0 0 1
    outer loop
      vertex 136.286 74.6379 6
      vertex 138.065 75.7552 6
      vertex 137.989 75.8926 6
    endloop
  endfacet
  facet normal 0 0 1
    outer loop
      vertex 136.097 74.9814 6
      vertex 137.989 75.8926 6
      vertex 137.929 76.0376 6
    endloop
  endfacet
  facet normal 0 0 1
    outer loop
      vertex 135.946 75.344 6
      vertex 137.929 76.0376 6
      vertex 137.885 76.1885 6
    endloop
  endfacet
  facet normal 0 0 1
    outer loop
      vertex 135.838 75.7212 6
      vertex 137.885 76.1885 6
      vertex 137.859 76.3432 6
    endloop
  endfacet
  facet normal 0 0 1
    outer loop
      vertex 138.643 75.2386 6
      vertex 137.731 73.3466 6
      vertex 138.094 73.1964 6
    endloop
  endfacet
  facet normal 0 0 1
    outer loop
      vertex 135.772 76.1081 6
      vertex 137.859 76.3432 6
      vertex 137.85 76.5 6
    endloop
  endfacet
  facet normal 0 0 1
    outer loop
      vertex 138.065 77.2448 6
      vertex 136.286 78.3621 6
      vertex 137.989 77.1074 6
    endloop
  endfacet
  facet normal -0 0 1
    outer loop
      vertex 136.097 78.0186 6
      vertex 137.989 77.1074 6
      vertex 136.286 78.3621 6
    endloop
  endfacet
  facet normal 0 0 1
    outer loop
      vertex 138.505 75.3146 6
      vertex 137.388 73.5365 6
      vertex 137.731 73.3466 6
    endloop
  endfacet
  facet normal 0 0 1
    outer loop
      vertex 137.989 77.1074 6
      vertex 136.097 78.0186 6
      vertex 137.929 76.9624 6
    endloop
  endfacet
  facet normal 0 0 1
    outer loop
      vertex 138.377 75.4054 6
      vertex 137.068 73.7636 6
      vertex 137.388 73.5365 6
    endloop
  endfacet
  facet normal -0 0 1
    outer loop
      vertex 135.946 77.656 6
      vertex 137.929 76.9624 6
      vertex 136.097 78.0186 6
    endloop
  endfacet
  facet normal 0 0 1
    outer loop
      vertex 138.26 75.51 6
      vertex 136.775 74.0251 6
      vertex 137.068 73.7636 6
    endloop
  endfacet
  facet normal 0 0 1
    outer loop
      vertex 137.929 76.9624 6
      vertex 135.946 77.656 6
      vertex 137.885 76.8115 6
    endloop
  endfacet
  facet normal 0 0 1
    outer loop
      vertex 138.155 75.6271 6
      vertex 136.514 74.3178 6
      vertex 136.775 74.0251 6
    endloop
  endfacet
  facet normal -0 0 1
    outer loop
      vertex 135.838 77.2788 6
      vertex 137.885 76.8115 6
      vertex 135.946 77.656 6
    endloop
  endfacet
  facet normal 0 0 1
    outer loop
      vertex 138.065 75.7552 6
      vertex 136.286 74.6379 6
      vertex 136.514 74.3178 6
    endloop
  endfacet
  facet normal 0 0 1
    outer loop
      vertex 137.885 76.8115 6
      vertex 135.838 77.2788 6
      vertex 137.859 76.6568 6
    endloop
  endfacet
  facet normal 0 0 1
    outer loop
      vertex 137.989 75.8926 6
      vertex 136.097 74.9814 6
      vertex 136.286 74.6379 6
    endloop
  endfacet
  facet normal -0 0 1
    outer loop
      vertex 135.772 76.8919 6
      vertex 137.859 76.6568 6
      vertex 135.838 77.2788 6
    endloop
  endfacet
  facet normal 0 0 1
    outer loop
      vertex 137.929 76.0376 6
      vertex 135.946 75.344 6
      vertex 136.097 74.9814 6
    endloop
  endfacet
  facet normal 0 0 1
    outer loop
      vertex 137.859 76.6568 6
      vertex 135.772 76.8919 6
      vertex 137.85 76.5 6
    endloop
  endfacet
  facet normal 0 0 1
    outer loop
      vertex 137.885 76.1885 6
      vertex 135.838 75.7212 6
      vertex 135.946 75.344 6
    endloop
  endfacet
  facet normal 0 0 1
    outer loop
      vertex 135.75 76.5 6
      vertex 137.85 76.5 6
      vertex 135.772 76.8919 6
    endloop
  endfacet
  facet normal 0 0 1
    outer loop
      vertex 137.859 76.3432 6
      vertex 135.772 76.1081 6
      vertex 135.838 75.7212 6
    endloop
  endfacet
  facet normal 0 0 1
    outer loop
      vertex 137.85 76.5 6
      vertex 135.75 76.5 6
      vertex 135.772 76.1081 6
    endloop
  endfacet
  facet normal -0.96137 0.27526 0
    outer loop
      vertex 135.838 77.2788 3
      vertex 135.946 77.656 6
      vertex 135.946 77.656 3
    endloop
  endfacet
  facet normal -0.96137 0.27526 0
    outer loop
      vertex 135.946 77.656 6
      vertex 135.838 77.2788 3
      vertex 135.838 77.2788 6
    endloop
  endfacet
  facet normal -0.484365 0.874866 0
    outer loop
      vertex 137.731 79.6534 3
      vertex 137.388 79.4635 6
      vertex 137.731 79.6534 6
    endloop
  endfacet
  facet normal -0.484365 0.874866 0
    outer loop
      vertex 137.388 79.4635 6
      vertex 137.731 79.6534 3
      vertex 137.388 79.4635 3
    endloop
  endfacet
  facet normal -0.665864 -0.746073 0
    outer loop
      vertex 136.775 74.0251 3
      vertex 137.068 73.7636 6
      vertex 136.775 74.0251 6
    endloop
  endfacet
  facet normal -0.665864 -0.746073 -0
    outer loop
      vertex 137.068 73.7636 6
      vertex 136.775 74.0251 3
      vertex 137.068 73.7636 3
    endloop
  endfacet
  facet normal 0.814506 0.580155 0
    outer loop
      vertex 142.214 78.3621 6
      vertex 141.986 78.6822 3
      vertex 141.986 78.6822 6
    endloop
  endfacet
  facet normal 0.814506 0.580155 0
    outer loop
      vertex 141.986 78.6822 3
      vertex 142.214 78.3621 6
      vertex 142.214 78.3621 3
    endloop
  endfacet
  facet normal -0.876135 0.482066 0
    outer loop
      vertex 136.097 78.0186 3
      vertex 136.286 78.3621 6
      vertex 136.286 78.3621 3
    endloop
  endfacet
  facet normal -0.876135 0.482066 0
    outer loop
      vertex 136.286 78.3621 6
      vertex 136.097 78.0186 3
      vertex 136.097 78.0186 6
    endloop
  endfacet
  facet normal 0.16762 -0.985852 0
    outer loop
      vertex 139.642 73.022 3
      vertex 140.029 73.0878 6
      vertex 139.642 73.022 6
    endloop
  endfacet
  facet normal 0.16762 -0.985852 0
    outer loop
      vertex 140.029 73.0878 6
      vertex 139.642 73.022 3
      vertex 140.029 73.0878 3
    endloop
  endfacet
  facet normal 0.98576 -0.168158 0
    outer loop
      vertex 142.662 75.7212 6
      vertex 142.728 76.1081 3
      vertex 142.728 76.1081 6
    endloop
  endfacet
  facet normal 0.98576 -0.168158 0
    outer loop
      vertex 142.728 76.1081 3
      vertex 142.662 75.7212 6
      vertex 142.662 75.7212 3
    endloop
  endfacet
  facet normal -0.998428 -0.0560485 0
    outer loop
      vertex 135.772 76.1081 3
      vertex 135.75 76.5 6
      vertex 135.75 76.5 3
    endloop
  endfacet
  facet normal -0.998428 -0.0560485 0
    outer loop
      vertex 135.75 76.5 6
      vertex 135.772 76.1081 3
      vertex 135.772 76.1081 6
    endloop
  endfacet
  facet normal -0.998428 0.0560485 0
    outer loop
      vertex 135.75 76.5 3
      vertex 135.772 76.8919 6
      vertex 135.772 76.8919 3
    endloop
  endfacet
  facet normal -0.998428 0.0560485 0
    outer loop
      vertex 135.772 76.8919 6
      vertex 135.75 76.5 3
      vertex 135.75 76.5 6
    endloop
  endfacet
  facet normal 0.276808 0.960925 -0
    outer loop
      vertex 140.406 79.8036 3
      vertex 140.029 79.9122 6
      vertex 140.406 79.8036 6
    endloop
  endfacet
  facet normal 0.276808 0.960925 0
    outer loop
      vertex 140.029 79.9122 6
      vertex 140.406 79.8036 3
      vertex 140.029 79.9122 3
    endloop
  endfacet
  facet normal -0.746367 -0.665534 0
    outer loop
      vertex 136.775 74.0251 3
      vertex 136.514 74.3178 6
      vertex 136.514 74.3178 3
    endloop
  endfacet
  facet normal -0.746367 -0.665534 0
    outer loop
      vertex 136.514 74.3178 6
      vertex 136.775 74.0251 3
      vertex 136.775 74.0251 6
    endloop
  endfacet
  facet normal 0.814506 -0.580155 0
    outer loop
      vertex 141.986 74.3178 6
      vertex 142.214 74.6379 3
      vertex 142.214 74.6379 6
    endloop
  endfacet
  facet normal 0.814506 -0.580155 0
    outer loop
      vertex 142.214 74.6379 3
      vertex 141.986 74.3178 6
      vertex 141.986 74.3178 3
    endloop
  endfacet
  facet normal 0.578752 -0.815503 0
    outer loop
      vertex 141.112 73.5365 3
      vertex 141.432 73.7636 6
      vertex 141.112 73.5365 6
    endloop
  endfacet
  facet normal 0.578752 -0.815503 0
    outer loop
      vertex 141.432 73.7636 6
      vertex 141.112 73.5365 3
      vertex 141.432 73.7636 3
    endloop
  endfacet
  facet normal 0.578752 0.815503 -0
    outer loop
      vertex 141.432 79.2364 3
      vertex 141.112 79.4635 6
      vertex 141.432 79.2364 6
    endloop
  endfacet
  facet normal 0.578752 0.815503 0
    outer loop
      vertex 141.112 79.4635 6
      vertex 141.432 79.2364 3
      vertex 141.112 79.4635 3
    endloop
  endfacet
  facet normal 0.665864 -0.746073 0
    outer loop
      vertex 141.432 73.7636 3
      vertex 141.725 74.0251 6
      vertex 141.432 73.7636 6
    endloop
  endfacet
  facet normal 0.665864 -0.746073 0
    outer loop
      vertex 141.725 74.0251 6
      vertex 141.432 73.7636 3
      vertex 141.725 74.0251 3
    endloop
  endfacet
  facet normal -0.923152 0.384435 0
    outer loop
      vertex 135.946 77.656 3
      vertex 136.097 78.0186 6
      vertex 136.097 78.0186 3
    endloop
  endfacet
  facet normal -0.923152 0.384435 0
    outer loop
      vertex 136.097 78.0186 6
      vertex 135.946 77.656 3
      vertex 135.946 77.656 6
    endloop
  endfacet
  facet normal 0.923152 -0.384435 0
    outer loop
      vertex 142.403 74.9814 6
      vertex 142.554 75.344 3
      vertex 142.554 75.344 6
    endloop
  endfacet
  facet normal 0.923152 -0.384435 0
    outer loop
      vertex 142.554 75.344 3
      vertex 142.403 74.9814 6
      vertex 142.403 74.9814 3
    endloop
  endfacet
  facet normal 0.484365 -0.874866 0
    outer loop
      vertex 140.769 73.3466 3
      vertex 141.112 73.5365 6
      vertex 140.769 73.3466 6
    endloop
  endfacet
  facet normal 0.484365 -0.874866 0
    outer loop
      vertex 141.112 73.5365 6
      vertex 140.769 73.3466 3
      vertex 141.112 73.5365 3
    endloop
  endfacet
  facet normal 0.484365 0.874866 -0
    outer loop
      vertex 141.112 79.4635 3
      vertex 140.769 79.6534 6
      vertex 141.112 79.4635 6
    endloop
  endfacet
  facet normal 0.484365 0.874866 0
    outer loop
      vertex 140.769 79.6534 6
      vertex 141.112 79.4635 3
      vertex 140.769 79.6534 3
    endloop
  endfacet
  facet normal -0.382337 0.924023 0
    outer loop
      vertex 138.094 79.8036 3
      vertex 137.731 79.6534 6
      vertex 138.094 79.8036 6
    endloop
  endfacet
  facet normal -0.382337 0.924023 0
    outer loop
      vertex 137.731 79.6534 6
      vertex 138.094 79.8036 3
      vertex 137.731 79.6534 3
    endloop
  endfacet
  facet normal -0.382337 -0.924023 0
    outer loop
      vertex 137.731 73.3466 3
      vertex 138.094 73.1964 6
      vertex 137.731 73.3466 6
    endloop
  endfacet
  facet normal -0.382337 -0.924023 -0
    outer loop
      vertex 138.094 73.1964 6
      vertex 137.731 73.3466 3
      vertex 138.094 73.1964 3
    endloop
  endfacet
  facet normal -0.16762 -0.985852 0
    outer loop
      vertex 138.471 73.0878 3
      vertex 138.858 73.022 6
      vertex 138.471 73.0878 6
    endloop
  endfacet
  facet normal -0.16762 -0.985852 -0
    outer loop
      vertex 138.858 73.022 6
      vertex 138.471 73.0878 3
      vertex 138.858 73.022 3
    endloop
  endfacet
  facet normal -0.876135 -0.482066 0
    outer loop
      vertex 136.286 74.6379 3
      vertex 136.097 74.9814 6
      vertex 136.097 74.9814 3
    endloop
  endfacet
  facet normal -0.876135 -0.482066 0
    outer loop
      vertex 136.097 74.9814 6
      vertex 136.286 74.6379 3
      vertex 136.286 74.6379 6
    endloop
  endfacet
  facet normal -0.814506 0.580155 0
    outer loop
      vertex 136.286 78.3621 3
      vertex 136.514 78.6822 6
      vertex 136.514 78.6822 3
    endloop
  endfacet
  facet normal -0.814506 0.580155 0
    outer loop
      vertex 136.514 78.6822 6
      vertex 136.286 78.3621 3
      vertex 136.286 78.3621 6
    endloop
  endfacet
  facet normal 0.382337 0.924023 -0
    outer loop
      vertex 140.769 79.6534 3
      vertex 140.406 79.8036 6
      vertex 140.769 79.6534 6
    endloop
  endfacet
  facet normal 0.382337 0.924023 0
    outer loop
      vertex 140.406 79.8036 6
      vertex 140.769 79.6534 3
      vertex 140.406 79.8036 3
    endloop
  endfacet
  facet normal -0.96137 -0.27526 0
    outer loop
      vertex 135.946 75.344 3
      vertex 135.838 75.7212 6
      vertex 135.838 75.7212 3
    endloop
  endfacet
  facet normal -0.96137 -0.27526 0
    outer loop
      vertex 135.838 75.7212 6
      vertex 135.946 75.344 3
      vertex 135.946 75.344 6
    endloop
  endfacet
  facet normal 0.876135 -0.482066 0
    outer loop
      vertex 142.214 74.6379 6
      vertex 142.403 74.9814 3
      vertex 142.403 74.9814 6
    endloop
  endfacet
  facet normal 0.876135 -0.482066 0
    outer loop
      vertex 142.403 74.9814 3
      vertex 142.214 74.6379 6
      vertex 142.214 74.6379 3
    endloop
  endfacet
  facet normal -0.276808 -0.960925 0
    outer loop
      vertex 138.094 73.1964 3
      vertex 138.471 73.0878 6
      vertex 138.094 73.1964 6
    endloop
  endfacet
  facet normal -0.276808 -0.960925 -0
    outer loop
      vertex 138.471 73.0878 6
      vertex 138.094 73.1964 3
      vertex 138.471 73.0878 3
    endloop
  endfacet
  facet normal -0.814506 -0.580155 0
    outer loop
      vertex 136.514 74.3178 3
      vertex 136.286 74.6379 6
      vertex 136.286 74.6379 3
    endloop
  endfacet
  facet normal -0.814506 -0.580155 0
    outer loop
      vertex 136.286 74.6379 6
      vertex 136.514 74.3178 3
      vertex 136.514 74.3178 6
    endloop
  endfacet
  facet normal -0.0560343 -0.998429 0
    outer loop
      vertex 138.858 73.022 3
      vertex 139.25 73 6
      vertex 138.858 73.022 6
    endloop
  endfacet
  facet normal -0.0560343 -0.998429 -0
    outer loop
      vertex 139.25 73 6
      vertex 138.858 73.022 3
      vertex 139.25 73 3
    endloop
  endfacet
  facet normal 0.666497 -0.745508 0
    outer loop
      vertex 138.26 77.49 3
      vertex 138.377 77.5946 6
      vertex 138.26 77.49 6
    endloop
  endfacet
  facet normal 0.666497 -0.745508 0
    outer loop
      vertex 138.377 77.5946 6
      vertex 138.26 77.49 3
      vertex 138.377 77.5946 3
    endloop
  endfacet
  facet normal -0.986169 -0.165743 0
    outer loop
      vertex 140.641 76.6568 3
      vertex 140.615 76.8115 6
      vertex 140.615 76.8115 3
    endloop
  endfacet
  facet normal -0.986169 -0.165743 0
    outer loop
      vertex 140.615 76.8115 6
      vertex 140.641 76.6568 3
      vertex 140.641 76.6568 6
    endloop
  endfacet
  facet normal -0.998357 0.0573036 0
    outer loop
      vertex 140.641 76.3432 3
      vertex 140.65 76.5 6
      vertex 140.65 76.5 3
    endloop
  endfacet
  facet normal -0.998357 0.0573036 0
    outer loop
      vertex 140.65 76.5 6
      vertex 140.641 76.3432 3
      vertex 140.641 76.3432 6
    endloop
  endfacet
  facet normal -0.167286 -0.985908 0
    outer loop
      vertex 139.407 77.8912 3
      vertex 139.562 77.8649 6
      vertex 139.407 77.8912 6
    endloop
  endfacet
  facet normal -0.167286 -0.985908 -0
    outer loop
      vertex 139.562 77.8649 6
      vertex 139.407 77.8912 3
      vertex 139.562 77.8649 3
    endloop
  endfacet
  facet normal -0.666497 0.745508 0
    outer loop
      vertex 140.24 75.51 3
      vertex 140.123 75.4054 6
      vertex 140.24 75.51 6
    endloop
  endfacet
  facet normal -0.666497 0.745508 0
    outer loop
      vertex 140.123 75.4054 6
      vertex 140.24 75.51 3
      vertex 140.123 75.4054 3
    endloop
  endfacet
  facet normal -0.960021 -0.279927 0
    outer loop
      vertex 140.615 76.8115 3
      vertex 140.571 76.9624 6
      vertex 140.571 76.9624 3
    endloop
  endfacet
  facet normal -0.960021 -0.279927 0
    outer loop
      vertex 140.571 76.9624 6
      vertex 140.615 76.8115 3
      vertex 140.615 76.8115 6
    endloop
  endfacet
  facet normal -0.666497 -0.745508 0
    outer loop
      vertex 140.123 77.5946 3
      vertex 140.24 77.49 6
      vertex 140.123 77.5946 6
    endloop
  endfacet
  facet normal -0.666497 -0.745508 -0
    outer loop
      vertex 140.24 77.49 6
      vertex 140.123 77.5946 3
      vertex 140.24 77.49 3
    endloop
  endfacet
  facet normal 0.986169 -0.165743 0
    outer loop
      vertex 137.859 76.6568 6
      vertex 137.885 76.8115 3
      vertex 137.885 76.8115 6
    endloop
  endfacet
  facet normal 0.986169 -0.165743 0
    outer loop
      vertex 137.885 76.8115 3
      vertex 137.859 76.6568 6
      vertex 137.859 76.6568 3
    endloop
  endfacet
  facet normal -0.382352 0.924017 0
    outer loop
      vertex 139.857 75.2386 3
      vertex 139.712 75.1786 6
      vertex 139.857 75.2386 6
    endloop
  endfacet
  facet normal -0.382352 0.924017 0
    outer loop
      vertex 139.712 75.1786 6
      vertex 139.857 75.2386 3
      vertex 139.712 75.1786 3
    endloop
  endfacet
  facet normal 0.578583 0.815624 -0
    outer loop
      vertex 138.505 75.3146 3
      vertex 138.377 75.4054 6
      vertex 138.505 75.3146 6
    endloop
  endfacet
  facet normal 0.578583 0.815624 0
    outer loop
      vertex 138.377 75.4054 6
      vertex 138.505 75.3146 3
      vertex 138.377 75.4054 3
    endloop
  endfacet
  facet normal -0.744526 0.667594 0
    outer loop
      vertex 140.24 75.51 3
      vertex 140.345 75.6271 6
      vertex 140.345 75.6271 3
    endloop
  endfacet
  facet normal -0.744526 0.667594 0
    outer loop
      vertex 140.345 75.6271 6
      vertex 140.24 75.51 3
      vertex 140.24 75.51 6
    endloop
  endfacet
  facet normal 0.482406 0.875948 -0
    outer loop
      vertex 138.643 75.2386 3
      vertex 138.505 75.3146 6
      vertex 138.643 75.2386 6
    endloop
  endfacet
  facet normal 0.482406 0.875948 0
    outer loop
      vertex 138.505 75.3146 6
      vertex 138.643 75.2386 3
      vertex 138.505 75.3146 3
    endloop
  endfacet
  facet normal -0.998357 -0.0573036 0
    outer loop
      vertex 140.65 76.5 3
      vertex 140.641 76.6568 6
      vertex 140.641 76.6568 3
    endloop
  endfacet
  facet normal -0.998357 -0.0573036 0
    outer loop
      vertex 140.641 76.6568 6
      vertex 140.65 76.5 3
      vertex 140.65 76.5 6
    endloop
  endfacet
  facet normal 0.986169 0.165743 0
    outer loop
      vertex 137.885 76.1885 6
      vertex 137.859 76.3432 3
      vertex 137.859 76.3432 6
    endloop
  endfacet
  facet normal 0.986169 0.165743 0
    outer loop
      vertex 137.859 76.3432 3
      vertex 137.885 76.1885 6
      vertex 137.885 76.1885 3
    endloop
  endfacet
  facet normal -0.0559631 0.998433 0
    outer loop
      vertex 139.407 75.1088 3
      vertex 139.25 75.1 6
      vertex 139.407 75.1088 6
    endloop
  endfacet
  facet normal -0.0559631 0.998433 0
    outer loop
      vertex 139.25 75.1 6
      vertex 139.407 75.1088 3
      vertex 139.25 75.1 3
    endloop
  endfacet
  facet normal 0.578583 -0.815624 0
    outer loop
      vertex 138.377 77.5946 3
      vertex 138.505 77.6854 6
      vertex 138.377 77.5946 6
    endloop
  endfacet
  facet normal 0.578583 -0.815624 0
    outer loop
      vertex 138.505 77.6854 6
      vertex 138.377 77.5946 3
      vertex 138.505 77.6854 3
    endloop
  endfacet
  facet normal 0.0559631 -0.998433 0
    outer loop
      vertex 139.093 77.8912 3
      vertex 139.25 77.9 6
      vertex 139.093 77.8912 6
    endloop
  endfacet
  facet normal 0.0559631 -0.998433 0
    outer loop
      vertex 139.25 77.9 6
      vertex 139.093 77.8912 3
      vertex 139.25 77.9 3
    endloop
  endfacet
  facet normal -0.744526 -0.667594 0
    outer loop
      vertex 140.345 77.3729 3
      vertex 140.24 77.49 6
      vertex 140.24 77.49 3
    endloop
  endfacet
  facet normal -0.744526 -0.667594 0
    outer loop
      vertex 140.24 77.49 6
      vertex 140.345 77.3729 3
      vertex 140.345 77.3729 6
    endloop
  endfacet
  facet normal -0.875057 -0.48402 0
    outer loop
      vertex 140.511 77.1074 3
      vertex 140.435 77.2448 6
      vertex 140.435 77.2448 3
    endloop
  endfacet
  facet normal -0.875057 -0.48402 0
    outer loop
      vertex 140.435 77.2448 6
      vertex 140.511 77.1074 3
      vertex 140.511 77.1074 6
    endloop
  endfacet
  facet normal 0.924017 0.382352 0
    outer loop
      vertex 137.989 75.8926 6
      vertex 137.929 76.0376 3
      vertex 137.929 76.0376 6
    endloop
  endfacet
  facet normal 0.924017 0.382352 0
    outer loop
      vertex 137.929 76.0376 3
      vertex 137.989 75.8926 6
      vertex 137.989 75.8926 3
    endloop
  endfacet
  facet normal -0.278524 0.960429 0
    outer loop
      vertex 139.712 75.1786 3
      vertex 139.562 75.1351 6
      vertex 139.712 75.1786 6
    endloop
  endfacet
  facet normal -0.278524 0.960429 0
    outer loop
      vertex 139.562 75.1351 6
      vertex 139.712 75.1786 3
      vertex 139.562 75.1351 3
    endloop
  endfacet
  facet normal -0.0559631 -0.998433 0
    outer loop
      vertex 139.25 77.9 3
      vertex 139.407 77.8912 6
      vertex 139.25 77.9 6
    endloop
  endfacet
  facet normal -0.0559631 -0.998433 -0
    outer loop
      vertex 139.407 77.8912 6
      vertex 139.25 77.9 3
      vertex 139.407 77.8912 3
    endloop
  endfacet
  facet normal 0.744526 -0.667594 0
    outer loop
      vertex 138.155 77.3729 6
      vertex 138.26 77.49 3
      vertex 138.26 77.49 6
    endloop
  endfacet
  facet normal 0.744526 -0.667594 0
    outer loop
      vertex 138.26 77.49 3
      vertex 138.155 77.3729 6
      vertex 138.155 77.3729 3
    endloop
  endfacet
  facet normal 0.278524 -0.960429 0
    outer loop
      vertex 138.788 77.8214 3
      vertex 138.938 77.8649 6
      vertex 138.788 77.8214 6
    endloop
  endfacet
  facet normal 0.278524 -0.960429 0
    outer loop
      vertex 138.938 77.8649 6
      vertex 138.788 77.8214 3
      vertex 138.938 77.8649 3
    endloop
  endfacet
  facet normal -0.924017 -0.382352 0
    outer loop
      vertex 140.571 76.9624 3
      vertex 140.511 77.1074 6
      vertex 140.511 77.1074 3
    endloop
  endfacet
  facet normal -0.924017 -0.382352 0
    outer loop
      vertex 140.511 77.1074 6
      vertex 140.571 76.9624 3
      vertex 140.571 76.9624 6
    endloop
  endfacet
  facet normal 0.167286 -0.985908 0
    outer loop
      vertex 138.938 77.8649 3
      vertex 139.093 77.8912 6
      vertex 138.938 77.8649 6
    endloop
  endfacet
  facet normal 0.167286 -0.985908 0
    outer loop
      vertex 139.093 77.8912 6
      vertex 138.938 77.8649 3
      vertex 139.093 77.8912 3
    endloop
  endfacet
  facet normal -0.960021 0.279927 0
    outer loop
      vertex 140.571 76.0376 3
      vertex 140.615 76.1885 6
      vertex 140.615 76.1885 3
    endloop
  endfacet
  facet normal -0.960021 0.279927 0
    outer loop
      vertex 140.615 76.1885 6
      vertex 140.571 76.0376 3
      vertex 140.571 76.0376 6
    endloop
  endfacet
  facet normal 0.960021 -0.279927 0
    outer loop
      vertex 137.885 76.8115 6
      vertex 137.929 76.9624 3
      vertex 137.929 76.9624 6
    endloop
  endfacet
  facet normal 0.960021 -0.279927 0
    outer loop
      vertex 137.929 76.9624 3
      vertex 137.885 76.8115 6
      vertex 137.885 76.8115 3
    endloop
  endfacet
  facet normal 0.482406 -0.875948 0
    outer loop
      vertex 138.505 77.6854 3
      vertex 138.643 77.7614 6
      vertex 138.505 77.6854 6
    endloop
  endfacet
  facet normal 0.482406 -0.875948 0
    outer loop
      vertex 138.643 77.7614 6
      vertex 138.505 77.6854 3
      vertex 138.643 77.7614 3
    endloop
  endfacet
  facet normal 0.666497 0.745508 -0
    outer loop
      vertex 138.377 75.4054 3
      vertex 138.26 75.51 6
      vertex 138.377 75.4054 6
    endloop
  endfacet
  facet normal 0.666497 0.745508 0
    outer loop
      vertex 138.26 75.51 6
      vertex 138.377 75.4054 3
      vertex 138.26 75.51 3
    endloop
  endfacet
  facet normal -0.81824 -0.574876 0
    outer loop
      vertex 140.435 77.2448 3
      vertex 140.345 77.3729 6
      vertex 140.345 77.3729 3
    endloop
  endfacet
  facet normal -0.81824 -0.574876 0
    outer loop
      vertex 140.345 77.3729 6
      vertex 140.435 77.2448 3
      vertex 140.435 77.2448 6
    endloop
  endfacet
  facet normal -0.167286 0.985908 0
    outer loop
      vertex 139.562 75.1351 3
      vertex 139.407 75.1088 6
      vertex 139.562 75.1351 6
    endloop
  endfacet
  facet normal -0.167286 0.985908 0
    outer loop
      vertex 139.407 75.1088 6
      vertex 139.562 75.1351 3
      vertex 139.407 75.1088 3
    endloop
  endfacet
  facet normal -0.986169 0.165743 0
    outer loop
      vertex 140.615 76.1885 3
      vertex 140.641 76.3432 6
      vertex 140.641 76.3432 3
    endloop
  endfacet
  facet normal -0.986169 0.165743 0
    outer loop
      vertex 140.641 76.3432 6
      vertex 140.615 76.1885 3
      vertex 140.615 76.1885 6
    endloop
  endfacet
  facet normal 0.998357 0.0573036 0
    outer loop
      vertex 137.859 76.3432 6
      vertex 137.85 76.5 3
      vertex 137.85 76.5 6
    endloop
  endfacet
  facet normal 0.998357 0.0573036 0
    outer loop
      vertex 137.85 76.5 3
      vertex 137.859 76.3432 6
      vertex 137.859 76.3432 3
    endloop
  endfacet
  facet normal 0.998357 -0.0573036 0
    outer loop
      vertex 137.85 76.5 6
      vertex 137.859 76.6568 3
      vertex 137.859 76.6568 6
    endloop
  endfacet
  facet normal 0.998357 -0.0573036 0
    outer loop
      vertex 137.859 76.6568 3
      vertex 137.85 76.5 6
      vertex 137.85 76.5 3
    endloop
  endfacet
  facet normal -0.278524 -0.960429 0
    outer loop
      vertex 139.562 77.8649 3
      vertex 139.712 77.8214 6
      vertex 139.562 77.8649 6
    endloop
  endfacet
  facet normal -0.278524 -0.960429 -0
    outer loop
      vertex 139.712 77.8214 6
      vertex 139.562 77.8649 3
      vertex 139.712 77.8214 3
    endloop
  endfacet
  facet normal 0.744526 0.667594 0
    outer loop
      vertex 138.26 75.51 6
      vertex 138.155 75.6271 3
      vertex 138.155 75.6271 6
    endloop
  endfacet
  facet normal 0.744526 0.667594 0
    outer loop
      vertex 138.155 75.6271 3
      vertex 138.26 75.51 6
      vertex 138.26 75.51 3
    endloop
  endfacet
  facet normal -0.81824 0.574876 0
    outer loop
      vertex 140.345 75.6271 3
      vertex 140.435 75.7552 6
      vertex 140.435 75.7552 3
    endloop
  endfacet
  facet normal -0.81824 0.574876 0
    outer loop
      vertex 140.435 75.7552 6
      vertex 140.345 75.6271 3
      vertex 140.345 75.6271 6
    endloop
  endfacet
  facet normal -0.578583 0.815624 0
    outer loop
      vertex 140.123 75.4054 3
      vertex 139.995 75.3146 6
      vertex 140.123 75.4054 6
    endloop
  endfacet
  facet normal -0.578583 0.815624 0
    outer loop
      vertex 139.995 75.3146 6
      vertex 140.123 75.4054 3
      vertex 139.995 75.3146 3
    endloop
  endfacet
  facet normal -0.578583 -0.815624 0
    outer loop
      vertex 139.995 77.6854 3
      vertex 140.123 77.5946 6
      vertex 139.995 77.6854 6
    endloop
  endfacet
  facet normal -0.578583 -0.815624 -0
    outer loop
      vertex 140.123 77.5946 6
      vertex 139.995 77.6854 3
      vertex 140.123 77.5946 3
    endloop
  endfacet
  facet normal 0.924017 -0.382352 0
    outer loop
      vertex 137.929 76.9624 6
      vertex 137.989 77.1074 3
      vertex 137.989 77.1074 6
    endloop
  endfacet
  facet normal 0.924017 -0.382352 0
    outer loop
      vertex 137.989 77.1074 3
      vertex 137.929 76.9624 6
      vertex 137.929 76.9624 3
    endloop
  endfacet
  facet normal -0.924017 0.382352 0
    outer loop
      vertex 140.511 75.8926 3
      vertex 140.571 76.0376 6
      vertex 140.571 76.0376 3
    endloop
  endfacet
  facet normal -0.924017 0.382352 0
    outer loop
      vertex 140.571 76.0376 6
      vertex 140.511 75.8926 3
      vertex 140.511 75.8926 6
    endloop
  endfacet
  facet normal -0.482406 0.875948 0
    outer loop
      vertex 139.995 75.3146 3
      vertex 139.857 75.2386 6
      vertex 139.995 75.3146 6
    endloop
  endfacet
  facet normal -0.482406 0.875948 0
    outer loop
      vertex 139.857 75.2386 6
      vertex 139.995 75.3146 3
      vertex 139.857 75.2386 3
    endloop
  endfacet
  facet normal -0.482406 -0.875948 0
    outer loop
      vertex 139.857 77.7614 3
      vertex 139.995 77.6854 6
      vertex 139.857 77.7614 6
    endloop
  endfacet
  facet normal -0.482406 -0.875948 -0
    outer loop
      vertex 139.995 77.6854 6
      vertex 139.857 77.7614 3
      vertex 139.995 77.6854 3
    endloop
  endfacet
  facet normal 0.382352 -0.924017 0
    outer loop
      vertex 138.643 77.7614 3
      vertex 138.788 77.8214 6
      vertex 138.643 77.7614 6
    endloop
  endfacet
  facet normal 0.382352 -0.924017 0
    outer loop
      vertex 138.788 77.8214 6
      vertex 138.643 77.7614 3
      vertex 138.788 77.8214 3
    endloop
  endfacet
  facet normal 0.382352 0.924017 -0
    outer loop
      vertex 138.788 75.1786 3
      vertex 138.643 75.2386 6
      vertex 138.788 75.1786 6
    endloop
  endfacet
  facet normal 0.382352 0.924017 0
    outer loop
      vertex 138.643 75.2386 6
      vertex 138.788 75.1786 3
      vertex 138.643 75.2386 3
    endloop
  endfacet
  facet normal 0.167286 0.985908 -0
    outer loop
      vertex 139.093 75.1088 3
      vertex 138.938 75.1351 6
      vertex 139.093 75.1088 6
    endloop
  endfacet
  facet normal 0.167286 0.985908 0
    outer loop
      vertex 138.938 75.1351 6
      vertex 139.093 75.1088 3
      vertex 138.938 75.1351 3
    endloop
  endfacet
  facet normal 0.875057 0.48402 0
    outer loop
      vertex 138.065 75.7552 6
      vertex 137.989 75.8926 3
      vertex 137.989 75.8926 6
    endloop
  endfacet
  facet normal 0.875057 0.48402 0
    outer loop
      vertex 137.989 75.8926 3
      vertex 138.065 75.7552 6
      vertex 138.065 75.7552 3
    endloop
  endfacet
  facet normal 0.81824 -0.574876 0
    outer loop
      vertex 138.065 77.2448 6
      vertex 138.155 77.3729 3
      vertex 138.155 77.3729 6
    endloop
  endfacet
  facet normal 0.81824 -0.574876 0
    outer loop
      vertex 138.155 77.3729 3
      vertex 138.065 77.2448 6
      vertex 138.065 77.2448 3
    endloop
  endfacet
  facet normal -0.382352 -0.924017 0
    outer loop
      vertex 139.712 77.8214 3
      vertex 139.857 77.7614 6
      vertex 139.712 77.8214 6
    endloop
  endfacet
  facet normal -0.382352 -0.924017 -0
    outer loop
      vertex 139.857 77.7614 6
      vertex 139.712 77.8214 3
      vertex 139.857 77.7614 3
    endloop
  endfacet
  facet normal 0.960021 0.279927 0
    outer loop
      vertex 137.929 76.0376 6
      vertex 137.885 76.1885 3
      vertex 137.885 76.1885 6
    endloop
  endfacet
  facet normal 0.960021 0.279927 0
    outer loop
      vertex 137.885 76.1885 3
      vertex 137.929 76.0376 6
      vertex 137.929 76.0376 3
    endloop
  endfacet
  facet normal -0.875057 0.48402 0
    outer loop
      vertex 140.435 75.7552 3
      vertex 140.511 75.8926 6
      vertex 140.511 75.8926 3
    endloop
  endfacet
  facet normal -0.875057 0.48402 0
    outer loop
      vertex 140.511 75.8926 6
      vertex 140.435 75.7552 3
      vertex 140.435 75.7552 6
    endloop
  endfacet
  facet normal 0.278524 0.960429 -0
    outer loop
      vertex 138.938 75.1351 3
      vertex 138.788 75.1786 6
      vertex 138.938 75.1351 6
    endloop
  endfacet
  facet normal 0.278524 0.960429 0
    outer loop
      vertex 138.788 75.1786 6
      vertex 138.938 75.1351 3
      vertex 138.788 75.1786 3
    endloop
  endfacet
  facet normal 0.81824 0.574876 0
    outer loop
      vertex 138.155 75.6271 6
      vertex 138.065 75.7552 3
      vertex 138.065 75.7552 6
    endloop
  endfacet
  facet normal 0.81824 0.574876 0
    outer loop
      vertex 138.065 75.7552 3
      vertex 138.155 75.6271 6
      vertex 138.155 75.6271 3
    endloop
  endfacet
  facet normal 0.0559631 0.998433 -0
    outer loop
      vertex 139.25 75.1 3
      vertex 139.093 75.1088 6
      vertex 139.25 75.1 6
    endloop
  endfacet
  facet normal 0.0559631 0.998433 0
    outer loop
      vertex 139.093 75.1088 6
      vertex 139.25 75.1 3
      vertex 139.093 75.1088 3
    endloop
  endfacet
  facet normal 0.875057 -0.48402 0
    outer loop
      vertex 137.989 77.1074 6
      vertex 138.065 77.2448 3
      vertex 138.065 77.2448 6
    endloop
  endfacet
  facet normal 0.875057 -0.48402 0
    outer loop
      vertex 138.065 77.2448 3
      vertex 137.989 77.1074 6
      vertex 137.989 77.1074 3
    endloop
  endfacet
  facet normal -0.665154 0.746706 0
    outer loop
      vertex 137.068 169.236 3
      vertex 136.775 168.975 6
      vertex 137.068 169.236 6
    endloop
  endfacet
  facet normal -0.665154 0.746706 0
    outer loop
      vertex 136.775 168.975 6
      vertex 137.068 169.236 3
      vertex 136.775 168.975 3
    endloop
  endfacet
  facet normal 0.985767 0.168115 0
    outer loop
      vertex 142.728 166.892 6
      vertex 142.662 167.279 3
      vertex 142.662 167.279 6
    endloop
  endfacet
  facet normal 0.985767 0.168115 0
    outer loop
      vertex 142.662 167.279 3
      vertex 142.728 166.892 6
      vertex 142.728 166.892 3
    endloop
  endfacet
  facet normal 0.998429 -0.0560343 0
    outer loop
      vertex 142.728 166.108 6
      vertex 142.75 166.5 3
      vertex 142.75 166.5 6
    endloop
  endfacet
  facet normal 0.998429 -0.0560343 0
    outer loop
      vertex 142.75 166.5 3
      vertex 142.728 166.108 6
      vertex 142.728 166.108 3
    endloop
  endfacet
  facet normal 0.168115 0.985767 -0
    outer loop
      vertex 140.029 169.912 3
      vertex 139.642 169.978 6
      vertex 140.029 169.912 6
    endloop
  endfacet
  facet normal 0.168115 0.985767 0
    outer loop
      vertex 139.642 169.978 6
      vertex 140.029 169.912 3
      vertex 139.642 169.978 3
    endloop
  endfacet
  facet normal 0.961331 0.275395 0
    outer loop
      vertex 142.662 167.279 6
      vertex 142.554 167.656 3
      vertex 142.554 167.656 6
    endloop
  endfacet
  facet normal 0.961331 0.275395 0
    outer loop
      vertex 142.554 167.656 3
      vertex 142.662 167.279 6
      vertex 142.662 167.279 3
    endloop
  endfacet
  facet normal 0.665154 0.746706 -0
    outer loop
      vertex 141.725 168.975 3
      vertex 141.432 169.236 6
      vertex 141.725 168.975 6
    endloop
  endfacet
  facet normal 0.665154 0.746706 0
    outer loop
      vertex 141.432 169.236 6
      vertex 141.725 168.975 3
      vertex 141.432 169.236 3
    endloop
  endfacet
  facet normal 0 0 -1
    outer loop
      vertex 140.65 166.5 3
      vertex 142.75 166.5 3
      vertex 142.728 166.108 3
    endloop
  endfacet
  facet normal 0 0 -1
    outer loop
      vertex 140.641 166.343 3
      vertex 142.728 166.108 3
      vertex 142.662 165.721 3
    endloop
  endfacet
  facet normal 0 0 -1
    outer loop
      vertex 142.75 166.5 3
      vertex 140.65 166.5 3
      vertex 142.728 166.892 3
    endloop
  endfacet
  facet normal 0 0 -1
    outer loop
      vertex 140.615 166.188 3
      vertex 142.662 165.721 3
      vertex 142.554 165.344 3
    endloop
  endfacet
  facet normal 0 0 -1
    outer loop
      vertex 140.641 166.657 3
      vertex 142.728 166.892 3
      vertex 140.65 166.5 3
    endloop
  endfacet
  facet normal 0 0 -1
    outer loop
      vertex 140.571 166.038 3
      vertex 142.554 165.344 3
      vertex 142.411 165 3
    endloop
  endfacet
  facet normal -0 0 -1
    outer loop
      vertex 142.728 166.892 3
      vertex 140.641 166.657 3
      vertex 142.662 167.279 3
    endloop
  endfacet
  facet normal 0 0 -1
    outer loop
      vertex 140.615 166.812 3
      vertex 142.662 167.279 3
      vertex 140.641 166.657 3
    endloop
  endfacet
  facet normal 0 0 -1
    outer loop
      vertex 140.571 166.962 3
      vertex 142.554 167.656 3
      vertex 140.615 166.812 3
    endloop
  endfacet
  facet normal -0 0 -1
    outer loop
      vertex 142.554 167.656 3
      vertex 140.571 166.962 3
      vertex 142.403 168.019 3
    endloop
  endfacet
  facet normal -0 0 -1
    outer loop
      vertex 142.403 168.019 3
      vertex 140.511 167.107 3
      vertex 142.214 168.362 3
    endloop
  endfacet
  facet normal 0 0 -1
    outer loop
      vertex 140.435 167.245 3
      vertex 142.214 168.362 3
      vertex 140.511 167.107 3
    endloop
  endfacet
  facet normal 0 0 -1
    outer loop
      vertex 140.345 167.373 3
      vertex 141.986 168.682 3
      vertex 140.435 167.245 3
    endloop
  endfacet
  facet normal -0 0 -1
    outer loop
      vertex 142.662 167.279 3
      vertex 140.615 166.812 3
      vertex 142.554 167.656 3
    endloop
  endfacet
  facet normal 0 0 -1
    outer loop
      vertex 142.728 166.108 3
      vertex 140.641 166.343 3
      vertex 140.65 166.5 3
    endloop
  endfacet
  facet normal 0 0 -1
    outer loop
      vertex 142.662 165.721 3
      vertex 140.615 166.188 3
      vertex 140.641 166.343 3
    endloop
  endfacet
  facet normal 0 0 -1
    outer loop
      vertex 142.554 165.344 3
      vertex 140.571 166.038 3
      vertex 140.615 166.188 3
    endloop
  endfacet
  facet normal 0 0 -1
    outer loop
      vertex 142.411 165 3
      vertex 140.511 165.893 3
      vertex 140.571 166.038 3
    endloop
  endfacet
  facet normal 0 0 -1
    outer loop
      vertex 142.411 165 3
      vertex 140.435 165.755 3
      vertex 140.511 165.893 3
    endloop
  endfacet
  facet normal 0 0 -1
    outer loop
      vertex 142.411 165 3
      vertex 140.345 165.627 3
      vertex 140.435 165.755 3
    endloop
  endfacet
  facet normal 0 0 -1
    outer loop
      vertex 142.411 165 3
      vertex 140.24 165.51 3
      vertex 140.345 165.627 3
    endloop
  endfacet
  facet normal 0 0 -1
    outer loop
      vertex 142.411 165 3
      vertex 140.123 165.405 3
      vertex 140.24 165.51 3
    endloop
  endfacet
  facet normal 0 0 -1
    outer loop
      vertex 142.411 165 3
      vertex 139.995 165.315 3
      vertex 140.123 165.405 3
    endloop
  endfacet
  facet normal 0 0 -1
    outer loop
      vertex 142.411 165 3
      vertex 139.857 165.239 3
      vertex 139.995 165.315 3
    endloop
  endfacet
  facet normal 0 0 -1
    outer loop
      vertex 142.411 165 3
      vertex 139.712 165.179 3
      vertex 139.857 165.239 3
    endloop
  endfacet
  facet normal 0 0 -1
    outer loop
      vertex 142.411 165 3
      vertex 139.562 165.135 3
      vertex 139.712 165.179 3
    endloop
  endfacet
  facet normal 0 0 -1
    outer loop
      vertex 142.411 165 3
      vertex 139.407 165.109 3
      vertex 139.562 165.135 3
    endloop
  endfacet
  facet normal 0 0 -1
    outer loop
      vertex 142.411 165 3
      vertex 139.25 165.1 3
      vertex 139.407 165.109 3
    endloop
  endfacet
  facet normal 0 0 -1
    outer loop
      vertex 138.505 167.685 3
      vertex 137.388 169.464 3
      vertex 137.731 169.653 3
    endloop
  endfacet
  facet normal 0 0 -1
    outer loop
      vertex 135.75 166.5 3
      vertex 137.85 166.5 3
      vertex 137.859 166.343 3
    endloop
  endfacet
  facet normal 0 0 -1
    outer loop
      vertex 137.859 166.657 3
      vertex 137.068 169.236 3
      vertex 137.388 169.464 3
    endloop
  endfacet
  facet normal 0 0 -1
    outer loop
      vertex 135.772 166.108 3
      vertex 137.859 166.343 3
      vertex 137.885 166.188 3
    endloop
  endfacet
  facet normal 0 0 -1
    outer loop
      vertex 137.859 166.657 3
      vertex 136.775 168.975 3
      vertex 137.068 169.236 3
    endloop
  endfacet
  facet normal 0 0 -1
    outer loop
      vertex 135.838 165.721 3
      vertex 137.885 166.188 3
      vertex 137.929 166.038 3
    endloop
  endfacet
  facet normal 0 0 -1
    outer loop
      vertex 137.859 166.657 3
      vertex 136.514 168.682 3
      vertex 136.775 168.975 3
    endloop
  endfacet
  facet normal 0 0 -1
    outer loop
      vertex 135.946 165.344 3
      vertex 137.929 166.038 3
      vertex 137.989 165.893 3
    endloop
  endfacet
  facet normal 0 0 -1
    outer loop
      vertex 137.859 166.657 3
      vertex 136.286 168.362 3
      vertex 136.514 168.682 3
    endloop
  endfacet
  facet normal 0 0 -1
    outer loop
      vertex 136.089 165 3
      vertex 137.989 165.893 3
      vertex 138.065 165.755 3
    endloop
  endfacet
  facet normal 0 0 -1
    outer loop
      vertex 137.859 166.657 3
      vertex 136.097 168.019 3
      vertex 136.286 168.362 3
    endloop
  endfacet
  facet normal 0 0 -1
    outer loop
      vertex 136.089 165 3
      vertex 138.065 165.755 3
      vertex 138.155 165.627 3
    endloop
  endfacet
  facet normal 0 0 -1
    outer loop
      vertex 136.089 165 3
      vertex 139.25 165.1 3
      vertex 142.411 165 3
    endloop
  endfacet
  facet normal 0 0 -1
    outer loop
      vertex 136.089 165 3
      vertex 139.093 165.109 3
      vertex 139.25 165.1 3
    endloop
  endfacet
  facet normal 0 0 -1
    outer loop
      vertex 136.089 165 3
      vertex 138.938 165.135 3
      vertex 139.093 165.109 3
    endloop
  endfacet
  facet normal 0 0 -1
    outer loop
      vertex 136.089 165 3
      vertex 138.788 165.179 3
      vertex 138.938 165.135 3
    endloop
  endfacet
  facet normal 0 0 -1
    outer loop
      vertex 136.089 165 3
      vertex 138.643 165.239 3
      vertex 138.788 165.179 3
    endloop
  endfacet
  facet normal 0 0 -1
    outer loop
      vertex 136.089 165 3
      vertex 138.505 165.315 3
      vertex 138.643 165.239 3
    endloop
  endfacet
  facet normal 0 0 -1
    outer loop
      vertex 136.089 165 3
      vertex 138.377 165.405 3
      vertex 138.505 165.315 3
    endloop
  endfacet
  facet normal 0 0 -1
    outer loop
      vertex 136.089 165 3
      vertex 138.26 165.51 3
      vertex 138.377 165.405 3
    endloop
  endfacet
  facet normal 0 0 -1
    outer loop
      vertex 136.089 165 3
      vertex 138.155 165.627 3
      vertex 138.26 165.51 3
    endloop
  endfacet
  facet normal 0 0 -1
    outer loop
      vertex 137.989 165.893 3
      vertex 136.089 165 3
      vertex 135.946 165.344 3
    endloop
  endfacet
  facet normal 0 0 -1
    outer loop
      vertex 137.929 166.038 3
      vertex 135.946 165.344 3
      vertex 135.838 165.721 3
    endloop
  endfacet
  facet normal 0 0 -1
    outer loop
      vertex 137.859 166.657 3
      vertex 135.946 167.656 3
      vertex 136.097 168.019 3
    endloop
  endfacet
  facet normal 0 0 -1
    outer loop
      vertex 137.885 166.188 3
      vertex 135.838 165.721 3
      vertex 135.772 166.108 3
    endloop
  endfacet
  facet normal 0 0 -1
    outer loop
      vertex 137.859 166.657 3
      vertex 135.838 167.279 3
      vertex 135.946 167.656 3
    endloop
  endfacet
  facet normal -0 0 -1
    outer loop
      vertex 137.859 166.343 3
      vertex 135.772 166.108 3
      vertex 135.75 166.5 3
    endloop
  endfacet
  facet normal 0 0 -1
    outer loop
      vertex 137.859 166.657 3
      vertex 135.772 166.892 3
      vertex 135.838 167.279 3
    endloop
  endfacet
  facet normal 0 0 -1
    outer loop
      vertex 137.85 166.5 3
      vertex 135.75 166.5 3
      vertex 135.772 166.892 3
    endloop
  endfacet
  facet normal 0 0 -1
    outer loop
      vertex 140.511 167.107 3
      vertex 142.403 168.019 3
      vertex 140.571 166.962 3
    endloop
  endfacet
  facet normal -0 0 -1
    outer loop
      vertex 142.214 168.362 3
      vertex 140.435 167.245 3
      vertex 141.986 168.682 3
    endloop
  endfacet
  facet normal -0 0 -1
    outer loop
      vertex 141.986 168.682 3
      vertex 140.345 167.373 3
      vertex 141.725 168.975 3
    endloop
  endfacet
  facet normal 0 0 -1
    outer loop
      vertex 140.24 167.49 3
      vertex 141.725 168.975 3
      vertex 140.345 167.373 3
    endloop
  endfacet
  facet normal -0 0 -1
    outer loop
      vertex 141.725 168.975 3
      vertex 140.24 167.49 3
      vertex 141.432 169.236 3
    endloop
  endfacet
  facet normal 0 0 -1
    outer loop
      vertex 140.123 167.595 3
      vertex 141.432 169.236 3
      vertex 140.24 167.49 3
    endloop
  endfacet
  facet normal -0 0 -1
    outer loop
      vertex 141.432 169.236 3
      vertex 140.123 167.595 3
      vertex 141.112 169.464 3
    endloop
  endfacet
  facet normal 0 0 -1
    outer loop
      vertex 139.995 167.685 3
      vertex 141.112 169.464 3
      vertex 140.123 167.595 3
    endloop
  endfacet
  facet normal -0 0 -1
    outer loop
      vertex 141.112 169.464 3
      vertex 139.995 167.685 3
      vertex 140.769 169.653 3
    endloop
  endfacet
  facet normal 0 0 -1
    outer loop
      vertex 139.857 167.761 3
      vertex 140.769 169.653 3
      vertex 139.995 167.685 3
    endloop
  endfacet
  facet normal -0 0 -1
    outer loop
      vertex 140.769 169.653 3
      vertex 139.857 167.761 3
      vertex 140.406 169.804 3
    endloop
  endfacet
  facet normal 0 0 -1
    outer loop
      vertex 139.712 167.821 3
      vertex 140.406 169.804 3
      vertex 139.857 167.761 3
    endloop
  endfacet
  facet normal -0 0 -1
    outer loop
      vertex 140.406 169.804 3
      vertex 139.712 167.821 3
      vertex 140.029 169.912 3
    endloop
  endfacet
  facet normal 0 0 -1
    outer loop
      vertex 139.562 167.865 3
      vertex 140.029 169.912 3
      vertex 139.712 167.821 3
    endloop
  endfacet
  facet normal -0 0 -1
    outer loop
      vertex 140.029 169.912 3
      vertex 139.562 167.865 3
      vertex 139.642 169.978 3
    endloop
  endfacet
  facet normal 0 0 -1
    outer loop
      vertex 139.407 167.891 3
      vertex 139.642 169.978 3
      vertex 139.562 167.865 3
    endloop
  endfacet
  facet normal 0 0 -1
    outer loop
      vertex 139.25 167.9 3
      vertex 139.642 169.978 3
      vertex 139.407 167.891 3
    endloop
  endfacet
  facet normal 0 0 -1
    outer loop
      vertex 139.25 167.9 3
      vertex 139.25 170 3
      vertex 139.642 169.978 3
    endloop
  endfacet
  facet normal 0 0 -1
    outer loop
      vertex 139.093 167.891 3
      vertex 139.25 170 3
      vertex 139.25 167.9 3
    endloop
  endfacet
  facet normal 0 0 -1
    outer loop
      vertex 138.858 169.978 3
      vertex 139.093 167.891 3
      vertex 138.938 167.865 3
    endloop
  endfacet
  facet normal 0 0 -1
    outer loop
      vertex 139.093 167.891 3
      vertex 138.858 169.978 3
      vertex 139.25 170 3
    endloop
  endfacet
  facet normal 0 0 -1
    outer loop
      vertex 138.471 169.912 3
      vertex 138.938 167.865 3
      vertex 138.788 167.821 3
    endloop
  endfacet
  facet normal 0 0 -1
    outer loop
      vertex 138.094 169.804 3
      vertex 138.788 167.821 3
      vertex 138.643 167.761 3
    endloop
  endfacet
  facet normal 0 0 -1
    outer loop
      vertex 137.731 169.653 3
      vertex 138.643 167.761 3
      vertex 138.505 167.685 3
    endloop
  endfacet
  facet normal 0 0 -1
    outer loop
      vertex 138.938 167.865 3
      vertex 138.471 169.912 3
      vertex 138.858 169.978 3
    endloop
  endfacet
  facet normal 0 0 -1
    outer loop
      vertex 137.388 169.464 3
      vertex 138.505 167.685 3
      vertex 138.377 167.595 3
    endloop
  endfacet
  facet normal 0 0 -1
    outer loop
      vertex 137.388 169.464 3
      vertex 138.377 167.595 3
      vertex 138.26 167.49 3
    endloop
  endfacet
  facet normal 0 0 -1
    outer loop
      vertex 137.388 169.464 3
      vertex 138.26 167.49 3
      vertex 138.155 167.373 3
    endloop
  endfacet
  facet normal 0 0 -1
    outer loop
      vertex 138.788 167.821 3
      vertex 138.094 169.804 3
      vertex 138.471 169.912 3
    endloop
  endfacet
  facet normal 0 0 -1
    outer loop
      vertex 137.388 169.464 3
      vertex 138.155 167.373 3
      vertex 138.065 167.245 3
    endloop
  endfacet
  facet normal 0 0 -1
    outer loop
      vertex 137.388 169.464 3
      vertex 138.065 167.245 3
      vertex 137.989 167.107 3
    endloop
  endfacet
  facet normal 0 0 -1
    outer loop
      vertex 137.388 169.464 3
      vertex 137.989 167.107 3
      vertex 137.929 166.962 3
    endloop
  endfacet
  facet normal 0 0 -1
    outer loop
      vertex 137.388 169.464 3
      vertex 137.929 166.962 3
      vertex 137.885 166.812 3
    endloop
  endfacet
  facet normal 0 0 -1
    outer loop
      vertex 137.388 169.464 3
      vertex 137.885 166.812 3
      vertex 137.859 166.657 3
    endloop
  endfacet
  facet normal 0 0 -1
    outer loop
      vertex 138.643 167.761 3
      vertex 137.731 169.653 3
      vertex 138.094 169.804 3
    endloop
  endfacet
  facet normal 0 0 -1
    outer loop
      vertex 135.772 166.892 3
      vertex 137.859 166.657 3
      vertex 137.85 166.5 3
    endloop
  endfacet
  facet normal -0.985767 0.168115 0
    outer loop
      vertex 135.772 166.892 3
      vertex 135.838 167.279 6
      vertex 135.838 167.279 3
    endloop
  endfacet
  facet normal -0.985767 0.168115 0
    outer loop
      vertex 135.838 167.279 6
      vertex 135.772 166.892 3
      vertex 135.772 166.892 6
    endloop
  endfacet
  facet normal 0.998429 0.0560343 0
    outer loop
      vertex 142.75 166.5 6
      vertex 142.728 166.892 3
      vertex 142.728 166.892 6
    endloop
  endfacet
  facet normal 0.998429 0.0560343 0
    outer loop
      vertex 142.728 166.892 3
      vertex 142.75 166.5 6
      vertex 142.75 166.5 3
    endloop
  endfacet
  facet normal -0.985767 -0.168115 0
    outer loop
      vertex 135.838 165.721 3
      vertex 135.772 166.108 6
      vertex 135.772 166.108 3
    endloop
  endfacet
  facet normal -0.985767 -0.168115 0
    outer loop
      vertex 135.772 166.108 6
      vertex 135.838 165.721 3
      vertex 135.838 165.721 6
    endloop
  endfacet
  facet normal -0.580275 0.814421 0
    outer loop
      vertex 137.388 169.464 3
      vertex 137.068 169.236 6
      vertex 137.388 169.464 6
    endloop
  endfacet
  facet normal -0.580275 0.814421 0
    outer loop
      vertex 137.068 169.236 6
      vertex 137.388 169.464 3
      vertex 137.068 169.236 3
    endloop
  endfacet
  facet normal -0.0560343 0.998429 0
    outer loop
      vertex 139.25 170 3
      vertex 138.858 169.978 6
      vertex 139.25 170 6
    endloop
  endfacet
  facet normal -0.0560343 0.998429 0
    outer loop
      vertex 138.858 169.978 6
      vertex 139.25 170 3
      vertex 138.858 169.978 3
    endloop
  endfacet
  facet normal 0.746706 0.665154 0
    outer loop
      vertex 141.986 168.682 6
      vertex 141.725 168.975 3
      vertex 141.725 168.975 6
    endloop
  endfacet
  facet normal 0.746706 0.665154 0
    outer loop
      vertex 141.725 168.975 3
      vertex 141.986 168.682 6
      vertex 141.986 168.682 3
    endloop
  endfacet
  facet normal 0.875838 0.482605 0
    outer loop
      vertex 142.403 168.019 6
      vertex 142.214 168.362 3
      vertex 142.214 168.362 6
    endloop
  endfacet
  facet normal 0.875838 0.482605 0
    outer loop
      vertex 142.214 168.362 3
      vertex 142.403 168.019 6
      vertex 142.403 168.019 3
    endloop
  endfacet
  facet normal -0.923394 -0.383853 0
    outer loop
      vertex 136.089 165 3
      vertex 135.946 165.344 6
      vertex 135.946 165.344 3
    endloop
  endfacet
  facet normal -0.923394 -0.383853 0
    outer loop
      vertex 135.946 165.344 6
      vertex 136.089 165 3
      vertex 136.089 165 6
    endloop
  endfacet
  facet normal 0.0560343 0.998429 -0
    outer loop
      vertex 139.642 169.978 3
      vertex 139.25 170 6
      vertex 139.642 169.978 6
    endloop
  endfacet
  facet normal 0.0560343 0.998429 0
    outer loop
      vertex 139.25 170 6
      vertex 139.642 169.978 3
      vertex 139.25 170 3
    endloop
  endfacet
  facet normal -0.746706 0.665154 0
    outer loop
      vertex 136.514 168.682 3
      vertex 136.775 168.975 6
      vertex 136.775 168.975 3
    endloop
  endfacet
  facet normal -0.746706 0.665154 0
    outer loop
      vertex 136.775 168.975 6
      vertex 136.514 168.682 3
      vertex 136.514 168.682 6
    endloop
  endfacet
  facet normal -0.275395 0.961331 0
    outer loop
      vertex 138.471 169.912 3
      vertex 138.094 169.804 6
      vertex 138.471 169.912 6
    endloop
  endfacet
  facet normal -0.275395 0.961331 0
    outer loop
      vertex 138.094 169.804 6
      vertex 138.471 169.912 3
      vertex 138.094 169.804 3
    endloop
  endfacet
  facet normal 0.923303 0.384074 0
    outer loop
      vertex 142.554 167.656 6
      vertex 142.403 168.019 3
      vertex 142.403 168.019 6
    endloop
  endfacet
  facet normal 0.923303 0.384074 0
    outer loop
      vertex 142.403 168.019 3
      vertex 142.554 167.656 6
      vertex 142.554 167.656 3
    endloop
  endfacet
  facet normal -0.168115 0.985767 0
    outer loop
      vertex 138.858 169.978 3
      vertex 138.471 169.912 6
      vertex 138.858 169.978 6
    endloop
  endfacet
  facet normal -0.168115 0.985767 0
    outer loop
      vertex 138.471 169.912 6
      vertex 138.858 169.978 3
      vertex 138.471 169.912 3
    endloop
  endfacet
  facet normal 0.961331 -0.275395 0
    outer loop
      vertex 142.554 165.344 6
      vertex 142.662 165.721 3
      vertex 142.662 165.721 6
    endloop
  endfacet
  facet normal 0.961331 -0.275395 0
    outer loop
      vertex 142.662 165.721 3
      vertex 142.554 165.344 6
      vertex 142.554 165.344 3
    endloop
  endfacet
  facet normal 0 0 1
    outer loop
      vertex 142.728 166.892 6
      vertex 140.641 166.657 6
      vertex 140.65 166.5 6
    endloop
  endfacet
  facet normal 0 0 1
    outer loop
      vertex 141.112 169.464 6
      vertex 140.615 166.812 6
      vertex 140.641 166.657 6
    endloop
  endfacet
  facet normal 0 0 1
    outer loop
      vertex 141.112 169.464 6
      vertex 140.571 166.962 6
      vertex 140.615 166.812 6
    endloop
  endfacet
  facet normal 0 0 1
    outer loop
      vertex 141.112 169.464 6
      vertex 140.511 167.107 6
      vertex 140.571 166.962 6
    endloop
  endfacet
  facet normal 0 0 1
    outer loop
      vertex 141.112 169.464 6
      vertex 140.435 167.245 6
      vertex 140.511 167.107 6
    endloop
  endfacet
  facet normal 0 0 1
    outer loop
      vertex 139.857 167.761 6
      vertex 140.769 169.653 6
      vertex 140.406 169.804 6
    endloop
  endfacet
  facet normal 0 0 1
    outer loop
      vertex 141.112 169.464 6
      vertex 140.345 167.373 6
      vertex 140.435 167.245 6
    endloop
  endfacet
  facet normal 0 0 1
    outer loop
      vertex 141.112 169.464 6
      vertex 140.24 167.49 6
      vertex 140.345 167.373 6
    endloop
  endfacet
  facet normal 0 0 1
    outer loop
      vertex 141.112 169.464 6
      vertex 140.123 167.595 6
      vertex 140.24 167.49 6
    endloop
  endfacet
  facet normal 0 0 1
    outer loop
      vertex 139.712 167.821 6
      vertex 140.406 169.804 6
      vertex 140.029 169.912 6
    endloop
  endfacet
  facet normal 0 0 1
    outer loop
      vertex 141.112 169.464 6
      vertex 139.995 167.685 6
      vertex 140.123 167.595 6
    endloop
  endfacet
  facet normal 0 0 1
    outer loop
      vertex 140.769 169.653 6
      vertex 139.857 167.761 6
      vertex 139.995 167.685 6
    endloop
  endfacet
  facet normal 0 0 1
    outer loop
      vertex 140.406 169.804 6
      vertex 139.712 167.821 6
      vertex 139.857 167.761 6
    endloop
  endfacet
  facet normal 0 0 1
    outer loop
      vertex 139.562 167.865 6
      vertex 140.029 169.912 6
      vertex 139.642 169.978 6
    endloop
  endfacet
  facet normal 0 0 1
    outer loop
      vertex 140.029 169.912 6
      vertex 139.562 167.865 6
      vertex 139.712 167.821 6
    endloop
  endfacet
  facet normal 0 0 1
    outer loop
      vertex 139.642 169.978 6
      vertex 139.407 167.891 6
      vertex 139.562 167.865 6
    endloop
  endfacet
  facet normal 0 0 1
    outer loop
      vertex 139.25 170 6
      vertex 139.407 167.891 6
      vertex 139.642 169.978 6
    endloop
  endfacet
  facet normal 0 0 1
    outer loop
      vertex 139.25 170 6
      vertex 139.25 167.9 6
      vertex 139.407 167.891 6
    endloop
  endfacet
  facet normal 0 0 1
    outer loop
      vertex 139.25 170 6
      vertex 139.093 167.891 6
      vertex 139.25 167.9 6
    endloop
  endfacet
  facet normal -0 0 1
    outer loop
      vertex 138.858 169.978 6
      vertex 139.093 167.891 6
      vertex 139.25 170 6
    endloop
  endfacet
  facet normal 0 0 1
    outer loop
      vertex 139.093 167.891 6
      vertex 138.858 169.978 6
      vertex 138.938 167.865 6
    endloop
  endfacet
  facet normal -0 0 1
    outer loop
      vertex 138.471 169.912 6
      vertex 138.938 167.865 6
      vertex 138.858 169.978 6
    endloop
  endfacet
  facet normal 0 0 1
    outer loop
      vertex 138.938 167.865 6
      vertex 138.471 169.912 6
      vertex 138.788 167.821 6
    endloop
  endfacet
  facet normal -0 0 1
    outer loop
      vertex 138.094 169.804 6
      vertex 138.788 167.821 6
      vertex 138.471 169.912 6
    endloop
  endfacet
  facet normal 0 0 1
    outer loop
      vertex 138.788 167.821 6
      vertex 138.094 169.804 6
      vertex 138.643 167.761 6
    endloop
  endfacet
  facet normal -0 0 1
    outer loop
      vertex 137.731 169.653 6
      vertex 138.643 167.761 6
      vertex 138.094 169.804 6
    endloop
  endfacet
  facet normal 0 0 1
    outer loop
      vertex 138.643 167.761 6
      vertex 137.731 169.653 6
      vertex 138.505 167.685 6
    endloop
  endfacet
  facet normal -0 0 1
    outer loop
      vertex 137.388 169.464 6
      vertex 138.505 167.685 6
      vertex 137.731 169.653 6
    endloop
  endfacet
  facet normal 0 0 1
    outer loop
      vertex 138.505 167.685 6
      vertex 137.388 169.464 6
      vertex 138.377 167.595 6
    endloop
  endfacet
  facet normal -0 0 1
    outer loop
      vertex 137.068 169.236 6
      vertex 138.377 167.595 6
      vertex 137.388 169.464 6
    endloop
  endfacet
  facet normal 0 0 1
    outer loop
      vertex 138.377 167.595 6
      vertex 137.068 169.236 6
      vertex 138.26 167.49 6
    endloop
  endfacet
  facet normal -0 0 1
    outer loop
      vertex 136.775 168.975 6
      vertex 138.26 167.49 6
      vertex 137.068 169.236 6
    endloop
  endfacet
  facet normal 0 0 1
    outer loop
      vertex 138.26 167.49 6
      vertex 136.775 168.975 6
      vertex 138.155 167.373 6
    endloop
  endfacet
  facet normal -0 0 1
    outer loop
      vertex 136.514 168.682 6
      vertex 138.155 167.373 6
      vertex 136.775 168.975 6
    endloop
  endfacet
  facet normal -0 0 1
    outer loop
      vertex 136.286 168.362 6
      vertex 138.065 167.245 6
      vertex 136.514 168.682 6
    endloop
  endfacet
  facet normal 0 0 1
    outer loop
      vertex 138.155 167.373 6
      vertex 136.514 168.682 6
      vertex 138.065 167.245 6
    endloop
  endfacet
  facet normal 0 0 1
    outer loop
      vertex 140.65 166.5 6
      vertex 142.75 166.5 6
      vertex 142.728 166.892 6
    endloop
  endfacet
  facet normal 0 0 1
    outer loop
      vertex 140.641 166.657 6
      vertex 142.728 166.892 6
      vertex 142.662 167.279 6
    endloop
  endfacet
  facet normal 0 0 1
    outer loop
      vertex 142.75 166.5 6
      vertex 140.65 166.5 6
      vertex 142.728 166.108 6
    endloop
  endfacet
  facet normal 0 0 1
    outer loop
      vertex 140.641 166.657 6
      vertex 142.662 167.279 6
      vertex 142.554 167.656 6
    endloop
  endfacet
  facet normal -0 0 1
    outer loop
      vertex 140.641 166.343 6
      vertex 142.728 166.108 6
      vertex 140.65 166.5 6
    endloop
  endfacet
  facet normal 0 0 1
    outer loop
      vertex 142.728 166.108 6
      vertex 140.641 166.343 6
      vertex 142.662 165.721 6
    endloop
  endfacet
  facet normal 0 0 1
    outer loop
      vertex 140.641 166.657 6
      vertex 142.554 167.656 6
      vertex 142.403 168.019 6
    endloop
  endfacet
  facet normal 0 0 1
    outer loop
      vertex 140.641 166.657 6
      vertex 142.403 168.019 6
      vertex 142.214 168.362 6
    endloop
  endfacet
  facet normal 0 0 1
    outer loop
      vertex 140.641 166.657 6
      vertex 142.214 168.362 6
      vertex 141.986 168.682 6
    endloop
  endfacet
  facet normal 0 0 1
    outer loop
      vertex 140.641 166.657 6
      vertex 141.986 168.682 6
      vertex 141.725 168.975 6
    endloop
  endfacet
  facet normal 0 0 1
    outer loop
      vertex 140.641 166.657 6
      vertex 141.725 168.975 6
      vertex 141.432 169.236 6
    endloop
  endfacet
  facet normal 0 0 1
    outer loop
      vertex 140.641 166.657 6
      vertex 141.432 169.236 6
      vertex 141.112 169.464 6
    endloop
  endfacet
  facet normal 0 0 1
    outer loop
      vertex 139.995 167.685 6
      vertex 141.112 169.464 6
      vertex 140.769 169.653 6
    endloop
  endfacet
  facet normal -0 0 1
    outer loop
      vertex 140.615 166.188 6
      vertex 142.662 165.721 6
      vertex 140.641 166.343 6
    endloop
  endfacet
  facet normal 0 0 1
    outer loop
      vertex 142.662 165.721 6
      vertex 140.615 166.188 6
      vertex 142.554 165.344 6
    endloop
  endfacet
  facet normal -0 0 1
    outer loop
      vertex 140.571 166.038 6
      vertex 142.554 165.344 6
      vertex 140.615 166.188 6
    endloop
  endfacet
  facet normal 0 0 1
    outer loop
      vertex 142.554 165.344 6
      vertex 140.571 166.038 6
      vertex 142.411 165 6
    endloop
  endfacet
  facet normal -0 0 1
    outer loop
      vertex 140.511 165.893 6
      vertex 142.411 165 6
      vertex 140.571 166.038 6
    endloop
  endfacet
  facet normal -0 0 1
    outer loop
      vertex 140.435 165.755 6
      vertex 142.411 165 6
      vertex 140.511 165.893 6
    endloop
  endfacet
  facet normal -0 0 1
    outer loop
      vertex 140.345 165.627 6
      vertex 142.411 165 6
      vertex 140.435 165.755 6
    endloop
  endfacet
  facet normal -0 0 1
    outer loop
      vertex 140.24 165.51 6
      vertex 142.411 165 6
      vertex 140.345 165.627 6
    endloop
  endfacet
  facet normal -0 0 1
    outer loop
      vertex 140.123 165.405 6
      vertex 142.411 165 6
      vertex 140.24 165.51 6
    endloop
  endfacet
  facet normal -0 0 1
    outer loop
      vertex 139.995 165.315 6
      vertex 142.411 165 6
      vertex 140.123 165.405 6
    endloop
  endfacet
  facet normal -0 0 1
    outer loop
      vertex 139.857 165.239 6
      vertex 142.411 165 6
      vertex 139.995 165.315 6
    endloop
  endfacet
  facet normal -0 0 1
    outer loop
      vertex 139.712 165.179 6
      vertex 142.411 165 6
      vertex 139.857 165.239 6
    endloop
  endfacet
  facet normal -0 0 1
    outer loop
      vertex 139.562 165.135 6
      vertex 142.411 165 6
      vertex 139.712 165.179 6
    endloop
  endfacet
  facet normal -0 0 1
    outer loop
      vertex 139.407 165.109 6
      vertex 142.411 165 6
      vertex 139.562 165.135 6
    endloop
  endfacet
  facet normal -0 0 1
    outer loop
      vertex 139.25 165.1 6
      vertex 142.411 165 6
      vertex 139.407 165.109 6
    endloop
  endfacet
  facet normal 0 0 1
    outer loop
      vertex 138.065 167.245 6
      vertex 136.286 168.362 6
      vertex 137.989 167.107 6
    endloop
  endfacet
  facet normal -0 0 1
    outer loop
      vertex 136.097 168.019 6
      vertex 137.989 167.107 6
      vertex 136.286 168.362 6
    endloop
  endfacet
  facet normal 0 0 1
    outer loop
      vertex 137.989 167.107 6
      vertex 136.097 168.019 6
      vertex 137.929 166.962 6
    endloop
  endfacet
  facet normal -0 0 1
    outer loop
      vertex 135.946 167.656 6
      vertex 137.929 166.962 6
      vertex 136.097 168.019 6
    endloop
  endfacet
  facet normal 0 0 1
    outer loop
      vertex 137.929 166.962 6
      vertex 135.946 167.656 6
      vertex 137.885 166.812 6
    endloop
  endfacet
  facet normal -0 0 1
    outer loop
      vertex 135.838 167.279 6
      vertex 137.885 166.812 6
      vertex 135.946 167.656 6
    endloop
  endfacet
  facet normal 0 0 1
    outer loop
      vertex 137.885 166.812 6
      vertex 135.838 167.279 6
      vertex 137.859 166.657 6
    endloop
  endfacet
  facet normal -0 0 1
    outer loop
      vertex 135.772 166.892 6
      vertex 137.859 166.657 6
      vertex 135.838 167.279 6
    endloop
  endfacet
  facet normal 0 0 1
    outer loop
      vertex 137.859 166.657 6
      vertex 135.772 166.892 6
      vertex 137.85 166.5 6
    endloop
  endfacet
  facet normal 0 0 1
    outer loop
      vertex 135.75 166.5 6
      vertex 137.85 166.5 6
      vertex 135.772 166.892 6
    endloop
  endfacet
  facet normal 0 0 1
    outer loop
      vertex 137.85 166.5 6
      vertex 135.75 166.5 6
      vertex 137.859 166.343 6
    endloop
  endfacet
  facet normal 0 -0 1
    outer loop
      vertex 135.772 166.108 6
      vertex 137.859 166.343 6
      vertex 135.75 166.5 6
    endloop
  endfacet
  facet normal 0 0 1
    outer loop
      vertex 139.25 165.1 6
      vertex 136.089 165 6
      vertex 142.411 165 6
    endloop
  endfacet
  facet normal 0 0 1
    outer loop
      vertex 139.093 165.109 6
      vertex 136.089 165 6
      vertex 139.25 165.1 6
    endloop
  endfacet
  facet normal 0 0 1
    outer loop
      vertex 138.938 165.135 6
      vertex 136.089 165 6
      vertex 139.093 165.109 6
    endloop
  endfacet
  facet normal 0 0 1
    outer loop
      vertex 138.788 165.179 6
      vertex 136.089 165 6
      vertex 138.938 165.135 6
    endloop
  endfacet
  facet normal 0 0 1
    outer loop
      vertex 138.643 165.239 6
      vertex 136.089 165 6
      vertex 138.788 165.179 6
    endloop
  endfacet
  facet normal 0 0 1
    outer loop
      vertex 138.505 165.315 6
      vertex 136.089 165 6
      vertex 138.643 165.239 6
    endloop
  endfacet
  facet normal 0 0 1
    outer loop
      vertex 138.377 165.405 6
      vertex 136.089 165 6
      vertex 138.505 165.315 6
    endloop
  endfacet
  facet normal 0 0 1
    outer loop
      vertex 138.26 165.51 6
      vertex 136.089 165 6
      vertex 138.377 165.405 6
    endloop
  endfacet
  facet normal 0 0 1
    outer loop
      vertex 138.155 165.627 6
      vertex 136.089 165 6
      vertex 138.26 165.51 6
    endloop
  endfacet
  facet normal 0 0 1
    outer loop
      vertex 137.859 166.343 6
      vertex 135.772 166.108 6
      vertex 137.885 166.188 6
    endloop
  endfacet
  facet normal 0 -0 1
    outer loop
      vertex 135.838 165.721 6
      vertex 137.885 166.188 6
      vertex 135.772 166.108 6
    endloop
  endfacet
  facet normal 0 0 1
    outer loop
      vertex 138.065 165.755 6
      vertex 136.089 165 6
      vertex 138.155 165.627 6
    endloop
  endfacet
  facet normal 0 0 1
    outer loop
      vertex 137.885 166.188 6
      vertex 135.838 165.721 6
      vertex 137.929 166.038 6
    endloop
  endfacet
  facet normal 0 0 1
    outer loop
      vertex 137.989 165.893 6
      vertex 136.089 165 6
      vertex 138.065 165.755 6
    endloop
  endfacet
  facet normal 0 -0 1
    outer loop
      vertex 135.946 165.344 6
      vertex 137.929 166.038 6
      vertex 135.838 165.721 6
    endloop
  endfacet
  facet normal 0 -0 1
    outer loop
      vertex 136.089 165 6
      vertex 137.989 165.893 6
      vertex 135.946 165.344 6
    endloop
  endfacet
  facet normal 0 0 1
    outer loop
      vertex 137.929 166.038 6
      vertex 135.946 165.344 6
      vertex 137.989 165.893 6
    endloop
  endfacet
  facet normal -0.961331 0.275395 0
    outer loop
      vertex 135.838 167.279 3
      vertex 135.946 167.656 6
      vertex 135.946 167.656 3
    endloop
  endfacet
  facet normal -0.961331 0.275395 0
    outer loop
      vertex 135.946 167.656 6
      vertex 135.838 167.279 3
      vertex 135.838 167.279 6
    endloop
  endfacet
  facet normal -0.482605 0.875838 0
    outer loop
      vertex 137.731 169.653 3
      vertex 137.388 169.464 6
      vertex 137.731 169.653 6
    endloop
  endfacet
  facet normal -0.482605 0.875838 0
    outer loop
      vertex 137.388 169.464 6
      vertex 137.731 169.653 3
      vertex 137.388 169.464 3
    endloop
  endfacet
  facet normal 0.814421 0.580275 0
    outer loop
      vertex 142.214 168.362 6
      vertex 141.986 168.682 3
      vertex 141.986 168.682 6
    endloop
  endfacet
  facet normal 0.814421 0.580275 0
    outer loop
      vertex 141.986 168.682 3
      vertex 142.214 168.362 6
      vertex 142.214 168.362 3
    endloop
  endfacet
  facet normal -0.875838 0.482605 0
    outer loop
      vertex 136.097 168.019 3
      vertex 136.286 168.362 6
      vertex 136.286 168.362 3
    endloop
  endfacet
  facet normal -0.875838 0.482605 0
    outer loop
      vertex 136.286 168.362 6
      vertex 136.097 168.019 3
      vertex 136.097 168.019 6
    endloop
  endfacet
  facet normal 0.985767 -0.168115 0
    outer loop
      vertex 142.662 165.721 6
      vertex 142.728 166.108 3
      vertex 142.728 166.108 6
    endloop
  endfacet
  facet normal 0.985767 -0.168115 0
    outer loop
      vertex 142.728 166.108 3
      vertex 142.662 165.721 6
      vertex 142.662 165.721 3
    endloop
  endfacet
  facet normal -0.998429 -0.0560343 0
    outer loop
      vertex 135.772 166.108 3
      vertex 135.75 166.5 6
      vertex 135.75 166.5 3
    endloop
  endfacet
  facet normal -0.998429 -0.0560343 0
    outer loop
      vertex 135.75 166.5 6
      vertex 135.772 166.108 3
      vertex 135.772 166.108 6
    endloop
  endfacet
  facet normal -0.998429 0.0560343 0
    outer loop
      vertex 135.75 166.5 3
      vertex 135.772 166.892 6
      vertex 135.772 166.892 3
    endloop
  endfacet
  facet normal -0.998429 0.0560343 0
    outer loop
      vertex 135.772 166.892 6
      vertex 135.75 166.5 3
      vertex 135.75 166.5 6
    endloop
  endfacet
  facet normal 0.275395 0.961331 -0
    outer loop
      vertex 140.406 169.804 3
      vertex 140.029 169.912 6
      vertex 140.406 169.804 6
    endloop
  endfacet
  facet normal 0.275395 0.961331 0
    outer loop
      vertex 140.029 169.912 6
      vertex 140.406 169.804 3
      vertex 140.029 169.912 3
    endloop
  endfacet
  facet normal 0.580275 0.814421 -0
    outer loop
      vertex 141.432 169.236 3
      vertex 141.112 169.464 6
      vertex 141.432 169.236 6
    endloop
  endfacet
  facet normal 0.580275 0.814421 0
    outer loop
      vertex 141.112 169.464 6
      vertex 141.432 169.236 3
      vertex 141.112 169.464 3
    endloop
  endfacet
  facet normal -0.923303 0.384074 0
    outer loop
      vertex 135.946 167.656 3
      vertex 136.097 168.019 6
      vertex 136.097 168.019 3
    endloop
  endfacet
  facet normal -0.923303 0.384074 0
    outer loop
      vertex 136.097 168.019 6
      vertex 135.946 167.656 3
      vertex 135.946 167.656 6
    endloop
  endfacet
  facet normal 0.923394 -0.383853 0
    outer loop
      vertex 142.411 165 6
      vertex 142.554 165.344 3
      vertex 142.554 165.344 6
    endloop
  endfacet
  facet normal 0.923394 -0.383853 0
    outer loop
      vertex 142.554 165.344 3
      vertex 142.411 165 6
      vertex 142.411 165 3
    endloop
  endfacet
  facet normal 0.482605 0.875838 -0
    outer loop
      vertex 141.112 169.464 3
      vertex 140.769 169.653 6
      vertex 141.112 169.464 6
    endloop
  endfacet
  facet normal 0.482605 0.875838 0
    outer loop
      vertex 140.769 169.653 6
      vertex 141.112 169.464 3
      vertex 140.769 169.653 3
    endloop
  endfacet
  facet normal -0.384074 0.923303 0
    outer loop
      vertex 138.094 169.804 3
      vertex 137.731 169.653 6
      vertex 138.094 169.804 6
    endloop
  endfacet
  facet normal -0.384074 0.923303 0
    outer loop
      vertex 137.731 169.653 6
      vertex 138.094 169.804 3
      vertex 137.731 169.653 3
    endloop
  endfacet
  facet normal -0.814421 0.580275 0
    outer loop
      vertex 136.286 168.362 3
      vertex 136.514 168.682 6
      vertex 136.514 168.682 3
    endloop
  endfacet
  facet normal -0.814421 0.580275 0
    outer loop
      vertex 136.514 168.682 6
      vertex 136.286 168.362 3
      vertex 136.286 168.362 6
    endloop
  endfacet
  facet normal 0.384074 0.923303 -0
    outer loop
      vertex 140.769 169.653 3
      vertex 140.406 169.804 6
      vertex 140.769 169.653 6
    endloop
  endfacet
  facet normal 0.384074 0.923303 0
    outer loop
      vertex 140.406 169.804 6
      vertex 140.769 169.653 3
      vertex 140.406 169.804 3
    endloop
  endfacet
  facet normal -0.961331 -0.275395 0
    outer loop
      vertex 135.946 165.344 3
      vertex 135.838 165.721 6
      vertex 135.838 165.721 3
    endloop
  endfacet
  facet normal -0.961331 -0.275395 0
    outer loop
      vertex 135.838 165.721 6
      vertex 135.946 165.344 3
      vertex 135.946 165.344 6
    endloop
  endfacet
  facet normal 0.66791 -0.744242 0
    outer loop
      vertex 138.26 167.49 3
      vertex 138.377 167.595 6
      vertex 138.26 167.49 6
    endloop
  endfacet
  facet normal 0.66791 -0.744242 0
    outer loop
      vertex 138.377 167.595 6
      vertex 138.26 167.49 3
      vertex 138.377 167.595 3
    endloop
  endfacet
  facet normal -0.986221 -0.165431 0
    outer loop
      vertex 140.641 166.657 3
      vertex 140.615 166.812 6
      vertex 140.615 166.812 3
    endloop
  endfacet
  facet normal -0.986221 -0.165431 0
    outer loop
      vertex 140.615 166.812 6
      vertex 140.641 166.657 3
      vertex 140.641 166.657 6
    endloop
  endfacet
  facet normal -0.998361 0.0572309 0
    outer loop
      vertex 140.641 166.343 3
      vertex 140.65 166.5 6
      vertex 140.65 166.5 3
    endloop
  endfacet
  facet normal -0.998361 0.0572309 0
    outer loop
      vertex 140.65 166.5 6
      vertex 140.641 166.343 3
      vertex 140.641 166.343 6
    endloop
  endfacet
  facet normal -0.165431 -0.986221 0
    outer loop
      vertex 139.407 167.891 3
      vertex 139.562 167.865 6
      vertex 139.407 167.891 6
    endloop
  endfacet
  facet normal -0.165431 -0.986221 -0
    outer loop
      vertex 139.562 167.865 6
      vertex 139.407 167.891 3
      vertex 139.562 167.865 3
    endloop
  endfacet
  facet normal -0.66791 0.744242 0
    outer loop
      vertex 140.24 165.51 3
      vertex 140.123 165.405 6
      vertex 140.24 165.51 6
    endloop
  endfacet
  facet normal -0.66791 0.744242 0
    outer loop
      vertex 140.123 165.405 6
      vertex 140.24 165.51 3
      vertex 140.123 165.405 3
    endloop
  endfacet
  facet normal -0.959569 -0.281474 0
    outer loop
      vertex 140.615 166.812 3
      vertex 140.571 166.962 6
      vertex 140.571 166.962 3
    endloop
  endfacet
  facet normal -0.959569 -0.281474 0
    outer loop
      vertex 140.571 166.962 6
      vertex 140.615 166.812 3
      vertex 140.615 166.812 6
    endloop
  endfacet
  facet normal -0.66791 -0.744242 0
    outer loop
      vertex 140.123 167.595 3
      vertex 140.24 167.49 6
      vertex 140.123 167.595 6
    endloop
  endfacet
  facet normal -0.66791 -0.744242 -0
    outer loop
      vertex 140.24 167.49 6
      vertex 140.123 167.595 3
      vertex 140.24 167.49 3
    endloop
  endfacet
  facet normal 0.986221 -0.165431 0
    outer loop
      vertex 137.859 166.657 6
      vertex 137.885 166.812 3
      vertex 137.885 166.812 6
    endloop
  endfacet
  facet normal 0.986221 -0.165431 0
    outer loop
      vertex 137.885 166.812 3
      vertex 137.859 166.657 6
      vertex 137.859 166.657 3
    endloop
  endfacet
  facet normal -0.382352 0.924017 0
    outer loop
      vertex 139.857 165.239 3
      vertex 139.712 165.179 6
      vertex 139.857 165.239 6
    endloop
  endfacet
  facet normal -0.382352 0.924017 0
    outer loop
      vertex 139.712 165.179 6
      vertex 139.857 165.239 3
      vertex 139.712 165.179 3
    endloop
  endfacet
  facet normal 0.575177 0.818029 -0
    outer loop
      vertex 138.505 165.315 3
      vertex 138.377 165.405 6
      vertex 138.505 165.315 6
    endloop
  endfacet
  facet normal 0.575177 0.818029 0
    outer loop
      vertex 138.377 165.405 6
      vertex 138.505 165.315 3
      vertex 138.377 165.405 3
    endloop
  endfacet
  facet normal -0.744242 0.66791 0
    outer loop
      vertex 140.24 165.51 3
      vertex 140.345 165.627 6
      vertex 140.345 165.627 3
    endloop
  endfacet
  facet normal -0.744242 0.66791 0
    outer loop
      vertex 140.345 165.627 6
      vertex 140.24 165.51 3
      vertex 140.24 165.51 6
    endloop
  endfacet
  facet normal 0.482406 0.875948 -0
    outer loop
      vertex 138.643 165.239 3
      vertex 138.505 165.315 6
      vertex 138.643 165.239 6
    endloop
  endfacet
  facet normal 0.482406 0.875948 0
    outer loop
      vertex 138.505 165.315 6
      vertex 138.643 165.239 3
      vertex 138.505 165.315 3
    endloop
  endfacet
  facet normal -0.998361 -0.0572309 0
    outer loop
      vertex 140.65 166.5 3
      vertex 140.641 166.657 6
      vertex 140.641 166.657 3
    endloop
  endfacet
  facet normal -0.998361 -0.0572309 0
    outer loop
      vertex 140.641 166.657 6
      vertex 140.65 166.5 3
      vertex 140.65 166.5 6
    endloop
  endfacet
  facet normal 0.986221 0.165431 0
    outer loop
      vertex 137.885 166.188 6
      vertex 137.859 166.343 3
      vertex 137.859 166.343 6
    endloop
  endfacet
  facet normal 0.986221 0.165431 0
    outer loop
      vertex 137.859 166.343 3
      vertex 137.885 166.188 6
      vertex 137.885 166.188 3
    endloop
  endfacet
  facet normal -0.0572309 0.998361 0
    outer loop
      vertex 139.407 165.109 3
      vertex 139.25 165.1 6
      vertex 139.407 165.109 6
    endloop
  endfacet
  facet normal -0.0572309 0.998361 0
    outer loop
      vertex 139.25 165.1 6
      vertex 139.407 165.109 3
      vertex 139.25 165.1 3
    endloop
  endfacet
  facet normal 0.575177 -0.818029 0
    outer loop
      vertex 138.377 167.595 3
      vertex 138.505 167.685 6
      vertex 138.377 167.595 6
    endloop
  endfacet
  facet normal 0.575177 -0.818029 0
    outer loop
      vertex 138.505 167.685 6
      vertex 138.377 167.595 3
      vertex 138.505 167.685 3
    endloop
  endfacet
  facet normal 0.0572309 -0.998361 0
    outer loop
      vertex 139.093 167.891 3
      vertex 139.25 167.9 6
      vertex 139.093 167.891 6
    endloop
  endfacet
  facet normal 0.0572309 -0.998361 0
    outer loop
      vertex 139.25 167.9 6
      vertex 139.093 167.891 3
      vertex 139.25 167.9 3
    endloop
  endfacet
  facet normal -0.744242 -0.66791 0
    outer loop
      vertex 140.345 167.373 3
      vertex 140.24 167.49 6
      vertex 140.24 167.49 3
    endloop
  endfacet
  facet normal -0.744242 -0.66791 0
    outer loop
      vertex 140.24 167.49 6
      vertex 140.345 167.373 3
      vertex 140.345 167.373 6
    endloop
  endfacet
  facet normal -0.875948 -0.482406 0
    outer loop
      vertex 140.511 167.107 3
      vertex 140.435 167.245 6
      vertex 140.435 167.245 3
    endloop
  endfacet
  facet normal -0.875948 -0.482406 0
    outer loop
      vertex 140.435 167.245 6
      vertex 140.511 167.107 3
      vertex 140.511 167.107 6
    endloop
  endfacet
  facet normal 0.924017 0.382352 0
    outer loop
      vertex 137.989 165.893 6
      vertex 137.929 166.038 3
      vertex 137.929 166.038 6
    endloop
  endfacet
  facet normal 0.924017 0.382352 0
    outer loop
      vertex 137.929 166.038 3
      vertex 137.989 165.893 6
      vertex 137.989 165.893 3
    endloop
  endfacet
  facet normal -0.281474 0.959569 0
    outer loop
      vertex 139.712 165.179 3
      vertex 139.562 165.135 6
      vertex 139.712 165.179 6
    endloop
  endfacet
  facet normal -0.281474 0.959569 0
    outer loop
      vertex 139.562 165.135 6
      vertex 139.712 165.179 3
      vertex 139.562 165.135 3
    endloop
  endfacet
  facet normal -0.0572309 -0.998361 0
    outer loop
      vertex 139.25 167.9 3
      vertex 139.407 167.891 6
      vertex 139.25 167.9 6
    endloop
  endfacet
  facet normal -0.0572309 -0.998361 -0
    outer loop
      vertex 139.407 167.891 6
      vertex 139.25 167.9 3
      vertex 139.407 167.891 3
    endloop
  endfacet
  facet normal 0.744242 -0.66791 0
    outer loop
      vertex 138.155 167.373 6
      vertex 138.26 167.49 3
      vertex 138.26 167.49 6
    endloop
  endfacet
  facet normal 0.744242 -0.66791 0
    outer loop
      vertex 138.26 167.49 3
      vertex 138.155 167.373 6
      vertex 138.155 167.373 3
    endloop
  endfacet
  facet normal 0.281474 -0.959569 0
    outer loop
      vertex 138.788 167.821 3
      vertex 138.938 167.865 6
      vertex 138.788 167.821 6
    endloop
  endfacet
  facet normal 0.281474 -0.959569 0
    outer loop
      vertex 138.938 167.865 6
      vertex 138.788 167.821 3
      vertex 138.938 167.865 3
    endloop
  endfacet
  facet normal -0.924017 -0.382352 0
    outer loop
      vertex 140.571 166.962 3
      vertex 140.511 167.107 6
      vertex 140.511 167.107 3
    endloop
  endfacet
  facet normal -0.924017 -0.382352 0
    outer loop
      vertex 140.511 167.107 6
      vertex 140.571 166.962 3
      vertex 140.571 166.962 6
    endloop
  endfacet
  facet normal 0.165431 -0.986221 0
    outer loop
      vertex 138.938 167.865 3
      vertex 139.093 167.891 6
      vertex 138.938 167.865 6
    endloop
  endfacet
  facet normal 0.165431 -0.986221 0
    outer loop
      vertex 139.093 167.891 6
      vertex 138.938 167.865 3
      vertex 139.093 167.891 3
    endloop
  endfacet
  facet normal -0.959569 0.281474 0
    outer loop
      vertex 140.571 166.038 3
      vertex 140.615 166.188 6
      vertex 140.615 166.188 3
    endloop
  endfacet
  facet normal -0.959569 0.281474 0
    outer loop
      vertex 140.615 166.188 6
      vertex 140.571 166.038 3
      vertex 140.571 166.038 6
    endloop
  endfacet
  facet normal 0.959569 -0.281474 0
    outer loop
      vertex 137.885 166.812 6
      vertex 137.929 166.962 3
      vertex 137.929 166.962 6
    endloop
  endfacet
  facet normal 0.959569 -0.281474 0
    outer loop
      vertex 137.929 166.962 3
      vertex 137.885 166.812 6
      vertex 137.885 166.812 3
    endloop
  endfacet
  facet normal 0.482406 -0.875948 0
    outer loop
      vertex 138.505 167.685 3
      vertex 138.643 167.761 6
      vertex 138.505 167.685 6
    endloop
  endfacet
  facet normal 0.482406 -0.875948 0
    outer loop
      vertex 138.643 167.761 6
      vertex 138.505 167.685 3
      vertex 138.643 167.761 3
    endloop
  endfacet
  facet normal 0.66791 0.744242 -0
    outer loop
      vertex 138.377 165.405 3
      vertex 138.26 165.51 6
      vertex 138.377 165.405 6
    endloop
  endfacet
  facet normal 0.66791 0.744242 0
    outer loop
      vertex 138.26 165.51 6
      vertex 138.377 165.405 3
      vertex 138.26 165.51 3
    endloop
  endfacet
  facet normal -0.818029 -0.575177 0
    outer loop
      vertex 140.435 167.245 3
      vertex 140.345 167.373 6
      vertex 140.345 167.373 3
    endloop
  endfacet
  facet normal -0.818029 -0.575177 0
    outer loop
      vertex 140.345 167.373 6
      vertex 140.435 167.245 3
      vertex 140.435 167.245 6
    endloop
  endfacet
  facet normal -0.165431 0.986221 0
    outer loop
      vertex 139.562 165.135 3
      vertex 139.407 165.109 6
      vertex 139.562 165.135 6
    endloop
  endfacet
  facet normal -0.165431 0.986221 0
    outer loop
      vertex 139.407 165.109 6
      vertex 139.562 165.135 3
      vertex 139.407 165.109 3
    endloop
  endfacet
  facet normal -0.986221 0.165431 0
    outer loop
      vertex 140.615 166.188 3
      vertex 140.641 166.343 6
      vertex 140.641 166.343 3
    endloop
  endfacet
  facet normal -0.986221 0.165431 0
    outer loop
      vertex 140.641 166.343 6
      vertex 140.615 166.188 3
      vertex 140.615 166.188 6
    endloop
  endfacet
  facet normal 0.998361 0.0572309 0
    outer loop
      vertex 137.859 166.343 6
      vertex 137.85 166.5 3
      vertex 137.85 166.5 6
    endloop
  endfacet
  facet normal 0.998361 0.0572309 0
    outer loop
      vertex 137.85 166.5 3
      vertex 137.859 166.343 6
      vertex 137.859 166.343 3
    endloop
  endfacet
  facet normal 0.998361 -0.0572309 0
    outer loop
      vertex 137.85 166.5 6
      vertex 137.859 166.657 3
      vertex 137.859 166.657 6
    endloop
  endfacet
  facet normal 0.998361 -0.0572309 0
    outer loop
      vertex 137.859 166.657 3
      vertex 137.85 166.5 6
      vertex 137.85 166.5 3
    endloop
  endfacet
  facet normal -0.281474 -0.959569 0
    outer loop
      vertex 139.562 167.865 3
      vertex 139.712 167.821 6
      vertex 139.562 167.865 6
    endloop
  endfacet
  facet normal -0.281474 -0.959569 -0
    outer loop
      vertex 139.712 167.821 6
      vertex 139.562 167.865 3
      vertex 139.712 167.821 3
    endloop
  endfacet
  facet normal 0.744242 0.66791 0
    outer loop
      vertex 138.26 165.51 6
      vertex 138.155 165.627 3
      vertex 138.155 165.627 6
    endloop
  endfacet
  facet normal 0.744242 0.66791 0
    outer loop
      vertex 138.155 165.627 3
      vertex 138.26 165.51 6
      vertex 138.26 165.51 3
    endloop
  endfacet
  facet normal -0.818029 0.575177 0
    outer loop
      vertex 140.345 165.627 3
      vertex 140.435 165.755 6
      vertex 140.435 165.755 3
    endloop
  endfacet
  facet normal -0.818029 0.575177 0
    outer loop
      vertex 140.435 165.755 6
      vertex 140.345 165.627 3
      vertex 140.345 165.627 6
    endloop
  endfacet
  facet normal -0.575177 0.818029 0
    outer loop
      vertex 140.123 165.405 3
      vertex 139.995 165.315 6
      vertex 140.123 165.405 6
    endloop
  endfacet
  facet normal -0.575177 0.818029 0
    outer loop
      vertex 139.995 165.315 6
      vertex 140.123 165.405 3
      vertex 139.995 165.315 3
    endloop
  endfacet
  facet normal -0.575177 -0.818029 0
    outer loop
      vertex 139.995 167.685 3
      vertex 140.123 167.595 6
      vertex 139.995 167.685 6
    endloop
  endfacet
  facet normal -0.575177 -0.818029 -0
    outer loop
      vertex 140.123 167.595 6
      vertex 139.995 167.685 3
      vertex 140.123 167.595 3
    endloop
  endfacet
  facet normal 0.924017 -0.382352 0
    outer loop
      vertex 137.929 166.962 6
      vertex 137.989 167.107 3
      vertex 137.989 167.107 6
    endloop
  endfacet
  facet normal 0.924017 -0.382352 0
    outer loop
      vertex 137.989 167.107 3
      vertex 137.929 166.962 6
      vertex 137.929 166.962 3
    endloop
  endfacet
  facet normal -0.924017 0.382352 0
    outer loop
      vertex 140.511 165.893 3
      vertex 140.571 166.038 6
      vertex 140.571 166.038 3
    endloop
  endfacet
  facet normal -0.924017 0.382352 0
    outer loop
      vertex 140.571 166.038 6
      vertex 140.511 165.893 3
      vertex 140.511 165.893 6
    endloop
  endfacet
  facet normal -0.482406 0.875948 0
    outer loop
      vertex 139.995 165.315 3
      vertex 139.857 165.239 6
      vertex 139.995 165.315 6
    endloop
  endfacet
  facet normal -0.482406 0.875948 0
    outer loop
      vertex 139.857 165.239 6
      vertex 139.995 165.315 3
      vertex 139.857 165.239 3
    endloop
  endfacet
  facet normal -0.482406 -0.875948 0
    outer loop
      vertex 139.857 167.761 3
      vertex 139.995 167.685 6
      vertex 139.857 167.761 6
    endloop
  endfacet
  facet normal -0.482406 -0.875948 -0
    outer loop
      vertex 139.995 167.685 6
      vertex 139.857 167.761 3
      vertex 139.995 167.685 3
    endloop
  endfacet
  facet normal 0.382352 -0.924017 0
    outer loop
      vertex 138.643 167.761 3
      vertex 138.788 167.821 6
      vertex 138.643 167.761 6
    endloop
  endfacet
  facet normal 0.382352 -0.924017 0
    outer loop
      vertex 138.788 167.821 6
      vertex 138.643 167.761 3
      vertex 138.788 167.821 3
    endloop
  endfacet
  facet normal 0.382352 0.924017 -0
    outer loop
      vertex 138.788 165.179 3
      vertex 138.643 165.239 6
      vertex 138.788 165.179 6
    endloop
  endfacet
  facet normal 0.382352 0.924017 0
    outer loop
      vertex 138.643 165.239 6
      vertex 138.788 165.179 3
      vertex 138.643 165.239 3
    endloop
  endfacet
  facet normal 0.165431 0.986221 -0
    outer loop
      vertex 139.093 165.109 3
      vertex 138.938 165.135 6
      vertex 139.093 165.109 6
    endloop
  endfacet
  facet normal 0.165431 0.986221 0
    outer loop
      vertex 138.938 165.135 6
      vertex 139.093 165.109 3
      vertex 138.938 165.135 3
    endloop
  endfacet
  facet normal 0.875948 0.482406 0
    outer loop
      vertex 138.065 165.755 6
      vertex 137.989 165.893 3
      vertex 137.989 165.893 6
    endloop
  endfacet
  facet normal 0.875948 0.482406 0
    outer loop
      vertex 137.989 165.893 3
      vertex 138.065 165.755 6
      vertex 138.065 165.755 3
    endloop
  endfacet
  facet normal 0.818029 -0.575177 0
    outer loop
      vertex 138.065 167.245 6
      vertex 138.155 167.373 3
      vertex 138.155 167.373 6
    endloop
  endfacet
  facet normal 0.818029 -0.575177 0
    outer loop
      vertex 138.155 167.373 3
      vertex 138.065 167.245 6
      vertex 138.065 167.245 3
    endloop
  endfacet
  facet normal -0.382352 -0.924017 0
    outer loop
      vertex 139.712 167.821 3
      vertex 139.857 167.761 6
      vertex 139.712 167.821 6
    endloop
  endfacet
  facet normal -0.382352 -0.924017 -0
    outer loop
      vertex 139.857 167.761 6
      vertex 139.712 167.821 3
      vertex 139.857 167.761 3
    endloop
  endfacet
  facet normal 0.959569 0.281474 0
    outer loop
      vertex 137.929 166.038 6
      vertex 137.885 166.188 3
      vertex 137.885 166.188 6
    endloop
  endfacet
  facet normal 0.959569 0.281474 0
    outer loop
      vertex 137.885 166.188 3
      vertex 137.929 166.038 6
      vertex 137.929 166.038 3
    endloop
  endfacet
  facet normal -0.875948 0.482406 0
    outer loop
      vertex 140.435 165.755 3
      vertex 140.511 165.893 6
      vertex 140.511 165.893 3
    endloop
  endfacet
  facet normal -0.875948 0.482406 0
    outer loop
      vertex 140.511 165.893 6
      vertex 140.435 165.755 3
      vertex 140.435 165.755 6
    endloop
  endfacet
  facet normal 0.281474 0.959569 -0
    outer loop
      vertex 138.938 165.135 3
      vertex 138.788 165.179 6
      vertex 138.938 165.135 6
    endloop
  endfacet
  facet normal 0.281474 0.959569 0
    outer loop
      vertex 138.788 165.179 6
      vertex 138.938 165.135 3
      vertex 138.788 165.179 3
    endloop
  endfacet
  facet normal 0.818029 0.575177 0
    outer loop
      vertex 138.155 165.627 6
      vertex 138.065 165.755 3
      vertex 138.065 165.755 6
    endloop
  endfacet
  facet normal 0.818029 0.575177 0
    outer loop
      vertex 138.065 165.755 3
      vertex 138.155 165.627 6
      vertex 138.155 165.627 3
    endloop
  endfacet
  facet normal 0.0572309 0.998361 -0
    outer loop
      vertex 139.25 165.1 3
      vertex 139.093 165.109 6
      vertex 139.25 165.1 6
    endloop
  endfacet
  facet normal 0.0572309 0.998361 0
    outer loop
      vertex 139.093 165.109 6
      vertex 139.25 165.1 3
      vertex 139.093 165.109 3
    endloop
  endfacet
  facet normal 0.875948 -0.482406 0
    outer loop
      vertex 137.989 167.107 6
      vertex 138.065 167.245 3
      vertex 138.065 167.245 6
    endloop
  endfacet
  facet normal 0.875948 -0.482406 0
    outer loop
      vertex 138.065 167.245 3
      vertex 137.989 167.107 6
      vertex 137.989 167.107 3
    endloop
  endfacet
  facet normal 1 -0 0
    outer loop
      vertex 9 81 145
      vertex 9 162 140
      vertex 9 162 145
    endloop
  endfacet
  facet normal 1 0 0
    outer loop
      vertex 9 162 140
      vertex 9 81 145
      vertex 9 81 140
    endloop
  endfacet
  facet normal 0 0 -1
    outer loop
      vertex 3 81 140
      vertex 9 162 140
      vertex 9 81 140
    endloop
  endfacet
  facet normal -0 0 -1
    outer loop
      vertex 9 162 140
      vertex 3 81 140
      vertex 3 162 140
    endloop
  endfacet
  facet normal 0 1 -0
    outer loop
      vertex 9 162 140
      vertex 3 162 145
      vertex 9 162 145
    endloop
  endfacet
  facet normal 0 1 0
    outer loop
      vertex 3 162 145
      vertex 9 162 140
      vertex 3 162 140
    endloop
  endfacet
  facet normal 0 -1 0
    outer loop
      vertex 3 81 140
      vertex 9 81 145
      vertex 3 81 145
    endloop
  endfacet
  facet normal 0 -1 -0
    outer loop
      vertex 9 81 145
      vertex 3 81 140
      vertex 9 81 140
    endloop
  endfacet
  facet normal 0 0 -1
    outer loop
      vertex 181 81 140
      vertex 187 162 140
      vertex 187 81 140
    endloop
  endfacet
  facet normal -0 0 -1
    outer loop
      vertex 187 162 140
      vertex 181 81 140
      vertex 181 162 140
    endloop
  endfacet
  facet normal -1 0 0
    outer loop
      vertex 181 81 140
      vertex 181 162 145
      vertex 181 162 140
    endloop
  endfacet
  facet normal -1 -0 0
    outer loop
      vertex 181 162 145
      vertex 181 81 140
      vertex 181 81 145
    endloop
  endfacet
  facet normal 0 1 -0
    outer loop
      vertex 187 162 140
      vertex 181 162 145
      vertex 187 162 145
    endloop
  endfacet
  facet normal 0 1 0
    outer loop
      vertex 181 162 145
      vertex 187 162 140
      vertex 181 162 140
    endloop
  endfacet
  facet normal 0 -1 0
    outer loop
      vertex 181 81 140
      vertex 187 81 145
      vertex 181 81 145
    endloop
  endfacet
  facet normal 0 -1 -0
    outer loop
      vertex 187 81 145
      vertex 181 81 140
      vertex 187 81 140
    endloop
  endfacet
  facet normal -1 0 0
    outer loop
      vertex 39.0714 34 38
      vertex 39.0714 61 38
      vertex 39.0714 61 35
    endloop
  endfacet
  facet normal -1 0 0
    outer loop
      vertex 39.0714 61 38
      vertex 39.0714 34 38
      vertex 39.0714 61 39
    endloop
  endfacet
  facet normal -1 0 0
    outer loop
      vertex 39.0714 13 35
      vertex 39.0714 34 38
      vertex 39.0714 61 35
    endloop
  endfacet
  facet normal -1 -0 0
    outer loop
      vertex 39.0714 34 38
      vertex 39.0714 13 35
      vertex 39.0714 13 38
    endloop
  endfacet
  facet normal -1 -0 0
    outer loop
      vertex 39.0714 61 39
      vertex 39.0714 34 38
      vertex 39.0714 34 39
    endloop
  endfacet
  facet normal 0 0 -1
    outer loop
      vertex 38.0714 34 39
      vertex 39.0714 61 39
      vertex 39.0714 34 39
    endloop
  endfacet
  facet normal -0 0 -1
    outer loop
      vertex 39.0714 61 39
      vertex 38.0714 34 39
      vertex 38.0714 61 39
    endloop
  endfacet
  facet normal 1 0 0
    outer loop
      vertex 38.0714 34 38
      vertex 38.0714 61 38
      vertex 38.0714 61 39
    endloop
  endfacet
  facet normal 1 0 0
    outer loop
      vertex 38.0714 34 38
      vertex 38.0714 61 39
      vertex 38.0714 34 39
    endloop
  endfacet
  facet normal 1 0 0
    outer loop
      vertex 38.0714 61 38
      vertex 38.0714 34 38
      vertex 38.0714 61 35
    endloop
  endfacet
  facet normal 1 0 0
    outer loop
      vertex 38.0714 13 35
      vertex 38.0714 34 38
      vertex 38.0714 13 38
    endloop
  endfacet
  facet normal 1 0 0
    outer loop
      vertex 38.0714 34 38
      vertex 38.0714 13 35
      vertex 38.0714 61 35
    endloop
  endfacet
  facet normal 0 1 -0
    outer loop
      vertex 39.0714 13 35
      vertex 38.0714 13 38
      vertex 39.0714 13 38
    endloop
  endfacet
  facet normal 0 1 0
    outer loop
      vertex 38.0714 13 38
      vertex 39.0714 13 35
      vertex 38.0714 13 35
    endloop
  endfacet
  facet normal -1 0 0
    outer loop
      vertex 61.6429 34 38
      vertex 61.6429 61 38
      vertex 61.6429 61 35
    endloop
  endfacet
  facet normal -1 0 0
    outer loop
      vertex 61.6429 61 38
      vertex 61.6429 34 38
      vertex 61.6429 61 39
    endloop
  endfacet
  facet normal -1 0 0
    outer loop
      vertex 61.6429 13 35
      vertex 61.6429 34 38
      vertex 61.6429 61 35
    endloop
  endfacet
  facet normal -1 -0 0
    outer loop
      vertex 61.6429 34 38
      vertex 61.6429 13 35
      vertex 61.6429 13 38
    endloop
  endfacet
  facet normal -1 -0 0
    outer loop
      vertex 61.6429 61 39
      vertex 61.6429 34 38
      vertex 61.6429 34 39
    endloop
  endfacet
  facet normal 0 0 -1
    outer loop
      vertex 60.6429 34 39
      vertex 61.6429 61 39
      vertex 61.6429 34 39
    endloop
  endfacet
  facet normal -0 0 -1
    outer loop
      vertex 61.6429 61 39
      vertex 60.6429 34 39
      vertex 60.6429 61 39
    endloop
  endfacet
  facet normal 1 0 0
    outer loop
      vertex 60.6429 34 38
      vertex 60.6429 61 38
      vertex 60.6429 61 39
    endloop
  endfacet
  facet normal 1 0 0
    outer loop
      vertex 60.6429 34 38
      vertex 60.6429 61 39
      vertex 60.6429 34 39
    endloop
  endfacet
  facet normal 1 0 0
    outer loop
      vertex 60.6429 61 38
      vertex 60.6429 34 38
      vertex 60.6429 61 35
    endloop
  endfacet
  facet normal 1 0 0
    outer loop
      vertex 60.6429 13 35
      vertex 60.6429 34 38
      vertex 60.6429 13 38
    endloop
  endfacet
  facet normal 1 0 0
    outer loop
      vertex 60.6429 34 38
      vertex 60.6429 13 35
      vertex 60.6429 61 35
    endloop
  endfacet
  facet normal 0 1 -0
    outer loop
      vertex 61.6429 13 35
      vertex 60.6429 13 38
      vertex 61.6429 13 38
    endloop
  endfacet
  facet normal 0 1 0
    outer loop
      vertex 60.6429 13 38
      vertex 61.6429 13 35
      vertex 60.6429 13 35
    endloop
  endfacet
  facet normal -1 0 0
    outer loop
      vertex 84.2143 13 35
      vertex 84.2143 61 38
      vertex 84.2143 61 35
    endloop
  endfacet
  facet normal -1 -0 0
    outer loop
      vertex 84.2143 61 38
      vertex 84.2143 13 35
      vertex 84.2143 13 38
    endloop
  endfacet
  facet normal 1 -0 0
    outer loop
      vertex 83.2143 13 38
      vertex 83.2143 61 35
      vertex 83.2143 61 38
    endloop
  endfacet
  facet normal 1 0 0
    outer loop
      vertex 83.2143 61 35
      vertex 83.2143 13 38
      vertex 83.2143 13 35
    endloop
  endfacet
  facet normal 0 -1 0
    outer loop
      vertex 83.2143 61 35
      vertex 84.2143 61 38
      vertex 83.2143 61 38
    endloop
  endfacet
  facet normal 0 -1 -0
    outer loop
      vertex 84.2143 61 38
      vertex 83.2143 61 35
      vertex 84.2143 61 35
    endloop
  endfacet
  facet normal 0 1 -0
    outer loop
      vertex 84.2143 13 35
      vertex 83.2143 13 38
      vertex 84.2143 13 38
    endloop
  endfacet
  facet normal 0 1 0
    outer loop
      vertex 83.2143 13 38
      vertex 84.2143 13 35
      vertex 83.2143 13 35
    endloop
  endfacet
  facet normal -1 0 0
    outer loop
      vertex 106.786 34 38
      vertex 106.786 61 38
      vertex 106.786 61 35
    endloop
  endfacet
  facet normal -1 0 0
    outer loop
      vertex 106.786 61 38
      vertex 106.786 34 38
      vertex 106.786 61 39
    endloop
  endfacet
  facet normal -1 0 0
    outer loop
      vertex 106.786 13 35
      vertex 106.786 34 38
      vertex 106.786 61 35
    endloop
  endfacet
  facet normal -1 -0 0
    outer loop
      vertex 106.786 34 38
      vertex 106.786 13 35
      vertex 106.786 13 38
    endloop
  endfacet
  facet normal -1 -0 0
    outer loop
      vertex 106.786 61 39
      vertex 106.786 34 38
      vertex 106.786 34 39
    endloop
  endfacet
  facet normal 0 0 -1
    outer loop
      vertex 105.786 34 39
      vertex 106.786 61 39
      vertex 106.786 34 39
    endloop
  endfacet
  facet normal -0 0 -1
    outer loop
      vertex 106.786 61 39
      vertex 105.786 34 39
      vertex 105.786 61 39
    endloop
  endfacet
  facet normal 1 0 0
    outer loop
      vertex 105.786 34 38
      vertex 105.786 61 38
      vertex 105.786 61 39
    endloop
  endfacet
  facet normal 1 0 0
    outer loop
      vertex 105.786 34 38
      vertex 105.786 61 39
      vertex 105.786 34 39
    endloop
  endfacet
  facet normal 1 0 0
    outer loop
      vertex 105.786 61 38
      vertex 105.786 34 38
      vertex 105.786 61 35
    endloop
  endfacet
  facet normal 1 0 0
    outer loop
      vertex 105.786 13 35
      vertex 105.786 34 38
      vertex 105.786 13 38
    endloop
  endfacet
  facet normal 1 0 0
    outer loop
      vertex 105.786 34 38
      vertex 105.786 13 35
      vertex 105.786 61 35
    endloop
  endfacet
  facet normal 0 1 -0
    outer loop
      vertex 106.786 13 35
      vertex 105.786 13 38
      vertex 106.786 13 38
    endloop
  endfacet
  facet normal 0 1 0
    outer loop
      vertex 105.786 13 38
      vertex 106.786 13 35
      vertex 105.786 13 35
    endloop
  endfacet
  facet normal -1 0 0
    outer loop
      vertex 129.357 34 38
      vertex 129.357 61 38
      vertex 129.357 61 35
    endloop
  endfacet
  facet normal -1 0 0
    outer loop
      vertex 129.357 61 38
      vertex 129.357 34 38
      vertex 129.357 61 39
    endloop
  endfacet
  facet normal -1 0 0
    outer loop
      vertex 129.357 13 35
      vertex 129.357 34 38
      vertex 129.357 61 35
    endloop
  endfacet
  facet normal -1 -0 0
    outer loop
      vertex 129.357 34 38
      vertex 129.357 13 35
      vertex 129.357 13 38
    endloop
  endfacet
  facet normal -1 -0 0
    outer loop
      vertex 129.357 61 39
      vertex 129.357 34 38
      vertex 129.357 34 39
    endloop
  endfacet
  facet normal 0 0 -1
    outer loop
      vertex 128.357 34 39
      vertex 129.357 61 39
      vertex 129.357 34 39
    endloop
  endfacet
  facet normal -0 0 -1
    outer loop
      vertex 129.357 61 39
      vertex 128.357 34 39
      vertex 128.357 61 39
    endloop
  endfacet
  facet normal 1 0 0
    outer loop
      vertex 128.357 34 38
      vertex 128.357 61 38
      vertex 128.357 61 39
    endloop
  endfacet
  facet normal 1 0 0
    outer loop
      vertex 128.357 34 38
      vertex 128.357 61 39
      vertex 128.357 34 39
    endloop
  endfacet
  facet normal 1 0 0
    outer loop
      vertex 128.357 61 38
      vertex 128.357 34 38
      vertex 128.357 61 35
    endloop
  endfacet
  facet normal 1 0 0
    outer loop
      vertex 128.357 13 35
      vertex 128.357 34 38
      vertex 128.357 13 38
    endloop
  endfacet
  facet normal 1 0 0
    outer loop
      vertex 128.357 34 38
      vertex 128.357 13 35
      vertex 128.357 61 35
    endloop
  endfacet
  facet normal 0 1 -0
    outer loop
      vertex 129.357 13 35
      vertex 128.357 13 38
      vertex 129.357 13 38
    endloop
  endfacet
  facet normal 0 1 0
    outer loop
      vertex 128.357 13 38
      vertex 129.357 13 35
      vertex 128.357 13 35
    endloop
  endfacet
  facet normal -1 0 0
    outer loop
      vertex 151.929 34 38
      vertex 151.929 61 38
      vertex 151.929 61 35
    endloop
  endfacet
  facet normal -1 0 0
    outer loop
      vertex 151.929 61 38
      vertex 151.929 34 38
      vertex 151.929 61 39
    endloop
  endfacet
  facet normal -1 0 0
    outer loop
      vertex 151.929 13 35
      vertex 151.929 34 38
      vertex 151.929 61 35
    endloop
  endfacet
  facet normal -1 -0 0
    outer loop
      vertex 151.929 34 38
      vertex 151.929 13 35
      vertex 151.929 13 38
    endloop
  endfacet
  facet normal -1 -0 0
    outer loop
      vertex 151.929 61 39
      vertex 151.929 34 38
      vertex 151.929 34 39
    endloop
  endfacet
  facet normal 0 0 -1
    outer loop
      vertex 150.929 34 39
      vertex 151.929 61 39
      vertex 151.929 34 39
    endloop
  endfacet
  facet normal -0 0 -1
    outer loop
      vertex 151.929 61 39
      vertex 150.929 34 39
      vertex 150.929 61 39
    endloop
  endfacet
  facet normal 1 0 0
    outer loop
      vertex 150.929 34 38
      vertex 150.929 61 38
      vertex 150.929 61 39
    endloop
  endfacet
  facet normal 1 0 0
    outer loop
      vertex 150.929 34 38
      vertex 150.929 61 39
      vertex 150.929 34 39
    endloop
  endfacet
  facet normal 1 0 0
    outer loop
      vertex 150.929 61 38
      vertex 150.929 34 38
      vertex 150.929 61 35
    endloop
  endfacet
  facet normal 1 0 0
    outer loop
      vertex 150.929 13 35
      vertex 150.929 34 38
      vertex 150.929 13 38
    endloop
  endfacet
  facet normal 1 0 0
    outer loop
      vertex 150.929 34 38
      vertex 150.929 13 35
      vertex 150.929 61 35
    endloop
  endfacet
  facet normal 0 1 -0
    outer loop
      vertex 151.929 13 35
      vertex 150.929 13 38
      vertex 151.929 13 38
    endloop
  endfacet
  facet normal 0 1 0
    outer loop
      vertex 150.929 13 38
      vertex 151.929 13 35
      vertex 150.929 13 35
    endloop
  endfacet
  facet normal -1 0 0
    outer loop
      vertex 50.45 73.05 35
      vertex 50.45 78 38
      vertex 50.45 78 35
    endloop
  endfacet
  facet normal -1 -0 0
    outer loop
      vertex 50.45 78 38
      vertex 50.45 73.05 35
      vertex 50.45 73.05 38
    endloop
  endfacet
  facet normal 1 -0 0
    outer loop
      vertex 27.55 73.05 38
      vertex 27.55 78 35
      vertex 27.55 78 38
    endloop
  endfacet
  facet normal 1 0 0
    outer loop
      vertex 27.55 78 35
      vertex 27.55 73.05 38
      vertex 27.55 73.05 35
    endloop
  endfacet
  facet normal 0 1 -0
    outer loop
      vertex 50.45 73.05 35
      vertex 27.55 73.05 38
      vertex 50.45 73.05 38
    endloop
  endfacet
  facet normal 0 1 0
    outer loop
      vertex 27.55 73.05 38
      vertex 50.45 73.05 35
      vertex 27.55 73.05 35
    endloop
  endfacet
  facet normal -1 0 0
    outer loop
      vertex 162.45 73.05 35
      vertex 162.45 78 38
      vertex 162.45 78 35
    endloop
  endfacet
  facet normal -1 -0 0
    outer loop
      vertex 162.45 78 38
      vertex 162.45 73.05 35
      vertex 162.45 73.05 38
    endloop
  endfacet
  facet normal 1 -0 0
    outer loop
      vertex 139.55 73.05 38
      vertex 139.55 78 35
      vertex 139.55 78 38
    endloop
  endfacet
  facet normal 1 0 0
    outer loop
      vertex 139.55 78 35
      vertex 139.55 73.05 38
      vertex 139.55 73.05 35
    endloop
  endfacet
  facet normal 0 1 -0
    outer loop
      vertex 162.45 73.05 35
      vertex 139.55 73.05 38
      vertex 162.45 73.05 38
    endloop
  endfacet
  facet normal 0 1 0
    outer loop
      vertex 139.55 73.05 38
      vertex 162.45 73.05 35
      vertex 139.55 73.05 35
    endloop
  endfacet
  facet normal 0 0 -1
    outer loop
      vertex 0 100 18
      vertex 3 118 18
      vertex 3 100 18
    endloop
  endfacet
  facet normal -0 0 -1
    outer loop
      vertex 3 118 18
      vertex 0 100 18
      vertex 0 118 18
    endloop
  endfacet
  facet normal -0 0 1
    outer loop
      vertex 0 118 7
      vertex 3 100 7
      vertex 3 118 7
    endloop
  endfacet
  facet normal 0 0 1
    outer loop
      vertex 3 100 7
      vertex 0 118 7
      vertex 0 100 7
    endloop
  endfacet
  facet normal 0 -1 0
    outer loop
      vertex 0 118 7
      vertex 3 118 18
      vertex 0 118 18
    endloop
  endfacet
  facet normal 0 -1 -0
    outer loop
      vertex 3 118 18
      vertex 0 118 7
      vertex 3 118 7
    endloop
  endfacet
  facet normal 0 1 -0
    outer loop
      vertex 3 100 7
      vertex 0 100 18
      vertex 3 100 18
    endloop
  endfacet
  facet normal 0 1 0
    outer loop
      vertex 0 100 18
      vertex 3 100 7
      vertex 0 100 7
    endloop
  endfacet
  facet normal 0 0 -1
    outer loop
      vertex 187 104 22
      vertex 190 125 22
      vertex 190 104 22
    endloop
  endfacet
  facet normal -0 0 -1
    outer loop
      vertex 190 125 22
      vertex 187 104 22
      vertex 187 125 22
    endloop
  endfacet
  facet normal -0 0 1
    outer loop
      vertex 187 125 7
      vertex 190 104 7
      vertex 190 125 7
    endloop
  endfacet
  facet normal 0 0 1
    outer loop
      vertex 190 104 7
      vertex 187 125 7
      vertex 187 104 7
    endloop
  endfacet
  facet normal 0 -1 0
    outer loop
      vertex 187 125 7
      vertex 190 125 22
      vertex 187 125 22
    endloop
  endfacet
  facet normal 0 -1 -0
    outer loop
      vertex 190 125 22
      vertex 187 125 7
      vertex 190 125 7
    endloop
  endfacet
  facet normal 0 1 -0
    outer loop
      vertex 190 104 7
      vertex 187 104 22
      vertex 190 104 22
    endloop
  endfacet
  facet normal 0 1 0
    outer loop
      vertex 187 104 22
      vertex 190 104 7
      vertex 187 104 7
    endloop
  endfacet
endsolid OpenSCAD_Model
